Symbol,Company,Sector,Category,Market Cap (mn),PE,LTP,%,Close,Value(Turnover) (mn),Volume(Qty),RSI[14],Willams %R[14],SMA[20],SMA[50],SMA[200],EMA[9],EMA[12],EMA[26],"MACD[12,26]",MACD Signal[9],"BB Upper[20,2]","BB Lower[20,2]",TV[22],"CO[3,10]",WMA[9],WMA[12],WMA[20],Beta[5],VWMA[20],VWMA[50],VWMA[200],Dividend Yield,Current Ratio,Quick Ratio,Debt To Equity,EBITDA Margin,Operating Profit Margin,Net Profit Margin,Gross Profit Margin,Return on Assets (ROA),Return on Equity (ROE),Return on Earnings Assets (ROEA),Return on Investment (ROI),YCP,Change,Trade,Value (Turnover)(mn),Free Float,Institute Share %,Public Share %,Sponsor Director Share %,Govt. Share %,Foreign Share %,Stock Dividend,Cash Dividend,EPS,NAV(Year End),Last Dividend Date,Last AGM Date,Audited PE,Forward PE,PaidUp Capital,Quote Bases,Total Shares
1JANATAMF,First Janata Bank Mutual Fund,Mutual Funds,A,985.74,-,3.40,-2.86,3.40,2.1760,"638,274",37.9370,-100.0000,3.7800,3.5400,2.9665,3.5623,3.6018,3.6473,-0.0454,0.0200,4.2682,3.2918,258.1500,-1088243.8135,3.5178,3.5500,3.6576,1.2941,0.0000,0.0000,0.0000,-,-,-,-,-,-,-,-,-,-,-,-,3.50,-0.10,89,2.1760,75.00%,30.20%,44.80%,25.00%,0.00%,0.00%,-,-,-2.24,7.54,15 Sep 2024,-,-,-,2899233490.00,A-MF,289923349
1STPRIMFMF,Prime Finance First Mutual Fund,Mutual Funds,A,416.00,-,20.80,-1.42,20.80,2.8970,"138,948",31.8396,-96.4286,23.8750,23.6440,20.2180,22.2390,22.6062,23.2633,-0.6571,-0.1598,27.1031,20.6469,1124.9600,-747541.4587,21.8378,22.3077,23.1481,0.9850,0.0000,0.0000,0.0000,-,-,-,-,-,-,-,-,-,-,-,-,21.10,-0.30,231,2.8970,98.00%,23.98%,74.01%,2.00%,0.00%,0.01%,-,-,-0.53,8.60,01 Feb 2026,-,-,8.72,200000000.00,A-MF,20000000
AAMRANET,Aamra Networks Limited.,IT Sector,Z,1859.60,7.93,20.00,2.56,20.00,2.8360,"142,718",44.7761,-77.4194,20.7400,20.6380,17.9535,20.3551,20.4546,20.5733,-0.1187,0.0441,21.8628,19.6172,97.4400,-375238.9368,20.3156,20.4128,20.5819,1.3603,0.0000,0.0000,0.0000,5.00,2.957,-,2.304,0.204,0.214,0.188,0.399,0.055,0.067,-,-,19.50,0.50,301,2.8360,66.96%,21.95%,45.01%,33.04%,0.00%,0.00%,-,10.00,2.46,37.01,29 Oct 2024,31 Dec 2024,7.93,18.99,929799120.00,Z-EQ,92979912
AAMRATECH,Aamra Technologies Limited,IT Sector,Z,1074.14,-,16.60,-2.92,16.60,4.4700,"268,595",32.1999,-98.5714,20.6850,18.4860,13.7435,18.5609,19.0071,19.3889,-0.3818,0.4184,25.0079,16.3621,171.3200,-450570.5290,18.0244,18.7090,19.8595,1.5352,0.0000,0.0000,0.0000,0.60,1.988,-,1.236,-,-,-,0.200,-,-,-,-,17.10,-0.50,190,4.4700,69.99%,32.06%,37.93%,30.01%,0.00%,0.00%,-,-,0.00,0.00,-,-,-,-,647074420.00,Z-EQ,64707442
ABB1STMF,AB BANK 1ST MUTUAL FUND,Mutual Funds,A,812.91,-,3.40,-2.86,3.40,3.7870,"1,091,107",37.2687,-100.0000,3.8500,3.6640,3.1040,3.6089,3.6562,3.7293,-0.0731,-0.0035,4.3752,3.3248,436.6800,-2863345.0594,3.5600,3.6038,3.7186,1.2583,0.0000,0.0000,0.0000,-,-,-,-,-,-,-,-,-,-,-,-,3.50,-0.10,151,3.7870,84.49%,16.43%,68.06%,15.51%,0.00%,0.00%,-,-,-1.37,8.69,25 Sep 2024,-,-,-,2390903960.00,A-MF,239090396
ABBANK,AB Bank PLC,Bank,Z,4120.20,-,4.60,-2.13,4.60,0.4500,"96,663",33.3821,-100.0000,4.8450,4.9020,4.9700,4.7267,4.7565,4.8274,-0.0709,-0.0387,5.0919,4.5981,15.9700,-618781.9764,4.6978,4.7269,4.7876,1.7244,0.0000,0.0000,0.0000,-,-,-,-,-,1.242,1.343,-,-,1.199,-,-,4.70,-0.10,73,0.4500,80.48%,35.25%,44.69%,18.95%,0.57%,0.54%,-,-,-43.42,-36.24,03 May 2026,18 Jun 2026,-,-,8956947490.00,Z-EQ,895694749
ABBLPBOND,AB Bank Perpetual Bond,Corporate Bond,A,6053.59,-,0.00,0.00,1060.00,0.0000,0,63.0051,-25.0000,1068.0000,1047.2000,0.0000,1048.3281,1041.8432,1008.2701,33.5732,35.1310,1136.8491,999.1509,11.5000,4204.2088,1067.1111,1069.8718,1070.6190,0.0020,0.0000,0.0000,0.0000,0.09,-,-,-,-,-,-,-,-,-,-,-,1060.00,0.00,0,0.0000,100.00%,94.73%,5.27%,0.00%,0.00%,0.00%,-,10.00,0.00,0.00,10 Dec 2025,-,-,-,57109360.00,A-CB,5710936
ACFL,Aman Cotton Fibrous PLC,Textile,A,2359.50,111.43,23.10,0.00,23.40,2.2970,"98,086",51.5980,-33.3333,23.3650,23.5960,19.8515,23.1659,23.1751,23.2769,-0.1018,-0.1294,24.6035,22.1265,28.7600,-16506.0518,23.1000,23.0321,23.1552,1.1929,0.0000,0.0000,0.0000,4.27,2.961,-,1.970,-,-,-,-,-,-,-,-,23.40,0.00,149,2.2970,50.42%,11.65%,38.67%,49.58%,0.00%,0.10%,-,10.00,0.21,33.63,27 Oct 2025,29 Dec 2025,111.43,250.71,1008333330.00,A-EQ,100833333
ACI,ACI Limited,Pharmaceuticals & Chemicals,A,16609.00,-,189.10,-0.53,189.10,1.5100,"7,999",29.8728,-75.9563,197.0950,198.5360,197.0150,192.3402,193.4363,196.2300,-2.7937,-1.7013,206.9937,187.1963,10.7800,-27233.7311,191.2111,192.2385,194.6157,1.1412,0.0000,0.0000,0.0000,1.32,0.676,0.568,0.384,-,0.074,-,0.249,-,-,-,-,190.10,-1.00,181,1.5100,52.73%,34.34%,18.39%,47.27%,0.00%,0.00%,-,25.00,-7.40,91.64,29 Oct 2025,28 Dec 2025,-,-,878318430.00,A-EQ,87831843
ACIFORMULA,ACI Formulations PLC,Pharmaceuticals & Chemicals,A,7281.23,20.22,154.10,-2.90,154.10,21.8230,"140,366",34.5593,-95.3405,169.6500,163.5140,143.1320,162.6895,164.3024,166.3458,-2.0433,0.5371,183.6912,155.6088,263.1900,-234958.6617,161.0800,163.0897,166.5443,1.2861,0.0000,0.0000,0.0000,1.62,1.236,-,0.925,-,0.142,0.072,0.323,0.043,0.104,-,-,158.70,-4.60,580,21.8230,33.98%,21.87%,12.11%,66.02%,0.00%,0.00%,-,25.00,7.85,75.51,29 Oct 2025,28 Dec 2025,20.22,14.41,472500000.00,A-EQ,47250000
ACMELAB,The ACME Laboratories Limited,Pharmaceuticals & Chemicals,A,16758.85,6.95,79.20,-0.75,79.20,4.1710,"52,580",30.9975,-98.0000,81.8500,82.7060,77.0620,80.3889,80.7424,81.6508,-0.9084,-0.5597,84.8821,78.8179,25.3700,-255015.0120,79.9889,80.3500,81.1090,1.2068,0.0000,0.0000,0.0000,4.42,1.154,0.265,0.680,-,0.098,0.068,0.422,0.042,0.091,-,-,79.80,-0.60,362,4.1710,59.61%,30.50%,29.09%,40.39%,0.00%,0.02%,-,35.00,11.48,126.37,28 Oct 2025,22 Dec 2025,6.95,6.37,2116017000.00,A-EQ,211601700
ACMEPL,Acme Pesticides Limited,Pharmaceuticals & Chemicals,B,3334.50,-,24.70,-0.80,24.70,35.8980,"1,450,737",52.5885,-46.6667,24.7550,23.7820,20.0815,24.6419,24.5949,24.3285,0.2664,0.2886,26.1215,23.3885,869.5400,-1441764.9019,24.6044,24.5885,24.6743,1.4146,0.0000,0.0000,0.0000,-,4.422,0.117,3.222,-,-,-,-,-,-,-,-,24.90,-0.20,842,35.8980,68.20%,18.80%,49.40%,31.80%,0.00%,0.00%,-,0.01,-1.14,16.41,02 Nov 2025,29 Dec 2025,-,-,1350000000.00,B-EQ,135000000
ACTIVEFINE,Active Fine Chemicals Limited,Pharmaceuticals & Chemicals,Z,1439.62,57.27,5.90,-4.76,6.00,1.5760,"260,012",27.6705,-91.6667,6.6900,6.8480,6.5280,6.3885,6.4614,6.6373,-0.1759,-0.0985,7.2772,6.1028,58.6800,-571617.7940,6.3244,6.4115,6.5543,1.3464,0.0000,0.0000,0.0000,0.42,-,-,-,-,-,-,-,-,-,-,-,6.30,-0.30,352,1.5760,87.96%,21.05%,66.64%,12.04%,0.00%,0.27%,-,0.25,0.11,22.07,30 Oct 2022,29 Dec 2022,57.27,39.38,2399365800.00,Z-EQ,239936580
ADNTEL,ADN Telecom Limited,IT Sector,A,3989.01,24.59,61.70,-1.59,61.70,4.4150,"71,233",32.7092,-96.9697,65.1850,67.1280,61.7060,63.1212,63.6095,65.0629,-1.4534,-1.0649,69.6171,60.7529,64.0100,-149038.8854,62.5622,62.9987,64.0748,1.2697,0.0000,0.0000,0.0000,1.62,1.943,-,1.935,0.122,0.152,0.091,0.354,0.049,0.077,-,-,62.70,-1.00,253,4.4150,59.24%,17.51%,40.21%,40.76%,0.00%,1.52%,-,10.00,2.55,32.82,28 Oct 2025,15 Dec 2025,24.59,25.28,646516660.00,A-EQ,64651666
ADVENT,Advent Pharma Limited,Pharmaceuticals & Chemicals,Z,1322.48,19.86,14.40,-0.70,14.20,1.5750,"111,433",26.8305,-92.5926,15.5650,15.6840,14.2465,14.7709,14.9442,15.3238,-0.3796,-0.1776,17.1428,13.9872,111.8900,-397899.5307,14.5844,14.7718,15.1814,1.4728,0.0000,0.0000,0.0000,0.35,1.507,0.005,1.157,-,0.200,0.134,0.352,0.035,0.044,-,-,14.30,-0.10,105,1.5750,69.98%,12.79%,56.19%,30.02%,0.00%,1.00%,-,0.50,0.72,16.43,27 Oct 2025,31 Dec 2025,19.86,32.50,931327320.00,Z-EQ,93132732
AFCAGRO,AFC Agro Biotech Limited,Pharmaceuticals & Chemicals,Z,771.95,30.45,6.70,0.00,6.70,0.3270,"48,742",36.1435,-87.5000,7.0400,7.3720,6.4750,6.8335,6.8859,7.0535,-0.1676,-0.1314,7.4820,6.5980,29.6500,-222667.7181,6.7756,6.8372,6.9443,1.6420,0.0000,0.0000,0.0000,0.75,5.609,-,4.057,-,0.066,0.036,0.232,0.010,0.012,-,-,6.70,0.00,42,0.3270,72.16%,34.11%,38.05%,27.84%,0.00%,0.00%,-,0.50,0.22,18.19,30 Oct 2022,29 Dec 2022,30.45,29.56,1152162000.00,Z-EQ,115216200
AFTABAUTO,Aftab Automobiles Limited,Engineering,Z,2976.37,-,28.20,-1.05,28.20,1.1000,"38,927",31.6840,-93.1034,29.4950,30.4540,31.0740,28.6073,28.8079,29.4899,-0.6820,-0.5625,31.5790,27.4110,30.8700,-139401.2374,28.3378,28.4910,28.9795,1.3029,0.0000,0.0000,0.0000,3.55,1.931,2.289,1.802,-,-,-,0.254,-,-,-,-,28.50,-0.30,121,1.1000,70.68%,32.54%,38.14%,29.32%,0.00%,0.00%,-,10.00,-1.37,47.57,28 Oct 2025,29 Dec 2025,-,-,1055449950.00,Z-EQ,105544995
AGNISYSL,Agni Systems PLC.,IT Sector,B,2082.36,36.17,28.70,-2.05,28.70,9.1080,"315,257",32.6982,-95.6522,31.3350,31.4460,24.8045,29.9674,30.2971,31.0320,-0.7350,-0.3569,34.1932,28.4768,394.3500,-732151.6737,29.6222,29.9692,30.6419,1.2425,0.0000,0.0000,0.0000,0.87,3.518,-,3.484,0.174,0.181,0.082,0.383,0.039,0.048,-,-,29.30,-0.60,357,9.1080,69.97%,14.59%,55.38%,30.03%,0.00%,0.00%,-,2.50,0.81,16.95,28 Oct 2025,29 Dec 2025,36.17,26.80,725561920.00,B-EQ,72556192
AGRANINS,Agrani Insurance PLC.,Insurance,A,1033.74,163.89,28.80,-2.71,28.70,1.3200,"45,736",40.8160,-96.0000,30.9350,29.4300,24.4400,29.9404,30.1489,30.2038,-0.0549,0.3771,33.1567,28.7133,318.2700,-226660.4278,29.6911,30.0282,30.5767,1.4449,0.0000,0.0000,0.0000,-,-,-,-,-,-,-,-,-,-,-,-,29.50,-0.80,100,1.3200,72.25%,17.03%,55.22%,27.75%,0.00%,0.00%,-,-,0.18,19.42,16 Mar 2026,14 May 2026,163.89,29.50,360186980.00,A-EQ,36018698
AIBL1STIMF,AIBL 1st Islamic Mutual Fund,Mutual Funds,A,500.00,108.00,5.00,-7.41,5.00,3.7230,"731,448",33.3754,-94.7368,6.0250,5.5780,4.1735,5.4999,5.6118,5.7826,-0.1709,-0.0056,7.1240,4.9260,757.5400,-731389.5572,5.3711,5.4731,5.7467,0.8395,0.0000,0.0000,0.0000,-,-,-,-,-,-,-,-,-,-,-,-,5.40,-0.40,189,3.7230,90.00%,40.05%,49.95%,10.00%,0.00%,0.00%,-,0.60,0.05,10.27,16 May 2023,-,108.00,61.36,1000000000.00,A-MF,100000000
AIBLPBOND,AIBL Mudaraba Perpetual Bond,Corporate Bond,A,405.00,-,4000.00,0.00,4050.00,0.0810,20,56.3307,-25.0000,3965.7000,3932.3300,3689.5975,3990.9687,3976.1680,3955.9667,20.2012,-2.7959,4081.3407,3850.0593,2.7400,-0.0145,3995.5556,3985.8974,3975.3000,0.0346,0.0000,0.0000,0.0000,0.02,-,-,-,-,-,-,-,-,-,-,-,4050.00,0.00,2,0.0810,100.00%,87.13%,12.17%,0.00%,0.00%,0.70%,-,-,0.00,0.00,-,-,-,-,1000000.00,A-CB,100000
AIL,Alif Industries Limited,Textile,Z,1655.01,14.58,34.00,-1.16,34.00,2.6060,"76,590",30.2965,-96.7213,36.7850,36.2320,34.9240,35.4320,35.7748,36.3469,-0.5721,-0.0887,39.4834,34.0866,109.8700,-213564.6429,35.1022,35.5282,36.2052,1.1562,0.0000,0.0000,0.0000,2.94,4.992,-,4.235,-,-,-,-,-,-,-,-,34.40,-0.40,205,2.6060,69.76%,13.74%,56.02%,30.24%,0.00%,0.00%,10.00,10.00,2.36,24.56,29 Oct 2024,30 Dec 2024,14.58,11.42,486768350.00,Z-EQ,48676835
AL-HAJTEX,Al-Haj Textile Mills Limited,Textile,B,1895.38,8.55,85.00,-1.28,85.00,8.5920,"100,531",24.9910,-93.7500,94.0700,100.0080,116.9635,88.8493,90.2213,94.5606,-4.3393,-3.3683,105.3073,82.8327,209.1900,-277546.9209,87.3711,88.6949,91.3657,1.0748,0.0000,0.0000,0.0000,0.35,1.616,-,1.134,-,-,-,-,-,-,-,-,86.10,-1.10,500,8.5920,69.34%,9.08%,60.21%,30.65%,0.01%,0.05%,-,3.00,-1.64,16.38,23 Jul 2026,14 Sep 2026,8.55,-,222985490.00,B-EQ,22298549
ALARABANK,Al-Arafah Islami Bank PLC.,Bank,Z,20039.44,26.06,17.50,1.16,17.40,0.1430,"8,199",56.0122,-58.3333,16.7400,16.3280,15.4330,17.2564,17.1598,16.8377,0.3221,0.2616,18.1959,15.2841,3.6300,117382.8646,17.4511,17.2974,16.9819,0.5939,0.0000,0.0000,0.0000,-,-,-,-,-,0.230,0.056,-,0.001,0.033,0.002,-,17.20,0.20,49,0.1430,59.59%,35.52%,24.04%,40.41%,0.00%,0.03%,-,-,0.74,21.16,03 May 2026,29 Jul 2026,26.06,10.00,11516917130.00,Z-EQ,1151691713
ALIF,Alif Manufacturing Company Ltd,Textile,Z,1429.60,16.97,5.60,-1.79,5.50,7.5030,"1,363,284",44.8832,-90.9091,5.6350,5.5700,4.8050,5.6031,5.6159,5.6118,0.0041,0.0341,5.9480,5.3220,92.5000,-637901.8462,5.5889,5.6321,5.6414,1.6272,0.0000,0.0000,0.0000,1.82,15.328,-,13.723,-,-,-,-,-,-,-,-,5.60,-0.10,112,7.5030,69.54%,3.78%,65.76%,30.46%,0.00%,0.00%,-,1.00,0.33,15.15,29 Oct 2024,29 Dec 2024,16.97,26.25,2599270220.00,Z-EQ,259927022
ALLTEX,Alltex Industries Limited,Textile,Z,1354.43,-,24.20,-3.59,24.20,3.8290,"158,369",62.2587,-47.3684,23.5650,20.2740,15.8575,24.3381,24.0984,22.7825,1.3158,1.4085,26.1141,21.0159,210.3800,-153377.5521,24.4956,24.4641,24.1362,1.3708,0.0000,0.0000,0.0000,-,0.234,-,0.226,-,-,-,-,-,-,-,-,25.10,-0.90,247,3.8290,63.75%,15.35%,48.40%,36.25%,0.00%,0.00%,-,-,-0.18,24.77,08 Dec 2025,18 Jun 2026,-,627.50,559680000.00,Z-EQ,55968000
AMANFEED,Aman Feed PLC,Miscellaneous,A,4308.93,156.82,32.90,-4.64,32.90,23.4530,"702,481",28.6704,-95.5056,37.5800,36.2880,27.9430,36.1992,36.5792,36.9235,-0.3443,0.3281,40.5759,34.5841,299.2200,-1893522.0808,36.0111,36.5128,37.1390,1.2891,0.0000,0.0000,0.0000,3.50,2.425,-,1.527,0.016,0.066,0.003,0.108,0.003,0.008,-,-,34.50,-1.60,800,23.4530,36.74%,10.39%,26.32%,63.26%,0.00%,0.03%,-,11.50,0.22,28.03,27 Oct 2025,29 Dec 2025,156.82,44.61,1309704000.00,A-EQ,130970400
AMBEEPHA,Ambee Pharmaceuticals PLC.,Pharmaceuticals & Chemicals,A,1806.96,341.00,750.40,-0.09,752.90,0.3150,420,35.2471,-95.1641,788.2050,782.7360,761.6810,767.4675,772.1654,782.1160,-9.9506,-4.3163,830.8110,745.5990,8.7300,-1583.7632,762.8422,767.3641,777.3429,0.8336,0.0000,0.0000,0.0000,0.13,0.828,0.006,0.526,-,0.035,0.023,0.475,0.007,0.164,-,-,753.60,-0.70,69,0.3150,22.75%,5.62%,17.13%,77.25%,0.00%,0.00%,-,10.00,2.21,13.47,02 Nov 2025,18 Dec 2025,341.00,250.09,24000000.00,A-EQ,2400000
AMCL(PRAN),Agricultural Marketing Co Ltd.,Food & Allied,A,1752.80,44.39,224.00,-1.48,219.10,0.1010,460,38.5322,-92.5373,228.0900,227.0060,214.4345,224.1994,225.2867,227.0604,-1.7737,-0.2206,237.6941,218.4859,23.3600,-6530.8931,223.0867,224.6949,226.8624,0.9429,0.0000,0.0000,0.0000,1.46,1.559,-,0.623,0.023,0.026,0.011,0.191,0.022,0.054,-,-,222.40,-3.30,41,0.1010,59.85%,28.88%,30.97%,40.15%,0.00%,0.00%,-,32.00,5.01,92.88,27 Oct 2025,24 Dec 2025,44.39,35.19,80000000.00,A-EQ,8000000
ANLIMAYARN,Anlima Yarn Dyeing Limited,Textile,Z,528.89,-,30.30,-3.27,29.60,0.5230,"17,559",27.2324,-93.2584,33.6600,33.6080,23.6040,32.0604,32.4644,33.1258,-0.6614,-0.0854,36.9485,30.3715,116.5800,-26041.8488,31.7333,32.2077,33.0471,1.0771,0.0000,0.0000,0.0000,-,0.523,-,0.382,-,-,-,-,-,-,-,-,30.60,-1.00,165,0.5230,55.57%,7.17%,48.40%,44.43%,0.00%,0.00%,-,-,-2.99,5.63,19 Oct 2025,22 Dec 2025,-,-,178678000.00,Z-EQ,17867800
ANWARGALV,Anwar Galvanizing Limited,Engineering,A,3169.64,-,105.00,-0.94,105.00,24.9540,"236,331",36.4193,-84.0659,110.7050,113.7240,99.5890,107.4136,108.3013,110.5739,-2.2725,-1.3926,118.3732,103.0368,266.8800,-415915.6141,106.3044,107.5731,109.3805,1.4871,0.0000,0.0000,0.0000,-,0.720,0.601,0.433,-,-,-,-,-,-,-,-,106.00,-1.00,967,24.9540,64.68%,14.88%,49.80%,35.32%,0.00%,0.00%,-,-,-12.32,1.38,27 Oct 2025,08 Feb 2026,-,19.88,301870800.00,A-EQ,30187080
AOL,Associated Oxygen Limited,Fuel & Power,Z,1844.34,10.12,16.80,-0.59,16.80,2.8660,"171,450",31.7322,-91.1765,18.1550,18.0220,16.0575,17.5200,17.6765,17.8941,-0.2176,0.0239,19.7437,16.5663,147.0600,-723759.3798,17.3356,17.6103,17.9767,1.5890,0.0000,0.0000,0.0000,0.60,-,-,-,-,-,-,-,-,-,-,-,16.90,-0.10,123,2.8660,69.35%,13.38%,55.90%,30.65%,0.00%,0.07%,-,1.00,1.59,19.33,08 Jan 2024,18 Feb 2024,10.12,10.63,1097820000.00,Z-EQ,109782000
APEXFOODS,Apex Foods Limited,Food & Allied,A,1552.19,42.78,272.20,-0.73,272.20,3.3960,"12,444",39.0267,-92.1951,285.1700,283.9580,250.6055,279.0962,280.7611,283.5806,-2.8195,-0.4900,304.2465,266.0935,195.9900,-42154.5034,276.9711,279.5974,283.5362,1.1521,0.0000,0.0000,0.0000,0.73,1.554,-,1.153,0.038,0.030,0.017,0.104,0.023,0.051,-,-,274.20,-2.00,241,3.3960,46.61%,9.47%,37.14%,53.39%,0.00%,0.00%,-,20.00,6.41,126.05,09 Oct 2025,29 Nov 2025,42.78,46.21,57024000.00,A-EQ,5702400
APEXFOOT,Apex Footwear Limited,Tannery Industries,A,4052.46,24.58,206.20,-2.69,206.20,9.6910,"46,680",29.5149,-92.7536,215.0700,212.6140,195.1715,212.1537,212.8678,213.7910,-0.9232,0.2106,220.8151,209.3249,89.4300,-77693.1367,211.6067,212.3603,213.7710,0.9124,0.0000,0.0000,0.0000,1.21,1.042,-,0.144,0.021,0.096,0.008,0.289,0.004,0.020,-,-,211.90,-5.70,529,9.6910,69.92%,23.35%,46.57%,30.08%,0.00%,0.00%,25.00,25.00,8.62,436.68,28 Sep 2025,26 Nov 2025,24.58,35.01,196530460.00,A-EQ,19653046
APEXSPINN,Apex Spinning & Knitting Mills Limited,Textile,A,2867.76,95.28,339.00,-0.47,341.40,9.1690,"26,997",44.1226,-69.8198,348.7000,368.0560,262.6060,343.0634,345.0328,353.2261,-8.1933,-7.7239,368.0479,329.3521,134.5200,-10247.8179,340.7400,342.5987,345.5071,1.0215,0.0000,0.0000,0.0000,0.59,1.190,-,1.002,-,-,-,-,0.008,0.021,-,-,343.00,-1.60,389,9.1690,49.29%,13.56%,35.48%,50.71%,0.00%,0.25%,-,20.00,3.60,83.11,09 Oct 2025,29 Nov 2025,95.28,100.49,84000000.00,A-EQ,8400000
APEXTANRY,Apex Tannery Limited,Tannery Industries,B,1543.81,-,101.30,0.50,101.30,2.6180,"25,671",43.6807,-85.7923,104.8850,104.1700,81.3420,102.8503,103.4141,104.3238,-0.9097,-0.0996,111.8852,97.8848,204.1300,-133703.7144,102.0556,103.1718,104.3810,0.9855,0.0000,0.0000,0.0000,-,0.898,-,0.211,-,0.061,-,0.125,-,-,-,-,100.80,0.50,253,2.6180,65.18%,26.05%,39.13%,34.82%,0.00%,0.00%,-,-,-14.62,30.19,15 Oct 2025,30 Dec 2025,-,-,152400000.00,B-EQ,15240000
APOLOISPAT,Appollo Ispat Complex Limited,Engineering,Z,1203.93,-,3.10,-3.23,3.00,0.7140,"236,678",30.7966,-100.0000,3.2700,3.2340,2.8130,3.1462,3.1715,3.2128,-0.0414,-0.0054,3.5221,3.0179,54.4800,-346532.6782,3.1156,3.1513,3.2176,1.4461,0.0000,0.0000,0.0000,-,0.749,20.371,0.727,-,-,-,-,-,-,-,-,3.10,-0.10,73,0.7140,79.76%,19.22%,60.18%,20.24%,0.00%,0.36%,-,-,-0.82,0.70,21 Nov 2024,19 Dec 2024,-,-,4013086000.00,Z-EQ,401308600
APSCLBOND,APSCL Non-Convertible and Fully Redeemable Coupon Bearing Bond,Corporate Bond,A,211.40,-,0.00,0.00,1057.00,0.0000,0,30.3760,-88.3562,1088.3000,1114.8400,1731.8000,1077.6321,1090.0480,1207.0319,-116.9838,-144.7686,1202.1394,974.4606,0.0800,163.2502,1059.6889,1067.3974,1078.5095,0.2570,0.0000,0.0000,0.0000,0.05,-,-,-,-,-,-,-,-,-,-,-,1057.00,0.00,0,0.0000,0.00%,0.00%,0.00%,0.00%,0.00%,0.00%,-,5.25,0.00,0.00,11 Jun 2026,-,-,-,2000000.00,A-CB,200000
ARAMIT,Aramit Limited,Miscellaneous,A,1216.80,98.47,202.80,-1.46,202.80,3.6370,"17,886",44.2771,-97.5758,210.9400,206.0580,185.2225,211.4181,211.7386,209.9055,1.8331,3.3995,228.0721,193.8079,135.6500,-1534.3143,212.6133,213.7346,212.5552,1.0104,0.0000,0.0000,0.0000,0.49,3.153,-,2.395,0.057,0.063,0.046,0.073,0.009,0.014,-,-,205.80,-3.00,251,3.6370,39.27%,13.57%,25.70%,60.73%,0.00%,0.00%,-,10.00,1.75,128.67,01 Jan 2026,04 Mar 2026,98.47,-,60000000.00,A-EQ,6000000
ARAMITCEM,Aramit Cement Limited,Cement,Z,406.56,-,12.00,-0.83,12.00,0.0540,"4,534",44.6248,-70.9677,12.5550,12.2560,10.9755,12.2254,12.3006,12.3923,-0.0917,0.0304,13.4986,11.6114,40.1700,-31765.4171,12.1111,12.2372,12.4438,1.3965,0.0000,0.0000,0.0000,-,2.410,-,2.363,-,-,-,-,-,0.766,-,-,12.10,-0.10,36,0.0540,54.08%,9.99%,44.09%,45.92%,0.00%,0.00%,-,-,-14.47,-18.90,17 Nov 2024,30 Dec 2024,-,-,338800000.00,Z-EQ,33880000
ARGONDENIM,Argon Denims Limited,Textile,A,3111.10,12.92,22.40,3.23,22.40,60.3420,"2,709,008",49.2018,-60.0000,23.3300,21.7880,18.6255,22.3728,22.5119,22.5204,-0.0085,0.2931,25.6141,21.0459,815.5500,-1344619.8953,22.1622,22.3474,22.7786,1.2124,0.0000,0.0000,0.0000,4.46,1.703,-,0.950,-,-,-,-,-,-,-,-,21.70,0.70,"1,475",60.3420,64.13%,34.56%,29.57%,35.87%,0.00%,0.00%,-,10.00,1.68,24.57,23 Oct 2025,18 Dec 2025,12.92,18.08,1388886060.00,A-EQ,138888606
ASIAINS,Asia Insurance PLC.,Insurance,A,1929.86,20.14,40.50,-2.61,41.00,7.6320,"183,241",39.6138,-89.1566,44.0850,43.3660,36.9360,42.9794,43.2546,43.5417,-0.2871,0.1821,47.0644,41.1056,356.1000,-321718.3059,42.7111,43.2103,43.7829,1.6153,0.0000,0.0000,0.0000,2.44,-,-,-,-,-,-,-,-,-,-,-,42.10,-1.10,388,7.6320,62.12%,10.77%,51.35%,37.88%,0.00%,0.00%,-,10.00,2.09,30.55,23 Apr 2026,29 Jun 2026,20.14,25.06,470698580.00,A-EQ,47069858
ASIAPACINS,Asia Pacific General Insurance PLC,Insurance,A,2037.04,19.60,48.10,-2.24,48.10,5.9240,"121,901",43.2346,-92.5000,51.4800,47.9300,39.1140,50.0400,50.2535,49.7961,0.4574,1.1414,55.3323,47.6277,446.8700,-379571.1680,49.7111,50.2603,51.0948,1.4168,0.0000,0.0000,0.0000,2.91,-,-,-,-,-,-,-,-,-,-,-,49.20,-1.10,336,5.9240,66.39%,32.27%,34.12%,33.61%,0.00%,0.00%,-,14.00,2.51,25.29,03 May 2026,09 Jul 2026,19.60,11.23,423500000.00,A-EQ,42350000
ASIATICLAB,Asiatic Laboratories Limited,Pharmaceuticals & Chemicals,A,13389.84,90.00,109.40,-1.97,109.40,26.2540,"238,251",34.2898,-91.8239,117.2000,125.0740,87.0095,114.5331,115.5157,118.9993,-3.4835,-2.9649,124.9288,109.4712,171.0700,-224049.7426,114.0800,115.0897,115.9986,0.9521,0.0000,0.0000,0.0000,0.91,4.084,0.157,2.848,-,0.308,0.145,0.434,0.029,0.039,-,-,111.60,-2.20,767,26.2540,59.29%,15.81%,43.48%,40.71%,0.00%,0.00%,-,10.00,2.09,54.08,02 Nov 2025,24 Dec 2025,90.00,21.08,1223934550.00,A-EQ,122393455
ATLASBANG,Atlas Bangladesh Limited,Engineering,Z,2766.11,-,83.50,-2.00,83.50,0.2360,"2,817",39.4796,-98.3333,89.7900,85.9580,66.8685,86.1882,86.9227,87.9797,-1.0570,0.0586,97.8810,81.6990,12.2300,-10029.0049,85.3800,85.9103,87.7495,0.9979,0.0000,0.0000,0.0000,-,1.732,0.001,1.667,-,-,-,-,-,-,-,-,85.20,-1.70,31,0.2360,49.00%,16.99%,32.01%,0.00%,51.00%,0.00%,-,-,-1.23,121.00,06 Nov 2025,24 Dec 2025,-,-,331271080.00,Z-EQ,33127108
AZIZPIPES,Aziz Pipes Limited,Engineering,Z,418.15,-,78.20,-2.74,78.20,0.6560,"8,386",45.6277,-65.5914,80.9700,78.2440,56.7535,80.7134,80.7181,79.7061,1.0120,1.4985,84.8655,77.0745,185.6300,17826.7077,80.9156,81.0179,81.2052,1.3866,0.0000,0.0000,0.0000,-,0.259,-,0.182,-,-,-,-,-,0.214,-,-,80.40,-2.20,85,0.6560,88.84%,15.54%,73.30%,11.16%,0.00%,0.00%,-,-,-10.12,-47.37,28 Oct 2025,30 Dec 2025,-,-,53471250.00,Z-EQ,5347125
BANGAS,Bangas Limited,Food & Allied,B,949.27,452.86,124.50,-1.81,124.50,2.4130,"19,308",29.2511,-94.7368,133.8400,135.5360,126.1580,129.0829,130.2901,133.1459,-2.8558,-1.5486,143.5120,124.1680,294.1800,-108169.7514,127.7756,129.2577,131.8195,1.2115,0.0000,0.0000,0.0000,0.24,2.236,-,1.692,0.020,0.021,0.011,0.200,0.009,0.013,-,-,126.80,-2.30,241,2.4130,76.96%,5.28%,71.59%,23.04%,0.00%,0.09%,-,3.00,0.28,21.02,29 Sep 2025,12 Nov 2025,452.86,634.00,76246430.00,B-EQ,7624643
BANKASI1PB,Bank Asia 1st Perpetual Bond,Corporate Bond,N,588.63,-,0.00,0.00,8650.00,0.0000,0,,,,,,,,,,,,,,,,,,,,,,0.01,-,-,-,-,-,-,-,-,-,-,-,8650.00,0.00,0,0.0000,0.00%,0.00%,0.00%,0.00%,0.00%,0.00%,-,10.00,0.00,0.00,21 Dec 2025,-,-,-,680500.00,N-CB,68050
BANKASIA,Bank Asia PLC.,Bank,A,23655.67,5.35,17.00,0.00,17.00,8.7190,"510,702",18.2076,-75.0000,17.6550,18.1060,19.2095,17.2667,17.3687,17.6936,-0.3249,-0.2538,18.4295,16.8805,14.1600,-684759.7052,17.1578,17.2641,17.4671,0.7880,0.0000,0.0000,0.0000,5.00,-,-,-,-,0.643,0.146,-,0.007,0.126,0.008,-,17.00,0.00,220,8.7190,49.62%,39.14%,10.48%,50.38%,0.00%,0.00%,8.50,8.50,3.18,27.42,30 Apr 2026,11 Jun 2026,5.35,4.80,13915098370.00,A-EQ,1391509837
BARKAPOWER,Baraka Power Limited,Fuel & Power,Z,2519.48,30.00,10.70,-0.93,10.70,9.1430,"843,262",59.5313,-51.7241,10.3000,9.0380,7.8825,10.5493,10.4726,9.9683,0.5043,0.5732,11.8328,8.7672,192.3600,-333126.2215,10.5600,10.6551,10.5600,1.4163,0.0000,0.0000,0.0000,-,1.375,-,1.111,-,-,0.011,0.040,0.002,0.003,-,-,10.80,-0.10,392,9.1430,77.36%,23.71%,53.65%,22.64%,0.00%,0.00%,-,-,0.36,22.63,29 Oct 2025,24 Dec 2025,30.00,9.31,2354656610.00,Z-EQ,235465661
BATASHOE,Bata Shoe Company (Bangladesh) Limited,Tannery Industries,A,12342.10,1060.35,902.00,0.10,902.20,1.7710,"1,941",49.9391,-71.0843,908.0650,892.0420,846.3085,905.9907,906.2696,902.6626,3.6070,5.9167,916.7621,899.3679,3.7600,-1919.7477,905.5756,906.7423,907.7962,0.4059,0.0000,0.0000,0.0000,1.16,1.333,-,0.214,0.022,0.045,0.001,0.426,0.002,0.004,-,-,901.30,0.90,37,1.7710,30.00%,19.73%,9.20%,70.00%,0.00%,1.07%,-,105.00,0.00,0.00,29 Apr 2026,-,1060.35,12.22,136800000.00,A-EQ,13680000
BATBC,British American Tobacco Bangladesh Company Limited,Food & Allied,A,125658.00,21.87,232.70,-1.57,232.70,16.3090,"69,741",42.7394,-96.6825,242.7700,230.4280,237.9785,238.2753,238.9304,237.6885,1.2419,3.2651,253.8669,231.6731,12.1900,-84710.8118,237.4689,238.6423,240.5576,1.1495,0.0000,0.0000,0.0000,1.29,1.543,-,0.738,0.163,0.192,0.070,0.404,0.052,0.105,-,-,236.40,-3.70,"1,146",16.3090,26.45%,14.38%,9.17%,72.91%,0.64%,2.90%,-,30.00,10.81,102.50,03 Mar 2026,30 Apr 2026,21.87,15.45,5400000000.00,A-EQ,540000000
BAYLEASING,Bay Leasing & Investment Limited,Financial Institutions,Z,676.26,-,4.80,0.00,4.80,1.2980,"270,374",43.2510,-77.7778,5.1300,4.9000,4.3175,4.9089,4.9557,5.0015,-0.0457,0.0355,5.6502,4.6098,85.9200,-471075.2340,4.8489,4.9128,5.0281,2.0584,0.0000,0.0000,0.0000,-,-,-,-,-,1.293,8.991,-,-,-,-,-,4.80,0.00,49,1.2980,81.70%,25.52%,56.18%,18.30%,0.00%,0.00%,-,-,-6.87,-19.65,02 Jul 2026,27 Sep 2026,-,-,1408884430.00,Z-EQ,140888443
BBS,Bangladesh Building Systems PLC.,Engineering,B,2101.79,-,12.90,-0.77,12.90,4.3790,"337,819",27.2723,-87.0968,14.6250,15.1160,11.5975,13.5114,13.7494,14.3552,-0.6058,-0.3681,16.9034,12.3466,281.9200,-866063.7311,13.2356,13.4718,14.0405,1.6447,0.0000,0.0000,0.0000,-,2.624,0.324,2.056,-,0.101,-,0.207,-,-,-,-,13.00,-0.10,207,4.3790,69.99%,25.86%,44.07%,30.01%,0.00%,0.06%,-,-,-0.59,10.74,28 Oct 2025,23 Dec 2025,-,-,1629297320.00,B-EQ,162929732
BBSCABLES,BBS Cables PLC.,Engineering,B,3853.12,-,18.20,-1.62,18.20,4.4030,"240,847",19.3398,-92.1569,21.0400,22.3140,18.5680,19.2320,19.6323,20.8226,-1.1903,-0.8714,24.8283,17.2517,201.9100,-1369013.4900,18.7689,19.1231,20.0690,1.5583,0.0000,0.0000,0.0000,-,2.519,0.074,1.725,-,-,-,0.151,-,-,-,-,18.50,-0.30,323,4.4030,69.88%,23.14%,46.65%,30.12%,0.00%,0.09%,-,-,-4.05,28.01,28 Oct 2025,24 Dec 2025,-,-,2117097670.00,B-EQ,211709767
BDAUTOCA,Bangladesh Autocars Limited,Engineering,B,853.09,1133.89,197.20,-3.38,197.20,12.4300,"62,175",35.9185,-95.6743,213.2850,211.0880,171.9885,207.8591,209.3296,211.5516,-2.2220,-0.0383,229.0368,197.5332,704.3800,-139811.6574,206.4289,208.8769,211.9600,1.2720,0.0000,0.0000,0.0000,0.10,1.833,0.022,1.744,-,0.020,0.013,0.043,0.023,0.035,-,-,204.10,-6.90,777,12.4300,69.94%,10.02%,59.92%,30.06%,0.00%,0.00%,-,2.00,0.18,7.45,28 Oct 2025,28 Dec 2025,1133.89,1700.83,43260130.00,B-EQ,4326013
BDCOM,BDCOM Online Limited,IT Sector,A,1825.20,34.42,29.00,-2.03,29.00,8.9050,"304,634",27.3018,-97.8723,31.6800,32.6520,28.3610,30.2520,30.5910,31.4796,-0.8886,-0.5623,34.5612,28.7988,308.9900,-799723.8045,29.8956,30.2282,30.9643,1.7129,0.0000,0.0000,0.0000,1.72,2.336,-,2.051,0.136,0.086,0.063,0.550,0.034,0.055,-,-,29.60,-0.60,439,8.9050,70.00%,8.99%,61.01%,30.00%,0.00%,0.00%,5.00,5.00,0.86,15.58,27 Oct 2025,18 Dec 2025,34.42,48.26,629378650.00,A-EQ,62937865
BDFINANCE,Bangladesh Finance PLC,Financial Institutions,Z,2390.60,10.67,12.70,0.00,12.70,0.8530,"67,187",40.0868,-88.8889,13.3600,13.1700,13.2115,12.8888,12.9758,13.1371,-0.1613,-0.0461,14.4031,12.3169,77.6500,-436268.0089,12.7644,12.8538,13.1048,1.7354,0.0000,0.0000,0.0000,-,-,-,-,-,1.819,18.372,-,-,-,-,-,12.70,0.00,56,0.8530,85.46%,25.31%,60.15%,14.54%,0.00%,0.00%,-,-,1.19,-29.07,30 Apr 2026,30 Jun 2026,10.67,27.61,1882362670.00,Z-EQ,188236267
BDLAMPS,Bangladesh Lamps PLC.,Engineering,A,2199.27,-,208.90,-2.34,208.90,24.1190,"114,548",53.0497,-63.6816,208.2050,190.9940,159.6235,215.7672,214.4826,206.1453,8.3373,9.4394,241.8051,174.6049,443.5900,-127836.3017,217.7133,218.6769,215.2262,1.3839,0.0000,0.0000,0.0000,0.48,0.921,-,0.488,-,0.046,-,0.213,-,-,-,-,213.90,-5.00,"1,125",24.1190,38.14%,9.38%,28.73%,61.86%,0.00%,0.03%,-,10.00,-6.22,39.93,13 Oct 2025,11 Dec 2025,-,-,105278770.00,A-EQ,10527877
BDSERVICE,Bangladesh Services Limited,Travel & Leisure,Z,508.50,-,0.00,0.00,5.20,0.0000,0,,,,,,,,,,,,,,,,,,,,,,-,0.353,0.021,0.344,-,-,-,0.532,-,-,-,-,5.20,0.00,0,0.0000,0.32%,0.00%,0.13%,0.00%,99.68%,0.19%,-,-,-8.94,219.74,28 Oct 2025,22 Dec 2025,-,-,977889130.00,Z-EQ,97788913
BDTHAI,Bangladesh Thai Aluminium Limited,Engineering,B,1967.74,-,15.40,-1.28,15.40,11.8820,"765,032",29.6904,-89.1892,17.3150,18.6900,13.4910,15.9314,16.2350,17.1451,-0.9102,-0.6719,20.3808,14.2492,428.9400,-2303850.1859,15.5400,15.7987,16.5229,1.5312,0.0000,0.0000,0.0000,-,2.274,0.238,1.417,-,-,-,-,-,-,-,-,15.60,-0.20,608,11.8820,70.82%,8.19%,62.00%,29.18%,0.00%,0.63%,-,-,-2.01,28.60,24 Nov 2025,30 Dec 2025,-,-,1277752500.00,B-EQ,127775250
BDTHAIFOOD,BD Thai Food & Beverage Limited,Food & Allied,B,1931.55,-,23.70,0.42,23.70,17.6520,"744,496",47.4880,-64.2857,24.2150,24.3820,18.5700,23.7360,23.7930,23.9745,-0.1816,-0.1419,25.7659,22.6641,641.6000,-901537.9489,23.6689,23.6564,23.8986,1.3868,0.0000,0.0000,0.0000,-,1.315,-,0.892,-,-,-,0.259,-,-,-,-,23.60,0.10,520,17.6520,66.79%,25.28%,41.51%,33.21%,0.00%,0.00%,-,-,-1.64,12.41,29 Oct 2025,28 Dec 2025,-,-,815000000.00,B-EQ,81500000
BDWELDING,Bangladesh Welding Electrodes Limited,Fuel & Power,Z,563.54,-,13.10,-2.99,13.00,1.2240,"94,688",31.1068,-62.5000,13.6650,14.0740,14.5370,13.4243,13.4852,13.7187,-0.2335,-0.2096,14.1972,13.1328,54.7300,-46150.3325,13.3911,13.4346,13.5419,1.3243,0.0000,0.0000,0.0000,-,1.557,-,1.207,6.501,7.509,2.015,0.193,0.075,0.162,-,-,13.40,-0.40,177,1.2240,68.99%,2.88%,65.39%,31.01%,0.00%,0.72%,1.00,-,-0.08,11.61,10 Aug 2020,17 Sep 2020,-,-,433493050.00,Z-EQ,43349305
BEACHHATCH,Beach Hatchery Limited,Food & Allied,Z,1237.89,14.78,29.90,-0.33,29.90,2.1510,"71,999",28.1617,-88.2353,31.5950,32.8800,35.8015,30.3725,30.6571,31.6026,-0.9456,-0.7657,34.4556,28.7344,84.6200,-189600.9939,30.0178,30.2295,30.8614,1.1470,0.0000,0.0000,0.0000,3.34,5.789,-,5.616,0.494,0.534,0.383,0.567,0.138,0.163,-,-,30.00,-0.10,133,2.1510,65.03%,18.21%,46.82%,34.97%,0.00%,0.00%,-,10.00,2.03,12.49,26 Nov 2024,31 Dec 2024,14.78,4.91,414010210.00,Z-EQ,41401021
BEACONPHAR,Beacon Pharmaceuticals PLC.,Pharmaceuticals & Chemicals,A,24024.00,25.44,104.00,-0.29,104.00,7.5600,"72,715",35.6654,-89.4737,106.7800,109.1520,105.7340,105.2798,105.6863,106.9661,-1.2797,-0.9892,109.9085,103.6515,18.5500,-247844.9457,104.9400,105.2949,106.0271,1.3807,0.0000,0.0000,0.0000,2.02,1.542,0.479,1.144,-,0.191,0.075,0.520,0.049,0.142,-,-,104.30,-0.30,398,7.5600,60.14%,38.18%,21.96%,39.86%,0.00%,0.00%,-,21.00,4.10,28.86,23 Oct 2025,23 Dec 2025,25.44,13.15,2310000000.00,A-EQ,231000000
BENGALWTL,Bengal Windsor Thermoplastics PLC.,Engineering,B,2103.95,44.00,23.00,-4.96,23.00,15.3580,"654,034",36.5701,-93.7500,24.9100,24.7860,21.0915,24.5299,24.6564,24.7884,-0.1321,0.0836,26.6069,23.2131,289.3200,-943918.1472,24.4956,24.7603,24.8919,1.4153,0.0000,0.0000,0.0000,2.17,11.790,0.000,9.087,-,0.092,0.055,0.190,0.019,0.021,-,-,24.20,-1.20,724,15.3580,46.77%,26.63%,20.14%,53.23%,0.00%,0.00%,-,5.00,0.55,26.12,27 Oct 2025,18 Dec 2025,44.00,41.25,914760000.00,B-EQ,91476000
BERGERPBL,Berger Paints Bangladesh Limited,Miscellaneous,A,72996.06,19.46,1486.50,-0.56,1486.50,7.0850,"4,758",57.8753,-58.7500,1492.4600,1444.6060,1414.1075,1492.1229,1490.2621,1475.0210,15.2411,18.3269,1509.9315,1474.9885,12.6600,2216.4674,1493.8556,1494.2013,1492.8343,0.2031,0.0000,0.0000,0.0000,3.53,1.931,-,1.188,0.155,0.152,0.118,0.319,0.141,0.218,-,-,1494.80,-8.30,256,7.0850,10.24%,8.06%,2.17%,89.76%,0.00%,0.01%,-,525.00,76.83,400.24,16 Jun 2026,24 Aug 2026,19.46,10.15,491059910.00,A-EQ,49105991
BESTHLDNG,Best Holdings PLC.,Travel & Leisure,Z,15358.84,10.00,14.50,1.40,14.50,4.3600,"308,683",38.0421,-61.1111,15.0050,15.2800,13.7470,14.5607,14.6647,14.9601,-0.2954,-0.2060,15.9685,14.0415,5.6300,-212893.5014,14.4333,14.5295,14.7586,1.5326,0.0000,0.0000,0.0000,6.90,4.760,0.016,4.709,0.365,0.380,0.367,0.683,0.018,0.025,-,-,14.30,0.20,241,4.3600,34.66%,20.52%,14.14%,65.34%,0.00%,0.00%,-,-,0.00,0.00,-,-,10.00,42.90,10592303650.00,Z-EQ,1059230365
BEXGSUKUK,Beximco Green Sukuk Al Istisna'a,Corporate Bond,A,19524.24,-,70.50,-0.71,69.50,0.0070,103,44.1656,-66.6667,69.9500,71.7300,64.3400,69.7070,69.8140,70.3663,-0.5523,-0.5772,71.2437,68.6563,1.0900,2888.7133,69.5778,69.6346,69.8024,0.2193,0.0000,0.0000,0.0000,0.66,-,-,-,-,-,-,-,-,-,-,-,70.00,-0.50,2,0.0070,100.00%,97.99%,2.01%,0.00%,0.00%,0.00%,-,4.59,0.00,0.00,21 May 2026,-,-,-,2809242630.00,A-CB,280924263
BEXIMCO,BEXIMCO Limited,Miscellaneous,B,21411.46,-,22.70,-3.81,22.70,117.8420,"5,106,259",31.5872,-98.4127,24.6850,27.7740,88.5385,24.1196,24.3406,26.5407,-2.2002,-2.7503,27.9945,21.3755,273.3900,-8524165.4530,23.8600,24.2385,24.7019,0.3298,0.0000,0.0000,0.0000,-,1.885,-,1.568,-,0.190,-,0.245,-,-,-,-,23.60,-0.90,"4,240",117.8420,66.89%,30.48%,35.77%,33.11%,0.00%,0.64%,5.00,-,-0.41,92.58,29 Oct 2024,30 Dec 2024,-,-,9432362620.00,B-EQ,943236262
BGIC,Bangladesh General Insurance Company PLC.,Insurance,A,2177.30,27.22,40.30,-1.95,40.30,1.8640,"46,141",42.0441,-83.5616,42.5250,41.5320,35.8815,41.6932,41.9021,41.9922,-0.0901,0.3262,45.8164,39.2336,105.1000,-73563.2726,41.3978,41.8436,42.4167,1.0920,0.0000,0.0000,0.0000,2.73,-,-,-,-,-,-,-,-,-,-,-,41.10,-0.80,135,1.8640,66.60%,46.85%,19.75%,33.40%,0.00%,0.00%,-,11.00,1.51,19.54,30 Apr 2026,18 Jun 2026,27.22,16.57,540272550.00,A-EQ,54027255
BIFC,Bangladesh Industrial Fin. Company Limited,Financial Institutions,Z,412.79,-,4.10,0.00,4.10,0.3850,"94,123",37.2668,-88.8889,4.4550,4.4380,3.7904,4.1853,4.2353,4.3663,-0.1309,-0.0826,5.1432,3.7668,85.6300,-311192.3350,4.1222,4.1526,4.2886,1.0080,0.0000,0.0000,0.0000,-,-,-,-,-,1.085,0.993,-,-,-,-,-,4.10,0.00,36,0.3850,61.65%,39.36%,22.29%,38.35%,0.00%,0.00%,-,-,-7.38,-133.58,25 Jun 2026,-,-,-,1006799440.00,Z-EQ,100679944
BNICL,Bangladesh National Insurance Company Limited.,Insurance,A,4699.35,22.10,108.40,-0.09,106.20,7.0960,"66,021",40.3581,-85.1852,113.5700,113.6800,74.4160,110.2236,111.0453,112.3061,-1.2608,-0.0497,120.9867,106.1533,99.3500,-30113.5563,109.4578,110.5731,112.1871,1.3555,0.0000,0.0000,0.0000,2.07,-,-,-,-,-,-,-,-,-,-,-,106.30,-0.10,318,7.0960,39.87%,8.87%,31.00%,60.13%,0.00%,0.00%,-,22.00,4.81,31.26,19 Apr 2026,23 Jun 2026,22.10,17.72,442500000.00,A-EQ,44250000
BPML,Bashundhara Paper Mills Limited,Paper & Printing,Z,4727.13,-,27.20,-1.09,27.20,0.7110,"26,066",35.1743,-89.4737,28.1650,28.4520,26.8945,27.6283,27.7618,28.1140,-0.3522,-0.2247,29.2800,27.0500,6.4500,-43970.4971,27.4822,27.6167,27.8933,1.7369,0.0000,0.0000,0.0000,-,0.987,-,0.595,-,-,-,0.061,-,-,-,-,27.50,-0.30,74,0.7110,33.79%,9.10%,24.69%,66.21%,0.00%,0.00%,-,-,-18.98,57.82,29 Oct 2025,23 Dec 2025,-,-,1737914410.00,Z-EQ,173791441
BPPL,Baraka Patenga Power Limited,Fuel & Power,B,3442.61,14.53,19.90,0.00,19.90,14.5320,"729,008",40.3893,-88.8889,20.8750,20.6020,16.7100,20.2805,20.4052,20.5745,-0.1694,0.0247,22.1807,19.5693,375.0100,-2047611.9335,20.1244,20.2846,20.6243,1.4435,0.0000,0.0000,0.0000,1.01,0.792,-,0.596,0.044,0.256,0.039,0.280,0.020,0.075,-,-,19.90,0.00,481,14.5320,64.24%,9.41%,54.83%,35.76%,0.00%,0.00%,-,2.00,1.37,27.72,29 Oct 2025,24 Dec 2025,14.53,5.22,1729954880.00,B-EQ,172995488
BRACBANK,BRAC Bank PLC.,Bank,A,143326.77,6.93,62.60,-0.95,62.60,29.4630,"471,404",42.7548,-69.4444,63.4450,64.0280,68.9315,62.8543,62.9942,63.4959,-0.5017,-0.4306,65.0364,61.8536,20.7600,-1657902.8672,62.6289,62.7923,63.1695,1.0926,0.0000,0.0000,0.0000,2.40,-,-,-,-,0.479,0.264,-,0.017,0.174,0.019,-,63.20,-0.60,"1,396",29.4630,53.83%,12.73%,8.14%,46.17%,0.00%,32.96%,15.00,15.00,9.12,51.56,27 Apr 2026,11 Jun 2026,6.93,6.23,22895650920.00,A-EQ,2289565092
BSC,Bangladesh Shipping Corporation,Miscellaneous,A,17236.46,5.67,113.00,-0.79,113.00,21.9550,"194,600",38.3700,-89.4737,117.8100,117.8180,110.4310,114.4514,115.1569,116.8385,-1.6816,-0.9236,125.4346,110.1854,70.6500,-419608.7295,113.5378,114.0962,115.8733,1.7521,0.0000,0.0000,0.0000,2.21,3.689,-,3.670,0.773,0.921,0.620,1.195,0.086,0.192,-,-,113.90,-0.90,743,21.9550,47.90%,21.34%,26.56%,0.00%,52.10%,0.00%,-,25.00,20.10,104.84,13 Nov 2025,22 Dec 2025,5.67,6.52,1525350400.00,A-EQ,152535040
BSCPLC,Bangladesh Submarine Cables PLC,Telecommunication,A,28205.46,15.51,150.80,-2.08,150.80,7.7300,"50,965",36.4192,-87.7551,155.2450,156.2940,141.3450,153.5305,154.0295,155.2187,-1.1892,-0.6532,159.0272,151.4628,7.3500,-32595.7091,153.0756,153.5218,154.3976,1.2494,0.0000,0.0000,0.0000,2.65,5.155,0.014,5.155,0.633,0.564,0.520,0.778,0.086,0.121,-,-,154.00,-3.20,263,7.7300,23.06%,17.93%,5.02%,0.00%,76.94%,0.11%,-,40.00,11.01,90.99,23 Sep 2025,23 Nov 2025,15.51,9.86,1870388430.00,A-EQ,187038843
BSRMLTD,Bangladesh Steel Re-Rolling Mills Limited,Engineering,A,29500.16,4.86,98.80,-1.20,98.80,6.0160,"60,549",45.3551,-56.2500,100.0800,101.3700,86.9280,99.4482,99.6044,100.2702,-0.6658,-0.6360,104.4016,95.7584,16.4100,-73306.6610,99.3578,99.2282,99.3976,0.6988,0.0000,0.0000,0.0000,5.06,1.243,0.029,0.586,-,0.094,0.064,0.118,0.066,0.123,-,-,100.00,-1.20,330,6.0160,52.88%,15.67%,20.39%,47.12%,0.00%,16.82%,-,50.00,20.57,166.79,19 Oct 2025,24 Dec 2025,4.86,4.83,2985846260.00,A-EQ,298584626
BSRMSTEEL,BSRM Steels Limited,Engineering,A,33873.32,6.53,90.10,0.22,90.10,11.5710,"129,062",38.4865,-81.8182,94.4750,91.6820,74.5160,91.9616,92.4882,93.0483,-0.5602,0.3325,100.0633,88.8867,32.1000,-275170.5018,91.5422,91.9474,93.0548,0.9940,0.0000,0.0000,0.0000,5.55,1.496,0.653,0.648,-,0.087,0.050,0.111,0.059,0.152,-,-,89.90,0.20,497,11.5710,27.94%,17.34%,10.00%,72.06%,0.00%,0.60%,-,50.00,13.77,90.52,19 Oct 2025,24 Dec 2025,6.53,5.87,3759525000.00,A-EQ,375952500
BXPHARMA,Beximco Pharmaceuticals PLC,Pharmaceuticals & Chemicals,A,65043.14,11.09,145.80,0.55,145.80,65.3730,"448,408",49.8817,-43.3735,146.1400,147.2240,123.1730,145.2792,145.5003,145.8853,-0.3850,-0.0807,149.5133,142.7667,40.7000,-476400.5868,144.9800,145.2308,145.5581,1.2210,0.0000,0.0000,0.0000,3.26,2.177,0.034,0.910,-,0.195,0.132,0.442,0.085,0.113,-,-,145.00,0.80,998,65.3730,69.87%,25.65%,17.32%,30.13%,0.00%,26.90%,-,47.50,15.56,119.04,24 Jun 2026,-,11.09,6.99,4461120890.00,A-EQ,446112089
CAPITECGBF,Capitec Grameen Bank Growth Fund,Mutual Funds,A,1292.14,25.88,8.30,-5.68,8.30,16.4900,"1,949,868",31.3214,-96.6667,10.2350,8.9340,7.4915,9.5466,9.6798,9.6232,0.0566,0.3758,11.6655,8.8045,952.8600,-4476354.9221,9.4778,9.6500,9.9686,1.2685,0.0000,0.0000,0.0000,-,-,-,-,-,-,-,-,-,-,-,-,8.80,-0.50,533,16.4900,35.77%,1.47%,34.30%,64.23%,0.00%,0.00%,-,9.00,1.06,10.35,29 Jul 2026,-,25.88,8.30,1556800000.00,A-MF,155680000
CAPMBDBLMF,CAPM BDBL Mutual Fund 01,Mutual Funds,A,381.00,-,7.60,-5.00,7.60,10.1700,"1,311,758",25.2806,-100.0000,9.8750,9.9540,10.6125,8.5600,8.8322,9.4996,-0.6674,-0.3838,12.6202,7.1298,2109.1300,-2015523.0984,8.2400,8.5051,9.2014,0.8065,0.0000,0.0000,0.0000,-,-,-,-,-,-,-,-,-,-,-,-,8.00,-0.40,403,10.1700,80.05%,11.80%,68.25%,19.95%,0.00%,0.00%,-,-,1.35,9.01,19 Aug 2026,-,-,5.93,501310000.00,A-MF,50131000
CAPMIBBLMF,CAPM IBBL Islamic Mutual Fund,Mutual Funds,A,842.35,-,12.60,-5.26,12.60,6.9720,"543,004",43.1983,-75.0000,13.4750,12.8360,9.3060,13.0776,13.1483,13.2093,-0.0610,0.0657,14.6154,12.3346,381.8900,57041.0709,13.0044,13.0218,13.2157,1.1713,0.0000,0.0000,0.0000,-,-,-,-,-,-,-,-,-,-,-,-,13.30,-0.70,239,6.9720,33.44%,6.98%,26.46%,66.56%,0.00%,0.00%,-,-,0.35,8.31,19 Aug 2026,-,-,38.00,668535000.00,A-MF,66853500
CBLPBOND,City Bank Perpetual Bond,Corporate Bond,A,4150.00,-,0.00,0.00,1037500.00,0.0000,0,,,,,,,,,,,,,,,,,,,,,,-,-,-,-,-,-,-,-,-,-,-,-,1037500.00,0.00,0,0.0000,100.00%,65.00%,35.00%,0.00%,0.00%,0.00%,-,10.00,0.00,0.00,22 Feb 2026,-,-,-,40000.00,A-CB,4000
CENTRALINS,Central Insurance PLC,Insurance,A,2290.54,23.53,43.10,-2.05,43.10,10.5980,"244,253",41.9219,-88.0952,45.9900,43.9400,41.0840,44.5704,44.8234,44.8508,-0.0274,0.5152,50.3273,41.6527,386.2200,-380355.4948,44.1733,44.6333,45.5376,1.2949,0.0000,0.0000,0.0000,2.78,-,-,-,-,-,-,-,-,-,-,-,44.00,-0.90,467,10.5980,60.63%,15.10%,45.53%,39.33%,0.04%,0.00%,-,12.00,1.87,50.69,19 Apr 2026,18 Jun 2026,23.53,21.36,531448230.00,A-EQ,53144823
CENTRALPHL,Central Pharmaceuticals Limited,Pharmaceuticals & Chemicals,Z,1186.03,-,9.90,-2.94,9.90,4.3820,"441,748",36.9164,-94.7368,10.9200,10.5880,9.2335,10.3115,10.4273,10.6227,-0.1953,-0.0330,12.2428,9.5972,268.5200,-783879.5490,10.1711,10.2821,10.5867,1.4658,0.0000,0.0000,0.0000,-,1.101,0.282,1.071,-,-,-,-,-,-,-,-,10.20,-0.30,259,4.3820,92.33%,11.98%,80.35%,7.67%,0.00%,0.00%,-,-,-0.18,6.87,05 Nov 2025,30 Dec 2025,-,-,1198008440.00,Z-EQ,119800844
CITYBANK,City Bank PLC.,Bank,A,52132.28,3.48,29.80,-1.65,29.80,83.2500,"2,776,736",26.6367,-100.0000,31.0750,31.1460,28.3915,30.5842,30.7135,30.9585,-0.2450,-0.0764,32.0106,30.1394,49.0400,-3361699.7756,30.4933,30.6282,30.8595,1.0962,0.0000,0.0000,0.0000,5.03,-,-,-,-,0.558,0.271,-,0.016,0.214,0.018,-,30.30,-0.50,"1,773",83.2500,69.63%,19.45%,40.20%,30.37%,0.00%,9.98%,15.00,15.00,8.71,40.67,12 Apr 2026,07 Jun 2026,3.48,5.03,17494053800.00,A-EQ,1749405380
CITYGENINS,City Insurance PLC.,Insurance,A,8663.91,37.41,126.60,-0.08,127.10,35.0360,"275,996",88.1071,-6.6667,121.9500,113.1400,95.5150,125.8270,124.8487,120.3765,4.4722,4.4282,132.9337,110.9663,83.5400,175860.9315,126.7156,126.3859,124.6433,0.6272,0.0000,0.0000,0.0000,0.79,-,-,-,-,-,-,-,-,-,-,-,127.20,-0.10,330,35.0360,63.94%,38.31%,25.62%,36.06%,0.00%,0.01%,-,10.00,3.40,23.24,10 Feb 2026,30 Mar 2026,37.41,23.56,681661220.00,A-EQ,68166122
CLICL,Chartered Life Insurance PLC,Insurance,B,1627.50,258.24,43.40,-1.14,43.40,3.0950,"71,107",23.8223,-98.0000,48.9150,51.7020,54.0495,45.5602,46.3471,48.7692,-2.4221,-1.8339,55.7657,42.0643,108.7000,-211636.3909,44.7133,45.4321,47.2224,1.2095,0.0000,0.0000,0.0000,0.92,-,-,-,-,-,-,-,-,-,-,-,43.90,-0.50,192,3.0950,40.00%,4.90%,35.10%,60.00%,0.00%,0.00%,-,4.00,0.17,11.44,28 Jun 2026,10 Aug 2026,258.24,-,375000000.00,B-EQ,37500000
CNATEX,C & A Textiles Limited,Textile,Z,741.88,16.84,3.10,-3.13,3.10,3.9170,"1,243,631",43.9945,-88.8889,3.3050,3.1940,2.9280,3.2292,3.2483,3.2509,-0.0026,0.0381,3.6690,2.9410,195.2700,-1953207.1237,3.1978,3.2538,3.2962,1.4017,0.0000,0.0000,0.0000,1.61,3.384,-,3.384,-,-,-,-,-,-,-,-,3.20,-0.10,197,3.9170,92.90%,10.04%,82.86%,7.10%,0.00%,0.00%,-,0.50,0.19,-3.81,20 Nov 2023,28 Dec 2023,16.84,10.43,2393160000.00,Z-EQ,239316000
CONFIDCEM,Confidence Cement PLC,Cement,A,5477.12,5.66,63.50,-0.16,63.50,6.2130,"97,749",37.1276,-77.4648,65.9250,67.0720,59.5580,64.0982,64.5263,65.7638,-1.2375,-0.8798,69.9954,61.8546,50.7200,-185911.0870,63.5600,63.9449,64.8957,1.4506,0.0000,0.0000,0.0000,1.57,0.589,-,0.519,0.255,0.101,0.237,0.140,0.063,0.127,-,-,63.60,-0.10,248,6.2130,69.66%,38.33%,31.18%,30.34%,0.00%,0.15%,-,10.00,11.23,88.68,02 Nov 2025,28 Dec 2025,5.66,6.70,862537900.00,A-EQ,86253790
CONTININS,Continental Insurance PLC.,Insurance,B,1485.31,23.20,34.00,-2.30,34.00,7.6420,"222,615",43.4671,-90.7407,35.6750,34.8100,28.4775,35.1462,35.2733,35.2547,0.0185,0.3063,37.7715,33.5785,454.8500,-338360.9875,35.0044,35.2987,35.6043,1.4667,0.0000,0.0000,0.0000,1.47,-,-,-,-,-,-,-,-,-,-,-,34.80,-0.80,275,7.6420,68.46%,8.22%,60.24%,31.54%,0.00%,0.00%,-,5.00,1.50,22.78,03 May 2026,13 Aug 2026,23.20,18.71,436855760.00,B-EQ,43685576
COPPERTECH,Coppertech Industries Ltd.,Engineering,B,1552.82,34.08,23.70,-2.07,23.70,3.9700,"166,098",31.1336,-98.0000,26.7450,26.9480,22.3845,24.9454,25.3125,26.1910,-0.8785,-0.4858,30.4576,23.0324,461.3300,-499170.8069,24.5267,24.8923,25.8038,1.5157,0.0000,0.0000,0.0000,0.91,1.288,0.143,0.672,-,0.102,0.028,0.137,0.023,0.050,-,-,24.20,-0.50,244,3.9700,72.43%,21.48%,50.95%,27.57%,0.00%,0.00%,-,2.15,0.71,14.32,29 Oct 2025,29 Jan 2026,34.08,40.33,655200000.00,B-EQ,65520000
CROWNCEMNT,Crown Cement PLC,Cement,A,9236.70,13.96,63.50,-1.43,62.20,0.0530,841,36.9088,-65.4206,66.0950,65.9000,53.4160,64.2971,64.7525,65.5953,-0.8428,-0.2395,69.9132,62.2768,1.9400,-11117.5891,63.9044,64.3000,65.1481,1.0858,0.0000,0.0000,0.0000,3.38,0.888,-,0.569,0.044,0.097,0.020,0.141,0.025,0.072,-,-,63.10,-0.90,37,0.0530,58.98%,18.73%,40.20%,41.02%,0.00%,0.05%,-,21.00,4.52,62.66,20 Oct 2025,22 Dec 2025,13.96,27.84,1485000000.00,A-EQ,148500000
CRYSTALINS,Crystal Insurance Company Limited,Insurance,A,2772.00,19.19,63.00,-1.72,63.00,4.8340,"75,817",29.6616,-93.2692,68.3000,70.0060,68.4570,66.0699,66.6478,68.1389,-1.4911,-0.9238,72.7296,63.8704,142.8700,-314302.3419,65.5711,66.2936,67.4267,1.5344,0.0000,0.0000,0.0000,1.90,-,-,-,-,-,-,-,-,-,-,-,64.10,-1.10,261,4.8340,42.00%,14.25%,27.72%,58.00%,0.00%,0.03%,-,12.00,3.34,27.65,17 Feb 2026,30 Mar 2026,19.19,16.52,440000000.00,A-EQ,44000000
CVOPRL,CVO Petrochemical Refinery PLC.,Fuel & Power,A,5009.48,43.80,165.50,-1.08,165.50,13.6900,"82,453",36.4595,-97.5000,173.9450,172.9880,163.0425,169.9373,170.9737,172.7688,-1.7951,-0.3637,183.2169,164.6731,176.0000,-257368.8988,168.6956,170.1872,172.4481,1.3696,0.0000,0.0000,0.0000,0.66,0.917,-,0.507,0.101,0.124,0.092,0.156,0.085,0.126,-,-,167.30,-1.80,620,13.6900,56.94%,18.01%,38.84%,43.06%,0.00%,0.09%,9.00,11.00,3.82,13.12,28 Sep 2025,10 Dec 2025,43.80,24.70,302687550.00,A-EQ,30268755
DACCADYE,The Dacca Dyeing & Manufacturing Co.Limited,Textile,Z,1368.31,-,15.60,0.00,15.70,1.4970,"94,350",32.6448,-84.2105,16.4800,16.8640,17.2590,15.9592,16.0864,16.4442,-0.3578,-0.2470,17.5513,15.4087,46.2100,-178469.9960,15.8178,15.9449,16.2148,1.3769,0.0000,0.0000,0.0000,-,0.133,-,0.117,-,-,-,-,-,-,-,-,15.70,0.00,123,1.4970,69.90%,17.88%,51.94%,30.10%,0.00%,0.08%,-,-,-5.82,25.71,08 Dec 2025,16 Jan 2026,-,-,871534530.00,Z-EQ,87153453
DAFODILCOM,Daffodil Computers PLC.,IT Sector,B,8015.91,1029.38,158.00,-2.49,160.60,16.6150,"102,933",44.4211,-77.2727,165.8500,163.4820,93.4350,164.1472,164.4984,164.2768,0.2216,1.0972,171.8463,159.8537,83.2700,149824.5790,163.8333,164.4385,165.0267,0.6702,0.0000,0.0000,0.0000,-,0.716,-,0.661,0.025,0.134,0.015,0.376,0.005,0.013,-,-,164.70,-4.10,761,16.6150,58.60%,36.69%,21.85%,41.40%,0.00%,0.06%,-,-,0.16,12.90,02 Nov 2025,29 Dec 2025,1029.38,494.10,499122620.00,B-EQ,49912262
DBH,DBH Finance PLC,Financial Institutions,A,8195.87,8.81,40.40,-2.18,40.40,3.3230,"82,036",32.3518,-92.3077,43.0650,42.3720,38.4015,42.0946,42.3545,42.6259,-0.2714,0.1716,45.3475,40.7825,49.0300,-141683.4582,41.8956,42.2987,42.7514,1.1781,0.0000,0.0000,0.0000,3.71,-,-,-,-,0.714,0.395,-,-,-,-,0.099,41.30,-0.90,297,3.3230,48.68%,33.21%,14.93%,51.32%,0.00%,0.54%,-,15.00,4.69,49.55,11 May 2026,29 Jun 2026,8.81,7.54,2028679740.00,A-EQ,202867974
DBH1STMF,DBH First Mutual Fund,Mutual Funds,A,600.00,17.93,5.00,-3.85,5.00,2.6790,"527,336",33.4385,-100.0000,5.5650,5.2980,5.2710,5.2635,5.3217,5.4085,-0.0867,0.0003,6.2371,4.8929,307.9400,-750328.8066,5.2000,5.2474,5.3976,0.9374,0.0000,0.0000,0.0000,-,-,-,-,-,-,-,-,-,-,-,-,5.20,-0.20,107,2.6790,83.33%,38.93%,44.40%,16.67%,0.00%,0.00%,-,3.00,0.29,10.32,16 Aug 2023,-,17.93,-,1200000000.00,A-MF,120000000
DBLPBOND,Dhaka Bank Perpetual Bond,Corporate Bond,A,249.00,-,0.00,0.00,6225.00,0.0000,0,77.6658,0.0000,6011.2500,0.0000,0.0000,5876.3137,5790.1395,5570.2802,219.8593,134.0774,6733.7165,5288.7835,0.0900,0.9545,6045.0000,6034.6154,6021.4286,0.1145,0.0000,0.0000,0.0000,0.02,-,-,-,-,-,-,-,-,-,-,-,6225.00,0.00,0,0.0000,0.00%,0.00%,0.00%,0.00%,0.00%,0.00%,-,10.00,0.00,0.00,27 Jan 2026,-,-,-,400000.00,A-CB,40000
DELTALIFE,Delta Life Insurance Limited,Insurance,A,9454.50,-,76.40,0.53,76.40,5.5700,"73,089",41.0501,-68.5185,78.7050,80.3680,74.1905,76.7326,77.1829,78.5620,-1.3791,-1.0391,83.5048,73.9052,24.7000,-106391.9368,76.1600,76.4846,77.6576,1.4117,0.0000,0.0000,0.0000,4.58,-,-,-,-,-,-,-,-,-,-,-,76.00,0.40,197,5.5700,51.16%,15.55%,35.61%,48.84%,0.00%,0.00%,-,35.00,0.00,0.00,12 May 2026,29 Jun 2026,-,-,1237500000.00,A-EQ,123750000
DELTASPINN,Delta Spinners Limited,Textile,Z,1182.02,25.52,7.10,-4.05,7.10,3.2900,"461,295",40.3984,-75.0000,7.5950,7.3440,5.9905,7.3218,7.3778,7.4540,-0.0762,0.0108,8.1949,6.9951,127.3400,-832887.2923,7.2444,7.3141,7.4548,1.4233,0.0000,0.0000,0.0000,1.41,1.821,-,0.910,-,-,-,-,-,-,-,-,7.40,-0.30,166,3.2900,79.40%,7.73%,71.67%,20.60%,0.00%,0.00%,-,1.00,0.00,0.00,31 Jan 2021,-,25.52,185.00,1664819640.00,Z-EQ,166481964
DESCO,Dhaka Electric Supply Company Limited,Fuel & Power,Z,9263.38,-,23.20,-2.10,23.30,3.5600,"152,352",22.8498,-96.9697,25.1400,25.3840,22.6415,24.3359,24.5384,24.9941,-0.4556,-0.2251,26.6952,23.5848,3.1200,-139038.4378,24.1600,24.3538,24.7610,1.0847,0.0000,0.0000,0.0000,-,0.929,-,0.929,-,0.016,-,0.088,-,-,-,-,23.80,-0.50,152,3.5600,32.34%,23.78%,8.52%,0.00%,67.66%,0.04%,-,-,-3.15,35.33,12 Oct 2025,17 Jan 2026,-,12.23,3975698040.00,Z-EQ,397569804
DESHBANDHU,Deshbandhu Polymer Limited,Engineering,B,1159.80,-,18.90,0.00,18.90,2.9740,"157,239",31.2256,-95.1220,21.1550,21.2880,17.9405,19.6746,19.9772,20.7096,-0.7324,-0.4125,24.3704,17.9396,503.1100,-556001.4356,19.3244,19.5782,20.3148,1.7163,0.0000,0.0000,0.0000,-,2.280,0.870,1.509,-,-,-,-,-,-,-,-,18.90,0.00,177,2.9740,66.46%,22.23%,44.23%,33.54%,0.00%,0.00%,-,-,-3.93,14.54,28 Oct 2025,22 Dec 2025,-,-,613651500.00,B-EQ,61365150
DGIC,Desh General Insurance Company Limited,Insurance,B,1216.00,-,30.40,-4.70,30.40,5.5390,"177,257",37.3686,-97.0149,33.9300,32.3740,24.3035,32.7551,33.0420,33.1798,-0.1377,0.4276,36.4790,31.3810,404.4800,-584772.2278,32.6089,32.9538,33.5014,1.5764,0.0000,0.0000,0.0000,0.66,-,-,-,-,-,-,-,-,-,-,-,31.90,-1.50,378,5.5390,51.02%,7.41%,43.61%,48.98%,0.00%,0.00%,-,2.00,0.16,11.35,21 May 2026,09 Sep 2026,-,32.55,400000000.00,B-EQ,40000000
DHAKABANK,Dhaka Bank PLC.,Bank,A,12683.19,4.57,12.00,-0.83,12.00,11.5740,"965,590",42.5097,-87.5000,12.1750,12.1940,12.0935,12.1184,12.1385,12.1705,-0.0320,-0.0030,12.4569,11.8931,41.5800,-1076995.5152,12.0956,12.1295,12.1667,1.0914,0.0000,0.0000,0.0000,8.33,-,-,-,-,0.601,0.139,-,0.006,0.112,0.007,-,12.10,-0.10,316,11.5740,55.74%,12.73%,43.01%,44.26%,0.00%,0.00%,-,10.00,2.65,23.64,29 Apr 2026,25 Jun 2026,4.57,6.37,10569323490.00,A-EQ,1056932349
DHAKAINS,Dhaka Insurance Limited,Insurance,A,1769.51,26.16,44.10,-2.00,44.10,7.4700,"168,799",42.0419,-98.8889,47.2900,44.9640,39.8060,45.9200,46.1875,46.1048,0.0826,0.7090,52.0711,42.5089,316.5100,-299462.1750,45.5222,46.0513,47.0000,1.4367,0.0000,0.0000,0.0000,2.27,-,-,-,-,-,-,-,-,-,-,-,45.00,-0.90,256,7.4700,45.19%,12.40%,32.72%,54.81%,0.00%,0.07%,-,10.00,1.72,36.70,14 May 2026,20 Jul 2026,26.16,18.75,401250000.00,A-EQ,40125000
DOMINAGE,Dominage Steel Building Systems Limited,Engineering,B,6504.84,1260.00,63.40,0.63,63.40,68.5780,"1,082,639",31.6636,-88.8889,73.2650,76.1600,50.4275,65.3420,66.8785,71.4353,-4.5568,-3.3269,92.2097,54.3203,784.6000,-2582754.5825,63.0511,64.2500,68.5048,1.4626,0.0000,0.0000,0.0000,0.06,6.171,0.004,3.379,-,0.105,0.027,0.205,0.003,0.003,-,-,63.00,0.40,"1,118",68.5780,69.80%,15.60%,54.18%,30.20%,0.00%,0.02%,-,0.35,0.05,17.16,29 Oct 2025,24 Dec 2025,1260.00,-,1026000000.00,B-EQ,102600000
DOREENPWR,Doreen Power Generations and Systems Limited,Fuel & Power,A,5832.03,9.97,32.20,1.26,32.20,10.1220,"316,332",46.0068,-82.6923,33.4600,32.0120,29.3820,32.5293,32.7007,32.7307,-0.0300,0.3322,36.0623,30.8577,140.4400,-571952.5871,32.2222,32.5590,33.1557,1.3782,0.0000,0.0000,0.0000,3.11,1.281,-,1.119,0.039,0.197,0.039,0.212,0.023,0.061,-,-,31.80,0.40,518,10.1220,33.39%,18.07%,15.32%,66.61%,0.00%,0.00%,-,10.00,3.19,52.43,26 Oct 2025,31 Dec 2025,9.97,5.73,1811189010.00,A-EQ,181118901
DSHGARME,Desh Garmants Limited,Textile,B,1404.87,239.32,169.50,-2.98,169.50,6.7670,"39,379",48.1114,-80.8824,173.1550,163.1580,126.4830,175.4515,175.3157,171.5366,3.7791,5.2594,191.6904,154.6196,645.1800,-179657.8927,176.1956,177.6590,175.9524,1.3410,0.0000,0.0000,0.0000,0.18,1.866,-,0.947,-,-,-,-,-,-,-,-,174.70,-5.20,620,6.7670,45.01%,7.63%,37.38%,54.99%,0.00%,0.00%,-,3.00,0.73,157.02,29 Oct 2025,18 Dec 2025,239.32,467.95,82883420.00,B-EQ,8288342
DSSL,Dragon Sweater and Spinning Limited,Textile,B,2445.20,82.86,11.60,0.00,11.60,21.3320,"1,842,987",34.5963,-75.0000,12.8700,12.6100,9.7705,11.9325,12.1266,12.5286,-0.4020,-0.1649,14.9272,10.8128,620.5300,-3097310.9679,11.6956,11.8692,12.3352,1.6819,0.0000,0.0000,0.0000,0.43,16.911,-,12.803,-,-,-,-,-,-,-,-,11.60,0.00,748,21.3320,67.83%,15.49%,52.34%,32.17%,0.00%,0.00%,-,0.50,0.14,18.18,28 Oct 2025,30 Dec 2025,82.86,-,2107932750.00,B-EQ,210793275
DULAMIACOT,Dulamia Cotton Spinning Mills Limited,Textile,Z,1426.69,784.80,188.80,-3.77,188.80,2.6400,"13,965",38.5848,-97.6401,207.4500,199.9560,148.8715,201.8389,203.2463,203.5216,-0.2753,2.6858,221.3230,193.5770,107.9800,-22607.7083,201.1444,202.8795,205.4014,0.9871,0.0000,0.0000,0.0000,0.16,0.072,-,0.068,-,-,-,-,-,-,-,-,196.20,-7.40,210,2.6400,66.99%,6.56%,60.43%,33.01%,0.00%,0.00%,-,3.00,0.25,-39.83,29 Sep 2025,03 Dec 2025,784.80,735.75,75566000.00,Z-EQ,7556600
DUTCHBANGL,Dutch-Bangla Bank PLC.,Bank,A,46691.66,4.62,46.00,-0.22,46.00,9.0840,"197,105",37.7738,-85.4167,48.0550,47.2380,42.1020,46.7549,47.0594,47.5087,-0.4493,0.0081,50.7095,45.4005,16.7600,-632452.8500,46.3956,46.7615,47.4400,0.8119,0.0000,0.0000,0.0000,5.43,-,-,-,-,0.503,0.186,-,0.012,0.161,0.013,-,46.10,-0.10,277,9.0840,16.44%,7.43%,8.97%,83.56%,0.00%,0.04%,5.00,25.00,9.98,62.14,29 Apr 2026,16 Jun 2026,4.62,5.30,10150361950.00,A-EQ,1015036195
EASTERNINS,Eastern Insurance PLC,Insurance,A,2616.79,21.91,60.70,-3.80,60.70,9.2120,"150,301",43.5809,-90.5263,63.6750,60.9220,54.8355,63.1497,63.2422,62.6252,0.6170,1.1107,67.1626,60.1874,282.1600,-475639.3728,63.1333,63.5141,63.8167,1.5605,0.0000,0.0000,0.0000,2.47,-,-,-,-,-,-,-,-,-,-,-,63.10,-2.40,337,9.2120,55.14%,28.38%,26.76%,44.86%,0.00%,0.00%,-,15.00,2.88,50.13,03 May 2026,14 Jul 2026,21.91,17.43,431101440.00,A-EQ,43110144
EASTLAND,Eastland Insurance PLC.,Insurance,A,2348.66,26.09,28.00,-2.44,28.00,6.0120,"212,071",43.6586,-97.2973,29.5200,28.2320,22.7655,28.8850,29.0034,28.9280,0.0754,0.3708,31.1764,27.8636,225.1500,-538960.9278,28.7178,28.9500,29.3171,1.1999,0.0000,0.0000,0.0000,3.57,-,-,-,-,-,-,-,-,-,-,-,28.70,-0.70,275,6.0120,58.89%,24.68%,34.21%,41.11%,0.00%,0.00%,-,10.00,1.10,21.58,23 Apr 2026,29 Jun 2026,26.09,20.50,838805810.00,A-EQ,83880581
EASTRNLUB,Eastern Lubricants Blenders PLC.,Fuel & Power,A,4438.02,43.66,1863.60,-1.17,1863.60,11.9110,"6,375",26.2836,-97.0520,2022.7250,1969.1160,1905.9780,1942.2912,1960.7801,1988.8380,-28.0579,-0.6586,2175.8544,1869.5956,107.8800,-16745.4245,1925.1289,1945.9821,1984.8986,0.7865,0.0000,0.0000,0.0000,0.43,1.609,-,1.050,0.115,0.050,0.091,0.074,0.083,0.206,-,-,1885.70,-22.10,759,11.9110,33.96%,6.54%,27.42%,15.04%,51.00%,0.00%,50.00,80.00,43.18,209.35,23 Nov 2025,31 Jan 2026,43.66,49.38,23814240.00,A-EQ,2381424
EBL,Eastern Bank PLC.,Bank,A,39284.14,4.57,23.90,0.00,23.90,11.9540,"500,266",37.9567,-71.4286,24.0550,24.3720,24.8860,23.9296,23.9626,24.1110,-0.1484,-0.1456,24.3626,23.7474,25.8600,-1305031.0770,23.8867,23.9192,23.9852,0.6133,0.0000,0.0000,0.0000,10.46,-,-,-,-,0.583,0.272,-,0.011,0.167,0.012,-,23.90,0.00,376,11.9540,70.56%,43.96%,26.50%,29.44%,0.00%,0.10%,3.00,25.00,5.23,31.38,16 Apr 2026,11 Jun 2026,4.57,4.48,16436877890.00,A-EQ,1643687789
EBL1STMF,EBL First Mutual Fund,Mutual Funds,A,593.49,-,4.10,0.00,4.10,0.3730,"91,575",31.5180,-91.6667,4.7150,4.4960,3.8050,4.3324,4.4079,4.5399,-0.1320,-0.0283,5.5441,3.8859,152.9700,-389747.0674,4.2511,4.3179,4.5062,1.0242,0.0000,0.0000,0.0000,-,-,-,-,-,-,-,-,-,-,-,-,4.10,0.00,41,0.3730,98.62%,61.45%,37.17%,1.38%,0.00%,0.00%,-,-,-1.89,7.88,15 Sep 2024,-,-,-,1447542220.00,A-MF,144754222
EBLNRBMF,EBL NRB Mutual Fund,Mutual Funds,A,762.49,-,3.50,-2.86,3.40,2.6210,"768,200",38.0338,-85.7143,3.7500,3.5060,2.9200,3.5464,3.5821,3.6202,-0.0381,0.0222,4.2065,3.2935,331.4800,-666153.1117,3.5022,3.5346,3.6352,1.2284,0.0000,0.0000,0.0000,-,-,-,-,-,-,-,-,-,-,-,-,3.50,-0.10,116,2.6210,91.11%,39.71%,51.40%,8.89%,0.00%,0.00%,-,-,-1.93,8.25,25 Sep 2024,-,-,-,2242613030.00,A-MF,224261303
ECABLES,Eastern Cables Limited,Engineering,B,3479.52,-,131.80,-1.72,131.80,0.4580,"3,463",38.9150,-94.2623,138.5700,137.4440,122.6935,135.4045,136.3140,137.8498,-1.5358,-0.2612,146.8389,130.3011,20.4100,-23808.3202,134.3644,135.8385,137.4533,1.3440,0.0000,0.0000,0.0000,-,1.179,0.009,0.945,-,-,-,0.082,-,-,-,-,134.10,-2.30,78,0.4580,40.92%,13.34%,27.58%,8.08%,51.00%,0.00%,-,-,-4.43,339.32,12 Nov 2025,24 Jan 2026,-,-,264000000.00,B-EQ,26400000
EGEN,eGeneration PLC.,IT Sector,B,1822.50,33.07,24.30,-2.02,24.30,10.9690,"447,710",25.3136,-96.8750,26.3250,26.6300,22.7530,25.3691,25.6034,26.1195,-0.5161,-0.2443,28.1898,24.4602,329.8100,-1090813.9044,25.1578,25.4295,25.9086,1.4791,0.0000,0.0000,0.0000,0.93,2.176,-,2.168,0.132,0.122,0.132,0.274,0.028,0.033,-,-,24.80,-0.50,513,10.9690,69.93%,14.87%,54.53%,30.07%,0.00%,0.53%,-,2.25,0.75,23.38,30 Oct 2025,29 Dec 2025,33.07,32.63,750000000.00,B-EQ,75000000
EHL,Eastern Housing Limited,Services & Real Estate,A,8485.07,10.93,90.90,0.55,90.90,15.2920,"169,829",44.3950,-70.4225,92.7050,93.2780,81.7045,91.0974,91.4609,92.4309,-0.9700,-0.6282,96.6635,88.7465,89.6600,-167105.1725,90.6556,90.9308,91.7971,1.7360,0.0000,0.0000,0.0000,2.75,1.228,-,0.380,0.351,0.224,0.255,0.363,0.032,0.092,-,-,90.40,0.50,555,15.2920,49.56%,29.04%,20.49%,50.44%,0.00%,0.03%,-,25.00,8.27,89.99,10 Sep 2025,30 Oct 2025,10.93,10.20,933451530.00,A-EQ,93345153
EIL,Express Insurance Limited,Insurance,B,2034.16,26.69,31.20,-0.95,31.20,8.4290,"269,131",40.1292,-95.8333,33.1900,32.2340,29.1250,32.2091,32.4171,32.5799,-0.1628,0.2175,35.5132,30.8668,480.8200,-934730.8137,31.9444,32.2846,32.8552,1.1044,0.0000,0.0000,0.0000,1.60,-,-,-,-,-,-,-,-,-,-,-,31.50,-0.30,358,8.4290,40.00%,5.85%,34.15%,60.00%,0.00%,0.00%,-,5.00,1.18,19.91,03 May 2026,01 Jul 2026,26.69,18.10,651974640.00,B-EQ,65197464
EMERALDOIL,Emerald Oil Industries Limited,Food & Allied,Z,2637.76,40.68,28.90,-2.69,28.90,6.7480,"231,558",53.0466,-66.6667,29.2200,26.7900,18.2480,29.1159,29.0550,28.4412,0.6138,0.7689,30.5106,27.9294,112.6200,-373001.7814,29.1178,29.0487,29.0967,1.3904,0.0000,0.0000,0.0000,1.73,0.874,-,0.739,0.066,0.066,0.059,0.097,0.081,-,-,-,29.70,-0.80,421,6.7480,45.50%,4.44%,41.06%,54.50%,0.00%,0.00%,-,5.00,0.00,0.00,02 Nov 2023,-,40.68,8.89,912720040.00,Z-EQ,91272004
ENVOYTEX,Envoy Textiles Limited,Textile,A,9929.90,7.06,59.20,-0.17,59.20,76.5470,"1,290,651",50.9858,-51.6340,58.9250,57.2560,51.4030,60.4538,60.2126,58.9905,1.2221,1.2674,65.3784,52.4716,163.6700,444979.8818,61.2978,61.0641,59.9390,0.9965,0.0000,0.0000,0.0000,5.07,1.215,-,0.723,-,-,-,-,-,-,-,-,59.30,-0.10,"1,608",76.5470,34.59%,22.06%,12.36%,65.41%,0.00%,0.17%,-,30.00,8.40,58.32,28 Sep 2025,06 Dec 2025,7.06,7.55,1677347670.00,A-EQ,167734767
EPGL,Energypac Power Generation PLC.,Fuel & Power,B,3441.95,-,18.10,-0.55,18.10,1.3160,"72,582",32.6638,-94.8718,19.6500,19.8600,17.4255,18.6848,18.8968,19.3973,-0.5004,-0.2703,21.6922,17.6078,79.7500,-482571.4902,18.4156,18.6372,19.1800,1.7124,0.0000,0.0000,0.0000,1.10,-,-,-,-,-,-,-,-,-,-,-,18.20,-0.10,114,1.3160,45.86%,16.42%,29.44%,54.14%,0.00%,0.00%,-,2.00,-5.50,32.86,16 Nov 2025,15 Dec 2025,-,-,1901632160.00,B-EQ,190163216
ESQUIRENIT,Esquire Knit Composite PLC,Textile,A,3628.70,61.36,26.90,-0.37,26.90,18.1160,"672,810",63.6038,-22.7273,26.0050,25.7560,22.3500,26.1060,26.0382,25.9113,0.1269,0.0377,27.1033,24.9067,68.8900,-54344.8046,26.0644,25.9526,25.9290,1.2379,0.0000,0.0000,0.0000,3.72,1.236,-,0.438,-,-,-,-,-,-,-,-,27.00,-0.10,712,18.1160,53.05%,41.44%,11.61%,46.95%,0.00%,0.00%,-,10.00,0.44,65.10,27 Oct 2025,25 Jan 2026,61.36,-,1348958330.00,A-EQ,134895833
ETL,Evince Textiles Limited,Textile,B,2351.92,43.45,12.80,1.59,12.80,33.1010,"2,600,863",37.8458,-68.0000,13.6950,13.8080,11.0290,12.9583,13.1187,13.4883,-0.3696,-0.1912,15.3035,12.0865,517.7200,-1208036.3157,12.7511,12.9244,13.2933,1.3950,0.0000,0.0000,0.0000,1.95,0.945,-,0.426,-,-,-,-,-,-,-,-,12.60,0.20,945,33.1010,67.06%,18.04%,49.02%,32.94%,0.00%,0.00%,-,2.50,0.29,12.83,23 Oct 2025,18 Dec 2025,43.45,41.09,1837440000.00,B-EQ,183744000
EXIM1STMF,EXIM Bank 1st Mutual Fund,Mutual Funds,A,802.24,-,5.60,-8.20,5.60,16.5280,"2,907,945",38.6206,-94.7368,6.7200,5.1280,3.7010,6.3488,6.3966,6.1347,0.2619,0.4900,7.4207,6.0193,1417.5400,-2149180.7931,6.3133,6.4205,6.5910,1.2984,0.0000,0.0000,0.0000,-,-,-,-,-,-,-,-,-,-,-,-,6.10,-0.50,578,16.5280,78.03%,40.26%,37.77%,21.97%,0.00%,0.00%,-,-,-1.91,8.16,15 Sep 2024,-,-,-,1432563430.00,A-MF,143256343
EXIMBANK,Export Import Bank of Bangladesh PLC.,Bank,A,4342.67,16.67,0.00,0.00,3.00,0.0000,0,35.3827,-100.0000,3.4350,3.8100,5.5645,3.1910,3.2550,3.5011,-0.2461,-0.2212,4.0054,2.8646,70.5700,-721052.8574,3.1222,3.1744,3.2990,0.9960,0.0000,0.0000,0.0000,-,-,-,-,-,0.465,0.016,-,0.000,0.008,0.000,-,3.00,0.00,0,0.0000,69.56%,27.45%,41.65%,30.44%,0.00%,0.46%,-,-,0.18,21.82,29 May 2025,28 Aug 2025,16.67,-,14475573440.00,A-EQ,1447557344
FAMILYTEX,Familytex (BD) Limited,Textile,Z,885.40,-,2.50,0.00,2.50,3.1550,"1,269,316",44.2840,-75.0000,2.7000,2.5960,2.2066,2.5601,2.5881,2.6272,-0.0391,0.0039,3.0434,2.3566,216.5300,-1557069.1139,2.5133,2.5615,2.6424,1.2685,0.0000,0.0000,0.0000,-,9.943,-,5.485,-,-,-,-,-,-,-,-,2.50,0.00,178,3.1550,95.98%,18.41%,77.57%,4.02%,0.00%,0.00%,-,-,-0.15,11.48,01 Nov 2020,24 Dec 2020,-,-,3541603880.00,Z-EQ,354160388
FARCHEM,Far Chemicals Industries Limited,Pharmaceuticals & Chemicals,B,2572.04,191.11,16.80,-2.33,16.80,64.0500,"3,743,786",27.9670,-97.4026,21.2850,21.1960,16.8865,18.4965,19.1042,20.5418,-1.4376,-0.7796,27.2552,15.3148,776.1900,-7791215.8998,17.8378,18.3000,19.7381,1.4831,0.0000,0.0000,0.0000,-,1.151,0.045,0.520,-,0.068,0.004,0.079,0.002,0.003,-,-,17.20,-0.40,"1,969",64.0500,67.37%,32.50%,34.87%,32.63%,0.00%,0.00%,-,-,0.09,32.52,29 Oct 2025,24 Dec 2025,191.11,-,1530973330.00,B-EQ,153097333
FAREASTFIN,Fareast Finance & Investment Limited,Financial Institutions,Z,344.53,-,0.00,0.00,2.10,0.0000,0,59.7544,-41.6667,1.7700,1.5240,1.4566,2.1327,2.0565,1.8161,0.2404,0.1862,2.6456,0.8944,161.7200,-32608.2669,2.2244,2.1744,1.9948,1.2910,0.0000,0.0000,0.0000,-,-,-,-,-,1.071,1.324,-,-,-,-,-,2.10,0.00,0,0.0000,60.26%,14.77%,45.49%,39.74%,0.00%,0.00%,-,-,-5.13,-50.48,12 May 2025,26 Jun 2025,-,-,1640633300.00,Z-EQ,164063330
FAREASTLIF,Fareast Islami Life Insurance Company Limited,Insurance,Z,1457.48,-,20.10,-2.50,19.50,0.2270,"11,476",30.8498,-96.8750,21.4100,22.2020,21.5620,20.3855,20.6222,21.2844,-0.6622,-0.4539,23.4547,19.3653,15.8200,-70421.3158,20.1333,20.3744,20.9057,1.6321,0.0000,0.0000,0.0000,-,-,-,-,-,-,-,-,-,-,-,-,20.00,-0.50,76,0.2270,81.94%,43.28%,38.66%,18.06%,0.00%,0.00%,-,-,0.00,0.00,01 Nov 2021,22 Dec 2021,-,-,747427510.00,Z-EQ,74742751
FASFIN,FAS Finance & Investment Limited,Financial Institutions,Z,372.69,-,0.00,0.00,2.50,0.0000,0,64.9562,-40.0000,2.0300,1.6640,1.5499,2.5106,2.3962,2.0477,0.3485,0.2612,3.2648,0.7952,155.8600,624216.8668,2.6889,2.6038,2.3357,1.2875,0.0000,0.0000,0.0000,-,-,-,-,-,1.038,1.660,-,-,-,-,-,2.50,0.00,0,0.0000,86.80%,7.58%,79.22%,13.20%,0.00%,0.00%,-,-,-22.65,-148.05,28 Jun 2026,-,-,-,1490773640.00,Z-EQ,149077364
FBFIF,First Bangladesh Fixed Income Fund,Mutual Funds,A,2638.90,-,3.40,-2.86,3.40,2.4410,"711,819",41.0920,-100.0000,3.7550,3.5120,2.9965,3.5757,3.6070,3.6301,-0.0232,0.0345,4.1729,3.3371,72.3400,-1165548.2992,3.5444,3.5718,3.6571,1.1553,0.0000,0.0000,0.0000,-,-,-,-,-,-,-,-,-,-,-,-,3.50,-0.10,146,2.4410,46.03%,29.21%,16.82%,53.97%,0.00%,0.00%,-,-,-1.82,8.32,15 Sep 2024,-,-,-,7761470280.00,A-MF,776147028
FEDERALINS,Federal Insurance  PLC.,Insurance,A,1996.21,26.45,28.10,-3.44,28.10,23.0400,"812,070",44.1469,-97.8261,29.5450,28.2860,22.9040,29.3258,29.3820,29.0995,0.2826,0.5391,31.3543,27.7357,609.3200,-1104913.3076,29.2933,29.5372,29.6262,1.2900,0.0000,0.0000,0.0000,3.56,-,-,-,-,-,-,-,-,-,-,-,29.10,-1.00,774,23.0400,63.96%,4.21%,59.75%,36.04%,0.00%,0.00%,-,10.00,1.10,13.04,03 May 2026,17 Aug 2026,26.45,14.41,710396430.00,A-EQ,71039643
FEKDIL,Far East Knitting & Dyeing Industries PLC,Textile,A,5140.49,13.57,23.50,1.29,23.50,72.4130,"3,086,554",48.3928,-60.0000,24.3200,22.9220,16.8245,23.4859,23.6451,23.7872,-0.1420,0.1408,26.9531,21.6869,575.1600,-431527.4621,23.2356,23.3564,23.7405,1.3146,0.0000,0.0000,0.0000,5.11,1.853,-,1.186,-,-,-,-,-,-,-,-,23.20,0.30,"1,222",72.4130,32.80%,8.07%,24.73%,67.20%,0.00%,0.00%,-,12.00,1.71,21.37,15 Oct 2025,14 Dec 2025,13.57,-,2187441710.00,A-EQ,218744171
FINEFOODS,Fine Foods Limited,Food & Allied,A,6611.06,111.96,473.10,1.09,473.10,21.6110,"45,524",56.8825,-6.6345,449.6850,482.5580,451.3555,450.0688,449.8201,459.5555,-9.7353,-14.8627,481.7826,417.5874,175.7300,131134.8478,448.2533,445.4321,446.1657,0.6869,0.0000,0.0000,0.0000,0.30,8.739,-,2.251,0.572,0.601,0.492,0.641,0.263,0.286,-,-,468.00,5.10,831,21.6110,86.08%,22.83%,63.25%,13.92%,0.00%,0.00%,-,14.00,4.18,14.65,29 Oct 2025,20 Dec 2025,111.96,45.12,139739180.00,A-EQ,13973918
FIRSTFIN,First Finance Limited,Financial Institutions,Z,545.31,-,4.60,-4.17,4.60,0.5930,"131,460",45.7533,-81.8182,4.9600,4.4880,3.9190,4.8517,4.8686,4.7840,0.0845,0.1614,5.4516,4.4684,57.9400,32096.8395,4.8444,4.8949,4.9495,1.4204,0.0000,0.0000,0.0000,-,-,-,-,-,1.343,1.626,-,-,-,-,-,4.80,-0.20,71,0.5930,58.69%,18.73%,39.96%,41.31%,0.00%,0.00%,-,-,-6.66,-46.01,29 Jun 2026,17 Sep 2026,-,-,1185446630.00,Z-EQ,118544663
FIRSTSBANK,First Security Islami Bank PLC.,Bank,Z,2295.46,0.67,0.00,0.00,1.90,0.0000,0,32.9434,-91.6667,2.4900,2.5900,3.9140,2.1778,2.2479,2.4402,-0.1923,-0.1289,3.1450,1.8350,146.6500,-4143929.6253,2.1044,2.1705,2.3310,1.2899,0.0000,0.0000,0.0000,-,-,-,-,-,-,-,-,-,-,-,-,1.90,0.00,0,0.0000,94.10%,28.21%,65.74%,5.90%,0.00%,0.15%,-,-,-3.35,16.40,01 Jun 2025,15 Sep 2025,0.67,-,12081393790.00,Z-EQ,1208139379
FORTUNE,Fortune Shoes Limited,Tannery Industries,Z,2798.86,148.18,16.10,0.61,16.40,2.5600,"156,062",31.6984,-88.5714,18.1700,18.3820,15.0210,16.9742,17.2510,17.9201,-0.6691,-0.3760,20.7165,15.6235,74.5800,-456060.1838,16.6756,16.9090,17.4995,1.6126,0.0000,0.0000,0.0000,0.30,3.496,-,1.891,0.021,0.116,0.007,0.161,0.005,0.007,-,-,16.30,0.10,191,2.5600,69.07%,18.12%,50.95%,30.93%,0.00%,0.00%,-,0.50,0.11,14.70,25 Nov 2025,30 Dec 2025,148.18,-,1706622630.00,Z-EQ,170662263
FUWANGCER,Fu-Wang Ceramic Industries Ltd.,Ceramics Sector,B,1907.77,130.00,14.00,-2.10,14.00,11.8690,"840,164",31.2774,-94.2857,16.0700,15.9260,12.9250,14.8169,15.0782,15.6071,-0.5290,-0.2040,18.5916,13.5484,627.9600,-2003925.3157,14.5222,14.7910,15.4286,1.5520,0.0000,0.0000,0.0000,0.71,-,-,-,-,-,-,0.262,-,-,-,-,14.30,-0.30,483,11.8690,70.00%,5.43%,64.17%,30.00%,0.00%,0.40%,-,1.00,0.11,12.00,05 Nov 2025,30 Dec 2025,130.00,1072.50,1362690930.00,B-EQ,136269093
FUWANGFOOD,Fu Wang Food Limited,Food & Allied,Z,1075.14,-,9.70,-2.02,9.70,1.4030,"145,007",24.2331,-80.5556,11.6700,12.0820,10.8095,10.5248,10.7976,11.4596,-0.6620,-0.3743,13.9310,9.4090,129.5800,33920.4718,10.2533,10.5346,11.1024,1.6488,0.0000,0.0000,0.0000,-,0.648,-,0.546,-,-,-,0.181,-,-,-,-,9.90,-0.20,203,1.4030,92.15%,9.58%,82.56%,7.85%,0.00%,0.01%,-,-,-0.31,2.03,12 Nov 2024,26 Dec 2024,-,-,1108392840.00,Z-EQ,110839284
GBBPOWER,GBB Power Limited,Fuel & Power,Z,1343.81,126.36,13.20,-5.04,13.20,11.3690,"845,107",53.8361,-70.9677,13.3900,10.3260,8.1320,14.0574,13.9092,12.6886,1.2206,1.4695,17.5802,9.1998,528.7600,-463636.2812,14.1756,14.4269,14.1671,1.4556,0.0000,0.0000,0.0000,-,11.783,-,11.257,-,-,-,-,0.005,0.005,-,-,13.90,-0.70,562,11.3690,67.99%,15.95%,52.04%,32.01%,0.00%,0.00%,-,-,0.11,20.31,29 Oct 2025,22 Dec 2025,126.36,115.83,1018035480.00,Z-EQ,101803548
GEMINISEA,Gemini Sea Food PLC,Food & Allied,Z,1315.08,24.90,114.50,-1.55,114.50,1.1940,"10,423",31.0713,-100.0000,120.0550,121.6800,123.8405,117.2629,117.9730,119.9792,-2.0062,-1.3908,126.0055,114.1045,31.0600,-15077.4645,116.5644,117.1038,118.5505,1.3427,0.0000,0.0000,0.0000,0.66,1.175,-,0.604,0.095,0.078,0.076,0.258,0.049,0.237,-,-,116.30,-1.80,101,1.1940,69.99%,6.97%,62.73%,30.01%,0.00%,0.29%,7.50,7.50,4.67,19.69,14 Nov 2024,29 Dec 2024,24.90,-,114854180.00,Z-EQ,11485418
GENEXIL,Genex Infosys PLC.,IT Sector,B,4288.02,16.64,35.60,-1.39,35.60,17.9860,"502,120",36.3190,-96.7213,38.6000,38.4680,29.7105,37.0337,37.4073,38.1304,-0.7231,-0.2427,41.8696,35.3304,271.7500,-1410650.1340,36.6822,37.0410,37.8176,1.7387,0.0000,0.0000,0.0000,0.28,0.634,-,0.603,0.139,0.381,0.137,0.450,0.040,0.098,-,-,36.10,-0.50,622,17.9860,73.93%,22.22%,51.68%,26.07%,0.00%,0.03%,-,1.00,2.17,22.11,07 Dec 2025,30 Dec 2025,16.64,12.77,1204500210.00,B-EQ,120450021
GENNEXT,Generation Next Fashions Limited,Textile,Z,1534.42,44.29,3.20,0.00,3.10,2.9480,"951,693",49.8395,-80.0000,3.1500,3.0380,2.8685,3.1145,3.1216,3.1046,0.0171,0.0407,3.4509,2.8491,119.1300,51623.9318,3.0844,3.1205,3.1548,1.4399,0.0000,0.0000,0.0000,3.23,2.920,-,1.339,-,-,-,-,-,-,-,-,3.10,0.00,131,2.9480,83.74%,22.18%,61.56%,16.26%,0.00%,0.00%,-,1.00,0.07,11.88,29 Oct 2023,23 Dec 2023,44.29,-,4949745550.00,Z-EQ,494974555
GHAIL,Golden Harvest Agro Industries Limited,Food & Allied,B,2892.22,-,13.40,-1.47,13.40,4.9510,"367,812",28.6746,-96.2963,15.0200,15.3900,12.6835,14.0424,14.2514,14.7716,-0.5202,-0.3061,17.0457,12.9943,204.6300,-968081.1554,13.8133,14.0077,14.4957,1.4869,0.0000,0.0000,0.0000,0.75,1.739,-,1.329,-,-,-,0.420,-,-,-,-,13.60,-0.20,184,4.9510,69.58%,39.28%,30.08%,30.42%,0.00%,0.22%,-,1.00,-0.24,12.33,28 Oct 2025,29 Dec 2025,-,-,2158376210.00,B-EQ,215837621
GHCL,Global Heavy Chemicals Limited,Pharmaceuticals & Chemicals,Z,1548.00,-,21.50,-1.83,21.50,0.5590,"25,924",38.8917,-89.1892,23.2700,22.1020,20.4325,22.2799,22.4683,22.7049,-0.2366,0.0657,25.5430,20.9970,61.4300,-150746.1032,22.0889,22.2192,22.7010,1.1728,0.0000,0.0000,0.0000,-,0.123,-,0.102,-,-,-,-,-,-,-,-,21.90,-0.40,61,0.5590,31.40%,11.60%,19.80%,68.60%,0.00%,0.00%,-,-,-2.19,71.89,07 Dec 2025,-,-,-,720000000.00,Z-EQ,72000000
GIB,Global Islami Bank PLC,Bank,Z,1678.65,-,0.00,0.00,1.70,0.0000,0,39.3150,-75.0000,1.8300,1.9440,3.1450,1.7469,1.7665,1.8431,-0.0767,-0.0699,2.0362,1.6238,50.4600,-1277163.4522,1.7200,1.7423,1.7910,1.1715,0.0000,0.0000,0.0000,-,-,-,-,-,2.014,3.128,-,-,0.580,-,-,1.70,0.00,0,0.0000,84.57%,53.15%,31.42%,15.43%,0.00%,0.00%,-,-,-12.62,-21.77,10 Jul 2025,21 Sep 2025,-,-,9874396880.00,Z-EQ,987439688
GLDNJMF,ICB AMCL CMSF Golden Jubilee Mutual Fund,Mutual Funds,A,800.00,23.43,8.00,-2.44,8.00,3.3260,"411,742",38.9814,-95.6522,9.1200,8.0120,6.6750,8.5305,8.6302,8.6136,0.0166,0.2434,10.4024,7.8376,589.3700,-1287112.9158,8.4022,8.5372,8.8562,1.1093,0.0000,0.0000,0.0000,-,-,-,-,-,-,-,-,-,-,-,-,8.20,-0.20,181,3.3260,39.00%,15.52%,23.48%,61.00%,0.00%,0.00%,-,-,0.35,9.39,16 Feb 2026,-,23.43,5.00,1000000000.00,A-MF,100000000
GLOBALINS,Global Insurance PLC,Insurance,A,1772.11,35.50,43.70,-4.59,43.70,28.3350,"637,940",46.6415,-90.2778,45.6650,42.8960,32.1325,45.7284,45.7278,44.8707,0.8570,1.2590,48.8061,42.5239,765.1500,-381487.6790,45.8511,46.1192,45.9838,1.4967,0.0000,0.0000,0.0000,2.29,-,-,-,-,-,-,-,-,-,-,-,45.80,-2.10,696,28.3350,64.68%,12.69%,51.99%,35.32%,0.00%,0.00%,-,10.00,1.29,14.83,14 Jun 2026,18 Aug 2026,35.50,15.47,405517630.00,A-EQ,40551763
GOLDENSON,Golden Son Limited,Engineering,B,2455.74,-,14.30,-1.38,14.30,6.1430,"428,754",35.2088,-72.7273,15.6500,16.2660,12.8695,14.6099,14.8286,15.4791,-0.6505,-0.4766,17.9936,13.3064,274.9800,-1046578.8386,14.3000,14.5115,15.0605,1.5316,0.0000,0.0000,0.0000,-,1.628,0.945,0.943,-,-,-,-,-,-,-,-,14.50,-0.20,298,6.1430,69.71%,24.52%,45.19%,30.29%,0.00%,0.00%,-,-,-1.83,16.06,26 Nov 2025,31 Dec 2025,-,-,1717297720.00,B-EQ,171729772
GP,Grameenphone Limited,Telecommunication,A,329743.27,11.21,244.20,-0.53,244.20,10.4990,"43,009",30.1466,-94.0120,252.4350,255.6020,256.9470,246.9687,248.1710,251.4828,-3.3118,-2.2298,264.5732,240.2968,2.8700,-116212.0169,245.5489,246.4897,249.3814,0.7082,0.0000,0.0000,0.0000,4.30,0.159,0.125,0.155,0.311,0.357,0.187,1.000,0.155,0.528,-,-,245.50,-1.30,747,10.4990,10.00%,6.80%,2.95%,90.00%,0.00%,0.25%,-,105.00,10.52,41.51,15 Jul 2026,-,11.21,11.67,13503000220.00,A-EQ,1350300022
GPHISPAT,GPH Ispat Limited,Engineering,B,8371.18,-,17.30,-1.70,17.30,3.8510,"221,678",34.5286,-89.4737,18.3400,18.5900,17.0225,17.6687,17.8165,18.2236,-0.4071,-0.2739,19.8802,16.7998,59.5300,-922875.1176,17.5133,17.6141,17.9395,1.5064,0.0000,0.0000,0.0000,2.89,1.024,1.164,0.595,-,0.112,-,0.140,-,-,-,-,17.60,-0.30,285,3.8510,69.78%,19.98%,49.80%,30.22%,0.00%,0.00%,-,5.00,-0.51,51.72,02 Dec 2025,31 Dec 2025,-,-,4838834560.00,B-EQ,483883456
GQBALLPEN,GQ Ball Pen Industries Limited,Miscellaneous,A,5084.55,-,569.50,0.69,569.50,31.3460,"55,164",50.1946,-6.3861,559.6150,592.4100,548.9945,554.3744,555.2552,568.0886,-12.8334,-16.9382,602.7722,516.4578,207.6200,97908.5107,551.5533,549.2962,552.1795,0.9585,0.0000,0.0000,0.0000,0.18,2.247,-,2.213,-,-,-,-,-,-,-,-,565.60,3.90,539,31.3460,62.23%,1.47%,60.71%,37.77%,0.00%,0.05%,-,10.00,-1.83,135.81,29 Oct 2025,15 Dec 2025,-,-,89280910.00,A-EQ,8928091
GRAMEENS2,Grameen One : Scheme Two,Mutual Funds,A,2389.41,16.42,13.10,-1.50,13.10,3.6070,"273,690",44.7157,-83.3333,13.4900,13.2200,12.1750,13.2493,13.2848,13.3215,-0.0367,0.0241,14.2711,12.7089,87.6900,-619697.7946,13.1978,13.2077,13.3452,0.9189,0.0000,0.0000,0.0000,-,-,-,-,-,-,-,-,-,-,-,-,13.30,-0.20,215,3.6070,79.48%,54.25%,25.23%,20.52%,0.00%,0.00%,-,9.00,0.82,17.07,13 Aug 2026,-,16.42,16.22,1823979020.00,A-MF,182397902
GREENDELMF,Green Delta Mutual Fund,Mutual Funds,A,615.00,30.71,4.20,-4.65,4.10,1.2990,"313,277",34.2353,-93.3333,4.9000,4.4520,3.5140,4.4656,4.5498,4.6483,-0.0985,0.0399,5.8061,3.9939,280.5200,-941163.4852,4.3756,4.4603,4.6752,1.1808,0.0000,0.0000,0.0000,-,-,-,-,-,-,-,-,-,-,-,-,4.30,-0.20,99,1.2990,91.67%,43.56%,48.11%,8.33%,0.00%,0.00%,-,1.50,0.14,10.16,16 Aug 2023,-,30.71,-,1500000000.00,A-MF,150000000
GREENDELT,Green Delta Insurance Company PLC.,Insurance,A,6572.35,12.35,65.60,-2.38,65.60,1.9170,"28,924",39.6165,-99.0566,69.8850,68.0540,58.6765,68.3919,68.7365,68.8191,-0.0826,0.6352,74.3080,65.4620,66.8300,-30227.1128,67.9622,68.6949,69.5148,1.2686,0.0000,0.0000,0.0000,4.12,-,-,-,-,-,-,-,-,-,-,-,67.20,-1.60,146,1.9170,69.42%,23.23%,41.59%,30.58%,0.00%,4.60%,-,27.00,5.44,70.53,16 Feb 2026,31 Mar 2026,12.35,12.97,1001881940.00,A-EQ,100188194
GSPFINANCE,GSP Finance Company (Bangladesh) PLC,Financial Institutions,Z,581.15,-,3.90,-2.63,3.70,0.5440,"143,045",40.6265,-90.0000,4.1250,3.8640,3.3425,3.8527,3.8994,3.9683,-0.0689,0.0014,4.8144,3.4356,100.4200,-561313.0559,3.7889,3.8333,3.9748,1.9376,0.0000,0.0000,0.0000,-,-,-,-,-,1.171,5.228,-,-,-,-,-,3.80,-0.10,67,0.5440,87.98%,35.67%,52.31%,12.02%,0.00%,0.00%,-,-,-11.79,4.60,03 Sep 2025,14 Dec 2025,-,-,1570685850.00,Z-EQ,157068585
HAKKANIPUL,Hakkani Pulp & Paper Mills PLC.,Paper & Printing,B,1407.90,1085.71,74.10,-2.50,74.10,7.3840,"98,939",32.8967,-97.1963,79.7100,80.2940,75.1575,76.8826,77.5448,79.1316,-1.5868,-0.8792,85.5625,73.8575,377.1900,-271310.3864,76.1022,76.8628,78.3938,1.4096,0.0000,0.0000,0.0000,0.67,1.776,-,0.853,0.017,0.080,0.001,0.153,0.001,0.003,-,-,76.00,-1.90,452,7.3840,52.72%,5.59%,47.13%,47.28%,0.00%,0.00%,-,5.00,0.07,24.24,28 Oct 2025,20 Dec 2025,1085.71,183.87,190000000.00,B-EQ,19000000
HAMI,Hami Industries PLC.,Miscellaneous,Z,1198.89,-,155.80,-0.06,155.70,8.2390,"52,758",42.5464,-57.0707,159.6500,156.4320,144.4760,157.1649,157.6124,158.3324,-0.7200,-0.0759,166.1617,153.1383,65.2200,-26695.7136,156.3956,157.0679,158.5624,0.9363,0.0000,0.0000,0.0000,0.06,0.508,-,0.360,-,-,-,0.020,-,-,-,-,155.80,-0.10,202,8.2390,67.48%,11.93%,54.37%,32.52%,0.00%,1.18%,-,1.00,0.00,0.00,02 Jun 2024,-,-,556.43,77000000.00,Z-EQ,7700000
HEIDELBCEM,Heidelberg Materials Bangladesh PLC.,Cement,A,11967.46,60.06,211.80,-0.66,211.80,1.5530,"7,327",35.5607,-90.5263,219.0500,226.5860,224.7625,214.8743,216.0802,220.2717,-4.1915,-3.5158,228.6068,209.4932,6.5000,-16897.4204,213.4622,214.9244,217.0590,1.0507,0.0000,0.0000,0.0000,0.52,0.878,-,0.446,0.026,0.023,0.014,0.105,0.021,0.048,-,-,213.20,-1.40,104,1.5530,39.33%,28.47%,10.82%,60.67%,0.00%,0.04%,-,11.00,3.55,73.92,26 Apr 2026,18 Jun 2026,60.06,-,565035800.00,A-EQ,56503580
HFL,Hamid Fabrics PLC.,Textile,Z,1283.91,74.74,14.10,-0.70,14.10,0.7090,"50,129",36.8240,-82.8571,15.3400,15.0940,10.8050,14.7221,14.8784,15.1048,-0.2263,0.0104,16.8706,13.8094,57.3300,-163272.7477,14.5467,14.7974,15.1467,1.4789,0.0000,0.0000,0.0000,-,1.653,-,0.845,-,-,-,-,-,-,-,-,14.20,-0.10,66,0.7090,48.62%,18.73%,29.89%,51.38%,0.00%,0.00%,-,-,-4.06,33.66,29 Oct 2024,26 Dec 2024,74.74,-,910573120.00,Z-EQ,91057312
HRTEX,H.R.Textile Limited,Textile,Z,558.13,-,18.90,-1.04,19.10,0.1670,"8,740",35.3951,-79.3103,20.2150,20.8000,18.7595,19.5602,19.7322,20.2069,-0.4748,-0.3204,21.6459,18.7841,50.7700,-48279.9535,19.3822,19.5872,19.9076,1.4997,0.0000,0.0000,0.0000,-,1.843,-,1.404,-,-,-,-,-,-,-,-,19.30,-0.20,56,0.1670,65.46%,16.78%,48.68%,34.54%,0.00%,0.00%,-,-,-19.67,21.43,24 Dec 2024,19 Mar 2025,-,-,292215000.00,Z-EQ,29221500
HWAWELLTEX,Hwa Well Textiles (BD) PLC,Textile,A,2581.60,12.64,46.10,0.22,46.10,5.0190,"109,013",40.1514,-86.8852,48.7500,47.5480,43.1385,47.1233,47.4497,47.8686,-0.4189,0.1008,52.2126,45.2874,134.5200,-354774.6724,46.8178,47.1705,47.9681,0.8978,0.0000,0.0000,0.0000,4.34,5.768,-,5.134,-,-,-,-,-,-,-,-,46.00,0.10,240,5.0190,49.17%,9.05%,40.04%,50.83%,0.00%,0.08%,-,20.00,3.64,40.16,28 Oct 2025,11 Dec 2025,12.64,12.59,560000000.00,A-EQ,56000000
IBBL2PBOND,IBBL 2nd Mudaraba Perpetual Bond,Corporate Bond,N,623.68,-,0.00,0.00,3898.00,0.0000,0,43.7948,-100.0000,3932.0500,4027.6900,0.0000,3953.0658,3968.7746,3997.0587,-28.2842,-7.0967,4121.4471,3742.6529,0.1800,-3.4513,3904.9333,3908.7949,3918.5381,0.1501,0.0000,0.0000,0.0000,0.03,-,-,-,-,-,-,-,-,-,-,-,3898.00,0.00,0,0.0000,0.00%,0.00%,0.00%,0.00%,0.00%,0.00%,-,10.00,0.00,0.00,18 Nov 2025,-,-,-,1600000.00,N-CB,160000
IBBLPBOND,IBBL Mudaraba Perpetual Bond,Corporate Bond,A,1980.00,-,660.00,-3.72,660.00,0.0400,60,46.6211,-100.0000,670.2000,673.4300,671.1975,672.1001,671.9727,673.0414,-1.0687,-1.8513,701.3288,639.0712,0.8500,372.8963,671.3889,670.5000,670.2214,0.2003,0.0000,0.0000,0.0000,-,-,-,-,-,-,-,-,-,-,-,-,685.50,-25.50,3,0.0400,100.00%,79.51%,19.83%,0.00%,0.00%,0.66%,-,-,0.00,0.00,30 Apr 2026,-,-,-,30000000.00,A-CB,3000000
IBNSINA,The Ibn Sina Pharmaceutical Industry PLC,Pharmaceuticals & Chemicals,A,9751.14,15.55,310.30,-0.95,312.10,5.6880,"18,166",35.3573,-87.7551,318.5750,320.3560,317.0700,315.7461,316.5099,318.4375,-1.9277,-1.1576,324.5641,312.5859,13.6900,-27107.5157,314.9689,315.7462,317.3133,0.7894,0.0000,0.0000,0.0000,2.05,1.149,0.244,0.419,-,0.080,0.053,0.404,0.084,0.158,-,-,315.10,-3.00,224,5.6880,55.32%,25.13%,30.19%,44.68%,0.00%,0.00%,-,64.00,20.27,125.69,05 Oct 2025,23 Nov 2025,15.55,11.85,312436270.00,A-EQ,31243627
IBP,Indo-Bangla Pharmaceuticals Limited,Pharmaceuticals & Chemicals,B,1975.49,-,17.00,0.00,17.00,20.9870,"1,236,550",38.2546,-88.5714,18.5400,18.0300,14.0460,17.3538,17.5800,18.0378,-0.4579,-0.1766,21.3776,15.7024,908.3600,-1860187.8020,17.0311,17.2321,17.8214,1.6735,0.0000,0.0000,0.0000,0.09,3.622,-,2.741,-,-,-,0.114,-,-,-,-,17.00,0.00,680,20.9870,75.57%,29.45%,46.12%,24.43%,0.00%,0.00%,-,0.15,-0.32,12.53,16 Nov 2025,30 Dec 2025,-,637.50,1162051780.00,B-EQ,116205178
ICB,Investment Corporation of Bangladesh,Financial Institutions,B,36598.33,-,42.20,0.24,42.20,1.1480,"27,288",32.1768,-76.7857,44.2950,45.5840,40.2130,42.7299,43.1016,44.1912,-1.0896,-0.7861,47.6788,40.9112,2.4900,-70943.1271,42.2800,42.5936,43.4276,1.5246,0.0000,0.0000,0.0000,-,-,-,-,-,0.182,0.174,-,-,-,-,0.002,42.10,0.10,75,1.1480,3.80%,1.65%,2.15%,69.20%,27.00%,0.00%,-,-,-14.00,37.45,29 Oct 2025,13 Dec 2025,-,-,8672589610.00,B-EQ,867258961
ICB3RDNRB,ICB AMCL Third NRB Mutual Fund,Mutual Funds,A,530.00,-,5.30,-1.85,5.30,2.0160,"379,271",33.8698,-93.7500,6.1050,5.6340,4.6510,5.6069,5.6999,5.8191,-0.1192,0.0289,7.1563,5.0537,281.3200,-668472.8225,5.4844,5.5910,5.8471,0.8756,0.0000,0.0000,0.0000,-,-,-,-,-,-,-,-,-,-,-,-,5.40,-0.10,71,2.0160,89.97%,41.12%,48.81%,10.03%,0.00%,0.04%,-,-,1.40,8.66,17 Aug 2026,-,-,3.86,1000000000.00,A-MF,100000000
ICBAGRANI1,ICB AMCL First Agrani Bank Mutual Fund,Mutual Funds,A,745.95,21.67,7.60,-2.56,7.60,1.9210,"251,572",36.2770,-95.4545,8.6000,8.1280,6.9255,8.0471,8.1564,8.3033,-0.1468,0.0241,9.8260,7.3740,331.8400,-693176.2509,7.9089,8.0256,8.3300,0.6696,0.0000,0.0000,0.0000,-,-,-,-,-,-,-,-,-,-,-,-,7.80,-0.20,91,1.9210,49.06%,37.49%,11.57%,50.94%,0.00%,0.00%,-,4.00,1.35,10.35,17 Aug 2026,-,21.67,5.78,981510000.00,A-MF,98151000
ICBAMCL2ND,ICB AMCL Second Mutual Fund,Mutual Funds,A,350.00,-,7.00,-1.41,7.00,0.7390,"105,344",36.7006,-100.0000,8.1100,7.4140,6.1475,7.4782,7.5993,7.7193,-0.1200,0.0894,9.4833,6.7367,295.4300,-234303.9601,7.3222,7.4667,7.8157,0.9475,0.0000,0.0000,0.0000,-,-,-,-,-,-,-,-,-,-,-,-,7.10,-0.10,29,0.7390,100.00%,56.86%,43.14%,0.00%,0.00%,0.00%,-,-,1.47,9.55,17 Aug 2026,-,-,4.83,500000000.00,A-MF,50000000
ICBEPMF1S1,ICB Employees Provident MF 1: Scheme 1,Mutual Funds,A,405.00,-,5.40,-6.90,5.40,2.6030,"473,594",32.4361,-100.0000,6.5100,6.4120,5.1295,5.9579,6.0697,6.3072,-0.2375,-0.1038,7.6688,5.3512,596.0700,-788475.9284,5.8400,5.9513,6.2281,0.8746,0.0000,0.0000,0.0000,-,-,-,-,-,-,-,-,-,-,-,-,5.80,-0.40,167,2.6030,90.00%,45.75%,44.25%,10.00%,0.00%,0.00%,-,-,1.12,8.50,17 Aug 2026,-,-,5.18,750000000.00,A-MF,75000000
ICBIBANK,ICB Islamic Bank Limited,Bank,Z,1728.23,-,2.70,0.00,2.60,0.2680,"102,829",42.4655,-66.6667,2.6650,2.7160,2.7060,2.6225,2.6324,2.6654,-0.0329,-0.0266,2.7824,2.5476,13.8400,-61932.2369,2.6111,2.6205,2.6424,0.9254,0.0000,0.0000,0.0000,-,-,-,-,-,3.183,4.053,-,-,0.068,-,-,2.60,0.00,26,0.2680,47.07%,20.37%,26.70%,52.76%,0.17%,0.00%,-,-,-1.22,-22.00,08 Jul 2026,21 Sep 2026,-,-,6647023000.00,Z-EQ,664702300
ICBSONALI1,ICB AMCL Sonali Bank Limited 1st Mutual Fund,Mutual Funds,A,560.00,-,5.60,-3.45,5.60,1.9590,"346,322",35.3405,-94.7368,6.5200,6.0740,4.8985,5.9709,6.0713,6.2167,-0.1453,0.0068,7.8008,5.2392,824.7600,-1037056.1969,5.8422,5.9333,6.2348,0.9889,0.0000,0.0000,0.0000,-,-,-,-,-,-,-,-,-,-,-,-,5.80,-0.20,105,1.9590,75.00%,30.41%,44.59%,25.00%,0.00%,0.00%,-,-,1.12,9.34,17 Aug 2026,-,-,5.18,1000000000.00,A-MF,100000000
ICICL,Islami Commercial Insurance PLC,Insurance,A,1782.98,31.24,35.20,-0.28,35.20,14.9960,"423,830",50.4037,-88.6364,36.5150,32.8620,25.8330,35.9946,36.0401,35.2219,0.8181,1.3030,39.4047,33.6253,667.5300,-272197.6273,35.8311,36.1487,36.5552,1.4708,0.0000,0.0000,0.0000,2.84,-,-,-,-,-,-,-,-,-,-,-,35.30,-0.10,406,14.9960,58.70%,10.03%,48.67%,41.30%,0.00%,0.00%,-,10.00,1.13,17.36,30 Apr 2026,06 Aug 2026,31.24,18.78,506527660.00,A-EQ,50652766
IDLC,IDLC Finance PLC.,Financial Institutions,A,20073.87,7.90,43.80,-0.68,43.80,3.4020,"77,620",42.0034,-79.0698,45.3500,44.1300,39.8040,44.5158,44.7149,44.8505,-0.1356,0.2379,47.3315,43.3685,28.0600,-335135.0040,44.2933,44.5679,44.9671,1.3413,0.0000,0.0000,0.0000,3.42,-,-,-,-,0.580,0.276,-,-,-,-,0.108,44.10,-0.30,190,3.4020,64.88%,52.15%,12.18%,35.12%,0.00%,0.55%,5.00,15.00,5.58,49.96,24 Mar 2026,14 May 2026,7.90,7.37,4583075790.00,A-EQ,458307579
IFADAUTOS,IFAD Autos PLC.,Engineering,B,6223.49,-,23.20,-1.69,23.20,3.3300,"142,903",30.6967,-93.9394,25.0950,25.6880,22.8010,23.9571,24.2143,24.8961,-0.6818,-0.4378,27.4179,22.7721,34.3700,-281484.9221,23.6800,23.9256,24.5005,1.4495,0.0000,0.0000,0.0000,0.86,3.428,2.164,3.214,-,0.054,-,0.126,-,-,-,-,23.60,-0.40,166,3.3300,45.13%,26.04%,19.09%,54.87%,0.00%,0.00%,-,2.00,-0.27,35.56,27 Oct 2025,28 Dec 2025,-,55.31,2682539110.00,B-EQ,268253911
IFIC,IFIC Bank PLC,Bank,Z,8841.60,-,4.60,-2.13,4.60,4.1290,"896,811",35.3256,-80.0000,4.8200,4.9240,4.9550,4.7044,4.7331,4.8092,-0.0761,-0.0490,5.0763,4.5637,14.6300,-226019.5956,4.6733,4.7051,4.7629,1.6183,0.0000,0.0000,0.0000,-,-,-,-,-,2.013,2.183,-,-,-,-,-,4.70,-0.10,169,4.1290,67.25%,21.23%,45.38%,0.00%,32.75%,0.64%,-,-,-13.32,4.96,03 May 2026,29 Jun 2026,-,-,19220866470.00,Z-EQ,1922086647
IFIC1STMF,IFIC Bank 1st Mutual Fund,Mutual Funds,A,692.24,-,3.80,-2.56,3.80,3.0880,"807,198",33.4196,-100.0000,4.3900,4.0980,3.3290,4.0839,4.1452,4.2239,-0.0787,0.0188,5.0254,3.7546,382.4200,-1453083.9690,4.0289,4.0859,4.2290,1.1136,0.0000,0.0000,0.0000,-,-,-,-,-,-,-,-,-,-,-,-,3.90,-0.10,112,3.0880,79.17%,16.26%,62.91%,20.83%,0.00%,0.00%,-,-,-1.79,8.19,15 Sep 2024,-,-,-,1821679650.00,A-MF,182167965
IFILISLMF1,IFIL Islamic Mutual Fund-1,Mutual Funds,A,520.00,-,5.20,0.00,5.20,0.4820,"92,695",41.4030,-100.0000,5.6450,5.1620,4.1390,5.3610,5.4085,5.4242,-0.0157,0.0814,6.2889,5.0011,198.8400,-570758.6703,5.2978,5.3410,5.4905,0.9964,0.0000,0.0000,0.0000,-,-,-,-,-,-,-,-,-,-,-,-,5.20,0.00,22,0.4820,99.00%,56.72%,42.27%,1.00%,0.00%,0.01%,-,-,0.96,7.76,17 Aug 2026,-,-,5.42,1000000000.00,A-MF,100000000
ILFSL,International Leasing & Financial Services Limited,Financial Institutions,Z,465.80,-,0.00,0.00,2.10,0.0000,0,60.7086,-46.1538,1.7800,1.5300,1.4835,2.1578,2.0793,1.8293,0.2501,0.1954,2.7013,0.8587,204.6100,3259599.6144,2.2600,2.2064,2.0162,1.4720,0.0000,0.0000,0.0000,-,-,-,-,-,1.065,2.866,-,-,-,-,-,2.10,0.00,0,0.0000,58.45%,14.03%,44.42%,41.55%,0.00%,0.00%,-,-,-39.01,-212.32,25 May 2025,30 Jun 2025,-,-,2218102460.00,Z-EQ,221810246
INDEXAGRO,Index Agro Industries Limited,Miscellaneous,A,3418.57,12.59,70.00,-0.86,68.90,1.7190,"24,899",31.6652,-93.5185,73.0250,73.7080,69.5305,71.0855,71.5888,72.7490,-1.1602,-0.6008,76.9655,69.0845,51.3800,-110545.6976,70.6133,71.2141,72.2367,1.1957,0.0000,0.0000,0.0000,1.74,1.663,-,0.676,0.078,0.166,0.059,0.204,0.036,0.064,-,-,69.50,-0.60,162,1.7190,42.23%,23.03%,19.20%,57.77%,0.00%,0.00%,5.00,12.00,5.52,85.74,19 Oct 2025,15 Dec 2025,12.59,17.97,496163310.00,A-EQ,49616331
INTECH,Intech Limited,IT Sector,Z,748.58,-,23.90,-1.24,23.90,1.4260,"59,407",27.4693,-94.5946,25.9250,28.7120,31.4315,24.8751,25.1579,26.3414,-1.1835,-1.1195,28.0175,23.8325,101.9700,-133512.2847,24.6000,24.9231,25.4705,1.4149,0.0000,0.0000,0.0000,-,0.408,-,0.408,-,-,-,0.199,-,0.850,-,-,24.20,-0.30,127,1.4260,70.00%,6.34%,63.53%,30.00%,0.00%,0.13%,-,-,-0.38,-0.45,02 Nov 2025,18 Dec 2025,-,-,313212260.00,Z-EQ,31321226
INTRACO,Intraco Refueling Station PLC,Fuel & Power,Z,2227.71,26.28,22.60,0.00,22.60,7.5500,"335,231",54.9522,-72.7273,22.5600,21.7500,20.2350,22.5934,22.5744,22.3022,0.2722,0.3588,23.7087,21.4113,142.7100,-259314.7912,22.5822,22.5808,22.6400,1.6175,0.0000,0.0000,0.0000,0.55,1.114,-,1.106,0.080,0.097,0.063,0.149,0.028,0.065,-,-,22.60,0.00,178,7.5500,69.70%,21.46%,48.20%,30.30%,0.00%,0.04%,-,1.25,0.86,13.24,19 Nov 2025,30 Dec 2025,26.28,113.00,985712360.00,Z-EQ,98571236
IPDC,IPDC Finance PLC.,Financial Institutions,A,13231.21,28.29,30.80,-1.91,30.80,86.3620,"2,785,099",42.5665,-80.3279,32.3050,32.1960,22.7870,32.0251,32.1567,32.0897,0.0670,0.3874,34.8419,29.7681,294.0500,-4359180.3110,32.0311,32.3282,32.3452,1.8420,0.0000,0.0000,0.0000,1.62,-,-,-,-,0.544,0.112,-,-,-,-,0.038,31.40,-0.60,"1,060",86.3620,38.12%,18.86%,19.18%,40.00%,21.88%,0.08%,5.00,5.00,1.11,17.85,29 Apr 2026,25 Jun 2026,28.29,32.71,4295848510.00,A-EQ,429584851
ISLAMIBANK,Islami Bank Bangladesh PLC,Bank,Z,44113.74,40.44,27.40,-0.36,27.40,0.9160,"33,524",24.6885,-86.1111,29.1350,31.0200,35.9630,27.9933,28.2904,29.3797,-1.0892,-0.9492,31.6104,26.6596,1.5400,-102268.0866,27.6778,27.9154,28.4914,1.0639,0.0000,0.0000,0.0000,-,-,-,-,-,0.129,0.034,-,0.001,0.019,0.001,-,27.50,-0.10,136,0.9160,99.82%,75.02%,6.89%,0.18%,0.00%,17.91%,-,-,0.85,44.52,30 Apr 2026,25 Jun 2026,40.44,-,16099906680.00,Z-EQ,1609990668
ISLAMICFIN,Islamic Finance & Investment PLC.,Financial Institutions,Z,1529.56,-,10.90,-1.80,10.90,1.5710,"142,485",34.1077,-87.5000,11.7750,11.5020,10.1855,11.2227,11.3349,11.5435,-0.2086,-0.0602,12.9158,10.6342,51.8700,-256006.1900,11.0756,11.1974,11.4805,1.7978,0.0000,0.0000,0.0000,-,-,-,-,-,-,-,-,-,-,-,-,11.10,-0.20,92,1.5710,69.18%,23.52%,45.66%,30.82%,0.00%,0.00%,-,-,0.39,2.38,28 Jun 2026,24 Sep 2026,-,-,1403266700.00,Z-EQ,140326670
ISLAMIINS,Islami Insurance Bangladesh Limited,Insurance,A,2469.91,17.89,60.00,-1.64,60.00,8.0220,"134,331",41.0013,-69.1489,63.0750,61.9400,46.0020,62.0541,62.2939,62.1832,0.1107,0.6895,66.4354,59.7146,159.5600,-64197.0192,61.8333,62.3256,62.9171,1.3074,0.0000,0.0000,0.0000,2.67,-,-,-,-,-,-,-,-,-,-,-,61.00,-1.00,217,8.0220,54.39%,8.35%,46.04%,45.61%,0.00%,0.00%,-,16.00,3.04,23.62,25 Jun 2026,27 Aug 2026,17.89,14.81,411652150.00,A-EQ,41165215
ISNLTD,Information Services Network Limited,IT Sector,B,616.98,-,56.50,-0.70,56.50,1.2190,"21,477",35.9383,-94.0594,59.7800,60.4240,71.1435,58.0580,58.5169,59.5721,-1.0552,-0.5440,64.5322,55.0278,463.3600,-177273.2281,57.4333,58.1987,59.2157,1.2622,0.0000,0.0000,0.0000,-,1.739,-,1.739,-,-,-,0.373,-,-,-,-,56.90,-0.40,125,1.2190,78.52%,12.49%,66.03%,21.48%,0.00%,0.00%,-,-,-0.43,2.42,22 Oct 2025,14 Dec 2025,-,-,109200030.00,B-EQ,10920003
ITC,IT Consultants PLC.,IT Sector,A,5902.40,12.87,45.90,-1.50,45.90,50.1860,"1,088,670",36.6420,-87.8049,48.0950,48.7220,41.4545,46.9244,47.2059,48.0112,-0.8053,-0.5662,51.7539,44.4361,463.6800,-1388549.1738,46.7111,46.7628,47.2510,1.3699,0.0000,0.0000,0.0000,2.61,2.542,-,2.464,0.309,0.364,0.297,0.525,0.103,0.155,-,-,46.60,-0.70,"1,148",50.1860,48.91%,11.81%,36.98%,51.09%,0.00%,0.12%,-,12.00,3.62,23.25,27 Oct 2025,07 Dec 2025,12.87,12.94,1285926640.00,A-EQ,128592664
JAMUNABANK,Jamuna Bank PLC.,Bank,A,22731.97,4.09,24.30,0.00,24.20,31.0510,"1,281,747",50.1675,-71.4286,24.2450,24.0220,23.2495,24.2546,24.2530,24.1983,0.0547,0.0770,24.5239,23.9661,39.8600,-710849.1190,24.2622,24.2808,24.2743,0.8908,0.0000,0.0000,0.0000,11.98,-,-,-,-,0.477,0.291,-,0.013,0.216,0.014,-,24.20,0.00,377,31.0510,63.02%,3.21%,59.68%,36.98%,0.00%,0.13%,-,29.00,5.92,27.43,30 Apr 2026,27 Jul 2026,4.09,3.00,9393376300.00,A-EQ,939337630
JAMUNAOIL,Jamuna Oil PLC,Fuel & Power,A,19390.56,3.02,175.60,-0.79,175.60,2.5890,"14,705",30.6272,-93.8144,180.7750,181.2680,176.9435,178.1421,178.7577,180.1014,-1.3437,-0.6241,186.0994,175.4506,4.6200,-29218.8813,177.5089,178.0808,179.4862,0.4935,0.0000,0.0000,0.0000,10.25,1.174,-,1.006,4.721,0.479,3.777,1.000,0.057,0.214,-,-,177.00,-1.40,201,2.5890,39.92%,31.17%,8.64%,0.00%,60.08%,0.11%,-,180.00,58.70,274.03,13 Nov 2025,31 Jan 2026,3.02,5.00,1104246000.00,A-EQ,110424600
JANATAINS,Janata Insurance PLC.,Insurance,A,1590.23,30.36,32.80,-1.80,32.80,5.4190,"165,178",38.3663,-95.2381,34.8100,34.7860,29.8160,34.0081,34.1997,34.5458,-0.3461,-0.0883,36.7227,32.8973,241.5100,-332919.4504,33.8200,34.1154,34.5548,1.3013,0.0000,0.0000,0.0000,3.05,-,-,-,-,-,-,-,-,-,-,-,33.40,-0.60,384,5.4190,60.13%,7.90%,52.23%,39.87%,0.00%,0.00%,-,10.00,1.10,15.07,07 May 2026,19 Jul 2026,30.36,20.88,484826280.00,A-EQ,48482628
JHRML,JMI Hospital Requisite Manufacturing Limited,Pharmaceuticals & Chemicals,B,6051.71,26.08,48.30,-0.41,48.30,8.0630,"167,669",39.7054,-92.5234,50.8250,51.2500,46.4530,49.4392,49.7972,50.5143,-0.7171,-0.2683,55.0397,46.6103,98.5400,-358002.0910,48.9489,49.4962,50.4010,1.5446,0.0000,0.0000,0.0000,1.04,-,-,-,-,-,-,-,-,-,-,-,48.50,-0.20,391,8.0630,67.70%,44.01%,23.69%,32.30%,0.00%,0.00%,-,5.00,1.86,35.14,27 Oct 2025,22 Jan 2026,26.08,54.29,1252941200.00,B-EQ,125294120
JMISMDL,JMI Syringes & Medical Devices Ltd,Pharmaceuticals & Chemicals,A,3817.11,91.48,126.10,-6.82,127.00,3.0860,"23,736",25.7687,-92.5926,142.4850,144.7760,127.8265,137.2769,138.7084,141.6759,-2.9675,-1.2204,153.4041,131.5659,24.2200,-24564.4761,136.1667,137.7974,140.5186,1.2231,0.0000,0.0000,0.0000,0.79,5.676,0.000,3.472,-,0.075,0.024,0.156,0.015,0.017,-,-,136.30,-9.30,314,3.0860,20.35%,5.87%,14.48%,79.65%,0.00%,0.00%,-,10.00,1.49,87.23,28 Oct 2025,23 Dec 2025,91.48,-,300560000.00,A-EQ,30056000
JUTESPINN,Jute Spinners Limited,Jute,Z,371.28,-,218.40,1.53,218.40,0.4620,"2,119",47.7934,-52.8090,221.5700,218.7980,210.2740,218.4430,219.0135,220.1323,-1.1188,-0.3923,230.0736,213.0664,44.1600,-1667.7957,217.5956,218.3205,219.6852,0.8017,0.0000,0.0000,0.0000,-,-,-,-,-,-,-,-,-,-,-,-,215.10,3.30,45,0.4620,60.18%,23.20%,36.98%,39.82%,0.00%,0.00%,-,-,-36.32,-624.19,29 Oct 2025,-,-,-,17000000.00,Z-EQ,1700000
KARNAPHULI,Karnaphuli Insurance PLC.,Insurance,A,2504.09,27.18,55.80,-3.63,55.80,24.7480,"437,325",59.4800,-73.2394,55.8800,47.8780,34.7990,56.9675,56.5888,53.8072,2.7817,3.2591,60.0281,51.7319,751.4000,-559466.6999,57.3356,57.3500,56.8119,1.3373,0.0000,0.0000,0.0000,1.79,-,-,-,-,-,-,-,-,-,-,-,57.90,-2.10,581,24.7480,67.26%,14.38%,52.88%,32.74%,0.00%,0.00%,-,10.00,2.13,23.79,26 Apr 2026,09 Jul 2026,27.18,20.10,448761130.00,A-EQ,44876113
KAY&QUE,Kay and Que Bangladesh Limited,Engineering,B,2767.85,41.91,395.80,-0.48,395.80,5.5540,"13,993",30.3991,-98.2222,417.9700,425.1180,427.2290,406.2875,409.3337,417.6462,-8.3125,-5.5346,442.4910,393.4490,119.2100,-35229.7821,403.1000,406.9462,413.1062,1.1895,0.0000,0.0000,0.0000,0.10,0.869,-,0.855,-,0.161,0.171,0.275,0.061,0.093,-,-,397.70,-1.90,214,5.5540,64.76%,15.20%,49.56%,35.24%,0.00%,0.00%,-,4.00,9.49,101.72,29 Oct 2025,11 Dec 2025,41.91,30.16,69930490.00,B-EQ,6993049
KBPPWBIL,Khan Brothers PP Woven Bag Industries Ltd.,Miscellaneous,A,3344.52,130.74,34.10,-3.40,34.10,21.2980,"618,891",28.8447,-98.7342,38.2850,39.9420,50.0220,36.3993,36.8895,38.3413,-1.4518,-1.0585,42.1893,34.3807,252.9900,-1286958.3309,35.9089,36.5038,37.4700,1.2352,0.0000,0.0000,0.0000,2.93,21.510,-,5.814,0.375,0.400,0.254,0.479,0.021,0.022,-,-,35.30,-1.20,"1,177",21.2980,69.87%,15.54%,54.33%,30.13%,0.00%,0.00%,-,10.00,0.27,12.07,22 Oct 2025,24 Dec 2025,130.74,46.45,980798770.00,A-EQ,98079877
KDSALTD,KDS Accessories Limited,Engineering,A,3445.58,21.51,46.10,-2.12,46.10,16.8680,"364,470",27.0312,-94.6429,49.1700,51.0740,45.0895,47.5877,47.9909,49.2242,-1.2333,-0.9283,52.3937,45.9463,87.7800,-261062.6080,47.1600,47.5462,48.3786,1.5193,0.0000,0.0000,0.0000,2.17,1.517,0.013,1.194,-,0.075,0.057,0.172,0.035,0.079,-,-,47.10,-1.00,504,16.8680,36.03%,12.71%,23.32%,63.97%,0.00%,0.00%,-,10.00,2.19,27.71,22 Oct 2025,10 Dec 2025,21.51,23.24,747414790.00,A-EQ,74741479
KEYACOSMET,Keya Cosmetics Limited,Pharmaceuticals & Chemicals,Z,5732.05,25.71,5.30,-3.70,5.20,8.8230,"1,671,627",40.6274,-66.6667,5.5100,5.3060,4.7990,5.4106,5.4287,5.4142,0.0145,0.0612,5.7687,5.2513,43.9300,-2148250.2269,5.4044,5.4218,5.4648,1.3858,0.0000,0.0000,0.0000,-,1.465,44.309,0.868,-,0.169,0.026,0.209,0.009,0.927,-,-,5.40,-0.20,304,8.8230,53.95%,9.35%,44.60%,46.05%,0.00%,0.00%,-,1.00,0.24,0.25,13 Dec 2020,19 Jan 2021,25.71,22.50,11023173240.00,Z-EQ,1102317324
KEYACOSMET,Keya Cosmetics Limited,Pharmaceuticals & Chemicals,Z,5732.05,25.71,5.30,-3.70,5.20,8.8230,"1,671,627",40.6274,-66.6667,5.5100,5.3060,4.7990,5.4106,5.4287,5.4142,0.0145,0.0612,5.7687,5.2513,43.9300,-2148250.2269,5.4044,5.4218,5.4648,1.3858,0.0000,0.0000,0.0000,1.92,1.465,44.309,0.868,-,0.169,0.026,0.209,0.009,0.927,-,-,5.40,-0.20,304,8.8230,53.95%,9.35%,44.60%,46.05%,0.00%,0.00%,-,1.00,0.24,0.25,13 Dec 2020,19 Jan 2021,25.71,22.50,11023173240.00,Z-EQ,1102317324
KOHINOOR,Kohinoor Chemicals Company (Bangladesh) PLC.,Pharmaceuticals & Chemicals,A,21669.37,31.27,531.40,-0.34,531.40,1.7470,"3,273",44.2626,-94.1828,545.0600,527.6920,516.7650,539.7035,540.9349,538.8630,2.0718,5.7509,567.1495,522.9705,11.1000,-5173.9947,538.3356,541.5718,544.6524,0.7539,0.0000,0.0000,0.0000,1.22,4.768,0.135,2.500,-,0.136,0.098,0.282,0.184,0.262,-,-,533.20,-1.80,70,1.7470,49.43%,14.75%,34.67%,50.57%,0.00%,0.01%,10.00,65.00,17.05,65.16,26 Oct 2025,07 Dec 2025,31.27,32.57,407778930.00,A-EQ,40777893
KPCL,Khulna Power Company Limited,Fuel & Power,Z,4530.51,39.66,11.40,-0.87,11.40,7.7730,"677,908",55.0834,-62.5000,11.2650,10.8160,10.6055,11.3354,11.3144,11.1434,0.1710,0.2054,12.0197,10.5103,72.8100,-436405.9547,11.3356,11.3846,11.3638,0.8388,0.0000,0.0000,0.0000,4.39,6.513,-,5.308,0.153,-,0.140,-,0.015,0.015,-,-,11.50,-0.10,304,7.7730,30.01%,9.28%,20.73%,69.99%,0.00%,0.00%,-,5.00,0.29,19.03,28 Oct 2025,28 Dec 2025,39.66,11.82,3974131790.00,Z-EQ,397413179
KPPL,Khulna Printing & Packaging Limited,Paper & Printing,Z,986.04,-,13.50,-2.88,13.50,1.0060,"74,056",25.9066,-92.0000,14.7550,15.0760,14.9400,14.1723,14.3190,14.6954,-0.3764,-0.2314,15.9112,13.5988,94.9400,-270601.8847,14.0467,14.1974,14.4948,1.4889,0.0000,0.0000,0.0000,-,0.693,-,0.692,-,-,-,-,-,1.662,-,-,13.90,-0.40,155,1.0060,60.24%,1.11%,59.13%,39.76%,0.00%,0.00%,-,-,-3.10,-1.86,30 Oct 2022,29 Dec 2022,-,-,730400000.00,Z-EQ,73040000
KTL,Kattali Textile Limited,Textile,Z,1453.82,-,12.50,-2.34,12.50,5.9610,"473,033",59.8972,-31.5789,11.9450,11.1940,10.1695,12.2723,12.1761,11.8028,0.3733,0.3377,12.8046,11.0854,231.3700,-727312.8866,12.3778,12.2795,12.0843,1.4329,0.0000,0.0000,0.0000,0.08,5.749,-,4.046,-,-,-,-,-,-,-,-,12.80,-0.30,363,5.9610,69.68%,20.13%,49.43%,30.32%,0.00%,0.12%,-,0.10,0.08,15.10,28 Dec 2025,-,-,160.00,1163052000.00,Z-EQ,116305200
LANKABAFIN,LankaBangla Finance PLC,Financial Institutions,A,8405.88,30.78,15.60,-0.64,15.60,15.6140,"998,849",31.7154,-96.4286,17.1150,17.0560,14.5645,16.3228,16.5181,16.8899,-0.3717,-0.1177,18.6915,15.5385,133.0000,-2462300.2878,16.1489,16.3538,16.7386,1.9149,0.0000,0.0000,0.0000,-,-,-,-,-,0.352,0.064,-,-,-,-,0.027,15.70,-0.10,511,15.6140,66.23%,24.15%,41.64%,33.77%,0.00%,0.44%,-,-,0.51,18.52,15 Oct 2025,11 Dec 2025,30.78,21.81,5388386230.00,A-EQ,538838623
LBS,LankaBangla Securities PLC.,Stock Brokers,P,3147.65,-,11.00,4.46,11.70,1.0260,"87,824",57.3001,0.0000,11.1750,11.2560,20.1385,11.0774,11.0891,11.1665,-0.0773,-0.0880,11.9955,10.3545,2.7200,7820.2649,10.9911,11.0000,11.0619,0.4426,0.0000,0.0000,0.0000,-,-,-,-,-,-,-,-,-,-,-,-,11.20,0.50,12,1.0260,17.42%,11.81%,5.61%,82.58%,0.00%,0.00%,-,-,0.50,16.91,20 May 2026,23 Jul 2026,-,-,2690303320.00,-,269030332
LEGACYFOOT,Legacy Footwear Limited,Tannery Industries,B,2963.90,1380.00,68.80,-0.29,68.80,6.7680,"98,330",37.4765,-93.8596,73.5350,71.3840,63.3245,70.8274,71.3611,72.2014,-0.8403,-0.0637,79.1520,67.9180,287.6500,-375895.2150,70.2311,70.7628,72.1562,1.3197,0.0000,0.0000,0.0000,0.07,7.339,-,5.939,0.068,-,0.039,0.223,0.004,0.004,-,-,69.00,-0.20,289,6.7680,67.36%,33.20%,34.16%,32.64%,0.00%,0.00%,-,0.50,0.05,11.21,29 Oct 2025,20 Dec 2025,1380.00,1293.75,430799800.00,B-EQ,43079980
LHB,LafargeHolcim Bangladesh PLC.,Cement,A,61436.66,12.14,52.90,-0.94,52.90,25.9170,"488,550",27.4589,-98.1818,56.3650,56.9540,52.2660,54.4427,54.9178,56.0577,-1.1399,-0.6330,60.2346,52.4954,18.9800,-986455.1765,53.9267,54.4218,55.3943,1.3136,0.0000,0.0000,0.0000,4.16,1.058,-,0.870,0.231,0.224,0.174,0.302,0.123,0.268,-,-,53.40,-0.50,"1,099",25.9170,37.34%,23.55%,13.00%,62.66%,0.00%,0.79%,-,22.00,0.00,0.00,12 Mar 2026,-,12.14,14.28,11613735000.00,A-EQ,1161373500
LIBRAINFU,Libra Infusions Limited,Pharmaceuticals & Chemicals,Z,1348.57,4042.67,598.60,-1.29,598.60,1.0570,"1,761",35.6098,-92.3404,622.7950,635.3520,640.7885,611.5460,614.3552,623.3669,-9.0117,-7.0832,647.9178,597.6722,36.3500,-2807.7283,608.9956,610.9372,616.6552,0.8353,0.0000,0.0000,0.0000,0.50,1.468,0.040,0.897,-,0.160,0.001,0.437,0.000,0.000,-,-,606.40,-7.80,153,1.0570,65.58%,4.24%,61.34%,34.42%,0.00%,0.00%,50.00,30.00,0.15,1261.00,22 Oct 2023,21 Dec 2023,4042.67,113.70,22528800.00,Z-EQ,2252880
LINDEBD,Linde Bangladesh Limited,Fuel & Power,A,10503.66,30.81,690.20,-0.89,690.20,3.7440,"5,416",29.3160,-95.8791,711.6750,717.8220,742.0335,699.9300,702.9610,710.6336,-7.6726,-4.6268,735.6364,687.7136,10.3500,-8225.8217,696.5844,699.6564,705.7848,0.8532,0.0000,0.0000,0.0000,1.45,1.853,-,1.601,0.190,0.166,0.151,0.467,0.067,0.107,-,-,696.40,-6.20,301,3.7440,40.00%,22.00%,18.00%,60.00%,0.00%,0.00%,-,100.00,22.60,210.31,09 Apr 2026,10 Jun 2026,30.81,27.25,152182800.00,A-EQ,15218280
LOVELLO,Taufika Foods and Lovello Ice-cream PLC.,Food & Allied,A,5262.18,34.67,53.60,-6.29,53.60,122.6060,"2,232,801",16.9632,-94.0217,65.9050,69.2460,72.9120,61.2584,62.5065,65.8243,-3.3178,-2.1381,74.7716,57.0384,464.0300,-2548041.2659,60.4000,61.6179,63.8543,1.1033,0.0000,0.0000,0.0000,2.05,2.497,-,1.800,0.167,0.278,0.134,0.423,0.040,0.137,-,-,57.20,-3.60,"4,634",122.6060,68.17%,11.90%,56.27%,31.83%,0.00%,0.00%,5.00,11.00,1.65,12.01,12 Oct 2025,28 Dec 2025,34.67,14.02,981750000.00,A-EQ,98175000
LRBDL,Lub-rref (Bangladesh) Limited,Fuel & Power,Z,2120.55,-,14.60,-0.68,14.60,1.9690,"134,620",39.9825,-95.0000,15.5150,14.6400,11.3290,15.0601,15.1537,15.1246,0.0291,0.2484,16.4515,14.5785,115.5800,-556086.4365,14.9800,15.1013,15.3205,1.7279,0.0000,0.0000,0.0000,-,0.872,-,0.689,-,-,-,0.047,-,-,-,-,14.70,-0.10,128,1.9690,64.27%,12.88%,51.39%,35.73%,0.00%,0.00%,-,-,-4.56,32.72,30 Nov 2025,28 Dec 2025,-,-,1452431440.00,Z-EQ,145243144
LRGLOBMF1,LR Global Bangladesh Mutual Fund One,Mutual Funds,A,1213.21,14.14,3.90,-4.88,3.90,1.4270,"354,615",35.7701,-100.0000,4.5850,4.1400,3.3325,4.2361,4.3016,4.3580,-0.0563,0.0610,5.3228,3.8472,103.6100,-1002928.4189,4.1667,4.2308,4.4081,1.2564,0.0000,0.0000,0.0000,-,-,-,-,-,-,-,-,-,-,-,-,4.10,-0.20,105,1.4270,86.43%,59.14%,27.29%,13.57%,0.00%,0.00%,-,3.00,0.29,10.47,15 Nov 2023,-,14.14,-,3110803320.00,A-MF,311080332
MAGURAPLEX,Magura Multiplex PLC.,Paper & Printing,A,2507.41,24.17,84.70,-2.64,84.70,3.8500,"45,235",32.0887,-97.2477,90.6100,91.0100,86.6280,87.8204,88.4970,89.9592,-1.4622,-0.6643,96.2130,85.0070,106.9600,-87295.8518,87.0844,87.9154,89.3505,1.7039,0.0000,0.0000,0.0000,1.30,2.971,-,2.161,0.056,0.245,0.066,0.282,0.019,0.048,-,-,87.00,-2.30,303,3.8500,54.19%,5.94%,48.25%,45.81%,0.00%,0.00%,-,11.00,3.60,74.79,02 Nov 2025,29 Dec 2025,24.17,31.99,296033780.00,A-EQ,29603378
MAKSONSPIN,Maksons Spinning Mills PLC.,Textile,Z,1429.40,-,6.00,-3.23,6.00,2.7510,"454,790",43.3659,-90.9091,6.3550,6.0940,5.6390,6.1958,6.2293,6.2339,-0.0046,0.0667,6.7828,5.9272,76.7800,-347789.4511,6.1467,6.2205,6.2986,1.7161,0.0000,0.0000,0.0000,-,0.967,-,0.170,-,-,-,-,-,-,-,-,6.20,-0.20,180,2.7510,70.00%,7.79%,62.21%,30.00%,0.00%,0.00%,-,-,-9.42,2.84,15 Dec 2025,-,-,-,2382325380.00,Z-EQ,238232538
MALEKSPIN,Malek Spinning Mills PLC.,Textile,A,9137.92,6.29,47.20,1.29,47.20,103.5800,"2,189,471",56.0256,-56.1644,47.3400,42.7360,31.7780,47.5555,47.5140,46.1906,1.3235,1.8553,50.9344,43.7456,552.0200,-983470.6018,47.5867,47.9500,47.7986,1.5462,0.0000,0.0000,0.0000,2.12,1.131,-,0.454,-,-,-,-,-,-,-,-,46.60,0.60,"1,530",103.5800,52.66%,14.72%,37.94%,47.34%,0.00%,0.00%,-,10.00,7.41,60.63,27 Oct 2025,15 Dec 2025,6.29,8.65,1936000000.00,A-EQ,193600000
MARICO,Marico Bangladesh Limited,Pharmaceuticals & Chemicals,A,85352.40,13.27,2709.60,-0.96,2709.60,12.5220,"4,617",36.4707,-73.4062,2724.3700,2738.0900,2751.7675,2725.3062,2725.8871,2729.5414,-3.6543,-4.0982,2740.5425,2708.1975,2.8800,-2604.0247,2727.3111,2727.0885,2725.8186,0.3071,0.0000,0.0000,0.0000,1.85,1.990,-,1.506,-,0.435,0.362,0.595,0.427,0.784,-,-,2735.80,-26.20,739,12.5220,10.00%,6.65%,2.36%,90.00%,0.00%,0.99%,-,500.00,0.00,0.00,30 Jul 2026,-,13.27,12.64,315000000.00,A-EQ,31500000
MATINSPINN,Matin Spinning Mills PLC,Textile,A,5937.14,13.04,60.90,-0.65,60.90,31.4020,"516,303",46.9365,-80.4124,63.0650,59.1000,50.1170,63.0594,63.0768,61.8585,1.2183,1.8299,67.5344,58.5956,206.1800,-208404.6279,63.3556,63.7308,63.5048,1.1553,0.0000,0.0000,0.0000,5.75,1.116,-,0.687,-,-,-,-,-,-,-,-,61.30,-0.40,646,31.4020,67.28%,48.79%,18.49%,32.72%,0.00%,0.00%,-,35.00,4.70,69.89,26 Oct 2025,09 Dec 2025,13.04,13.72,974900000.00,A-EQ,97490000
MBL1STMF,MBL 1st Mutual Fund,Mutual Funds,A,790.00,20.00,7.90,-5.95,7.90,13.1410,"1,673,446",54.2359,-73.3333,8.2450,6.2120,4.3910,8.3362,8.2866,7.7015,0.5851,0.7514,9.0670,7.4230,666.4600,424172.7423,8.3800,8.4154,8.3748,0.8742,0.0000,0.0000,0.0000,-,-,-,-,-,-,-,-,-,-,-,-,8.40,-0.50,339,13.1410,90.00%,48.54%,41.46%,10.00%,0.00%,0.00%,-,4.25,0.42,10.44,16 May 2023,-,20.00,58.88,1000000000.00,A-MF,100000000
MBPLCPBOND,Mercantile Bank Perpetual Bond,Corporate Bond,A,485.00,-,0.00,0.00,4850.00,0.0000,0,,,,,,,,,,,,,,,,,,,,,,0.02,-,-,-,-,-,-,-,-,-,-,-,4850.00,0.00,0,0.0000,0.00%,0.00%,0.00%,0.00%,0.00%,0.00%,-,10.00,0.00,0.00,19 Nov 2025,-,-,-,1000000.00,A-CB,100000
MEGCONMILK,Meghna Condensed Milk Industries Limited,Food & Allied,Z,587.20,-,37.10,-4.18,36.70,3.0900,"83,165",54.1018,-46.3415,34.6950,36.7160,28.1650,35.9115,35.6509,35.6799,-0.0290,-0.6149,37.8940,31.4960,211.4200,50568.3519,36.1178,35.7000,35.0400,0.9489,0.0000,0.0000,0.0000,-,0.193,-,0.122,-,-,-,-,-,0.526,-,-,38.30,-1.60,259,3.0900,62.57%,6.75%,55.82%,37.43%,0.00%,0.00%,-,-,-10.05,-16.15,29 Oct 2025,24 Dec 2025,-,-,160000000.00,Z-EQ,16000000
MEGHNACEM,Meghna Cement Mills PLC.,Cement,Z,931.86,-,29.40,-1.01,29.50,0.0960,"3,262",34.9172,-88.8889,30.9250,31.6220,31.6885,30.0222,30.2403,30.9034,-0.6632,-0.4964,32.9026,28.9474,9.3700,-14775.1231,29.7511,29.9590,30.4495,0.8509,0.0000,0.0000,0.0000,-,0.774,-,0.546,-,-,-,0.047,-,21.524,-,-,29.80,-0.30,21,0.0960,58.10%,34.72%,23.38%,41.90%,0.00%,0.00%,-,-,-36.58,-1.70,29 Oct 2025,22 Dec 2025,-,-,315885290.00,Z-EQ,31588529
MEGHNAINS,Meghna Insurance PLC.,Insurance,A,1456.00,27.41,36.40,-1.62,36.40,9.1910,"250,189",40.9393,-95.3125,39.0600,37.6740,31.0450,37.9163,38.1941,38.3996,-0.2055,0.3078,41.7318,36.3882,998.7700,-865082.4457,37.6200,38.0500,38.6686,1.4806,0.0000,0.0000,0.0000,2.75,-,-,-,-,-,-,-,-,-,-,-,37.00,-0.60,472,9.1910,73.34%,21.24%,52.10%,26.66%,0.00%,0.00%,-,10.00,1.35,14.29,28 Apr 2026,23 Jun 2026,27.41,21.02,400000000.00,A-EQ,40000000
MEGHNALIFE,Meghna Life Insurance PLC,Insurance,A,2349.25,-,55.40,0.73,55.40,2.1850,"39,382",35.9569,-79.7980,58.6400,60.6640,55.0370,56.0494,56.6416,58.4498,-1.8082,-1.3585,64.4974,52.7826,88.9900,-136876.2452,55.2667,55.7654,57.2600,1.3800,0.0000,0.0000,0.0000,2.71,-,-,-,-,-,-,-,-,-,-,-,55.00,0.40,212,2.1850,69.89%,22.63%,47.26%,30.11%,0.00%,0.00%,-,15.00,0.00,0.00,29 Jun 2026,20 Aug 2026,-,-,424052180.00,A-EQ,42405218
MEGHNAPET,Meghna Pet Industries Limited,Food & Allied,Z,948.00,-,79.80,-1.25,79.00,4.2830,"54,059",41.0791,-65.4545,82.3100,82.7980,45.0010,82.1132,82.3963,82.9601,-0.5638,-0.2075,86.7262,77.8938,192.7200,12331.6948,82.3111,82.4385,82.2024,1.0906,0.0000,0.0000,0.0000,-,2.775,-,1.426,-,-,-,-,-,-,-,-,80.00,-1.00,185,4.2830,56.45%,6.35%,50.10%,43.55%,0.00%,0.00%,-,-,-2.75,70.43,29 Oct 2025,24 Dec 2025,-,-,120000000.00,Z-EQ,12000000
MERCANBANK,Mercantile Bank PLC.,Bank,Z,7746.03,6.36,7.10,0.00,7.00,0.6140,"87,521",35.8084,-100.0000,7.2050,7.3740,7.8145,7.0850,7.1184,7.2287,-0.1103,-0.0888,7.4914,6.9186,10.8100,-442747.6773,7.0578,7.0795,7.1395,1.1190,0.0000,0.0000,0.0000,-,-,-,-,-,0.419,0.087,-,0.003,0.045,0.003,-,7.00,0.00,32,0.6140,66.38%,27.83%,37.91%,33.62%,0.00%,0.64%,-,-,1.10,24.35,03 May 2026,24 Jun 2026,6.36,15.91,11065754350.00,Z-EQ,1106575435
MERCINS,Mercantile Islami Insurance PLC,Insurance,A,1745.36,25.21,40.50,-2.64,40.50,5.6640,"139,136",38.2704,-95.5882,44.0900,43.4000,30.1360,42.4159,42.7686,43.1663,-0.3977,0.1896,47.5722,40.6078,394.9600,-271705.5227,42.0489,42.5154,43.3414,1.0380,0.0000,0.0000,0.0000,2.47,-,-,-,-,-,-,-,-,-,-,-,41.60,-1.10,214,5.6640,68.57%,30.86%,37.71%,31.43%,0.00%,0.00%,-,10.00,1.65,21.70,03 May 2026,30 Jun 2026,25.21,47.27,430953600.00,A-EQ,43095360
METROSPIN,Metro Spinning Limited,Textile,Z,654.00,-,10.60,0.00,10.60,1.5400,"147,042",58.5819,-33.3333,9.9800,9.5880,8.9890,10.2056,10.1516,9.9330,0.2186,0.2028,11.0994,8.8606,90.5200,205033.1806,10.1867,10.2295,10.1390,1.7135,0.0000,0.0000,0.0000,-,1.034,-,1.014,-,-,-,-,-,-,-,-,10.60,0.00,151,1.5400,69.91%,14.21%,55.70%,30.09%,0.00%,0.00%,-,-,-1.98,3.96,12 Nov 2025,29 Dec 2025,-,-,616982750.00,Z-EQ,61698275
MHSML,Mozaffar Hossain Spinning Mills Limited,Textile,B,2070.36,28.06,20.50,1.49,20.50,13.4620,"655,658",35.9416,-80.5556,21.9600,22.6300,18.5995,20.8513,21.1001,21.8104,-0.7104,-0.4984,24.3489,19.5711,357.7200,-1071342.5444,20.5533,20.7962,21.3600,1.3441,0.0000,0.0000,0.0000,1.46,1.411,-,0.666,-,-,-,-,-,-,-,-,20.20,0.30,580,13.4620,60.39%,20.73%,39.58%,39.61%,0.00%,0.08%,-,3.00,0.72,20.41,28 Oct 2025,30 Dec 2025,28.06,18.70,1009933740.00,B-EQ,100993374
MIDASFIN,MIDAS Financing PLC.,Financial Institutions,Z,820.19,-,0.00,1.79,5.70,0.1320,"23,245",44.5633,-66.6667,5.8950,5.9480,5.5700,5.6988,5.7376,5.8426,-0.1050,-0.0690,6.3912,5.3988,19.0600,-51568.6862,5.6489,5.6833,5.7819,1.8162,0.0000,0.0000,0.0000,-,-,-,-,-,3.217,3.201,-,-,-,-,-,5.60,0.10,29,0.1320,61.64%,26.25%,34.98%,38.36%,0.00%,0.41%,-,-,-23.40,-18.66,11 Aug 2026,24 Sep 2026,-,-,1438925070.00,Z-EQ,143892507
MIDLANDBNK,Midland Bank PLC.,Bank,B,11604.50,14.08,17.10,-2.84,17.10,21.8510,"1,266,588",38.2692,-95.8333,18.1500,17.6260,17.0950,17.7429,17.8443,17.9336,-0.0893,0.0915,19.0665,17.2335,67.4300,-1585544.8875,17.6533,17.7667,17.9719,1.0225,0.0000,0.0000,0.0000,1.75,-,-,-,-,0.599,0.182,-,0.006,0.079,0.007,-,17.60,-0.50,496,21.8510,19.40%,3.86%,15.54%,80.60%,0.00%,0.00%,3.00,3.00,1.25,15.90,29 Apr 2026,24 Jun 2026,14.08,20.95,6786256400.00,B-EQ,678625640
MIRACLEIND,Miracle Industries Limited,Miscellaneous,Z,964.97,-,27.40,-4.53,27.40,4.3380,"156,095",33.0373,-98.2143,29.7650,29.2260,29.4985,28.8680,29.0808,29.3809,-0.3002,0.0258,31.8142,27.7158,202.1500,-275123.2106,28.6467,28.9026,29.4319,1.3933,0.0000,0.0000,0.0000,-,0.256,-,0.234,-,-,-,-,-,-,-,-,28.70,-1.30,502,4.3380,69.74%,4.89%,64.65%,30.26%,0.00%,0.20%,-,-,-2.30,11.32,29 Oct 2025,23 Dec 2025,-,-,352180550.00,Z-EQ,35218055
MIRAKHTER,Mir Akhter Hossain Limited,Engineering,A,4178.70,20.81,34.60,-3.35,34.60,6.7960,"193,613",26.1831,-98.6667,39.3600,40.8200,33.6510,36.7321,37.3339,39.0088,-1.6749,-1.1416,44.7004,34.0196,135.2700,-537505.9405,36.1178,36.6526,37.9824,1.5025,0.0000,0.0000,0.0000,3.03,1.160,2.507,0.309,-,0.205,0.160,0.324,0.008,0.033,-,-,35.80,-1.20,507,6.7960,51.42%,7.40%,44.02%,48.58%,0.00%,0.00%,-,10.50,1.72,51.51,28 Oct 2025,22 Dec 2025,20.81,40.68,1207715470.00,A-EQ,120771547
MITHUNKNIT,Mithun Knitting and Dyeing Limited,Textile,Z,471.12,-,14.50,0.00,14.50,1.7200,"117,981",47.2207,-65.4545,14.6900,14.7320,14.8435,14.7388,14.7613,14.7514,0.0099,0.0640,16.3429,13.0371,166.6900,-144255.5221,14.7356,14.9038,14.8181,1.0951,0.0000,0.0000,0.0000,-,1.648,-,1.648,-,-,-,-,-,-,-,-,14.50,0.00,190,1.7200,83.23%,10.05%,71.88%,16.77%,0.00%,1.30%,-,-,0.00,0.00,29 Sep 2025,12 Nov 2025,-,-,324911620.00,Z-EQ,32491162
MJLBD,MJL Bangladesh PLC.,Fuel & Power,A,28887.78,8.07,91.70,-0.55,91.20,1.0430,"11,451",40.4874,-73.4694,92.6450,93.6120,90.9520,91.7631,91.9785,92.6540,-0.6755,-0.5202,94.8829,90.4071,4.6000,-69618.2283,91.4933,91.7103,92.1457,0.8619,0.0000,0.0000,0.0000,5.70,0.614,-,0.445,0.118,0.179,0.086,0.162,0.075,0.188,-,-,91.70,-0.50,156,1.0430,28.48%,22.80%,5.66%,71.52%,0.00%,0.02%,-,52.00,11.36,54.06,28 Oct 2025,22 Dec 2025,8.07,11.64,3167520270.00,A-EQ,316752027
MLDYEING,M.L. Dyeing Limited,Textile,B,3068.13,655.00,13.20,0.76,13.20,97.9340,"7,386,932",36.3044,-85.9155,15.9350,14.2640,9.9905,14.0149,14.3916,14.9138,-0.5222,0.0595,19.9947,11.8753,1305.7300,-15169802.4069,13.5089,13.8872,14.9357,1.5597,0.0000,0.0000,0.0000,0.38,2.557,-,1.476,-,-,-,-,-,-,-,-,13.10,0.10,"2,597",97.9340,69.43%,17.60%,51.83%,30.57%,0.00%,0.00%,-,0.50,0.02,13.30,28 Oct 2025,21 Dec 2025,655.00,-,2324340900.00,B-EQ,232434090
MONNOAGML,Monno Agro & General Machinery Limited,Engineering,B,1432.72,327.60,325.60,-0.61,325.60,2.1580,"6,562",26.8947,-98.1250,342.7050,348.3960,343.1835,333.4000,335.6886,341.8661,-6.1774,-4.0584,361.1094,324.3006,95.4400,-22964.0535,331.0000,333.5859,338.3733,1.3248,0.0000,0.0000,0.0000,0.15,1.376,-,0.985,-,0.067,0.039,0.185,0.008,0.009,-,-,327.60,-2.00,150,2.1580,70.00%,9.15%,60.79%,30.00%,0.00%,0.06%,-,5.00,1.00,110.86,19 Oct 2025,11 Dec 2025,327.60,1445.29,44002560.00,B-EQ,4400256
MONNOCERA,Monno Ceramic Industries Limited,Ceramics Sector,B,3176.39,390.91,84.20,-2.09,84.20,13.4230,"158,427",21.4987,-97.5806,91.4750,94.0640,86.8715,87.7330,88.6210,91.1690,-2.5479,-1.7967,98.9816,83.9684,186.7100,-316824.5750,86.8000,87.6705,89.6243,1.4777,0.0000,0.0000,0.0000,0.24,-,10.344,-,-,-,-,0.240,-,-,-,-,86.00,-1.80,847,13.4230,69.46%,10.28%,59.01%,30.54%,0.00%,0.17%,-,2.00,0.22,80.14,25 Sep 2025,11 Dec 2025,390.91,268.75,377243170.00,B-EQ,37724317
MONNOFABR,Monno Fabrics Limited,Textile,B,2518.50,525.00,21.90,4.29,21.90,37.8510,"1,748,083",43.0015,-70.2703,22.9150,22.7280,21.7295,21.9137,22.1029,22.5251,-0.4222,-0.2054,25.1752,20.6548,716.1300,-2074813.0063,21.6489,21.8410,22.3986,1.6736,0.0000,0.0000,0.0000,0.11,1.615,-,1.446,-,-,-,-,-,-,-,-,21.00,0.90,"1,421",37.8510,69.10%,9.39%,57.99%,30.90%,0.00%,1.72%,-,0.25,0.04,25.39,26 Oct 2025,14 Dec 2025,525.00,1575.00,1150000000.00,B-EQ,115000000
MONOSPOOL,Monospool Bangladesh PLC,Paper & Printing,A,4161.33,28.62,106.10,-1.39,106.10,20.6240,"194,122",29.5768,-93.2099,114.0300,116.2020,104.0930,109.3207,110.4543,113.3621,-2.9078,-1.7866,123.8391,104.2209,165.4500,-343305.4994,107.9822,109.1218,111.6281,1.6704,0.0000,0.0000,0.0000,0.47,1.484,-,0.975,0.091,0.242,0.073,0.276,0.019,0.084,-,-,107.60,-1.50,846,20.6240,61.21%,3.80%,57.41%,38.79%,0.00%,0.00%,15.00,5.00,3.76,45.05,02 Nov 2025,29 Dec 2025,28.62,26.12,392208660.00,A-EQ,39220866
MPETROLEUM,Meghna Petroleum PLC,Fuel & Power,A,22498.13,3.40,207.90,-0.43,207.90,3.2750,"15,702",29.7974,-96.3855,212.2900,213.2280,205.1570,209.9396,210.4799,211.7985,-1.3185,-0.7524,217.1518,207.4282,4.6300,-35305.5091,209.4156,209.8449,211.0590,0.3536,0.0000,0.0000,0.0000,9.62,1.200,-,0.992,2.630,0.673,2.087,1.000,0.060,0.220,-,-,208.80,-0.90,278,3.2750,41.33%,33.40%,7.83%,0.00%,58.67%,0.10%,-,200.00,61.39,278.51,10 Nov 2025,24 Jan 2026,3.40,3.77,1082161080.00,A-EQ,108216108
MTB,Mutual Trust Bank PLC.,Bank,A,15866.77,4.24,13.20,-1.50,13.10,3.3790,"255,590",37.8583,-93.3333,13.3900,13.4680,12.9045,13.3566,13.3789,13.4185,-0.0395,-0.0090,13.6319,13.1481,16.0300,-823138.5048,13.3622,13.3833,13.3914,0.9205,0.0000,0.0000,0.0000,-,-,-,-,-,0.462,0.151,-,0.007,0.112,0.007,-,13.30,-0.20,159,3.3790,66.74%,31.24%,35.50%,33.26%,0.00%,0.00%,12.00,-,3.14,28.11,30 Apr 2026,16 Jul 2026,4.24,6.72,12112035260.00,A-EQ,1211203526
MTBPBOND,Mutual Trust Bank Perpetual Bond,Corporate Bond,A,4000.00,-,0.00,0.00,1000000.00,0.0000,0,,,,,,,,,,,,,,,,,,,,,,-,-,-,-,-,-,-,-,-,-,-,-,1000000.00,0.00,0,0.0000,0.00%,0.00%,0.00%,0.00%,0.00%,0.00%,-,10.00,0.00,0.00,01 Dec 2025,-,-,-,40000.00,A-CB,4000
NAHEEACP,Nahee Aluminum Composite Panel PLC,Engineering,B,2112.33,-,30.90,-4.33,30.90,15.5030,"498,692",26.2729,-95.7143,34.8550,36.1320,25.0565,33.0195,33.4844,34.7171,-1.2326,-0.7917,38.6188,31.0912,241.0200,-481767.5407,32.5156,32.9885,33.9710,1.4735,0.0000,0.0000,0.0000,0.32,7.608,0.112,5.160,-,0.126,-,0.191,-,-,-,-,32.30,-1.40,481,15.5030,67.71%,22.73%,44.98%,32.29%,0.00%,0.00%,-,1.00,-7.18,11.91,28 Oct 2025,18 Dec 2025,-,142.50,683601600.00,B-EQ,68360160
NATLIFEINS,National Life Insurance PLC,Insurance,A,10407.26,26.32,95.40,-1.54,95.90,2.0780,"21,601",27.9865,-95.1456,101.3300,103.3500,99.1145,98.6929,99.3517,101.1366,-1.7849,-1.1783,106.7166,95.9434,11.2200,-54349.2595,98.1000,98.7103,100.1105,1.0105,0.0000,0.0000,0.0000,3.86,-,-,-,-,-,-,-,-,-,-,-,97.40,-1.50,126,2.0780,38.89%,16.26%,22.63%,61.11%,0.00%,0.00%,-,37.00,3.70,59.87,13 May 2026,30 Jun 2026,26.32,24.91,1085219810.00,A-EQ,108521981
NAVANACNG,Navana CNG Limited,Engineering,Z,1579.05,211.00,20.90,-0.95,20.90,0.2020,"9,685",31.8636,-87.5000,22.0150,22.2080,21.2930,21.2169,21.3821,21.8188,-0.4368,-0.2796,23.7649,20.2651,23.0600,-61380.1011,21.0000,21.1474,21.5648,1.2981,0.0000,0.0000,0.0000,4.78,2.226,4.010,1.346,-,-,0.002,0.179,0.001,0.003,-,-,21.10,-0.20,53,0.2020,57.51%,26.21%,31.30%,42.49%,0.00%,0.00%,-,10.00,0.10,30.79,28 Oct 2025,29 Dec 2025,211.00,1582.50,755527720.00,Z-EQ,75552772
NAVANAPHAR,Navana Pharmaceuticals PLC.,Pharmaceuticals & Chemicals,A,7078.73,14.74,65.90,-1.49,65.90,12.1420,"184,082",36.2055,-92.1569,68.5250,70.5680,60.5160,67.0457,67.4121,68.6854,-1.2733,-1.0679,72.0677,64.9823,73.1000,-281491.0789,66.6556,66.8974,67.6433,1.5822,0.0000,0.0000,0.0000,2.12,0.857,0.018,0.601,-,0.167,0.055,0.442,0.043,0.100,-,-,66.90,-1.00,605,12.1420,68.36%,11.02%,37.71%,31.64%,0.00%,19.63%,-,14.00,4.54,45.29,29 Oct 2025,31 Dec 2025,14.74,10.93,1074162170.00,A-EQ,107416217
NBL,National Bank PLC,Bank,Z,11269.09,-,3.50,-2.78,3.50,1.5450,"437,420",37.3633,-100.0000,3.6700,3.7700,3.8310,3.5774,3.5991,3.6721,-0.0730,-0.0596,3.8957,3.4443,7.0900,-1037035.5566,3.5511,3.5718,3.6190,1.0548,0.0000,0.0000,0.0000,-,-,-,-,-,1.537,1.164,-,-,1.025,-,-,3.60,-0.10,199,1.5450,82.60%,38.49%,43.60%,17.40%,0.00%,0.51%,-,-,-7.55,-7.37,03 May 2026,13 Aug 2026,-,-,32197395700.00,Z-EQ,3219739570
NCCBANK,National Credit and Commerce Bank PLC,Bank,A,17322.60,3.52,15.00,-0.66,15.00,27.5900,"1,838,822",40.7023,-83.3333,15.2950,15.5480,13.7635,15.1328,15.1814,15.3354,-0.1540,-0.1197,15.7228,14.8672,60.1100,-3171909.1953,15.0667,15.1154,15.2152,0.9685,0.0000,0.0000,0.0000,11.33,-,-,-,-,0.652,0.234,-,0.012,0.158,0.013,-,15.10,-0.10,466,27.5900,57.90%,21.35%,36.52%,42.10%,0.00%,0.03%,4.00,17.00,4.29,27.20,28 Apr 2026,24 Jun 2026,3.52,3.63,11548400180.00,A-EQ,1154840018
NCCBLMF1,NCCBL MUTUAL FUND-1,Mutual Funds,A,661.87,10.49,6.10,-4.69,6.10,0.7390,"119,773",42.4149,-92.8571,6.8250,5.9500,4.5910,6.4311,6.4959,6.4838,0.0120,0.1599,7.7447,5.9053,155.4800,-263363.7552,6.3489,6.4090,6.5938,1.0607,0.0000,0.0000,0.0000,-,-,-,-,-,-,-,-,-,-,-,-,6.40,-0.30,60,0.7390,85.00%,66.36%,18.64%,15.00%,0.00%,0.00%,-,4.50,0.61,10.97,15 Feb 2024,-,10.49,-,1085034010.00,A-MF,108503401
NEWLINE,New Line Clothings Limited,Textile,Z,486.90,3.80,6.20,0.00,6.20,0.8020,"129,730",46.9442,-80.0000,6.6600,6.0720,5.0710,6.3061,6.3550,6.3478,0.0072,0.1179,7.4637,5.8563,280.6700,-409248.2294,6.2267,6.2910,6.4724,0.9100,0.0000,0.0000,0.0000,19.76,2.989,-,1.866,-,-,-,-,-,-,-,-,6.20,0.00,72,0.8020,69.39%,18.33%,51.06%,30.61%,0.00%,0.00%,-,12.25,1.63,24.02,31 Oct 2021,27 Jan 2022,3.80,2.91,785326500.00,Z-EQ,78532650
NFML,National Feed Mill Limited,Miscellaneous,B,1521.79,546.67,16.30,-0.61,16.30,8.1360,"496,928",24.1810,-95.6522,19.0600,20.4080,16.0975,17.3527,17.7456,18.8004,-1.0548,-0.6885,22.4969,15.6231,451.7000,-1658022.2586,16.9333,17.3205,18.1733,1.2786,0.0000,0.0000,0.0000,0.06,4.356,-,2.722,-,0.118,0.017,0.181,0.001,0.002,-,-,16.40,-0.10,460,8.1360,69.60%,8.59%,61.01%,30.40%,0.00%,0.00%,-,0.10,0.03,11.09,10 Feb 2026,01 Mar 2026,546.67,-,933613240.00,B-EQ,93361324
NHFIL,National Housing Finance PLC,Financial Institutions,A,3398.59,893.33,26.40,-1.49,26.40,3.3810,"127,993",30.2082,-93.6170,28.8400,29.7760,25.3800,27.5920,27.9310,28.7783,-0.8472,-0.5013,31.4504,26.2296,108.5800,-629458.6444,27.2822,27.6385,28.2381,1.8912,0.0000,0.0000,0.0000,3.79,-,-,-,-,0.556,0.006,-,-,-,-,0.002,26.80,-0.40,261,3.3810,45.09%,15.07%,30.02%,45.57%,9.34%,0.00%,-,10.00,0.74,17.06,24 Jun 2026,15 Sep 2026,893.33,31.16,1287343200.00,A-EQ,128734320
NITOLINS,Nitol Insurance PLC,Insurance,A,1980.03,24.87,46.90,-2.29,46.90,24.2340,"508,863",61.1203,-73.3333,45.3350,39.5000,31.4160,47.0070,46.5833,44.0617,2.5216,2.7778,53.6185,37.0515,537.4800,-430956.5295,47.1911,47.3321,46.8976,1.0566,0.0000,0.0000,0.0000,2.13,-,-,-,-,-,-,-,-,-,-,-,48.00,-1.10,952,24.2340,65.00%,26.85%,38.15%,35.00%,0.00%,0.00%,-,10.00,1.93,31.30,01 Apr 2026,12 Jul 2026,24.87,30.38,422180200.00,A-EQ,42218020
NORTHERN,Northern Jute Manufacturing Company Limited,Jute,Z,228.98,9.50,104.00,-0.65,106.90,0.6070,"5,742",37.6544,-72.2543,111.8250,113.0280,104.1630,109.0710,109.8496,111.8538,-2.0042,-1.2372,118.1272,105.5228,67.9400,-3296.0470,108.1578,109.1333,110.5981,1.1259,0.0000,0.0000,0.0000,0.47,0.695,-,0.392,0.056,0.051,0.044,0.261,0.026,0.139,-,-,107.60,-0.70,74,0.6070,84.91%,0.00%,84.91%,15.09%,0.00%,0.00%,-,5.00,11.33,81.66,29 Oct 2020,27 Dec 2020,9.50,-,21420000.00,Z-EQ,2142000
NORTHRNINS,Northern Islami Insurance PLC.,Insurance,A,1666.28,21.16,37.20,-2.87,37.20,4.9600,"131,993",37.9803,-97.5904,40.3300,40.1380,33.2115,39.2198,39.5194,39.8952,-0.3758,0.1051,44.3927,36.2673,293.9600,-228192.6412,38.8689,39.3833,40.1414,1.1018,0.0000,0.0000,0.0000,1.34,-,-,-,-,-,-,-,-,-,-,-,38.30,-1.10,263,4.9600,69.18%,30.08%,39.10%,30.82%,0.00%,0.00%,5.00,5.00,1.68,25.48,13 May 2026,29 Aug 2026,21.16,21.52,447925920.00,A-EQ,44792592
NPOLYMER,National Polymer Industries PLC,Engineering,B,2306.28,454.29,31.60,-0.63,31.60,3.3360,"105,491",32.3244,-90.9091,34.5250,34.4320,29.5790,32.6525,33.0554,33.9580,-0.9026,-0.4425,38.4548,30.5952,200.8300,-368975.9594,32.1733,32.5577,33.5467,1.4270,0.0000,0.0000,0.0000,1.58,1.056,0.661,0.687,-,0.082,0.001,0.140,0.001,0.002,-,-,31.80,-0.20,202,3.3360,67.78%,13.41%,54.37%,32.22%,0.00%,0.00%,-,5.00,0.07,29.65,26 Oct 2025,31 Dec 2025,454.29,95.40,729836680.00,B-EQ,72983668
NRBBANK,NRB Bank PLC.,Bank,Z,4557.88,60.91,6.70,-1.49,6.60,0.2640,"39,684",49.5595,-85.7143,6.7750,6.3660,6.4400,6.6666,6.6788,6.6192,0.0596,0.1146,7.1114,6.4386,15.6700,-427602.3793,6.6267,6.6692,6.7290,1.1466,0.0000,0.0000,0.0000,-,-,-,-,-,0.230,0.042,-,0.001,0.015,0.001,-,6.70,-0.10,28,0.2640,44.01%,3.32%,40.69%,55.99%,0.00%,0.00%,-,-,0.20,12.89,03 May 2026,20 Aug 2026,60.91,25.77,6905872000.00,Z-EQ,690587200
NRBCBANK,NRBC Bank PLC.,Bank,Z,7209.25,55.00,8.70,-1.14,8.70,1.3430,"153,995",45.2537,-100.0000,9.3350,8.2480,6.7700,9.1369,9.1815,8.9674,0.2141,0.4128,10.7849,7.8851,20.9500,145219.2039,9.0400,9.2564,9.3895,1.2172,0.0000,0.0000,0.0000,-,-,-,-,-,0.439,0.013,-,0.001,0.010,0.001,-,8.80,-0.10,59,1.3430,40.93%,4.87%,36.06%,59.07%,0.00%,0.00%,-,-,0.16,16.74,03 May 2026,25 Jun 2026,55.00,7.22,8286495340.00,Z-EQ,828649534
NTC,National Tea Company Limited,Food & Allied,Z,4760.00,-,162.80,-1.23,160.00,0.2710,"1,700",37.4295,-70.5882,165.7300,165.9800,163.2695,162.3905,163.1883,165.2428,-2.0545,-1.2693,173.3128,158.1472,3.2600,-3617.7033,161.5578,162.1410,163.7952,1.0148,0.0000,0.0000,0.0000,-,0.236,-,0.081,-,-,-,-,-,0.691,-,-,162.00,-2.00,44,0.2710,55.35%,31.49%,23.86%,39.43%,5.22%,0.00%,-,-,0.00,0.00,-,-,-,-,297500000.00,Z-EQ,29750000
NTLTUBES,National Tubes Limited,Engineering,B,2256.45,37.97,65.00,-0.77,64.80,2.4500,"37,658",36.7025,-95.5224,67.8550,68.8140,63.6925,66.1336,66.5553,67.6618,-1.1065,-0.7011,71.7171,63.9929,79.0100,-64391.3108,65.7022,66.0372,66.9581,1.1425,0.0000,0.0000,0.0000,0.15,1.788,0.012,0.892,-,0.251,0.123,0.385,0.009,0.013,-,-,65.30,-0.50,182,2.4500,48.95%,6.42%,42.53%,0.05%,51.00%,0.00%,-,1.00,1.72,137.61,09 Nov 2025,20 Dec 2025,37.97,-,348218030.00,B-EQ,34821803
NURANI,Nurani Dyeing & Sweater Limited,Textile,Z,416.93,-,3.40,-2.86,3.40,1.0950,"317,997",51.0330,-75.0000,3.4200,3.1160,2.6985,3.4996,3.4926,3.3681,0.1246,0.1678,4.2137,2.6263,222.8600,-532689.3391,3.4978,3.5718,3.5367,1.2265,0.0000,0.0000,0.0000,-,3.400,-,1.821,-,-,-,-,-,-,-,-,3.50,-0.10,83,1.0950,69.07%,17.28%,51.79%,30.93%,0.00%,0.00%,10.00,-,-0.41,11.23,28 Oct 2020,24 Dec 2020,-,-,1226250300.00,Z-EQ,122625030
OAL,Olympic Accessories Limited,Engineering,Z,1118.88,-,6.60,-1.49,6.60,0.6940,"105,088",42.8616,-87.5000,6.8550,6.7660,6.0360,6.7331,6.7573,6.7748,-0.0175,0.0276,7.1760,6.5340,68.2400,-773781.9891,6.7044,6.7449,6.8057,1.6933,0.0000,0.0000,0.0000,-,2.807,0.180,2.584,-,-,-,-,-,-,-,-,6.70,-0.10,51,0.6940,74.19%,15.75%,58.44%,25.81%,0.00%,0.00%,-,-,-0.75,9.50,28 Oct 2025,24 Dec 2025,-,-,1695269820.00,Z-EQ,169526982
OIMEX,Oimex Electrode Limited,Engineering,Z,1118.20,19.87,15.50,-1.29,15.30,1.1450,"75,376",36.9398,-80.0000,15.9950,16.1360,14.6715,15.6351,15.7174,15.9276,-0.2102,-0.1284,16.8297,15.1603,53.9300,-140909.6149,15.5644,15.6154,15.7871,1.3585,0.0000,0.0000,0.0000,-,0.959,-,0.550,-,0.040,0.000,0.064,0.000,0.008,-,-,15.50,-0.20,120,1.1450,64.24%,19.73%,44.51%,35.76%,0.00%,0.00%,-,-,0.03,3.27,05 Nov 2025,30 Dec 2025,19.87,77.50,730847810.00,Z-EQ,73084781
OLYMPIC,Olympic Industries PLC,Food & Allied,A,29071.11,14.59,145.00,-0.95,145.40,8.5440,"58,591",33.2068,-83.1858,149.6600,153.1480,146.9370,146.9306,147.5955,149.8166,-2.2211,-1.8062,155.9664,143.3536,11.3400,-101019.2607,146.1467,146.6397,148.0757,1.1192,0.0000,0.0000,0.0000,2.06,2.636,-,2.042,0.097,0.083,0.072,0.239,0.124,0.161,-,-,146.80,-1.40,375,8.5440,62.62%,22.85%,12.26%,37.38%,0.00%,27.51%,-,30.00,10.06,62.35,28 Oct 2025,11 Dec 2025,14.59,14.86,1999388860.00,A-EQ,199938886
ONEBANKPLC,One Bank PLC.,Bank,Z,8313.41,28.21,7.80,-1.27,7.80,4.1770,"537,169",39.5769,-83.3333,8.0250,7.9660,7.4725,7.9661,7.9824,7.9884,-0.0060,0.0269,8.2390,7.8110,10.5400,-289519.8919,7.9578,7.9910,8.0138,1.2653,0.0000,0.0000,0.0000,-,-,-,-,-,0.400,0.025,-,0.001,0.012,0.001,-,7.90,-0.10,91,4.1770,69.79%,43.14%,26.60%,30.21%,0.00%,0.05%,-,-,0.28,22.46,03 May 2026,13 Aug 2026,28.21,5.06,10658218870.00,Z-EQ,1065821887
ORIONINFU,Orion Infusion Limited,Pharmaceuticals & Chemicals,A,4564.66,132.79,224.20,-1.84,224.20,11.9520,"52,909",24.5918,-97.6378,251.6300,279.8100,336.2160,234.8821,239.1257,255.2097,-16.0840,-14.3335,288.7612,214.4988,277.2400,-221046.6327,230.3200,233.4026,242.1448,1.4435,0.0000,0.0000,0.0000,0.89,0.943,0.028,0.681,-,0.130,0.053,0.420,0.041,0.107,-,-,228.40,-4.20,947,11.9520,59.39%,13.80%,45.53%,40.61%,0.00%,0.06%,-,20.00,1.72,16.02,10 Nov 2025,23 Dec 2025,132.79,120.63,203597600.00,A-EQ,20359760
ORIONPHARM,Orion Pharma Limited,Pharmaceuticals & Chemicals,Z,6107.40,-,26.10,-0.38,26.10,3.1590,"121,257",23.8561,-96.9697,27.9700,28.6360,28.2255,26.9895,27.2397,27.8948,-0.6550,-0.4137,29.8807,26.0593,28.3500,-391536.9148,26.7444,26.9923,27.5071,1.6950,0.0000,0.0000,0.0000,-,2.072,1.164,1.894,-,0.014,-,0.339,-,-,-,-,26.20,-0.10,190,3.1590,68.02%,21.49%,46.39%,31.98%,0.00%,0.14%,-,-,-1.77,86.09,12 Nov 2025,23 Dec 2025,-,-,2340000000.00,Z-EQ,234000000
PADMALIFE,Padma Islami Life Insurance Limited,Insurance,Z,645.41,-,16.60,-2.35,16.60,0.4970,"29,774",33.8466,-100.0000,17.6600,17.9900,17.3760,17.1332,17.2511,17.5778,-0.3268,-0.2217,18.7135,16.6065,31.3600,-46721.3055,17.0200,17.1346,17.4210,1.4220,0.0000,0.0000,0.0000,-,-,-,-,-,-,-,-,-,-,-,-,17.00,-0.40,107,0.4970,68.44%,17.78%,50.66%,31.56%,0.00%,0.00%,-,-,0.00,0.00,15 Jul 2026,17 Sep 2026,-,-,388800000.00,Z-EQ,38880000
PADMAOIL,Padma Oil PLC,Fuel & Power,A,19116.09,3.39,194.60,0.15,194.60,1.6580,"8,527",35.1088,-80.9524,198.3200,197.9400,182.7945,195.9084,196.4891,197.5474,-1.0583,-0.2811,203.2505,193.3895,6.0600,-19048.6680,195.3244,195.8359,197.0710,0.5439,0.0000,0.0000,0.0000,8.22,1.171,-,0.977,2.203,0.532,1.762,0.962,0.044,0.208,-,-,194.30,0.30,102,1.6580,47.59%,32.74%,14.83%,2.06%,50.35%,0.02%,-,160.00,57.30,274.86,06 Nov 2025,03 Jan 2026,3.39,3.31,982327500.00,A-EQ,98232750
PARAMOUNT,Paramount Insurance PLC,Insurance,A,2395.17,27.49,58.90,-2.16,58.90,7.2970,"122,608",40.3708,-97.5806,63.0550,62.9020,52.6620,61.4906,61.9212,62.4963,-0.5751,0.0999,67.9067,58.2033,326.6000,-321770.2505,61.0156,61.8731,62.6348,1.4341,0.0000,0.0000,0.0000,1.70,-,-,-,-,-,-,-,-,-,-,-,60.20,-1.30,393,7.2970,51.52%,22.18%,29.30%,48.48%,0.00%,0.04%,-,10.00,2.19,28.16,11 Mar 2026,18 May 2026,27.49,13.74,406649660.00,A-EQ,40664966
PBLPBOND,Pubali Bank Perpetual Bond,Corporate Bond,A,452.80,-,0.00,0.00,4528.00,0.0000,0,42.2207,-84.6154,4710.9000,4680.3600,0.0000,4657.1161,4656.9406,4664.9368,-7.9962,-12.1447,4894.4808,4527.3192,0.8000,0.2330,4713.6000,4716.2308,4714.3333,-0.0576,0.0000,0.0000,0.0000,0.02,-,-,-,-,-,-,-,-,-,-,-,4528.00,0.00,0,0.0000,100.00%,99.33%,0.67%,0.00%,0.00%,0.00%,-,10.00,0.00,0.00,16 Sep 2025,-,-,-,1000000.00,A-CB,100000
PDL,Pacific Denims Limited,Textile,Z,1027.88,46.67,5.60,0.00,5.60,0.5040,"90,101",44.8186,-90.9091,5.7850,5.7340,5.0085,5.6959,5.7175,5.7301,-0.0126,0.0290,6.1112,5.4588,97.4400,-118030.9058,5.6644,5.7179,5.7643,1.5282,0.0000,0.0000,0.0000,1.79,3.648,-,2.501,-,-,-,-,-,-,-,-,5.60,0.00,64,0.5040,69.88%,9.42%,60.45%,30.12%,0.00%,0.01%,-,1.00,0.12,13.58,29 Oct 2023,31 Dec 2023,46.67,210.00,1835501430.00,Z-EQ,183550143
PENINSULA,The Peninsula Chittagong PLC.,Travel & Leisure,B,2468.27,356.67,20.80,-2.80,20.80,8.5730,"410,585",25.0054,-93.4783,23.5450,24.0840,20.7725,22.2224,22.5371,23.3419,-0.8048,-0.4926,26.2575,20.8325,70.8400,-382238.5967,21.9578,22.1987,22.8600,1.4793,0.0000,0.0000,0.0000,0.24,1.341,0.093,1.256,0.080,0.072,0.020,0.265,0.001,0.002,-,-,21.40,-0.60,325,8.5730,43.14%,7.30%,35.77%,56.86%,0.00%,0.07%,-,0.50,0.06,27.90,28 Oct 2025,30 Dec 2025,356.67,-,1186668000.00,B-EQ,118666800
PEOPLESINS,Peoples Insurance PLC,Insurance,A,2799.72,14.96,60.60,-3.35,60.60,22.6180,"366,124",44.2007,-96.1165,63.8750,61.4840,46.5495,62.9117,63.0785,62.5896,0.4889,1.0854,67.9911,59.7589,588.2200,-805348.2654,62.6000,63.2154,63.7476,1.3137,0.0000,0.0000,0.0000,1.73,-,-,-,-,-,-,-,-,-,-,-,62.70,-2.10,701,22.6180,65.51%,12.02%,53.49%,34.49%,0.00%,0.00%,-,10.50,4.19,37.95,26 Apr 2026,24 Jun 2026,14.96,10.70,462000000.00,A-EQ,46200000
PF1STMF,Phoenix Finance 1st Mutual Fund,Mutual Funds,A,750.00,-,12.50,-8.09,12.50,34.2040,"2,697,060",39.5987,-92.5926,14.1100,12.0120,7.3335,13.7947,13.8461,13.4379,0.4081,0.7129,15.0411,13.1789,1028.0800,-879892.5210,13.8067,13.9436,14.0448,0.9141,0.0000,0.0000,0.0000,-,-,-,-,-,-,-,-,-,-,-,-,13.60,-1.10,735,34.2040,76.67%,29.77%,46.89%,23.33%,0.00%,0.01%,-,-,1.64,8.84,17 Aug 2026,-,-,8.29,600000000.00,A-MF,60000000
PHARMAID,Pharma Aids,Pharmaceuticals & Chemicals,A,1803.36,28.57,575.30,-1.06,578.00,5.6990,"9,823",36.7062,-95.5954,605.3400,601.3700,555.1190,594.7656,597.8039,602.7872,-4.9833,-0.6559,629.2602,581.4198,154.4600,-20385.0686,592.3622,596.2564,601.4805,0.9533,0.0000,0.0000,0.0000,0.52,3.328,-,2.894,-,0.200,0.146,0.303,0.110,0.148,-,-,584.20,-6.20,368,5.6990,80.61%,21.78%,58.83%,19.39%,0.00%,0.00%,-,30.00,20.45,138.58,09 Nov 2025,24 Dec 2025,28.57,21.69,31200000.00,A-EQ,3120000
PHENIXINS,Phoenix Insurance PLC,Insurance,A,1972.70,24.85,48.90,-2.59,48.90,15.2890,"309,705",48.0815,-95.4023,50.7850,46.7680,35.6465,50.7275,50.7156,49.5386,1.1770,1.7047,55.1631,46.4069,575.5600,-442440.9446,50.7333,51.1885,51.2424,1.3646,0.0000,0.0000,0.0000,2.45,-,-,-,-,-,-,-,-,-,-,-,50.20,-1.30,435,15.2890,61.83%,11.64%,50.19%,38.17%,0.00%,0.00%,-,12.00,2.02,33.85,30 Apr 2026,29 Jul 2026,24.85,17.31,403415720.00,A-EQ,40341572
PHOENIXFIN,Phoenix Finance and Investments Limited,Financial Institutions,Z,613.73,-,3.70,-2.63,3.70,0.1820,"48,925",43.7354,-87.5000,3.9850,3.8420,3.5020,3.8115,3.8400,3.8794,-0.0394,0.0047,4.4119,3.5581,55.5800,-195140.0351,3.7622,3.7936,3.8890,1.7838,0.0000,0.0000,0.0000,-,-,-,-,-,1.141,3.873,-,-,-,-,-,3.80,-0.10,22,0.1820,73.99%,18.64%,55.35%,26.01%,0.00%,0.00%,-,-,-20.45,-102.46,30 Jun 2026,27 Aug 2026,-,-,1658741950.00,Z-EQ,165874195
PHPMF1,PHP First Mutual Fund,Mutual Funds,A,958.44,-,3.40,-2.86,3.40,2.6970,"783,834",36.1777,-100.0000,3.8350,3.6000,3.0060,3.6133,3.6554,3.7060,-0.0507,0.0178,4.3303,3.3397,186.8500,-915747.0785,3.5733,3.6077,3.7148,1.2867,0.0000,0.0000,0.0000,-,-,-,-,-,-,-,-,-,-,-,-,3.50,-0.10,101,2.6970,88.28%,41.51%,46.77%,11.72%,0.00%,0.00%,-,-,-1.87,8.15,25 Sep 2024,-,-,-,2818932640.00,A-MF,281893264
PIONEERINS,Pioneer Insurance PLC,Insurance,A,6767.37,14.53,65.90,-0.75,65.90,9.1660,"137,574",40.2058,-94.3396,69.2800,69.0860,57.1590,68.0572,68.3889,68.7533,-0.3644,0.1926,73.0889,65.4711,133.1300,-179483.2196,67.7600,68.4295,69.0100,1.3229,0.0000,0.0000,0.0000,3.79,-,-,-,-,-,-,-,-,-,-,-,66.40,-0.50,460,9.1660,60.06%,28.67%,31.39%,39.94%,0.00%,0.00%,5.00,25.00,4.57,46.97,03 Mar 2026,04 May 2026,14.53,11.03,1026914910.00,A-EQ,102691491
PLFSL,Peoples Leasing and Financial Services Limited,Financial Institutions,Z,570.88,-,2.00,5.26,2.00,3.6240,"1,812,012",54.4677,-57.1429,2.0350,1.6660,1.5236,1.9356,1.9418,1.8951,0.0467,0.0824,2.4258,1.6442,339.4900,-2916480.7603,1.9178,1.9321,1.9743,1.1809,0.0000,0.0000,0.0000,-,-,-,-,-,1.019,1.026,-,-,-,-,-,1.90,0.10,121,3.6240,81.85%,12.88%,68.72%,18.15%,0.00%,0.25%,-,-,-12.81,-155.15,02 Jul 2026,17 Aug 2026,-,-,2854405970.00,Z-EQ,285440597
POPULAR1MF,Popular Life First Mutual Fund,Mutual Funds,A,1046.81,-,3.50,0.00,3.50,1.8980,"543,748",38.8578,-85.7143,3.8350,3.5860,2.9695,3.6147,3.6538,3.6975,-0.0437,0.0218,4.3261,3.3439,155.1700,-758598.9110,3.5689,3.6051,3.7110,1.2792,0.0000,0.0000,0.0000,-,-,-,-,-,-,-,-,-,-,-,-,3.50,0.00,59,1.8980,90.00%,19.88%,70.12%,10.00%,0.00%,0.00%,-,-,-1.78,8.23,25 Sep 2024,-,-,-,2990890270.00,A-MF,299089027
POPULARLIF,Popular Life Insurance Co. Limited,Insurance,A,3704.26,24.39,61.00,-0.65,61.30,15.4310,"249,934",51.7648,-40.5405,60.3550,61.3800,51.5090,61.0334,60.9325,60.8214,0.1111,-0.0583,63.4801,57.2299,145.5100,-464458.0767,61.3356,61.0782,60.7362,1.4153,0.0000,0.0000,0.0000,3.26,-,-,-,-,-,-,-,-,-,-,-,61.70,-0.40,483,15.4310,76.30%,26.88%,49.42%,23.70%,0.00%,0.00%,-,20.00,1.47,78.10,28 Jun 2026,22 Sep 2026,24.39,-,604283580.00,A-EQ,60428358
POWERGRID,Power Grid Company of Bangladesh Limited,Fuel & Power,Z,33902.24,-,37.20,-1.59,37.10,3.1280,"84,211",33.0500,-95.3488,39.3100,39.2960,32.4845,38.0116,38.2854,38.8689,-0.5835,-0.2569,42.0174,36.6026,3.4500,-161200.5570,37.7178,37.9603,38.6038,1.1551,0.0000,0.0000,0.0000,-,1.237,-,1.110,-,0.370,-,0.400,-,-,-,-,37.70,-0.60,237,3.1280,19.50%,14.70%,4.79%,58.50%,22.00%,0.01%,-,-,-2.30,139.29,10 Nov 2025,24 Jan 2026,-,4.53,9138069910.00,Z-EQ,913806991
PRAGATIINS,Pragati Insurance PLC,Insurance,A,6091.09,14.31,75.00,-1.32,75.00,6.4910,"86,320",35.9277,-97.9798,79.4400,79.5320,73.7310,77.6050,78.0470,78.7534,-0.7064,-0.0682,83.5702,75.3098,81.1300,-170114.5419,77.1467,77.8436,78.8319,1.3926,0.0000,0.0000,0.0000,3.60,-,-,-,-,-,-,-,-,-,-,-,76.00,-1.00,308,6.4910,59.87%,21.84%,38.03%,40.13%,0.00%,0.00%,3.00,27.00,5.31,57.36,13 Apr 2026,18 Jun 2026,14.31,12.22,812145590.00,A-EQ,81214559
PRAGATILIF,Pragati Life Insurance PLC.,Insurance,A,5169.49,-,144.40,-2.56,144.40,5.7130,"39,417",22.8198,-98.7500,161.0450,173.8560,186.7820,152.9521,155.0538,162.1825,-7.1286,-5.8677,177.6469,144.4431,97.3600,-153342.2400,150.9444,152.8500,157.3205,1.2314,0.0000,0.0000,0.0000,1.04,-,-,-,-,-,-,-,-,-,-,-,148.20,-3.80,374,5.7130,61.38%,15.96%,45.42%,38.62%,0.00%,0.00%,10.00,15.00,0.00,0.00,22 Jun 2026,13 Aug 2026,-,-,357998160.00,A-EQ,35799816
PREBPBOND,Premier Bank Perpetual Bond,Corporate Bond,A,178.60,-,0.00,0.00,4465.00,0.0000,0,13.3094,-100.0000,4688.2500,0.0000,0.0000,4721.7782,4769.3925,4896.7117,-127.3192,-82.6694,5091.7645,4284.7355,0.0300,0.0000,4653.0000,4663.8462,4677.6190,-0.0339,0.0000,0.0000,0.0000,0.02,-,-,-,-,-,-,-,-,-,-,-,4465.00,0.00,0,0.0000,0.00%,0.00%,0.00%,0.00%,0.00%,0.00%,-,10.00,0.00,0.00,15 Dec 2025,-,-,-,400000.00,A-CB,40000
PREMIERBAN,The Premier Bank PLC.,Bank,Z,7153.90,-,5.80,0.00,5.80,1.9270,"334,569",58.7939,-40.0000,5.7850,5.2540,4.7475,5.7913,5.7822,5.6422,0.1400,0.1859,5.9475,5.6225,22.3200,257233.1789,5.7933,5.8038,5.8014,1.1235,0.0000,0.0000,0.0000,-,-,-,-,-,-,-,-,-,-,-,-,5.80,0.00,76,1.9270,74.77%,22.64%,52.13%,25.23%,0.00%,0.00%,-,-,-8.05,13.59,03 May 2026,08 Jul 2026,-,-,12334311330.00,Z-EQ,1233431133
PREMIERCEM,Premier Cement Mills PLC,Cement,A,4924.52,36.98,46.70,-2.10,46.70,14.0460,"299,058",39.4927,-98.5507,48.9800,49.4740,42.4055,48.4797,48.6725,49.0072,-0.3347,-0.0688,51.1811,46.7789,104.0200,-600014.8033,48.5333,48.7244,48.8424,0.9700,0.0000,0.0000,0.0000,2.14,0.569,-,0.410,0.032,0.135,0.006,0.179,0.004,0.020,-,-,47.70,-1.00,473,14.0460,64.01%,23.72%,40.27%,35.99%,0.00%,0.02%,-,10.00,1.29,64.50,26 Oct 2025,28 Dec 2025,36.98,17.98,1054500000.00,A-EQ,105450000
PREMIERLEA,Premier Leasing & Finance Limited,Financial Institutions,Z,305.83,-,2.40,4.55,2.30,1.1180,"478,595",45.6525,-62.5000,2.4900,2.4320,1.8364,2.2932,2.3324,2.4224,-0.0899,-0.0461,3.0868,1.8932,279.9600,-2111386.4459,2.2356,2.2615,2.3576,1.5217,0.0000,0.0000,0.0000,-,-,-,-,-,1.120,3.540,-,-,-,-,-,2.20,0.10,122,1.1180,79.28%,9.54%,69.74%,20.72%,0.00%,0.00%,-,-,-21.98,-96.38,02 Aug 2026,17 Sep 2026,-,-,1329702100.00,Z-EQ,132970210
PRIME1ICBA,Prime Bank 1st ICB AMCL Mutual Fund,Mutual Funds,A,570.00,-,5.70,-3.39,5.70,0.1560,"27,979",39.7560,-88.2353,6.4100,5.9000,4.7815,5.9591,6.0385,6.1317,-0.0932,0.0372,7.4741,5.3459,109.4800,-116730.5860,5.8444,5.9115,6.1590,0.9359,0.0000,0.0000,0.0000,-,-,-,-,-,-,-,-,-,-,-,-,5.90,-0.20,102,0.1560,80.00%,49.83%,30.17%,20.00%,0.00%,0.00%,-,-,1.17,8.79,17 Aug 2026,-,-,5.04,1000000000.00,A-MF,100000000
PRIMEBANK,Prime Bank PLC.,Bank,A,35583.71,3.78,29.20,-1.35,29.20,14.9520,"510,501",31.2267,-92.3077,29.9300,30.1460,30.1480,29.6144,29.6994,29.9226,-0.2232,-0.1415,30.5727,29.2873,11.6800,-651582.9487,29.5333,29.6205,29.7776,0.8026,0.0000,0.0000,0.0000,8.56,-,-,-,-,0.555,0.343,-,0.014,0.196,0.016,-,29.60,-0.40,411,14.9520,64.46%,36.09%,22.66%,35.54%,0.00%,5.71%,5.00,25.00,7.84,40.00,06 Apr 2026,21 May 2026,3.78,4.16,12186200910.00,A-EQ,1218620091
PRIMEFIN,Prime Finance & Investment Limited,Financial Institutions,Z,846.04,-,3.10,-3.13,3.10,0.5380,"172,073",41.3844,-100.0000,3.3400,3.2980,2.8180,3.1830,3.2100,3.2848,-0.0748,-0.0507,3.8648,2.8152,89.6700,-692967.7378,3.1556,3.1590,3.2267,1.5509,0.0000,0.0000,0.0000,-,-,-,-,-,4.255,14.439,-,-,-,-,-,3.20,-0.10,40,0.5380,40.86%,4.85%,36.00%,59.14%,0.00%,0.01%,-,-,-5.53,1.46,21 Jan 2026,03 Mar 2026,-,-,2729164830.00,Z-EQ,272916483
PRIMEINSUR,Prime Islami Insurance PLC,Insurance,A,2092.93,26.82,51.20,-3.58,51.20,20.5140,"397,059",42.3533,-94.5783,57.9950,50.5680,37.5500,54.8231,55.3480,54.6270,0.7211,2.2131,66.6343,49.3557,914.9000,-624790.4785,54.0356,55.0833,57.0457,1.1474,0.0000,0.0000,0.0000,1.95,-,-,-,-,-,-,-,-,-,-,-,53.10,-1.90,749,20.5140,68.25%,24.33%,43.92%,31.75%,0.00%,0.00%,-,10.00,1.98,22.76,03 May 2026,15 Jun 2026,26.82,20.42,408774980.00,A-EQ,40877498
PRIMELIFE,Prime Islami Life Insurance Limited,Insurance,B,1141.46,-,37.40,-1.06,37.40,1.3290,"35,604",33.2465,-95.5882,40.3650,41.5040,37.4855,38.4175,38.8294,40.0158,-1.1863,-0.8400,44.7546,35.9754,102.9100,-111947.6396,37.8978,38.2615,39.3743,1.4713,0.0000,0.0000,0.0000,0.07,-,-,-,-,-,-,-,-,-,-,-,37.80,-0.40,111,1.3290,63.92%,33.35%,30.40%,36.08%,0.00%,0.17%,-,0.25,0.00,0.00,16 Jun 2026,17 Sep 2026,-,-,305202300.00,B-EQ,30520230
PRIMETEX,Prime Textile Spinning Mills Limited,Textile,Z,580.64,-,15.10,0.66,15.20,0.2200,"14,217",32.8363,-77.4194,16.6400,17.1020,16.0550,15.7918,15.9909,16.5190,-0.5281,-0.3395,18.3425,14.9375,42.2300,-55970.3373,15.6022,15.8397,16.2300,1.2288,0.0000,0.0000,0.0000,-,1.379,-,0.969,-,-,-,-,-,-,-,-,15.10,0.10,45,0.2200,50.00%,5.65%,44.10%,50.00%,0.00%,0.25%,-,-,-8.05,64.83,11 Sep 2024,24 Oct 2024,-,-,382000000.00,Z-EQ,38200000
PROGRESLIF,Progressive Life Insurance Co. Limited,Insurance,Z,644.09,-,38.70,-1.28,38.70,0.2270,"5,881",42.4690,-76.9231,39.6250,40.8880,42.7950,38.9295,39.0858,39.7450,-0.6592,-0.6263,41.5421,37.7079,19.9600,-14388.8334,38.7356,38.8064,39.2238,0.9797,0.0000,0.0000,0.0000,-,-,-,-,-,-,-,-,-,-,-,-,39.20,-0.50,49,0.2270,61.18%,9.89%,51.29%,38.82%,0.00%,0.00%,-,-,0.00,0.00,28 Apr 2025,29 Jun 2025,-,-,166431660.00,Z-EQ,16643166
PROGRESLIF,Progressive Life Insurance Co. Limited,Insurance,Z,644.09,-,38.70,-1.28,38.70,0.2270,"5,881",42.4690,-76.9231,39.6250,40.8880,42.7950,38.9295,39.0858,39.7450,-0.6592,-0.6263,41.5421,37.7079,19.9600,-14388.8334,38.7356,38.8064,39.2238,0.9797,0.0000,0.0000,0.0000,0.65,-,-,-,-,-,-,-,-,-,-,-,39.20,-0.50,49,0.2270,61.18%,9.89%,51.29%,38.82%,0.00%,0.00%,-,-,0.00,0.00,28 Apr 2025,29 Jun 2025,-,-,166431660.00,Z-EQ,16643166
PROVATIINS,Provati Insurance PLC,Insurance,A,2225.24,32.66,55.20,-2.30,55.20,6.2080,"110,351",41.4286,-97.2603,58.4200,59.4580,39.3585,56.9924,57.3321,57.9723,-0.6401,-0.1952,61.7182,55.1218,340.3000,-223430.5979,56.6689,57.1103,57.7605,1.2868,0.0000,0.0000,0.0000,2.17,-,-,-,-,-,-,-,-,-,-,-,56.50,-1.30,167,6.2080,71.66%,16.93%,54.73%,28.34%,0.00%,0.00%,-,12.00,1.73,22.45,29 Apr 2026,10 Aug 2026,32.66,25.22,403122370.00,A-EQ,40312237
PTL,Paramount Textile PLC.,Textile,A,12753.12,10.79,71.70,1.86,71.20,133.7910,"1,890,779",78.0566,-7.8652,66.2650,65.4600,56.5530,68.6574,68.0933,66.6129,1.4804,0.9383,71.0970,61.4330,119.5100,379553.8698,69.1733,68.6808,67.4348,0.9778,0.0000,0.0000,0.0000,1.69,1.302,-,0.568,-,-,-,-,-,-,-,-,69.90,1.30,"2,098",133.7910,39.05%,14.21%,20.41%,60.95%,0.00%,4.43%,-,12.00,6.48,43.89,29 Oct 2025,20 Dec 2025,10.79,10.20,1791168860.00,A-EQ,179116886
PUBALIBANK,Pubali Bank PLC.,Bank,A,59657.77,4.53,38.20,0.53,38.20,19.5210,"513,673",45.2824,-86.2069,39.0450,37.7880,35.5565,38.8204,38.8761,38.6313,0.2448,0.4825,40.4283,37.6617,15.9400,-475982.4386,38.8200,39.0192,39.0629,0.7884,0.0000,0.0000,0.0000,2.62,-,-,-,-,0.557,0.209,-,0.009,0.154,0.011,-,38.00,0.20,179,19.5210,68.13%,24.64%,43.44%,31.87%,0.00%,0.05%,20.00,10.00,8.38,54.32,30 Apr 2026,16 Jun 2026,4.53,4.33,15617218420.00,A-EQ,1561721842
PURABIGEN,Purabi General Insurance Co. Ltd.,Insurance,A,1776.43,19.55,29.70,-1.33,29.70,2.2230,"74,312",37.8909,-97.3684,31.5050,31.8720,24.9490,30.7213,30.9186,31.3505,-0.4319,-0.2020,33.2660,29.7440,215.5400,-293380.3609,30.5133,30.7987,31.2152,1.3591,0.0000,0.0000,0.0000,3.37,-,-,-,-,-,-,-,-,-,-,-,30.10,-0.40,201,2.2230,68.42%,25.19%,43.21%,31.58%,0.00%,0.02%,-,10.00,1.21,14.29,13 May 2026,30 Aug 2026,19.55,17.92,598125060.00,A-EQ,59812506
QUASEMIND,Quasem Industries Ltd.,Engineering,A,3279.97,40.29,41.00,-2.15,41.00,4.6700,"113,123",27.8713,-90.1961,43.8450,44.8720,41.6800,42.3162,42.6675,43.6727,-1.0052,-0.7067,47.1806,40.5094,151.7800,-373867.4127,41.9889,42.2410,42.9814,1.5158,0.0000,0.0000,0.0000,-,1.042,0.047,0.384,-,0.122,0.052,0.245,0.019,0.036,-,-,41.90,-0.90,278,4.6700,70.00%,19.87%,50.13%,30.00%,0.00%,0.00%,10.00,-,1.04,29.06,27 Oct 2025,24 Dec 2025,40.29,37.86,799991950.00,A-EQ,79999195
QUEENSOUTH,Queen South Textile Mills Ltd.,Textile,B,2365.32,77.00,15.50,0.65,15.50,16.9320,"1,090,647",38.4833,-88.3721,17.4250,16.6260,12.9025,16.0261,16.2942,16.7332,-0.4390,-0.0569,20.4871,14.3629,844.5600,-2679539.7119,15.6444,15.9474,16.6905,1.4013,0.0000,0.0000,0.0000,0.32,1.681,-,0.859,-,-,-,-,-,-,-,-,15.40,0.10,598,16.9320,48.43%,12.55%,34.82%,51.57%,0.00%,1.06%,-,0.50,0.20,15.82,28 Oct 2025,22 Dec 2025,77.00,48.13,1526014390.00,B-EQ,152601439
RAHIMAFOOD,Rahima Food Corporation Limited,Food & Allied,Z,1482.01,135.71,74.10,-2.50,74.10,1.7680,"23,740",,,,,,,,,,,,,,,,,,,,,,0.27,0.862,-,0.786,0.155,0.149,0.120,0.253,0.036,0.059,-,-,76.00,-1.90,154,1.7680,64.05%,6.42%,57.63%,35.95%,0.00%,0.00%,-,2.00,0.56,9.43,28 Oct 2025,23 Dec 2025,135.71,-,200002000.00,Z-EQ,20000200
RAHIMTEXT,Rahim Textile Mills PLC.,Textile,A,1861.67,154.50,196.80,-1.25,196.80,0.7570,"3,846",34.8251,-93.2258,208.8700,211.5340,203.9300,202.5873,204.2157,207.9221,-3.7064,-1.8745,222.5356,195.2044,68.6600,-27927.7212,200.7489,202.9026,206.3681,1.0971,0.0000,0.0000,0.0000,0.51,0.883,-,0.493,-,-,-,-,-,-,-,-,199.30,-2.50,102,0.7570,29.06%,7.35%,21.71%,70.94%,0.00%,0.00%,-,10.00,1.29,25.83,27 Oct 2025,15 Dec 2025,154.50,72.56,94596830.00,A-EQ,9459683
RAKCERAMIC,RAK Ceramics (Bangladesh) Limited,Ceramics Sector,A,12710.67,-,29.70,-1.98,29.70,16.6280,"556,726",44.2781,-78.5714,30.4650,30.4140,25.0930,30.3821,30.4126,30.4094,0.0032,0.0718,31.7069,29.2231,33.5900,-1038435.0518,30.4111,30.3705,30.3781,1.4473,0.0000,0.0000,0.0000,3.37,-,-,-,-,-,-,0.132,-,-,-,-,30.30,-0.60,632,16.6280,27.92%,17.47%,10.41%,72.08%,0.00%,0.04%,-,10.00,-0.93,15.30,05 Feb 2026,31 Mar 2026,-,303.00,4279687010.00,A-EQ,427968701
RANFOUNDRY,Rangpur Foundry Limited,Engineering,A,1531.00,39.97,153.00,-0.78,153.10,1.6910,"11,014",35.8103,-91.9492,160.8650,161.3920,154.2385,157.0001,158.0528,160.1595,-2.1068,-0.7864,170.1856,151.5444,79.8600,-34961.2593,155.8200,157.4449,159.4790,0.9694,0.0000,0.0000,0.0000,1.50,3.600,-,0.899,-,0.063,0.026,0.204,0.083,0.110,-,-,154.30,-1.20,94,1.6910,50.11%,30.31%,19.80%,49.89%,0.00%,0.00%,-,23.00,3.86,35.09,27 Oct 2025,24 Dec 2025,39.97,36.86,100000000.00,A-EQ,10000000
RDFOOD,Rangpur Dairy & Food Products Limited,Food & Allied,B,1755.00,38.85,23.10,-2.53,23.10,7.0680,"302,485",24.5164,-97.8723,26.0800,27.4220,22.8785,24.3840,24.7814,25.9678,-1.1864,-0.8719,29.5469,22.6131,229.8100,-695999.5064,23.9533,24.3128,25.1814,1.5446,0.0000,0.0000,0.0000,0.43,1.546,-,1.007,0.047,0.049,0.037,0.194,0.023,0.036,-,-,23.70,-0.60,446,7.0680,66.58%,10.05%,56.53%,33.42%,0.00%,0.00%,-,1.00,0.61,16.92,02 Nov 2025,22 Dec 2025,38.85,34.18,759739560.00,B-EQ,75973956
RECKITTBEN,Reckitt Benckiser (Bangladesh) PLC,Pharmaceuticals & Chemicals,A,15553.76,19.05,3291.80,-0.07,3291.80,0.9980,303,39.2852,-97.2010,3303.2300,3313.8680,3400.5150,3298.2719,3299.7356,3305.2877,-5.5521,-4.9506,3315.9046,3290.5554,2.1200,-628.7067,3297.3311,3298.5756,3300.8576,0.2318,0.0000,0.0000,0.0000,5.26,1.538,-,1.183,-,0.203,0.138,0.485,0.195,0.454,-,-,3294.20,-2.40,77,0.9980,13.27%,6.84%,6.42%,82.96%,3.77%,0.01%,-,1730.00,172.93,187.58,03 May 2026,29 Jun 2026,19.05,25.60,47250000.00,A-EQ,4725000
REGENTTEX,Regent Textile Mills Limited,Textile,Z,835.98,-,6.50,3.17,6.50,0.6870,"106,865",48.1659,-43.7500,6.8200,6.4380,4.5415,6.5062,6.5521,6.5912,-0.0391,0.0433,7.6057,6.0343,124.8200,-257229.3023,6.4489,6.4923,6.6324,1.4631,0.0000,0.0000,0.0000,-,2.915,-,2.028,-,-,-,-,-,-,-,-,6.30,0.20,156,0.6870,45.45%,4.61%,40.84%,54.55%,0.00%,0.00%,-,-,-1.62,26.52,22 Nov 2021,30 Dec 2021,-,-,1286121370.00,Z-EQ,128612137
RELIANCE1,Reliance One the 1st scheme of Reliance Insurance Mutual Fund,Mutual Funds,A,798.60,-,13.20,-5.04,13.20,39.6550,"2,962,867",60.0283,-44.4444,12.5350,11.9120,12.8925,13.1215,12.9764,12.5389,0.4375,0.3246,13.8653,11.2047,852.5300,-1711589.4865,13.3178,13.1282,12.7938,0.7015,0.0000,0.0000,0.0000,-,-,-,-,-,-,-,-,-,-,-,-,13.90,-0.70,"1,098",39.6550,80.00%,26.98%,53.02%,20.00%,0.00%,0.00%,-,10.00,1.15,11.62,17 Aug 2026,-,-,12.09,605000000.00,A-MF,60500000
RELIANCINS,Reliance Insurance PLC,Insurance,A,11199.66,12.80,106.50,-1.21,106.50,5.4110,"50,713",39.8905,-91.5033,112.6000,114.0540,84.0430,110.1880,110.8276,111.9504,-1.1228,-0.2466,118.3587,106.8413,69.5300,-168141.6513,109.7489,110.6218,111.6924,1.1935,0.0000,0.0000,0.0000,2.82,-,-,-,-,-,-,-,-,-,-,-,107.80,-1.30,196,5.4110,32.05%,7.83%,24.22%,67.95%,0.00%,0.00%,-,30.00,8.42,78.95,01 Mar 2026,30 Apr 2026,12.80,8.27,1051610870.00,A-EQ,105161087
RENATA,Renata PLC.,Pharmaceuticals & Chemicals,A,52829.20,24.01,460.60,-0.90,460.60,7.8730,"17,049",40.2080,-86.3158,468.4250,464.4960,428.6600,465.0779,465.9284,466.3999,-0.4715,1.1745,475.4338,461.4162,7.6100,-37349.7473,464.1978,465.1282,466.8976,0.6961,0.0000,0.0000,0.0000,1.19,1.443,0.189,0.463,-,0.141,0.096,0.442,0.064,0.107,-,-,464.80,-4.20,393,7.8730,48.71%,23.12%,8.01%,51.29%,0.00%,17.58%,-,55.00,19.36,305.49,28 Oct 2025,20 Dec 2025,24.01,17.10,1146964900.00,A-EQ,114696490
RENATAPS,Renata PLC,Pharmaceuticals & Chemicals,P,3250.00,-,0.00,0.00,1900.00,0.0000,0,,,,,,,,,,,,,,,,,,,,,,-,1.570,0.268,0.540,-,0.098,0.052,0.410,0.038,0.063,-,-,1900.00,0.00,0,0.0000,0.00%,0.00%,0.00%,0.00%,0.00%,0.00%,-,-,0.00,0.00,-,-,-,-,17105260.00,-,1710526
RENWICKJA,Renwick Jajneswar & Company (Bd),Engineering,Z,1525.60,-,762.80,-3.25,762.80,0.9590,"1,266",41.3252,-87.8212,832.6100,778.6900,573.4080,794.8214,803.6841,813.9466,-10.2625,4.3713,926.7223,738.4977,28.6100,-734.2112,783.7733,791.2603,813.1824,0.5817,0.0000,0.0000,0.0000,-,0.664,-,0.411,-,-,-,0.196,-,0.073,-,-,788.40,-25.60,137,0.9590,49.00%,14.46%,34.54%,0.00%,51.00%,0.00%,-,-,-7.76,-105.59,27 Oct 2025,15 Dec 2025,-,-,20000000.00,Z-EQ,2000000
REPUBLIC,Republic Insurance PLC,Insurance,A,2144.40,21.28,39.20,-2.00,39.20,13.0910,"332,740",48.7498,-80.9524,40.1150,38.0960,32.8555,40.1361,40.1673,39.5676,0.5997,0.9506,44.6318,35.5982,429.8500,-242140.2163,39.9733,40.4026,40.5743,1.3496,0.0000,0.0000,0.0000,2.61,-,-,-,-,-,-,-,-,-,-,-,40.00,-0.80,396,13.0910,58.29%,18.86%,39.43%,41.71%,0.00%,0.00%,-,10.25,1.88,19.70,30 Apr 2026,29 Jun 2026,21.28,18.35,547041560.00,A-EQ,54704156
RINGSHINE,Ring Shine Textiles Ltd.,Textile,Z,2001.25,-,4.00,-2.44,4.00,2.2770,"560,291",37.1066,-100.0000,4.5850,4.1400,3.4315,4.2906,4.3456,4.3619,-0.0163,0.0969,5.1664,4.0036,139.4900,-1332202.1062,4.2311,4.3128,4.4524,1.5360,0.0000,0.0000,0.0000,-,0.576,-,0.300,-,-,-,-,-,-,-,-,4.10,-0.10,194,2.2770,63.54%,8.03%,55.51%,36.46%,0.00%,0.00%,-,-,-3.06,-8.03,28 Oct 2024,18 Dec 2024,-,-,5003130430.00,Z-EQ,500313043
ROBI,Robi Axiata PLC.,Telecommunication,A,159756.95,17.15,30.50,-0.65,30.50,32.8240,"1,073,465",28.3025,-90.4762,31.4450,32.1000,30.1105,30.9602,31.0946,31.4797,-0.3851,-0.2710,32.4301,30.4599,7.6400,-1685826.8184,30.8289,30.9538,31.2095,1.1873,0.0000,0.0000,0.0000,5.74,0.247,0.000,0.242,0.113,0.188,0.094,0.387,0.045,0.134,-,-,30.70,-0.20,"1,139",32.8240,10.00%,3.07%,6.93%,90.00%,0.00%,0.00%,-,17.50,1.79,13.34,22 Feb 2026,22 Apr 2026,17.15,16.16,52379328950.00,A-EQ,5237932895
RSRMSTEEL,Ratanpur Steel Re-Rolling Mills Limited,Engineering,Z,748.80,-,7.30,-1.33,7.40,0.6170,"83,988",37.7410,-88.8889,7.7700,7.8620,7.3405,7.5588,7.6040,7.7193,-0.1154,-0.0704,8.2339,7.3061,31.2900,-100353.1061,7.5044,7.5564,7.6719,1.5710,0.0000,0.0000,0.0000,-,3.334,0.217,2.357,-,-,-,-,-,-,-,-,7.50,-0.10,53,0.6170,70.07%,34.04%,36.03%,29.93%,0.00%,0.00%,-,-,-3.75,44.94,21 Nov 2021,30 Dec 2021,-,-,1011890880.00,Z-EQ,101189088
RUNNERAUTO,Runner Automobiles PLC,Engineering,A,5483.98,53.00,48.30,1.26,48.30,57.1500,"1,195,021",53.2875,-72.8395,48.3050,44.7640,39.3000,49.3030,49.0563,47.5185,1.5378,1.7197,52.9050,43.7050,540.4100,-313395.9830,49.9689,49.7744,49.0571,1.3386,0.0000,0.0000,0.0000,2.07,1.498,0.437,1.217,-,0.181,0.012,0.310,0.005,0.014,-,-,47.70,0.60,"1,951",57.1500,65.81%,42.89%,22.92%,34.19%,0.00%,0.00%,-,10.00,0.90,66.70,28 Oct 2025,23 Dec 2025,53.00,71.55,1135399320.00,A-EQ,113539932
RUPALIBANK,Rupali Bank PLC.,Bank,Z,16189.71,125.71,17.20,-2.27,17.20,1.5370,"88,500",43.8467,-100.0000,17.4950,17.3520,17.7575,17.4758,17.4911,17.4765,0.0146,0.0551,17.8648,17.1252,3.2900,-93741.5241,17.4689,17.5026,17.5138,1.3801,0.0000,0.0000,0.0000,-,-,-,-,-,0.094,0.005,-,0.000,0.004,0.000,-,17.60,-0.40,154,1.5370,5.09%,1.66%,3.43%,0.00%,94.91%,0.00%,-,-,0.14,35.02,03 May 2026,19 Jul 2026,125.71,-,9412623180.00,Z-EQ,941262318
RUPALIINS,Rupali Insurance Company Limited,Insurance,A,2270.06,28.92,28.20,-4.41,28.20,8.6060,"301,087",38.4394,-96.4286,30.4250,29.4000,24.7445,29.7494,29.9188,29.9557,-0.0369,0.3176,32.5435,28.3065,316.1800,-640424.1932,29.5667,29.8859,30.2838,1.4478,0.0000,0.0000,0.0000,1.77,-,-,-,-,-,-,-,-,-,-,-,29.50,-1.30,360,8.6060,53.65%,18.45%,35.20%,46.35%,0.00%,0.00%,5.00,5.00,1.02,20.41,27 Apr 2026,29 Jul 2026,28.92,20.77,804986810.00,A-EQ,80498681
RUPALILIFE,Rupali Life Insurance PLC,Insurance,A,2362.12,-,78.70,-1.50,78.70,7.7000,"97,803",32.5539,-85.4054,86.5500,90.2740,85.7855,81.6795,82.8860,86.2698,-3.3838,-2.3268,97.2648,75.8352,226.4900,-337364.2362,80.1578,81.2885,84.0333,1.4362,0.0000,0.0000,0.0000,1.52,-,-,-,-,-,-,-,-,-,-,-,79.90,-1.20,436,7.7000,67.93%,21.74%,46.19%,32.07%,0.00%,0.00%,-,12.00,0.00,0.00,21 Jul 2026,24 Sep 2026,-,-,300142360.00,A-EQ,30014236
SAFKOSPINN,Safko Spinnings Mills Limited,Textile,Z,608.63,-,20.30,1.50,20.30,1.6340,"81,179",47.9593,-63.6364,20.4700,20.6140,17.0030,20.2394,20.2805,20.4501,-0.1696,-0.1592,21.3764,19.5636,132.6300,-85427.3336,20.2067,20.1962,20.3000,1.3036,0.0000,0.0000,0.0000,-,0.114,-,0.021,-,-,-,-,-,-,-,-,20.00,0.30,84,1.6340,70.00%,4.87%,65.13%,30.00%,0.00%,0.00%,-,-,-7.52,-4.50,29 Oct 2025,24 Dec 2025,-,-,299817160.00,Z-EQ,29981716
SAIFPOWER,Saif Powertec Limited,Services & Real Estate,Z,3565.78,13.71,9.40,-2.08,9.40,1.9210,"203,798",43.0160,-94.4444,9.9100,9.8960,6.8250,9.6931,9.7482,9.7788,-0.0306,0.0759,10.5995,9.2205,45.7900,-197268.9680,9.6244,9.7205,9.8471,1.7515,0.0000,0.0000,0.0000,-,1.467,-,1.122,0.068,0.283,0.053,0.432,0.008,0.036,-,-,9.60,-0.20,196,1.9210,59.94%,18.86%,41.08%,40.06%,0.00%,0.00%,-,1.00,0.70,17.01,27 Oct 2024,30 Dec 2024,13.71,13.71,3793386470.00,Z-EQ,379338647
SAIFPOWER,Saif Powertec Limited,Services & Real Estate,Z,3565.78,13.71,9.40,-2.08,9.40,1.9210,"203,798",43.0160,-94.4444,9.9100,9.8960,6.8250,9.6931,9.7482,9.7788,-0.0306,0.0759,10.5995,9.2205,45.7900,-197268.9680,9.6244,9.7205,9.8471,1.7515,0.0000,0.0000,0.0000,1.06,1.467,-,1.122,0.068,0.283,0.053,0.432,0.008,0.036,-,-,9.60,-0.20,196,1.9210,59.94%,18.86%,41.08%,40.06%,0.00%,0.00%,-,1.00,0.70,17.01,27 Oct 2024,30 Dec 2024,13.71,13.71,3793386470.00,Z-EQ,379338647
SAIHAMCOT,Saiham Cotton Mills Limited,Textile,B,3377.19,20.91,22.70,9.66,22.70,167.7470,"7,521,253",57.7057,-33.3333,22.1250,21.1480,19.7030,21.6013,21.6818,21.6859,-0.0041,0.1705,23.8587,20.3913,1041.0800,-1239130.1333,21.3644,21.5654,21.8552,1.2501,0.0000,0.0000,0.0000,3.08,1.120,-,0.255,-,-,-,-,-,-,-,-,20.70,2.00,"2,799",167.7470,57.60%,20.98%,36.62%,42.40%,0.00%,0.00%,-,7.00,0.99,38.26,29 Oct 2025,29 Dec 2025,20.91,19.65,1487750000.00,B-EQ,148775000
SAIHAMTEX,Saiham Textile Mills Limited,Textile,B,3214.97,55.93,35.50,7.58,35.50,267.5420,"7,771,291",90.4751,-7.1429,29.2700,23.2140,19.4400,32.0027,31.2146,28.1250,3.0896,2.8129,35.2574,23.2826,1649.1100,5047455.5894,32.5956,32.1654,30.8271,1.2438,0.0000,0.0000,0.0000,1.69,1.691,-,0.608,-,-,-,-,-,-,-,-,33.00,2.50,"2,702",267.5420,65.80%,35.55%,30.25%,34.20%,0.00%,0.00%,-,6.00,0.59,43.77,29 Oct 2025,29 Dec 2025,55.93,48.53,905625000.00,B-EQ,90562500
SALAMCRST,S. Alam Cold Rolled Steels Limited,Engineering,Z,1219.80,25.71,12.40,-1.59,12.40,1.1030,"88,080",40.7419,-91.3043,12.8450,13.7540,14.5720,12.7144,12.7774,13.1010,-0.3236,-0.3374,13.7476,11.9424,105.9900,-209970.4806,12.7244,12.7603,12.7724,1.3081,0.0000,0.0000,0.0000,4.03,0.881,-,0.422,-,0.151,0.007,0.160,0.002,0.022,-,-,12.60,-0.20,137,1.1030,51.50%,24.63%,26.87%,48.50%,0.00%,0.00%,-,5.00,0.49,18.55,01 Nov 2023,23 Jan 2024,25.71,33.75,983711000.00,Z-EQ,98371100
SALVO,Salvo Organic Industries PLC.,Pharmaceuticals & Chemicals,B,2145.75,57.24,33.00,-0.60,33.00,8.1390,"246,221",30.0090,-83.0508,35.6350,37.0560,0.0000,33.8283,34.2422,35.5202,-1.2780,-0.9704,39.5933,31.6767,259.8900,-729488.4747,33.3267,33.6692,34.6343,1.1606,0.0000,0.0000,0.0000,0.76,0.478,0.355,0.300,-,0.077,0.014,0.115,0.013,0.035,-,-,33.20,-0.20,339,8.1390,69.85%,6.36%,63.49%,30.15%,0.00%,0.00%,-,2.50,0.58,16.57,19 Aug 2025,29 Sep 2025,57.24,56.59,650227930.00,B-EQ,65022793
SAMATALETH,Samata Leather Complex Limited,Tannery Industries,B,924.67,-,89.60,-0.22,89.60,4.0550,"45,166",32.0208,-93.1818,101.3150,101.4720,94.6805,95.2575,96.6768,99.7827,-3.1059,-1.4504,113.3285,89.3015,332.8500,-156704.1658,93.7933,95.4628,98.6748,1.2127,0.0000,0.0000,0.0000,-,3.999,-,2.977,0.007,0.001,-,0.101,-,-,-,-,89.80,-0.20,362,4.0550,66.13%,3.97%,62.16%,33.87%,0.00%,0.00%,-,-,-0.02,14.35,27 Nov 2025,31 Dec 2025,-,-,103200000.00,B-EQ,10320000
SAMORITA,Samorita Hospital Limited,Services & Real Estate,B,2147.39,163.71,98.50,-2.96,98.50,51.5590,"510,185",46.4409,-86.0000,102.9550,94.0800,76.0315,104.8625,104.7034,101.3308,3.3727,4.6106,116.9001,89.0099,847.7100,-153467.0627,105.9778,106.5731,105.2829,1.0943,0.0000,0.0000,0.0000,0.51,1.668,-,1.342,0.045,0.040,0.034,0.580,0.011,0.013,-,-,101.50,-3.00,"1,945",51.5590,55.40%,9.13%,46.26%,44.60%,0.00%,0.01%,-,5.00,0.62,48.39,22 Oct 2025,09 Dec 2025,163.71,98.86,218008970.00,B-EQ,21800897
SANDHANINS,Sandhani Life Insurance Company Ltd.,Insurance,A,2731.50,22.26,24.90,-2.73,24.90,7.4040,"294,988",28.6879,-97.9592,27.8800,27.1800,22.4510,26.7496,27.0391,27.3939,-0.3548,0.1138,30.2658,25.4942,240.4300,-1435902.8776,26.5267,26.8474,27.4333,1.3500,0.0000,0.0000,0.0000,4.82,-,-,-,-,-,-,-,-,-,-,-,25.60,-0.70,373,7.4040,68.33%,16.71%,51.62%,31.67%,0.00%,0.00%,-,12.00,1.20,18.00,20 Jul 2026,29 Sep 2026,22.26,21.33,1096986330.00,A-EQ,109698633
SAPORTL,Summit Alliance Port Limited,Services & Real Estate,A,13525.11,21.05,57.10,-4.83,57.10,131.2270,"2,268,903",44.7218,-88.5246,59.8000,55.4160,48.6505,59.9727,59.9035,58.4650,1.4385,1.9636,63.6213,55.9787,312.1900,-100903.8098,60.1978,60.4654,60.3552,1.2151,0.0000,0.0000,0.0000,3.15,0.627,-,0.623,0.153,0.214,0.116,0.264,0.061,0.100,-,-,60.00,-2.90,"1,659",131.2270,37.32%,11.62%,25.63%,62.68%,0.00%,0.07%,-,18.00,2.85,35.67,09 Nov 2025,23 Dec 2025,21.05,27.78,2368671230.00,A-EQ,236867123
SAVAREFR,Savar Refractories Limited,Miscellaneous,Z,300.15,-,0.00,0.00,215.50,0.0000,0,8.6600,-52.3810,215.5000,216.5680,245.1760,216.0274,216.9502,223.9176,-6.9674,-8.2196,224.7257,206.2743,0.6400,-0.1356,215.5000,215.5000,215.5000,0.9749,0.0000,0.0000,0.0000,-,0.349,-,0.147,-,-,-,0.181,-,-,-,-,215.50,0.00,0,0.0000,49.32%,7.18%,42.14%,50.68%,0.00%,0.00%,-,-,-4.86,90.66,29 Oct 2023,17 Feb 2024,-,-,13928000.00,Z-EQ,1392800
SBACBANK,SBAC Bank PLC,Bank,Z,5522.08,680.00,6.70,-1.47,6.70,0.1190,"17,738",42.6785,-100.0000,7.0700,6.7860,6.4365,6.9036,6.9374,6.9452,-0.0077,0.0630,7.5009,6.6391,9.9000,-70790.7323,6.8711,6.9128,6.9843,1.5609,0.0000,0.0000,0.0000,-,-,-,-,-,0.274,0.002,-,0.000,0.001,0.000,-,6.80,-0.10,47,0.1190,27.58%,13.15%,14.43%,72.42%,0.00%,0.00%,-,-,0.01,13.61,30 Apr 2026,15 Jun 2026,680.00,20.00,8241916500.00,Z-EQ,824191650
SEAPEARL,Sea Pearl Beach Resort & Spa Limited,Travel & Leisure,B,4359.08,15.91,36.10,-2.17,36.10,15.5520,"428,018",36.3506,-97.8261,38.3800,39.0340,35.8160,37.3303,37.6126,38.3726,-0.7599,-0.4977,40.6875,36.0725,150.4000,-750053.3322,37.0622,37.3154,37.8552,1.2901,0.0000,0.0000,0.0000,0.28,0.303,0.070,0.303,-,0.212,-,0.706,-,-,-,-,36.90,-0.80,806,15.5520,53.17%,10.95%,42.22%,46.83%,0.00%,0.00%,-,1.00,-2.46,15.28,28 Oct 2025,-,15.91,-,1207500000.00,B-EQ,120750000
SEB1PBOND,Southeast Bank 1st Perpetual Bond,Corporate Bond,A,460.00,-,0.00,0.00,4600.00,0.0000,0,,,,,,,,,,,,,,,,,,,,,,0.02,-,-,-,-,-,-,-,-,-,-,-,4600.00,0.00,0,0.0000,0.00%,0.00%,0.00%,0.00%,0.00%,0.00%,-,10.00,0.00,0.00,04 Sep 2025,-,-,-,1000000.00,A-CB,100000
SEMLFBSLGF,SEML FBLSL Growth Fund,Mutual Funds,A,488.73,-,6.70,-1.47,6.70,2.9720,"442,219",42.1720,-92.3077,7.2900,6.7920,5.5080,6.8656,6.9367,7.0181,-0.0814,0.0363,8.3199,6.2601,389.8600,-347641.0695,6.7556,6.8205,7.0400,1.2285,0.0000,0.0000,0.0000,-,-,-,-,-,-,-,-,-,-,-,-,6.80,-0.10,44,2.9720,85.61%,20.80%,64.81%,14.39%,0.00%,0.00%,-,-,0.00,0.00,-,-,-,7.56,729445000.00,A-MF,72944500
SEMLIBBLSF,SEML IBBL Shariah Fund,Mutual Funds,A,790.00,55.00,7.90,2.60,7.90,1.3570,"172,528",56.0056,-42.8571,7.8950,7.6000,6.4165,7.7294,7.7488,7.7550,-0.0062,0.0334,8.4698,7.3202,59.6500,-30948.1055,7.6822,7.6833,7.7681,0.9184,0.0000,0.0000,0.0000,-,-,-,-,-,-,-,-,-,-,-,-,7.70,0.20,82,1.3570,50.00%,27.17%,22.83%,50.00%,0.00%,0.00%,-,-,0.49,10.00,19 Aug 2026,-,55.00,15.71,1000000000.00,A-MF,100000000
SHAHJABANK,Shahjalal Islami Bank PLC.,Bank,A,19476.95,5.32,17.60,-0.57,17.50,0.9680,"55,279",49.8949,-60.0000,17.5150,17.4980,17.1670,17.5336,17.5299,17.5052,0.0247,0.0282,17.6640,17.3660,4.0900,40030.6849,17.5356,17.5321,17.5243,0.5279,0.0000,0.0000,0.0000,7.43,-,-,-,-,0.674,0.172,-,0.009,0.142,0.010,-,17.60,-0.10,43,0.9680,56.99%,24.42%,32.57%,43.01%,0.00%,0.00%,-,13.00,3.31,23.07,09 Apr 2026,24 May 2026,5.32,3.18,11129683510.00,A-EQ,1112968351
SHARPIND,Sharp Industries PLC,Textile,B,7738.03,247.27,25.50,-6.25,25.50,212.4170,"7,796,183",34.5314,-95.6938,36.8650,31.0280,18.6845,31.7120,32.8426,33.8112,-0.9687,1.0583,48.0072,25.7228,964.3800,-11383949.0196,30.4667,31.9269,34.8186,1.3708,0.0000,0.0000,0.0000,-,1.048,-,0.594,-,-,-,-,-,-,-,-,27.20,-1.70,"6,265",212.4170,63.37%,27.30%,36.07%,36.63%,0.00%,0.00%,-,-,0.11,10.08,27 Oct 2025,21 Dec 2025,247.27,-,3034521090.00,B-EQ,303452109
SHASHADNIM,Shasha Denims PLC,Textile,B,3751.56,16.82,26.60,0.76,26.60,16.9790,"635,275",38.5793,-85.7143,28.4300,27.0920,20.3400,27.4398,27.6508,27.7719,-0.1210,0.2856,30.4923,26.3677,240.0600,-753454.2392,27.2200,27.5051,27.9762,1.1875,0.0000,0.0000,0.0000,1.88,1.131,-,0.699,-,-,-,-,0.001,0.001,-,-,26.40,0.20,385,16.9790,55.60%,25.00%,30.25%,44.40%,0.00%,0.35%,-,5.00,1.57,41.84,29 Oct 2025,23 Dec 2025,16.82,50.77,1410359100.00,B-EQ,141035910
SHEPHERD,Shepherd Industries PLC,Textile,B,2310.70,377.50,15.00,-0.66,15.00,18.3510,"1,214,718",30.8217,-88.2353,16.5750,16.7400,14.4255,15.4915,15.7142,16.2673,-0.5532,-0.3244,18.8864,14.2636,439.5400,-1747963.2389,15.2000,15.4269,15.9833,1.1019,0.0000,0.0000,0.0000,0.67,1.287,-,0.510,-,-,-,-,-,-,-,-,15.10,-0.10,614,18.3510,55.01%,30.10%,22.44%,44.99%,0.00%,2.47%,-,1.00,0.04,13.41,29 Oct 2025,30 Dec 2025,377.50,-,1540464730.00,B-EQ,154046473
SHURWID,Shurwid Industries Limited,Engineering,Z,344.21,4.49,6.00,-3.23,6.00,0.0900,"14,950",41.9163,-85.7143,6.3050,6.3260,5.6915,6.1547,6.1808,6.2364,-0.0556,-0.0245,6.6915,5.9185,80.0200,-56612.4813,6.1244,6.1654,6.2329,1.4698,0.0000,0.0000,0.0000,16.67,5.671,0.087,5.525,-,0.407,0.369,0.483,0.088,0.113,-,-,6.20,-0.20,29,0.0900,87.99%,9.75%,78.24%,12.01%,0.00%,0.00%,-,10.00,1.38,12.21,03 Nov 2019,30 Dec 2019,4.49,2.46,573677500.00,Z-EQ,57367750
SHYAMPSUG,Shyampur Sugar Mills Limited,Food & Allied,Z,1515.50,-,308.50,-2.85,303.10,1.9620,"6,436",52.6537,-33.7474,301.2500,283.9520,193.2685,302.6984,302.0720,297.8887,4.1833,4.7764,324.4729,278.0271,100.4500,9928.9145,303.3511,301.3474,300.5048,0.8972,0.0000,0.0000,0.0000,-,0.037,-,0.028,-,-,-,-,-,0.039,-,-,312.00,-8.90,92,1.9620,49.00%,6.33%,42.67%,0.00%,51.00%,0.00%,-,-,-50.77,-1310.44,27 Oct 2025,15 Dec 2025,-,-,50000000.00,Z-EQ,5000000
SIBL,Social Islami Bank PLC,Bank,A,3420.47,-,0.00,0.00,3.00,0.0000,0,31.3124,-100.0000,3.7100,4.3600,7.5535,3.3115,3.4113,3.8136,-0.4023,-0.3725,4.6456,2.7744,59.6900,-962520.2054,3.2244,3.2923,3.4724,1.2765,0.0000,0.0000,0.0000,-,-,-,-,-,-,-,-,-,-,-,-,3.00,0.00,0,0.0000,88.38%,68.54%,18.97%,11.62%,0.00%,0.87%,-,-,-0.89,18.15,01 Jun 2025,18 Aug 2025,-,-,11401551000.00,A-EQ,1140155100
SICL,Sikder Insurance Company Limited,Insurance,B,1456.00,30.47,36.40,-6.67,36.40,25.8120,"694,559",43.1546,-87.8378,37.8600,38.7340,27.2805,38.4708,38.4275,38.3453,0.0822,0.0258,40.8578,34.8622,629.6800,-246832.9931,38.7600,38.6603,38.2776,1.4738,0.0000,0.0000,0.0000,2.75,-,-,-,-,-,-,-,-,-,-,-,39.00,-2.60,877,25.8120,49.60%,4.25%,45.35%,50.40%,0.00%,0.00%,-,10.00,1.36,13.94,15 Jun 2026,27 Sep 2026,30.47,18.57,400000000.00,B-EQ,40000000
SILCOPHL,Silco Pharmaceuticals Limited,Pharmaceuticals & Chemicals,B,1775.10,41.95,17.10,-0.58,17.10,3.4580,"202,115",23.4868,-97.5000,19.5200,20.5780,16.0905,18.0082,18.3639,19.3542,-0.9904,-0.6753,22.6324,16.4076,213.6700,-967056.7181,17.6333,17.9500,18.7119,1.3693,0.0000,0.0000,0.0000,0.64,4.707,-,2.622,-,0.190,0.099,0.356,0.015,0.018,-,-,17.20,-0.10,208,3.4580,64.73%,17.32%,47.41%,35.27%,0.00%,0.00%,-,1.10,0.41,23.02,18 Nov 2025,15 Dec 2025,41.95,40.31,1038070000.00,B-EQ,103807000
SILVAPHL,Silva Pharmaceuticals Ltd.,Pharmaceuticals & Chemicals,B,1801.80,-,13.20,-1.49,13.20,3.8400,"288,281",24.2936,-97.3684,15.6050,15.5960,11.6205,14.2123,14.5262,15.2128,-0.6866,-0.3204,18.4136,12.7964,241.3100,-938926.7619,13.8956,14.1923,14.8762,1.5412,0.0000,0.0000,0.0000,-,14.899,-,6.945,-,-,-,0.267,-,-,-,-,13.40,-0.20,328,3.8400,54.84%,17.86%,36.97%,45.16%,0.00%,0.01%,-,-,-0.97,15.48,29 Oct 2025,30 Dec 2025,-,-,1365000000.00,B-EQ,136500000
SIMTEX,Simtex Industries PLC.,Textile,A,2013.76,23.98,25.30,2.43,25.30,35.2660,"1,390,368",37.9036,-76.3158,26.7050,27.2360,25.3670,25.4949,25.7627,26.4610,-0.6983,-0.4388,29.3131,24.0969,475.2600,-1445883.1357,25.1311,25.4359,26.0619,1.2306,0.0000,0.0000,0.0000,3.95,1.982,-,1.689,-,-,-,-,-,-,-,-,24.70,0.60,"1,386",35.2660,68.35%,7.36%,60.99%,31.65%,0.00%,0.00%,-,10.00,1.03,22.43,28 Oct 2025,24 Dec 2025,23.98,19.30,795953810.00,A-EQ,79595381
SINGERBD,Singer Bangladesh Limited,Engineering,Z,7308.22,-,73.30,-0.27,73.30,0.6880,"9,395",29.5548,-90.1639,76.0500,77.5660,84.7535,74.3318,74.7115,75.9636,-1.2521,-1.0074,79.8930,72.2070,7.5000,-40612.0533,73.9267,74.1808,75.0776,0.6848,0.0000,0.0000,0.0000,-,0.715,36.911,0.326,-,0.026,-,0.242,-,-,-,-,73.50,-0.20,95,0.6880,43.00%,29.06%,13.94%,57.00%,0.00%,0.00%,-,-,-22.56,1.69,01 Feb 2026,20 Apr 2026,-,-,997028380.00,Z-EQ,99702838
SINOBANGLA,Sinobangla Industries Limited,Miscellaneous,A,1548.07,40.47,51.10,-0.58,51.10,6.7290,"131,278",25.9444,-92.9577,54.9900,56.9000,50.3335,52.5057,53.0747,54.7404,-1.6657,-1.2001,60.2291,49.7509,275.3900,-425918.5404,51.8667,52.3705,53.6343,1.4987,0.0000,0.0000,0.0000,1.96,1.076,-,0.665,0.022,0.058,0.013,0.110,0.013,0.048,-,-,51.40,-0.30,376,6.7290,69.39%,4.52%,64.79%,30.61%,0.00%,0.08%,-,10.00,1.27,26.39,28 Oct 2025,26 Jan 2026,40.47,36.03,302948490.00,A-EQ,30294849
SIPLC,Sena Insurance PLC,Insurance,A,6040.00,27.79,151.00,5.08,151.00,47.4740,"318,023",64.0814,-25.7294,139.5200,120.9520,77.0215,143.9747,142.7497,134.9796,7.7701,8.7364,161.1358,117.9042,362.2800,124931.1225,144.3756,145.3410,143.3124,1.5198,0.0000,0.0000,0.0000,0.99,-,-,-,-,-,-,-,-,-,-,-,143.70,7.30,951,47.4740,40.00%,14.12%,25.88%,60.00%,0.00%,0.00%,-,15.00,5.17,28.58,17 Feb 2026,31 Mar 2026,27.79,21.19,400000000.00,A-EQ,40000000
SJIBLPBOND,SJIBL Mudaraba Perpetual Bond,Corporate Bond,A,474.35,-,0.00,0.00,4743.50,0.0000,0,48.1106,-17.6923,4732.2250,4850.1200,0.0000,4685.4918,4701.6567,4812.6820,-111.0253,-127.7733,5801.3399,3663.1101,0.0700,-1439.7826,4743.5000,4743.5000,4742.4262,-0.0893,0.0000,0.0000,0.0000,0.02,-,-,-,-,-,-,-,-,-,-,-,4743.50,0.00,0,0.0000,0.00%,0.00%,0.00%,0.00%,0.00%,0.00%,-,-,0.00,0.00,-,-,-,-,1000000.00,A-CB,100000
SKTRIMS,SK Trims & Industries Limited,Miscellaneous,Z,1168.86,25.93,13.80,-1.43,13.80,0.4020,"29,170",42.5249,-62.5000,14.3600,14.2140,10.1645,13.9811,14.0482,14.1669,-0.1186,-0.0269,15.3167,13.4033,49.6800,-93265.7599,13.9000,13.9372,14.1205,1.2160,0.0000,0.0000,0.0000,-,2.441,-,1.611,0.057,0.065,0.041,0.118,0.027,0.034,-,-,14.00,-0.20,71,0.4020,68.77%,26.66%,42.11%,31.23%,0.00%,0.00%,-,-,-3.33,12.03,01 Jun 2026,-,25.93,-,847000000.00,Z-EQ,84700000
SONALIANSH,Sonali Aansh Industries Limited,Jute,A,2380.05,23.99,219.40,4.03,219.40,31.2660,"145,222",54.7925,-60.4396,218.8250,209.9760,188.6075,216.2246,216.6865,215.6828,1.0037,2.4905,229.6777,207.9723,418.1500,-139292.9110,215.0222,216.2346,218.1233,1.3122,0.0000,0.0000,0.0000,0.68,1.983,-,1.538,0.073,0.069,0.055,0.114,0.070,0.268,-,-,210.90,8.50,"1,356",31.2660,68.98%,8.68%,60.30%,31.02%,0.00%,0.00%,-,15.00,8.79,32.81,19 Nov 2025,31 Dec 2025,23.99,28.15,108480000.00,A-EQ,10848000
SONALILIFE,Sonali Life Insurance PLC,Insurance,A,4104.00,49.83,86.40,0.23,86.40,7.7220,"89,379",53.6645,-51.1111,86.3600,85.2500,71.7125,85.4303,85.5006,85.4864,0.0141,0.1750,91.1786,81.5414,157.1700,-49648.5157,85.1333,85.0718,85.7357,1.3094,0.0000,0.0000,0.0000,1.74,-,-,-,-,-,-,-,-,-,-,-,86.20,0.20,289,7.7220,45.15%,3.98%,41.17%,54.85%,0.00%,0.00%,-,15.00,1.62,32.15,13 Jul 2026,27 Aug 2026,49.83,-,475000000.00,A-EQ,47500000
SONALIPAPR,Sonali Paper & Board Mills Limited,Paper & Printing,A,7567.51,32.04,229.70,0.00,229.70,14.4400,"62,831",37.5987,-93.1159,239.0650,238.4460,231.9320,233.2104,234.6067,237.4666,-2.8599,-1.1392,253.4242,224.7058,131.7900,-200564.0850,231.2644,232.9987,236.6852,1.2767,0.0000,0.0000,0.0000,1.74,0.981,-,0.610,0.100,0.137,0.084,0.163,0.033,0.043,-,-,229.70,0.00,563,14.4400,32.49%,5.87%,26.62%,67.51%,0.00%,0.00%,-,40.00,7.17,167.90,28 Oct 2025,18 Dec 2025,32.04,26.22,329451880.00,A-EQ,32945188
SONARBAINS,Sonar Bangla Insurance Limited,Insurance,A,1553.93,53.48,35.20,-4.61,35.20,8.2010,"229,197",32.0335,-92.6316,39.6200,41.8260,33.0285,37.7112,38.1971,39.5837,-1.3866,-0.9720,43.7206,35.5194,258.6200,-319522.2393,37.2133,37.7782,38.8548,1.4354,0.0000,0.0000,0.0000,1.42,-,-,-,-,-,-,-,-,-,-,-,36.90,-1.70,431,8.2010,63.15%,13.48%,49.67%,36.85%,0.00%,0.00%,5.00,5.00,0.69,20.02,10 May 2026,13 Aug 2026,53.48,35.48,441456920.00,A-EQ,44145692
SONARGAON,Sonargaon Textiles Limited,Textile,B,2728.75,-,103.10,-2.46,103.10,3.4230,"32,738",45.6251,-95.1111,111.6500,99.6440,52.0575,108.6817,109.2611,106.7568,2.5044,4.9555,123.7464,99.5536,486.7100,-100923.6442,107.8200,109.7410,111.4867,1.4832,0.0000,0.0000,0.0000,-,13.694,-,0.558,-,-,-,-,-,-,-,-,105.70,-2.60,284,3.4230,55.55%,28.87%,26.67%,44.45%,0.00%,0.01%,-,-,-0.80,18.35,27 Oct 2025,29 Dec 2025,-,-,264670560.00,B-EQ,26467056
SOUTHEASTB,Southeast Bank PLC.,Bank,A,16313.56,4.54,11.40,0.00,11.40,35.6330,"3,122,570",58.0918,-50.0000,11.1800,10.6600,9.7135,11.3163,11.2848,11.0750,0.2098,0.2394,11.9072,10.4528,74.7000,-2096529.1240,11.3200,11.3462,11.3048,0.9206,0.0000,0.0000,0.0000,2.63,-,-,-,-,0.604,0.169,-,0.006,0.097,0.007,-,11.40,0.00,501,35.6330,68.87%,39.14%,28.51%,31.13%,0.00%,1.22%,7.00,3.00,2.51,25.74,30 Apr 2026,23 Jul 2026,4.54,3.48,14310141350.00,A-EQ,1431014135
SPCERAMICS,Shinepukur Ceramics PLC.,Ceramics Sector,B,2807.05,123.13,19.10,-3.05,19.10,4.6260,"239,115",21.7519,-95.9184,21.9000,23.0540,19.1125,20.4725,20.8279,21.7972,-0.9692,-0.6448,24.6728,19.1272,157.8700,-642496.7370,20.1200,20.5038,21.2357,1.5358,0.0000,0.0000,0.0000,1.05,-,-,-,-,-,-,0.136,-,-,-,-,19.70,-0.60,306,4.6260,50.00%,5.89%,44.11%,50.00%,0.00%,0.00%,-,2.00,0.16,31.22,29 Oct 2024,30 Dec 2024,123.13,-,1469660550.00,B-EQ,146966055
SPCL,Shahjibazar Power Co. Ltd.,Fuel & Power,A,9723.51,20.63,52.10,-0.19,52.10,26.1190,"503,849",29.8590,-85.3333,55.4050,56.0040,51.4095,53.1975,53.6943,54.9555,-1.2613,-0.7638,59.9820,50.8280,79.3200,-657942.3036,52.6044,53.1064,54.2995,1.0455,0.0000,0.0000,0.0000,3.84,1.341,-,0.949,0.064,0.082,0.038,0.096,0.036,0.062,-,-,52.20,-0.10,"1,005",26.1190,46.62%,17.29%,29.33%,53.38%,0.00%,0.00%,-,20.00,2.53,39.25,28 Oct 2025,14 Jan 2026,20.63,8.96,1866316290.00,A-EQ,186631629
SQUARETEXT,Square Textile PLC.,Textile,A,9665.35,6.82,49.00,-0.81,49.00,1.3990,"28,436",36.2549,-94.2308,50.8350,50.6840,49.3430,49.9452,50.1616,50.5091,-0.3475,-0.0359,52.8184,48.8516,18.4100,-122288.9827,49.7356,50.0077,50.4814,0.9824,0.0000,0.0000,0.0000,6.53,1.340,-,0.726,-,-,-,-,-,-,-,-,49.40,-0.40,162,1.3990,38.17%,24.18%,11.24%,61.83%,0.00%,2.75%,-,32.00,7.24,55.86,22 Oct 2025,15 Dec 2025,6.82,24.06,1972520000.00,A-EQ,197252000
SQURPHARMA,Square Pharmaceuticals PLC.,Pharmaceuticals & Chemicals,A,192359.87,8.06,217.00,-0.41,217.00,52.0110,"239,614",35.7576,-91.8367,219.0150,220.7480,213.8450,218.1210,218.3491,219.0387,-0.6896,-0.5133,220.9500,217.0800,7.5800,-285778.3637,217.9489,218.1167,218.5619,0.5258,0.0000,0.0000,0.0000,5.53,12.804,0.001,10.561,-,0.275,0.272,0.479,0.141,0.148,-,-,217.90,-0.90,"1,839",52.0110,55.85%,13.87%,27.61%,44.15%,0.00%,14.37%,-,120.00,27.04,157.88,23 Oct 2025,15 Dec 2025,8.06,7.02,8864510100.00,A-EQ,886451010
SSSTEEL,S.S. Steel Limited,Engineering,Z,2103.25,38.24,6.40,-1.54,6.40,2.1720,"338,643",34.0172,-76.9231,6.9550,7.0260,5.1505,6.6094,6.6873,6.8520,-0.1648,-0.0712,7.6731,6.2369,54.9400,-654768.3464,6.5178,6.5987,6.7738,1.7284,0.0000,0.0000,0.0000,3.13,2.240,-,1.157,-,0.106,0.002,0.129,0.002,0.007,-,-,6.50,-0.10,149,2.1720,69.06%,6.94%,62.12%,30.94%,0.00%,0.00%,-,2.00,0.17,23.87,17 Nov 2024,31 Dec 2024,38.24,-,3286332000.00,Z-EQ,328633200
STANCERAM,Standard Ceramic Industries Ltd.,Ceramics Sector,Z,448.37,-,68.90,-0.72,69.40,0.3700,"5,319",39.5300,-94.1176,72.1000,72.1080,69.6685,70.8762,71.1600,71.7748,-0.6148,-0.2809,74.9975,69.2025,38.2100,-15054.5552,70.6578,70.9359,71.5133,1.0382,0.0000,0.0000,0.0000,-,-,-,-,-,-,-,-,-,-,-,-,69.90,-0.50,40,0.3700,71.76%,4.66%,67.10%,28.24%,0.00%,0.00%,-,-,-23.02,-37.84,17 Nov 2024,26 Dec 2024,-,-,64606500.00,Z-EQ,6460650
STANDARINS,Standard Insurance PLC,Insurance,A,2086.90,20.21,48.20,-1.43,48.20,2.3780,"49,093",39.4368,-95.6522,50.8700,51.3480,43.7555,49.6087,49.9029,50.5190,-0.6161,-0.2598,54.0116,47.7284,169.8300,-261186.1782,49.2156,49.6718,50.4133,1.2261,0.0000,0.0000,0.0000,2.49,-,-,-,-,-,-,-,-,-,-,-,48.90,-0.70,113,2.3780,35.72%,10.80%,24.92%,64.28%,0.00%,0.00%,-,12.00,2.42,22.15,30 Apr 2026,29 Jun 2026,20.21,17.85,432965920.00,A-EQ,43296592
STANDBANKL,Standard Islami Bank PLC.,Bank,Z,5132.87,6.53,4.60,-2.13,4.60,0.9920,"215,504",39.4709,-85.7143,4.8650,4.8340,4.9800,4.7131,4.7474,4.8179,-0.0705,-0.0282,5.2100,4.5200,17.4900,-1105068.4276,4.6689,4.7064,4.7862,0.9881,0.0000,0.0000,0.0000,-,-,-,-,-,0.318,0.128,-,0.003,0.043,0.003,-,4.70,-0.10,63,0.9920,66.47%,30.39%,36.08%,33.53%,0.00%,0.00%,-,-,0.72,16.94,30 Apr 2026,30 Jul 2026,6.53,78.33,11158423080.00,Z-EQ,1115842308
STYLECRAFT,Stylecraft Limited,Textile,Z,759.50,-,54.70,-0.18,54.70,0.3920,"7,167",36.4498,-97.3333,58.3100,57.4000,51.4400,56.2483,56.7281,57.5737,-0.8456,-0.1899,62.5187,54.1013,31.5600,-20199.7754,55.6978,56.2910,57.3900,1.3637,0.0000,0.0000,0.0000,-,1.409,-,0.779,-,-,-,-,-,-,-,-,54.80,-0.10,47,0.3920,67.97%,7.21%,60.76%,32.03%,0.00%,0.00%,-,-,-1.08,4.62,29 Oct 2025,11 Dec 2025,-,-,138847500.00,Z-EQ,13884750
SUMITPOWER,Summit Power Limited,Fuel & Power,A,16765.67,41.84,15.70,-1.26,15.70,8.4950,"537,712",39.2142,-80.0000,16.5400,16.4620,14.2040,16.0146,16.1369,16.3656,-0.2287,-0.0677,17.6665,15.4135,31.6000,-1236123.2382,15.8778,16.0244,16.2881,0.9273,0.0000,0.0000,0.0000,6.69,1.490,-,1.454,0.087,0.133,0.080,0.145,0.033,0.055,-,-,15.90,-0.20,438,8.4950,36.81%,18.18%,14.98%,63.19%,0.00%,3.65%,-,10.50,0.38,40.57,23 Oct 2025,24 Dec 2025,41.84,8.11,10678772390.00,A-EQ,1067877239
SUNLIFEINS,Sunlife Insurance Company Limited,Insurance,B,1845.25,-,51.60,-1.34,51.60,4.5960,"88,120",21.9719,-96.4072,61.1550,66.9960,60.4595,55.6776,57.0091,61.3380,-4.3289,-3.4419,72.4263,49.8837,436.8500,-565721.0806,54.5178,55.5333,58.1929,0.9275,0.0000,0.0000,0.0000,-,-,-,-,-,-,-,-,-,-,-,-,52.30,-0.70,225,4.5960,64.34%,16.74%,47.60%,35.66%,0.00%,0.00%,-,-,0.00,0.00,14 Jun 2026,03 Sep 2026,-,-,357606900.00,B-EQ,35760690
TAKAFULINS,Takaful Islami Insurance PLC.,Insurance,A,2061.21,41.74,48.40,-4.16,48.40,4.6380,"94,720",38.3593,-95.5556,53.6400,48.8560,37.2995,51.5029,51.8986,51.5776,0.3210,1.3410,57.8585,49.4215,248.7800,-43578.5974,51.0889,51.7564,52.7676,1.0170,0.0000,0.0000,0.0000,2.07,-,-,-,-,-,-,-,-,-,-,-,50.50,-2.10,301,4.6380,50.48%,20.49%,29.94%,49.52%,0.00%,0.05%,-,10.00,1.21,18.44,30 Apr 2026,20 Jun 2026,41.74,18.30,425869770.00,A-EQ,42586977
TALLUSPIN,Tallu Spinning Mills Limited,Textile,Z,678.95,-,7.60,-1.30,7.60,1.9860,"260,796",34.2459,-92.8571,8.0850,8.1480,7.4370,7.8773,7.9336,8.0513,-0.1176,-0.0492,8.5674,7.6026,92.7900,-559791.6502,7.8289,7.9141,8.0100,1.3140,0.0000,0.0000,0.0000,-,1.346,-,0.734,-,-,-,-,-,-,-,-,7.70,-0.10,88,1.9860,70.39%,14.10%,55.94%,29.61%,0.00%,0.35%,-,-,-2.79,13.34,29 Sep 2025,12 Nov 2025,-,-,893353750.00,Z-EQ,89335375
TAMIJTEX,Tamijuddin Textile Mills PLC,Textile,A,4034.69,18.60,121.60,-2.24,122.00,4.3310,"35,107",32.2621,-92.6829,130.3450,131.5260,124.0975,126.8325,127.7905,129.8196,-2.0291,-0.8801,138.1509,122.5391,77.6200,-103326.2187,125.8356,127.1962,129.0257,1.5062,0.0000,0.0000,0.0000,0.98,1.223,-,0.438,-,-,-,-,-,-,-,-,124.80,-2.80,300,4.3310,38.77%,1.60%,37.17%,61.23%,0.00%,0.00%,10.00,12.00,6.71,102.79,30 Oct 2025,30 Dec 2025,18.60,22.94,330712430.00,A-EQ,33071243
TB10Y0127,10Y BGTB 18/01/2027,G-SEC (T.Bond),A,0.00,-,0.00,-0.04,99.19,0.0000,0,,,,,,,,,,,,,,,,,,,,,,-,-,-,-,-,-,-,-,-,-,-,-,99.23,-0.04,0,0.0000,0.00%,0.00%,0.00%,0.00%,0.00%,0.00%,-,-,0.00,0.00,-,-,-,-,-,A-GOVDBT,-
TB10Y0130,10Y BGTB 22/01/2030,G-SEC (T.Bond),A,0.00,-,0.00,0.08,100.59,0.0000,0,,,,,,,,,,,,,,,,,,,,,,-,-,-,-,-,-,-,-,-,-,-,-,100.51,0.08,0,0.0000,0.00%,0.00%,0.00%,0.00%,0.00%,0.00%,-,-,0.00,0.00,-,-,-,-,-,A-GOVDBT,-
TB10Y0132,10Y BGTB 19/01/2032,G-SEC (T.Bond),A,0.00,-,0.00,-0.25,91.48,0.0000,0,,,,,,,,,,,,,,,,,,,,,,-,-,-,-,-,-,-,-,-,-,-,-,91.71,-0.23,0,0.0000,0.00%,0.00%,0.00%,0.00%,0.00%,0.00%,-,-,0.00,0.00,-,-,-,-,-,A-GOVDBT,-
TB10Y0135,10Y BGTB 22/01/2035,G-SEC (T.Bond),A,0.00,-,0.00,0.81,117.53,0.0000,0,57.0237,-20.8405,113.0955,0.0000,0.0000,112.1907,111.7896,111.1818,0.6079,0.0131,118.9785,107.2125,0.0000,-1010.8159,114.0791,113.9212,113.4472,0.1675,0.0000,0.0000,0.0000,-,-,-,-,-,-,-,-,-,-,-,-,116.58,0.95,0,0.0000,0.00%,0.00%,0.00%,0.00%,0.00%,0.00%,-,-,0.00,0.00,-,-,-,-,-,A-GOVDBT,-
TB10Y0231,10Y BGTB 17/02/2031,G-SEC (T.Bond),A,0.00,-,0.00,0.18,89.15,0.0000,0,,,,,,,,,,,,,,,,,,,,,,-,-,-,-,-,-,-,-,-,-,-,-,88.99,0.16,0,0.0000,0.00%,0.00%,0.00%,0.00%,0.00%,0.00%,-,-,0.00,0.00,-,-,-,-,-,A-GOVDBT,-
TB10Y0234,10Y BGTB 22/02/2034,G-SEC (T.Bond),A,0.00,-,0.00,-0.21,116.50,0.0000,0,61.5544,-13.1902,110.4590,0.0000,0.0000,107.5430,107.4534,107.2185,0.2349,0.1488,116.8363,104.0817,0.0000,132.1557,110.5358,110.6342,110.5834,0.2741,0.0000,0.0000,0.0000,-,-,-,-,-,-,-,-,-,-,-,-,116.75,-0.25,0,0.0000,0.00%,0.00%,0.00%,0.00%,0.00%,0.00%,-,-,0.00,0.00,-,-,-,-,-,A-GOVDBT,-
TB10Y0333,10Y BGTB 15/03/2033,G-SEC (T.Bond),A,0.00,-,0.00,0.13,97.32,0.0000,0,,,,,,,,,,,,,,,,,,,,,,-,-,-,-,-,-,-,-,-,-,-,-,97.19,0.13,0,0.0000,0.00%,0.00%,0.00%,0.00%,0.00%,0.00%,-,-,0.00,0.00,-,-,-,-,-,A-GOVDBT,-
TB10Y0335,10Y BGTB 19/03/2035,G-SEC (T.Bond),A,0.00,-,0.00,0.72,117.28,0.0000,0,,,,,,,,,,,,,,,,,,,,,,-,-,-,-,-,-,-,-,-,-,-,-,116.44,0.84,0,0.0000,0.00%,0.00%,0.00%,0.00%,0.00%,0.00%,-,-,0.00,0.00,-,-,-,-,-,A-GOVDBT,-
TB10Y0429,10Y BGTB 17/04/2029,G-SEC (T.Bond),A,0.00,-,0.00,0.10,97.23,0.0000,0,,,,,,,,,,,,,,,,,,,,,,-,-,-,-,-,-,-,-,-,-,-,-,97.13,0.10,0,0.0000,0.00%,0.00%,0.00%,0.00%,0.00%,0.00%,-,-,0.00,0.00,-,-,-,-,-,A-GOVDBT,-
TB10Y0434,10Y BGTB 17/04/2034,G-SEC (T.Bond),A,0.00,-,0.00,0.03,117.23,0.0000,0,64.2305,0.0000,112.8920,0.0000,0.0000,110.3588,109.9213,108.8498,1.0716,0.6152,116.9339,108.8501,0.0000,0.0000,114.5144,114.3347,113.6581,0.2431,0.0000,0.0000,0.0000,-,-,-,-,-,-,-,-,-,-,-,-,117.19,0.04,0,0.0000,0.00%,0.00%,0.00%,0.00%,0.00%,0.00%,-,-,0.00,0.00,-,-,-,-,-,A-GOVDBT,-
TB10Y0530,10Y BGTB 07/05/2030,G-SEC (T.Bond),A,0.00,-,0.00,0.64,99.33,0.0000,0,,,,,,,,,,,,,,,,,,,,,,-,-,-,-,-,-,-,-,-,-,-,-,98.70,0.63,0,0.0000,0.00%,0.00%,0.00%,0.00%,0.00%,0.00%,-,-,0.00,0.00,-,-,-,-,-,A-GOVDBT,-
TB10Y0531,10Y BGTB 19/05/2031,G-SEC (T.Bond),A,0.00,-,0.00,0.30,87.86,0.0000,0,,,,,,,,,,,,,,,,,,,,,,-,-,-,-,-,-,-,-,-,-,-,-,87.60,0.26,0,0.0000,0.00%,0.00%,0.00%,0.00%,0.00%,0.00%,-,-,0.00,0.00,-,-,-,-,-,A-GOVDBT,-
TB10Y0532,10Y BGTB 25/05/2032,G-SEC (T.Bond),A,0.00,-,0.00,-0.57,94.73,0.0000,0,,,,,,,,,,,,,,,,,,,,,,-,-,-,-,-,-,-,-,-,-,-,-,95.27,-0.54,0,0.0000,0.00%,0.00%,0.00%,0.00%,0.00%,0.00%,-,-,0.00,0.00,-,-,-,-,-,A-GOVDBT,-
TB10Y0535,10Y BGTB 21/05/2035,G-SEC (T.Bond),A,0.00,-,0.00,0.62,116.14,0.0000,0,62.5608,0.0000,111.9110,0.0000,0.0000,110.1986,109.7271,108.3065,1.4206,1.0537,116.0003,107.8217,0.0000,7459.2437,113.6178,113.2406,112.4755,0.0559,0.0000,0.0000,0.0000,-,-,-,-,-,-,-,-,-,-,-,-,115.43,0.71,0,0.0000,0.00%,0.00%,0.00%,0.00%,0.00%,0.00%,-,-,0.00,0.00,-,-,-,-,-,A-GOVDBT,-
TB10Y0628,10Y BGTB 20/06/2028,G-SEC (T.Bond),A,0.00,-,0.00,0.01,97.14,0.0000,0,,,,,,,,,,,,,,,,,,,,,,-,-,-,-,-,-,-,-,-,-,-,-,97.13,0.01,0,0.0000,0.00%,0.00%,0.00%,0.00%,0.00%,0.00%,-,-,0.00,0.00,-,-,-,-,-,A-GOVDBT,-
TB10Y0629,10Y BGTB 19/06/2029,G-SEC (T.Bond),A,0.00,-,0.00,0.04,98.79,0.0000,0,,,,,,,,,,,,,,,,,,,,,,-,-,-,-,-,-,-,-,-,-,-,-,98.75,0.04,0,0.0000,0.00%,0.00%,0.00%,0.00%,0.00%,0.00%,-,-,0.00,0.00,-,-,-,-,-,A-GOVDBT,-
TB10Y0630,10Y BGTB 17/06/2030,G-SEC (T.Bond),A,0.00,-,0.00,1.32,98.96,0.0000,0,,,,,,,,,,,,,,,,,,,,,,-,-,-,-,-,-,-,-,-,-,-,-,97.67,1.29,0,0.0000,0.00%,0.00%,0.00%,0.00%,0.00%,0.00%,-,-,0.00,0.00,-,-,-,-,-,A-GOVDBT,-
TB10Y0632,10Y BGTB 22/06/2032,G-SEC (T.Bond),A,0.00,-,0.00,-0.40,95.29,0.0000,0,,,,,,,,,,,,,,,,,,,,,,-,-,-,-,-,-,-,-,-,-,-,-,95.67,-0.38,0,0.0000,0.00%,0.00%,0.00%,0.00%,0.00%,0.00%,-,-,0.00,0.00,-,-,-,-,-,A-GOVDBT,-
TB10Y0634,10 Years BGTB 20/06/2034,G-SEC (T.Bond),A,0.00,-,0.00,0.33,119.94,0.0000,0,62.3636,-3.5869,114.7450,0.0000,0.0000,111.4120,110.8697,109.7408,1.1289,0.4692,126.8446,102.6454,0.0000,5100.6246,115.4896,115.2055,114.9002,0.3141,0.0000,0.0000,0.0000,-,-,-,-,-,-,-,-,-,-,-,-,119.54,0.40,0,0.0000,0.00%,0.00%,0.00%,0.00%,0.00%,0.00%,-,-,0.00,0.00,-,-,-,-,-,A-GOVDBT,-
TB10Y0730,10Y BGTB 22/07/2030,G-SEC (T.Bond),A,0.00,-,0.00,0.75,96.37,0.0000,0,,,,,,,,,,,,,,,,,,,,,,-,-,-,-,-,-,-,-,-,-,-,-,95.65,0.72,0,0.0000,0.00%,0.00%,0.00%,0.00%,0.00%,0.00%,-,-,0.00,0.00,-,-,-,-,-,A-GOVDBT,-
TB10Y0731,10Y BGTB 25/07/2031,G-SEC (T.Bond),A,0.00,-,0.00,0.15,85.81,0.0000,0,,,,,,,,,,,,,,,,,,,,,,-,-,-,-,-,-,-,-,-,-,-,-,85.68,0.13,0,0.0000,0.00%,0.00%,0.00%,0.00%,0.00%,0.00%,-,-,0.00,0.00,-,-,-,-,-,A-GOVDBT,-
TB10Y0735,10Y BGTB 23/07/2035,G-SEC (T.Bond),A,32484.00,-,0.00,1.12,108.28,0.0000,0,,,,,,,,,,,,,,,,,,,,,,-,-,-,-,-,-,-,-,-,-,-,-,107.08,1.20,0,0.0000,0.00%,0.00%,0.00%,0.00%,0.00%,0.00%,-,-,0.00,0.00,-,-,-,-,3000000000.00,A-GOVDBT,300000000
TB10Y0829,10Y BGTB 21/08/2029,G-SEC (T.Bond),A,0.00,-,0.00,-0.07,100.84,0.0000,0,,,,,,,,,,,,,,,,,,,,,,-,-,-,-,-,-,-,-,-,-,-,-,100.91,-0.07,0,0.0000,0.00%,0.00%,0.00%,0.00%,0.00%,0.00%,-,-,0.00,0.00,-,-,-,-,-,A-GOVDBT,-
TB10Y0833,10Y BGTB 16/08/2033,G-SEC (T.Bond),A,0.00,-,0.00,0.85,101.22,0.0000,0,,,,,,,,,,,,,,,,,,,,,,-,-,-,-,-,-,-,-,-,-,-,-,100.37,0.85,0,0.0000,0.00%,0.00%,0.00%,0.00%,0.00%,0.00%,-,-,0.00,0.00,-,-,-,-,-,A-GOVDBT,-
TB10Y0932,10Y BGTB 21/09/2032,G-SEC (T.Bond),A,0.00,-,0.00,0.21,95.75,0.0000,0,,,,,,,,,,,,,,,,,,,,,,-,-,-,-,-,-,-,-,-,-,-,-,95.55,0.20,0,0.0000,0.00%,0.00%,0.00%,0.00%,0.00%,0.00%,-,-,0.00,0.00,-,-,-,-,-,A-GOVDBT,-
TB10Y1027,10Y BGTB 18/10/2027,G-SEC (T.Bond),A,0.00,-,0.00,0.27,98.05,0.0000,0,,,,,,,,,,,,,,,,,,,,,,-,-,-,-,-,-,-,-,-,-,-,-,97.79,0.26,0,0.0000,0.00%,0.00%,0.00%,0.00%,0.00%,0.00%,-,-,0.00,0.00,-,-,-,-,-,A-GOVDBT,-
TB10Y1030,10Y BGTB 21/10/2030,G-SEC (T.Bond),A,0.00,-,0.00,-0.07,88.42,0.0000,0,,,,,,,,,,,,,,,,,,,,,,-,-,-,-,-,-,-,-,-,-,-,-,88.48,-0.06,0,0.0000,0.00%,0.00%,0.00%,0.00%,0.00%,0.00%,-,-,0.00,0.00,-,-,-,-,-,A-GOVDBT,-
TB10Y1031,10Y BGTB 19/10/2031,G-SEC (T.Bond),A,0.00,-,0.00,-0.03,90.76,0.0000,0,,,,,,,,,,,,,,,,,,,,,,-,-,-,-,-,-,-,-,-,-,-,-,90.79,-0.03,0,0.0000,0.00%,0.00%,0.00%,0.00%,0.00%,0.00%,-,-,0.00,0.00,-,-,-,-,-,A-GOVDBT,-
TB10Y1128,10Y BGTB 22/11/2028,G-SEC (T.Bond),A,0.00,-,0.00,0.10,96.29,0.0000,0,,,,,,,,,,,,,,,,,,,,,,-,-,-,-,-,-,-,-,-,-,-,-,96.19,0.10,0,0.0000,0.00%,0.00%,0.00%,0.00%,0.00%,0.00%,-,-,0.00,0.00,-,-,-,-,-,A-GOVDBT,-
TB10Y1135,10Y BGTB 19/11/2035,G-SEC (T.Bond),A,26885.00,-,0.00,1.16,107.54,0.0000,0,,,,,,,,,,,,,,,,,,,,,,-,-,-,-,-,-,-,-,-,-,-,-,106.31,1.23,0,0.0000,0.00%,0.00%,0.00%,0.00%,0.00%,0.00%,-,-,0.00,0.00,-,-,-,-,2500000000.00,A-GOVDBT,250000000
TB10Y1229,10Y BGTB 18/12/2029,G-SEC (T.Bond),A,0.00,-,0.00,0.00,100.78,0.0000,0,,,,,,,,,,,,,,,,,,,,,,-,-,-,-,-,-,-,-,-,-,-,-,100.78,0.00,0,0.0000,0.00%,0.00%,0.00%,0.00%,0.00%,0.00%,-,-,0.00,0.00,-,-,-,-,-,A-GOVDBT,-
TB10Y1232,10Y BGTB 21/12/2032,G-SEC (T.Bond),A,0.00,-,0.00,0.19,96.75,0.0000,0,,,,,,,,,,,,,,,,,,,,,,-,-,-,-,-,-,-,-,-,-,-,-,96.57,0.18,0,0.0000,0.00%,0.00%,0.00%,0.00%,0.00%,0.00%,-,-,0.00,0.00,-,-,-,-,-,A-GOVDBT,-
TB15Y0127,15Y BGTB 18/01/2027,G-SEC (T.Bond),A,0.00,-,0.00,-0.08,100.92,0.0000,0,,,,,,,,,,,,,,,,,,,,,,-,-,-,-,-,-,-,-,-,-,-,-,101.00,-0.08,0,0.0000,0.00%,0.00%,0.00%,0.00%,0.00%,0.00%,-,-,0.00,0.00,-,-,-,-,-,A-GOVDBT,-
TB15Y0128,15Y BGTB 16/01/2028,G-SEC (T.Bond),A,0.00,-,0.00,0.20,104.15,0.0000,0,,,,,,,,,,,,,,,,,,,,,,-,-,-,-,-,-,-,-,-,-,-,-,103.94,0.21,0,0.0000,0.00%,0.00%,0.00%,0.00%,0.00%,0.00%,-,-,0.00,0.00,-,-,-,-,-,A-GOVDBT,-
TB15Y0129,15Y BGTB 29/01/2029,G-SEC (T.Bond),A,0.00,-,0.00,0.07,106.83,0.0000,0,,,,,,,,,,,,,,,,,,,,,,-,-,-,-,-,-,-,-,-,-,-,-,106.76,0.07,0,0.0000,0.00%,0.00%,0.00%,0.00%,0.00%,0.00%,-,-,0.00,0.00,-,-,-,-,-,A-GOVDBT,-
TB15Y0227,15Y BGTB 22/02/2027,G-SEC (T.Bond),A,0.00,-,0.00,-0.11,101.23,0.0000,0,,,,,,,,,,,,,,,,,,,,,,-,-,-,-,-,-,-,-,-,-,-,-,101.34,-0.11,0,0.0000,0.00%,0.00%,0.00%,0.00%,0.00%,0.00%,-,-,0.00,0.00,-,-,-,-,-,A-GOVDBT,-
TB15Y0228,15Y BGTB 20/02/2028,G-SEC (T.Bond),A,0.00,-,0.00,0.09,104.47,0.0000,0,,,,,,,,,,,,,,,,,,,,,,-,-,-,-,-,-,-,-,-,-,-,-,104.38,0.09,0,0.0000,0.00%,0.00%,0.00%,0.00%,0.00%,0.00%,-,-,0.00,0.00,-,-,-,-,-,A-GOVDBT,-
TB15Y0229,15Y BGTB 26/02/2029,G-SEC (T.Bond),A,0.00,-,0.00,0.07,106.86,0.0000,0,,,,,,,,,,,,,,,,,,,,,,-,-,-,-,-,-,-,-,-,-,-,-,106.79,0.07,0,0.0000,0.00%,0.00%,0.00%,0.00%,0.00%,0.00%,-,-,0.00,0.00,-,-,-,-,-,A-GOVDBT,-
TB15Y0327,15Y BGTB 21/03/2027,G-SEC (T.Bond),A,0.00,-,0.00,-0.10,101.48,0.0000,0,,,,,,,,,,,,,,,,,,,,,,-,-,-,-,-,-,-,-,-,-,-,-,101.58,-0.10,0,0.0000,0.00%,0.00%,0.00%,0.00%,0.00%,0.00%,-,-,0.00,0.00,-,-,-,-,-,A-GOVDBT,-
TB15Y0328,15Y BGTB 20/03/2028,G-SEC (T.Bond),A,0.00,-,0.00,-0.01,104.73,0.0000,0,,,,,,,,,,,,,,,,,,,,,,-,-,-,-,-,-,-,-,-,-,-,-,104.74,-0.01,0,0.0000,0.00%,0.00%,0.00%,0.00%,0.00%,0.00%,-,-,0.00,0.00,-,-,-,-,-,A-GOVDBT,-
TB15Y0329,15Y BGTB 27/03/2029,G-SEC (T.Bond),A,0.00,-,0.00,0.07,106.86,0.0000,0,,,,,,,,,,,,,,,,,,,,,,-,-,-,-,-,-,-,-,-,-,-,-,106.79,0.07,0,0.0000,0.00%,0.00%,0.00%,0.00%,0.00%,0.00%,-,-,0.00,0.00,-,-,-,-,-,A-GOVDBT,-
TB15Y0339,15Y BGTB 27/03/2039,G-SEC (T.Bond),A,0.00,-,121.70,0.36,121.70,2.4340,"20,000",77.1404,0.0000,118.4035,0.0000,0.0000,114.4529,113.8431,112.9604,0.8827,-0.0411,127.8483,108.9587,0.0000,0.0000,120.3904,120.2376,119.5271,-0.0659,0.0000,0.0000,0.0000,-,-,-,-,-,-,-,-,-,-,-,-,121.26,0.44,1,2.4340,0.00%,0.00%,0.00%,0.00%,0.00%,0.00%,-,-,0.00,0.00,-,-,-,-,-,A-GOVDBT,-
TB15Y0340,15Y BGTB 27/03/2040,G-SEC (T.Bond),A,0.00,-,0.00,0.00,120.94,0.0000,0,63.9059,0.0000,118.3895,0.0000,0.0000,114.9797,114.5553,114.1296,0.4256,-0.3062,126.8639,109.9151,0.0000,0.0000,121.0996,120.7678,119.5972,0.3317,0.0000,0.0000,0.0000,-,-,-,-,-,-,-,-,-,-,-,-,120.94,0.00,0,0.0000,0.00%,0.00%,0.00%,0.00%,0.00%,0.00%,-,-,0.00,0.00,-,-,-,-,-,A-GOVDBT,-
TB15Y0427,15Y BGTB 18/04/2027,G-SEC (T.Bond),A,0.00,-,0.00,-0.08,101.72,0.0000,0,,,,,,,,,,,,,,,,,,,,,,-,-,-,-,-,-,-,-,-,-,-,-,101.80,-0.08,0,0.0000,0.00%,0.00%,0.00%,0.00%,0.00%,0.00%,-,-,0.00,0.00,-,-,-,-,-,A-GOVDBT,-
TB15Y0428,15Y BGTB 17/04/2028,G-SEC (T.Bond),A,0.00,-,0.00,-0.12,104.83,0.0000,0,,,,,,,,,,,,,,,,,,,,,,-,-,-,-,-,-,-,-,-,-,-,-,104.96,-0.13,0,0.0000,0.00%,0.00%,0.00%,0.00%,0.00%,0.00%,-,-,0.00,0.00,-,-,-,-,-,A-GOVDBT,-
TB15Y0429,15Y BGTB 23/04/2029,G-SEC (T.Bond),A,0.00,-,0.00,0.07,106.99,0.0000,0,,,,,,,,,,,,,,,,,,,,,,-,-,-,-,-,-,-,-,-,-,-,-,106.92,0.07,0,0.0000,0.00%,0.00%,0.00%,0.00%,0.00%,0.00%,-,-,0.00,0.00,-,-,-,-,-,A-GOVDBT,-
TB15Y0431,15Y BGTB 27/04/2031,G-SEC (T.Bond),A,0.00,-,0.00,0.32,95.46,0.0000,0,,,,,,,,,,,,,,,,,,,,,,-,-,-,-,-,-,-,-,-,-,-,-,95.16,0.30,0,0.0000,0.00%,0.00%,0.00%,0.00%,0.00%,0.00%,-,-,0.00,0.00,-,-,-,-,-,A-GOVDBT,-
TB15Y0437,15Y BGTB 27/04/2037,G-SEC (T.Bond),A,0.00,-,0.00,0.78,92.22,0.0000,0,,,,,,,,,,,,,,,,,,,,,,-,-,-,-,-,-,-,-,-,-,-,-,91.51,0.71,0,0.0000,0.00%,0.00%,0.00%,0.00%,0.00%,0.00%,-,-,0.00,0.00,-,-,-,-,-,A-GOVDBT,-
TB15Y0527,15Y BGTB 23/05/2027,G-SEC (T.Bond),A,0.00,-,0.00,-0.06,102.04,0.0000,0,,,,,,,,,,,,,,,,,,,,,,-,-,-,-,-,-,-,-,-,-,-,-,102.10,-0.06,0,0.0000,0.00%,0.00%,0.00%,0.00%,0.00%,0.00%,-,-,0.00,0.00,-,-,-,-,-,A-GOVDBT,-
TB15Y0528,15Y BGTB 22/05/2028,G-SEC (T.Bond),A,0.00,-,0.00,-0.28,104.97,0.0000,0,,,,,,,,,,,,,,,,,,,,,,-,-,-,-,-,-,-,-,-,-,-,-,105.27,-0.30,0,0.0000,0.00%,0.00%,0.00%,0.00%,0.00%,0.00%,-,-,0.00,0.00,-,-,-,-,-,A-GOVDBT,-
TB15Y0529,15Y BGTB 28/05/2029,G-SEC (T.Bond),A,0.00,-,0.00,0.05,107.23,0.0000,0,,,,,,,,,,,,,,,,,,,,,,-,-,-,-,-,-,-,-,-,-,-,-,107.18,0.05,0,0.0000,0.00%,0.00%,0.00%,0.00%,0.00%,0.00%,-,-,0.00,0.00,-,-,-,-,-,A-GOVDBT,-
TB15Y0535,15Y BGTB 13/05/2035,G-SEC (T.Bond),A,0.00,-,0.00,0.67,98.54,0.0000,0,,,,,,,,,,,,,,,,,,,,,,-,-,-,-,-,-,-,-,-,-,-,-,97.88,0.66,0,0.0000,0.00%,0.00%,0.00%,0.00%,0.00%,0.00%,-,-,0.00,0.00,-,-,-,-,-,A-GOVDBT,-
TB15Y0627,15Y BGTB 20/06/2027,G-SEC (T.Bond),A,0.00,-,0.00,-0.05,102.31,0.0000,0,,,,,,,,,,,,,,,,,,,,,,-,-,-,-,-,-,-,-,-,-,-,-,102.36,-0.05,0,0.0000,0.00%,0.00%,0.00%,0.00%,0.00%,0.00%,-,-,0.00,0.00,-,-,-,-,-,A-GOVDBT,-
TB15Y0628,15Y BGTB 19/06/2028,G-SEC (T.Bond),A,0.00,-,0.00,-0.10,105.10,0.0000,0,,,,,,,,,,,,,,,,,,,,,,-,-,-,-,-,-,-,-,-,-,-,-,105.20,-0.10,0,0.0000,0.00%,0.00%,0.00%,0.00%,0.00%,0.00%,-,-,0.00,0.00,-,-,-,-,-,A-GOVDBT,-
TB15Y0629,15Y BGTB 25/06/2029,G-SEC (T.Bond),A,0.00,-,0.00,0.00,107.40,0.0000,0,,,,,,,,,,,,,,,,,,,,,,-,-,-,-,-,-,-,-,-,-,-,-,107.40,0.00,0,0.0000,0.00%,0.00%,0.00%,0.00%,0.00%,0.00%,-,-,0.00,0.00,-,-,-,-,-,A-GOVDBT,-
TB15Y0635,15Y BGTB 24/06/2035,G-SEC (T.Bond),A,0.00,-,0.00,0.92,97.45,0.0000,0,,,,,,,,,,,,,,,,,,,,,,-,-,-,-,-,-,-,-,-,-,-,-,96.56,0.89,0,0.0000,0.00%,0.00%,0.00%,0.00%,0.00%,0.00%,-,-,0.00,0.00,-,-,-,-,-,A-GOVDBT,-
TB15Y0637,15Y BGTB 29/06/2037,G-SEC (T.Bond),A,0.00,-,0.00,0.70,96.03,0.0000,0,,,,,,,,,,,,,,,,,,,,,,-,-,-,-,-,-,-,-,-,-,-,-,95.36,0.67,0,0.0000,0.00%,0.00%,0.00%,0.00%,0.00%,0.00%,-,-,0.00,0.00,-,-,-,-,-,A-GOVDBT,-
TB15Y0727,15Y BGTB 18/07/2027,G-SEC (T.Bond),A,0.00,-,0.00,-0.01,102.59,0.0000,0,,,,,,,,,,,,,,,,,,,,,,-,-,-,-,-,-,-,-,-,-,-,-,102.60,-0.01,0,0.0000,0.00%,0.00%,0.00%,0.00%,0.00%,0.00%,-,-,0.00,0.00,-,-,-,-,-,A-GOVDBT,-
TB15Y0728,15Y BGTB 24/07/2028,G-SEC (T.Bond),A,0.00,-,0.00,-0.17,105.50,0.0000,0,,,,,,,,,,,,,,,,,,,,,,-,-,-,-,-,-,-,-,-,-,-,-,105.68,-0.18,0,0.0000,0.00%,0.00%,0.00%,0.00%,0.00%,0.00%,-,-,0.00,0.00,-,-,-,-,-,A-GOVDBT,-
TB15Y0729,15Y BGTB 23/07/2029,G-SEC (T.Bond),A,0.00,-,0.00,-0.04,107.33,0.0000,0,,,,,,,,,,,,,,,,,,,,,,-,-,-,-,-,-,-,-,-,-,-,-,107.37,-0.04,0,0.0000,0.00%,0.00%,0.00%,0.00%,0.00%,0.00%,-,-,0.00,0.00,-,-,-,-,-,A-GOVDBT,-
TB15Y0730,15Y BGTB 29/07/2030,G-SEC (T.Bond),A,0.00,-,0.00,0.60,103.36,0.0000,0,,,,,,,,,,,,,,,,,,,,,,-,-,-,-,-,-,-,-,-,-,-,-,102.74,0.62,0,0.0000,0.00%,0.00%,0.00%,0.00%,0.00%,0.00%,-,-,0.00,0.00,-,-,-,-,-,A-GOVDBT,-
TB15Y0736,15Y BGTB 28/07/2036,G-SEC (T.Bond),A,0.00,-,0.00,1.10,77.52,0.0000,0,,,,,,,,,,,,,,,,,,,,,,-,-,-,-,-,-,-,-,-,-,-,-,76.68,0.84,0,0.0000,0.00%,0.00%,0.00%,0.00%,0.00%,0.00%,-,-,0.00,0.00,-,-,-,-,-,A-GOVDBT,-
TB15Y0828,15Y BGTB 29/08/2028,G-SEC (T.Bond),A,0.00,-,0.00,-0.08,105.93,0.0000,0,,,,,,,,,,,,,,,,,,,,,,-,-,-,-,-,-,-,-,-,-,-,-,106.01,-0.08,0,0.0000,0.00%,0.00%,0.00%,0.00%,0.00%,0.00%,-,-,0.00,0.00,-,-,-,-,-,A-GOVDBT,-
TB15Y0829,15Y BGTB 27/08/2029,G-SEC (T.Bond),A,0.00,-,0.00,-0.09,106.82,0.0000,0,,,,,,,,,,,,,,,,,,,,,,-,-,-,-,-,-,-,-,-,-,-,-,106.92,-0.10,0,0.0000,0.00%,0.00%,0.00%,0.00%,0.00%,0.00%,-,-,0.00,0.00,-,-,-,-,-,A-GOVDBT,-
TB15Y0840,15Y BGTB 27/08/2040,G-SEC (T.Bond),A,0.00,-,0.00,2.90,109.04,0.0000,0,,,,,,,,,,,,,,,,,,,,,,-,-,-,-,-,-,-,-,-,-,-,-,105.97,3.07,0,0.0000,0.00%,0.00%,0.00%,0.00%,0.00%,0.00%,-,-,0.00,0.00,-,-,-,-,-,A-GOVDBT,-
TB15Y0926,15Y BGTB 21/09/2026,G-SEC (T.Bond),A,0.00,-,0.00,-0.01,100.07,0.0000,0,,,,,,,,,,,,,,,,,,,,,,-,-,-,-,-,-,-,-,-,-,-,-,100.08,-0.01,0,0.0000,0.00%,0.00%,0.00%,0.00%,0.00%,0.00%,-,-,0.00,0.00,-,-,-,-,-,A-GOVDBT,-
TB15Y0927,15Y BGTB 19/09/2027,G-SEC (T.Bond),A,0.00,-,0.00,0.15,103.03,0.0000,0,,,,,,,,,,,,,,,,,,,,,,-,-,-,-,-,-,-,-,-,-,-,-,102.88,0.15,0,0.0000,0.00%,0.00%,0.00%,0.00%,0.00%,0.00%,-,-,0.00,0.00,-,-,-,-,-,A-GOVDBT,-
TB15Y0928,15Y BGTB 25/09/2028,G-SEC (T.Bond),A,0.00,-,0.00,0.07,106.23,0.0000,0,,,,,,,,,,,,,,,,,,,,,,-,-,-,-,-,-,-,-,-,-,-,-,106.16,0.07,0,0.0000,0.00%,0.00%,0.00%,0.00%,0.00%,0.00%,-,-,0.00,0.00,-,-,-,-,-,A-GOVDBT,-
TB15Y0929,15Y BGTB 24/09/2029,G-SEC (T.Bond),A,0.00,-,0.00,-0.14,106.71,0.0000,0,,,,,,,,,,,,,,,,,,,,,,-,-,-,-,-,-,-,-,-,-,-,-,106.86,-0.15,0,0.0000,0.00%,0.00%,0.00%,0.00%,0.00%,0.00%,-,-,0.00,0.00,-,-,-,-,-,A-GOVDBT,-
TB15Y0930,15Y BGTB 23/09/2030,G-SEC (T.Bond),A,0.00,-,0.00,-0.13,97.96,0.0000,0,,,,,,,,,,,,,,,,,,,,,,-,-,-,-,-,-,-,-,-,-,-,-,98.09,-0.13,0,0.0000,0.00%,0.00%,0.00%,0.00%,0.00%,0.00%,-,-,0.00,0.00,-,-,-,-,-,A-GOVDBT,-
TB15Y0933,15Y BGTB 26/09/2033,G-SEC (T.Bond),A,0.00,-,0.00,0.68,90.91,0.0000,0,,,,,,,,,,,,,,,,,,,,,,-,-,-,-,-,-,-,-,-,-,-,-,90.30,0.61,0,0.0000,0.00%,0.00%,0.00%,0.00%,0.00%,0.00%,-,-,0.00,0.00,-,-,-,-,-,A-GOVDBT,-
TB15Y1026,15Y BGTB 19/10/2026,G-SEC (T.Bond),A,0.00,-,0.00,-0.02,100.25,0.0000,0,,,,,,,,,,,,,,,,,,,,,,-,-,-,-,-,-,-,-,-,-,-,-,100.27,-0.02,0,0.0000,0.00%,0.00%,0.00%,0.00%,0.00%,0.00%,-,-,0.00,0.00,-,-,-,-,-,A-GOVDBT,-
TB15Y1027,15Y BGTB 17/10/2027,G-SEC (T.Bond),A,0.00,-,0.00,0.22,103.24,0.0000,0,,,,,,,,,,,,,,,,,,,,,,-,-,-,-,-,-,-,-,-,-,-,-,103.01,0.23,0,0.0000,0.00%,0.00%,0.00%,0.00%,0.00%,0.00%,-,-,0.00,0.00,-,-,-,-,-,A-GOVDBT,-
TB15Y1028,15Y BGTB 23/10/2028,G-SEC (T.Bond),A,0.00,-,0.00,0.08,106.46,0.0000,0,,,,,,,,,,,,,,,,,,,,,,-,-,-,-,-,-,-,-,-,-,-,-,106.38,0.08,0,0.0000,0.00%,0.00%,0.00%,0.00%,0.00%,0.00%,-,-,0.00,0.00,-,-,-,-,-,A-GOVDBT,-
TB15Y1029,15Y BGTB 29/10/2029,G-SEC (T.Bond),A,0.00,-,0.00,-0.12,106.66,0.0000,0,,,,,,,,,,,,,,,,,,,,,,-,-,-,-,-,-,-,-,-,-,-,-,106.79,-0.13,0,0.0000,0.00%,0.00%,0.00%,0.00%,0.00%,0.00%,-,-,0.00,0.00,-,-,-,-,-,A-GOVDBT,-
TB15Y1126,15Y BGTB 16/11/2026,G-SEC (T.Bond),A,0.00,-,0.00,-0.02,100.40,0.0000,0,,,,,,,,,,,,,,,,,,,,,,-,-,-,-,-,-,-,-,-,-,-,-,100.42,-0.02,0,0.0000,0.00%,0.00%,0.00%,0.00%,0.00%,0.00%,-,-,0.00,0.00,-,-,-,-,-,A-GOVDBT,-
TB15Y1127,15Y BGTB 21/11/2027,G-SEC (T.Bond),A,0.00,-,0.00,0.27,103.53,0.0000,0,,,,,,,,,,,,,,,,,,,,,,-,-,-,-,-,-,-,-,-,-,-,-,103.25,0.28,0,0.0000,0.00%,0.00%,0.00%,0.00%,0.00%,0.00%,-,-,0.00,0.00,-,-,-,-,-,A-GOVDBT,-
TB15Y1128,15Y BGTB 27/11/2028,G-SEC (T.Bond),A,0.00,-,0.00,0.07,106.49,0.0000,0,,,,,,,,,,,,,,,,,,,,,,-,-,-,-,-,-,-,-,-,-,-,-,106.42,0.07,0,0.0000,0.00%,0.00%,0.00%,0.00%,0.00%,0.00%,-,-,0.00,0.00,-,-,-,-,-,A-GOVDBT,-
TB15Y1129,15Y BGTB 26/11/2029,G-SEC (T.Bond),A,0.00,-,0.00,-0.07,106.94,0.0000,0,,,,,,,,,,,,,,,,,,,,,,-,-,-,-,-,-,-,-,-,-,-,-,107.01,-0.07,0,0.0000,0.00%,0.00%,0.00%,0.00%,0.00%,0.00%,-,-,0.00,0.00,-,-,-,-,-,A-GOVDBT,-
TB15Y1133,15Y BGTB 28/11/2033,G-SEC (T.Bond),A,0.00,-,0.00,0.30,92.55,0.0000,0,,,,,,,,,,,,,,,,,,,,,,-,-,-,-,-,-,-,-,-,-,-,-,92.27,0.28,0,0.0000,0.00%,0.00%,0.00%,0.00%,0.00%,0.00%,-,-,0.00,0.00,-,-,-,-,-,A-GOVDBT,-
TB15Y1226,15Y BGTB 21/12/2026,G-SEC (T.Bond),A,0.00,-,0.00,-0.05,100.59,0.0000,0,,,,,,,,,,,,,,,,,,,,,,-,-,-,-,-,-,-,-,-,-,-,-,100.64,-0.05,0,0.0000,0.00%,0.00%,0.00%,0.00%,0.00%,0.00%,-,-,0.00,0.00,-,-,-,-,-,A-GOVDBT,-
TB15Y1227,15Y BGTB 19/12/2027,G-SEC (T.Bond),A,0.00,-,0.00,0.24,103.84,0.0000,0,,,,,,,,,,,,,,,,,,,,,,-,-,-,-,-,-,-,-,-,-,-,-,103.59,0.25,0,0.0000,0.00%,0.00%,0.00%,0.00%,0.00%,0.00%,-,-,0.00,0.00,-,-,-,-,-,A-GOVDBT,-
TB15Y1228,15Y BGTB 26/12/2028,G-SEC (T.Bond),A,0.00,-,0.00,0.08,106.74,0.0000,0,,,,,,,,,,,,,,,,,,,,,,-,-,-,-,-,-,-,-,-,-,-,-,106.66,0.08,0,0.0000,0.00%,0.00%,0.00%,0.00%,0.00%,0.00%,-,-,0.00,0.00,-,-,-,-,-,A-GOVDBT,-
TB20Y0128,20Y BGTB 23/01/2028,G-SEC (T.Bond),A,0.00,-,0.00,0.17,105.46,0.0000,0,,,,,,,,,,,,,,,,,,,,,,-,-,-,-,-,-,-,-,-,-,-,-,105.28,0.18,0,0.0000,0.00%,0.00%,0.00%,0.00%,0.00%,0.00%,-,-,0.00,0.00,-,-,-,-,-,A-GOVDBT,-
TB20Y0129,20Y BGTB 28/01/2029,G-SEC (T.Bond),A,0.00,-,0.00,0.06,108.52,0.0000,0,,,,,,,,,,,,,,,,,,,,,,-,-,-,-,-,-,-,-,-,-,-,-,108.46,0.06,0,0.0000,0.00%,0.00%,0.00%,0.00%,0.00%,0.00%,-,-,0.00,0.00,-,-,-,-,-,A-GOVDBT,-
TB20Y0131,20Y BGTB 26/01/2031,G-SEC (T.Bond),A,0.00,-,0.00,0.10,102.05,0.0000,0,,,,,,,,,,,,,,,,,,,,,,-,-,-,-,-,-,-,-,-,-,-,-,101.95,0.10,0,0.0000,0.00%,0.00%,0.00%,0.00%,0.00%,0.00%,-,-,0.00,0.00,-,-,-,-,-,A-GOVDBT,-
TB20Y0132,20Y BGTB 25/01/2032,G-SEC (T.Bond),A,0.00,-,0.00,-0.28,111.76,0.0000,0,,,,,,,,,,,,,,,,,,,,,,-,-,-,-,-,-,-,-,-,-,-,-,112.07,-0.31,0,0.0000,0.00%,0.00%,0.00%,0.00%,0.00%,0.00%,-,-,0.00,0.00,-,-,-,-,-,A-GOVDBT,-
TB20Y0133,20Y BGTB 23/01/2033,G-SEC (T.Bond),A,0.00,-,0.00,0.14,116.11,0.0000,0,,,,,,,,,,,,,,,,,,,,,,-,-,-,-,-,-,-,-,-,-,-,-,115.95,0.16,0,0.0000,0.00%,0.00%,0.00%,0.00%,0.00%,0.00%,-,-,0.00,0.00,-,-,-,-,-,A-GOVDBT,-
TB20Y0134,20Y BGTB 29/01/2034,G-SEC (T.Bond),A,0.00,-,0.00,-0.09,117.51,0.0000,0,,,,,,,,,,,,,,,,,,,,,,-,-,-,-,-,-,-,-,-,-,-,-,117.61,-0.10,0,0.0000,0.00%,0.00%,0.00%,0.00%,0.00%,0.00%,-,-,0.00,0.00,-,-,-,-,-,A-GOVDBT,-
TB20Y0143,20Y BGTB 25/01/2043,G-SEC (T.Bond),A,0.00,-,98.21,0.52,98.21,5.5980,"57,000",69.8080,-3.1230,93.8835,0.0000,0.0000,94.5075,93.5642,91.3835,2.1807,1.1355,103.9063,83.8607,0.0000,-8825.8094,96.5320,96.1319,95.1549,0.4941,0.0000,0.0000,0.0000,-,-,-,-,-,-,-,-,-,-,-,-,97.70,0.51,3,5.5980,0.00%,0.00%,0.00%,0.00%,0.00%,0.00%,-,-,0.00,0.00,-,-,-,-,-,A-GOVDBT,-
TB20Y0228,20Y BGTB 27/02/2028,G-SEC (T.Bond),A,0.00,-,0.00,0.06,105.66,0.0000,0,,,,,,,,,,,,,,,,,,,,,,-,-,-,-,-,-,-,-,-,-,-,-,105.60,0.06,0,0.0000,0.00%,0.00%,0.00%,0.00%,0.00%,0.00%,-,-,0.00,0.00,-,-,-,-,-,A-GOVDBT,-
TB20Y0229,20Y BGTB 25/02/2029,G-SEC (T.Bond),A,0.00,-,0.00,0.06,108.79,0.0000,0,,,,,,,,,,,,,,,,,,,,,,-,-,-,-,-,-,-,-,-,-,-,-,108.73,0.06,0,0.0000,0.00%,0.00%,0.00%,0.00%,0.00%,0.00%,-,-,0.00,0.00,-,-,-,-,-,A-GOVDBT,-
TB20Y0230,20Y BGTB 24/02/2030,G-SEC (T.Bond),A,0.00,-,0.00,0.17,100.51,0.0000,0,,,,,,,,,,,,,,,,,,,,,,-,-,-,-,-,-,-,-,-,-,-,-,100.34,0.17,0,0.0000,0.00%,0.00%,0.00%,0.00%,0.00%,0.00%,-,-,0.00,0.00,-,-,-,-,-,A-GOVDBT,-
TB20Y0231,20Y BGTB 23/02/2031,G-SEC (T.Bond),A,0.00,-,0.00,0.16,102.12,0.0000,0,,,,,,,,,,,,,,,,,,,,,,-,-,-,-,-,-,-,-,-,-,-,-,101.96,0.16,0,0.0000,0.00%,0.00%,0.00%,0.00%,0.00%,0.00%,-,-,0.00,0.00,-,-,-,-,-,A-GOVDBT,-
TB20Y0232,20Y BGTB 29/02/2032,G-SEC (T.Bond),A,0.00,-,0.00,-0.35,112.08,0.0000,0,,,,,,,,,,,,,,,,,,,,,,-,-,-,-,-,-,-,-,-,-,-,-,112.47,-0.39,0,0.0000,0.00%,0.00%,0.00%,0.00%,0.00%,0.00%,-,-,0.00,0.00,-,-,-,-,-,A-GOVDBT,-
TB20Y0233,20Y BGTB 27/02/2033,G-SEC (T.Bond),A,0.00,-,0.00,0.11,116.82,0.0000,0,,,,,,,,,,,,,,,,,,,,,,-,-,-,-,-,-,-,-,-,-,-,-,116.69,0.13,0,0.0000,0.00%,0.00%,0.00%,0.00%,0.00%,0.00%,-,-,0.00,0.00,-,-,-,-,-,A-GOVDBT,-
TB20Y0234,20Y BGTB 26/02/2034,G-SEC (T.Bond),A,0.00,-,0.00,-0.20,117.54,0.0000,0,,,,,,,,,,,,,,,,,,,,,,-,-,-,-,-,-,-,-,-,-,-,-,117.77,-0.23,0,0.0000,0.00%,0.00%,0.00%,0.00%,0.00%,0.00%,-,-,0.00,0.00,-,-,-,-,-,A-GOVDBT,-
TB20Y0328,20Y BGTB 27/03/2028,G-SEC (T.Bond),A,0.00,-,0.00,-0.05,105.85,0.0000,0,,,,,,,,,,,,,,,,,,,,,,-,-,-,-,-,-,-,-,-,-,-,-,105.90,-0.05,0,0.0000,0.00%,0.00%,0.00%,0.00%,0.00%,0.00%,-,-,0.00,0.00,-,-,-,-,-,A-GOVDBT,-
TB20Y0329,20Y BGTB 25/03/2029,G-SEC (T.Bond),A,0.00,-,0.00,0.06,109.06,0.0000,0,,,,,,,,,,,,,,,,,,,,,,-,-,-,-,-,-,-,-,-,-,-,-,108.99,0.07,0,0.0000,0.00%,0.00%,0.00%,0.00%,0.00%,0.00%,-,-,0.00,0.00,-,-,-,-,-,A-GOVDBT,-
TB20Y0330,20Y BGTB 24/03/2030,G-SEC (T.Bond),A,0.00,-,0.00,0.24,100.63,0.0000,0,,,,,,,,,,,,,,,,,,,,,,-,-,-,-,-,-,-,-,-,-,-,-,100.39,0.24,0,0.0000,0.00%,0.00%,0.00%,0.00%,0.00%,0.00%,-,-,0.00,0.00,-,-,-,-,-,A-GOVDBT,-
TB20Y0331,20Y BGTB 23/03/2031,G-SEC (T.Bond),A,0.00,-,0.00,0.23,102.28,0.0000,0,,,,,,,,,,,,,,,,,,,,,,-,-,-,-,-,-,-,-,-,-,-,-,102.05,0.23,0,0.0000,0.00%,0.00%,0.00%,0.00%,0.00%,0.00%,-,-,0.00,0.00,-,-,-,-,-,A-GOVDBT,-
TB20Y0332,20Y BGTB 28/03/2032,G-SEC (T.Bond),A,0.00,-,0.00,-0.42,112.26,0.0000,0,,,,,,,,,,,,,,,,,,,,,,-,-,-,-,-,-,-,-,-,-,-,-,112.73,-0.47,0,0.0000,0.00%,0.00%,0.00%,0.00%,0.00%,0.00%,-,-,0.00,0.00,-,-,-,-,-,A-GOVDBT,-
TB20Y0333,20Y BGTB 27/03/2033,G-SEC (T.Bond),A,0.00,-,0.00,0.15,116.99,0.0000,0,,,,,,,,,,,,,,,,,,,,,,-,-,-,-,-,-,-,-,-,-,-,-,116.81,0.18,0,0.0000,0.00%,0.00%,0.00%,0.00%,0.00%,0.00%,-,-,0.00,0.00,-,-,-,-,-,A-GOVDBT,-
TB20Y0334,20Y BGTB 27/03/2034,G-SEC (T.Bond),A,0.00,-,0.00,-0.06,117.11,0.0000,0,,,,,,,,,,,,,,,,,,,,,,-,-,-,-,-,-,-,-,-,-,-,-,117.18,-0.07,0,0.0000,0.00%,0.00%,0.00%,0.00%,0.00%,0.00%,-,-,0.00,0.00,-,-,-,-,-,A-GOVDBT,-
TB20Y0342,20Y BGTB 30/03/2042,G-SEC (T.Bond),A,0.00,-,0.00,1.91,87.54,0.0000,0,,,,,,,,,,,,,,,,,,,,,,-,-,-,-,-,-,-,-,-,-,-,-,85.90,1.64,0,0.0000,0.00%,0.00%,0.00%,0.00%,0.00%,0.00%,-,-,0.00,0.00,-,-,-,-,-,A-GOVDBT,-
TB20Y0428,20Y BGTB 23/04/2028,G-SEC (T.Bond),A,0.00,-,0.00,-0.16,105.99,0.0000,0,,,,,,,,,,,,,,,,,,,,,,-,-,-,-,-,-,-,-,-,-,-,-,106.16,-0.17,0,0.0000,0.00%,0.00%,0.00%,0.00%,0.00%,0.00%,-,-,0.00,0.00,-,-,-,-,-,A-GOVDBT,-
TB20Y0429,20Y BGTB 29/04/2029,G-SEC (T.Bond),A,0.00,-,0.00,0.07,105.89,0.0000,0,,,,,,,,,,,,,,,,,,,,,,-,-,-,-,-,-,-,-,-,-,-,-,105.82,0.07,0,0.0000,0.00%,0.00%,0.00%,0.00%,0.00%,0.00%,-,-,0.00,0.00,-,-,-,-,-,A-GOVDBT,-
TB20Y0430,20Y BGTB 28/04/2030,G-SEC (T.Bond),A,0.00,-,0.00,0.50,100.68,0.0000,0,,,,,,,,,,,,,,,,,,,,,,-,-,-,-,-,-,-,-,-,-,-,-,100.18,0.50,0,0.0000,0.00%,0.00%,0.00%,0.00%,0.00%,0.00%,-,-,0.00,0.00,-,-,-,-,-,A-GOVDBT,-
TB20Y0431,20Y BGTB 27/04/2031,G-SEC (T.Bond),A,0.00,-,0.00,0.29,102.41,0.0000,0,,,,,,,,,,,,,,,,,,,,,,-,-,-,-,-,-,-,-,-,-,-,-,102.11,0.30,0,0.0000,0.00%,0.00%,0.00%,0.00%,0.00%,0.00%,-,-,0.00,0.00,-,-,-,-,-,A-GOVDBT,-
TB20Y0432,20Y BGTB 25/04/2032,G-SEC (T.Bond),A,0.00,-,0.00,-0.48,112.48,0.0000,0,,,,,,,,,,,,,,,,,,,,,,-,-,-,-,-,-,-,-,-,-,-,-,113.02,-0.54,0,0.0000,0.00%,0.00%,0.00%,0.00%,0.00%,0.00%,-,-,0.00,0.00,-,-,-,-,-,A-GOVDBT,-
TB20Y0433,20Y BGTB 24/04/2033,G-SEC (T.Bond),A,0.00,-,0.00,0.27,117.16,0.0000,0,,,,,,,,,,,,,,,,,,,,,,-,-,-,-,-,-,-,-,-,-,-,-,116.84,0.32,0,0.0000,0.00%,0.00%,0.00%,0.00%,0.00%,0.00%,-,-,0.00,0.00,-,-,-,-,-,A-GOVDBT,-
TB20Y0434,20Y BGTB 23/04/2034,G-SEC (T.Bond),A,0.00,-,0.00,0.06,117.19,0.0000,0,,,,,,,,,,,,,,,,,,,,,,-,-,-,-,-,-,-,-,-,-,-,-,117.12,0.07,0,0.0000,0.00%,0.00%,0.00%,0.00%,0.00%,0.00%,-,-,0.00,0.00,-,-,-,-,-,A-GOVDBT,-
TB20Y0436,20Y BGTB 27/04/2036,G-SEC (T.Bond),A,0.00,-,0.00,1.09,94.23,0.0000,0,,,,,,,,,,,,,,,,,,,,,,-,-,-,-,-,-,-,-,-,-,-,-,93.21,1.02,0,0.0000,0.00%,0.00%,0.00%,0.00%,0.00%,0.00%,-,-,0.00,0.00,-,-,-,-,-,A-GOVDBT,-
TB20Y0528,20Y BGTB 28/05/2028,G-SEC (T.Bond),A,0.00,-,0.00,-0.32,106.17,0.0000,0,,,,,,,,,,,,,,,,,,,,,,-,-,-,-,-,-,-,-,-,-,-,-,106.51,-0.34,0,0.0000,0.00%,0.00%,0.00%,0.00%,0.00%,0.00%,-,-,0.00,0.00,-,-,-,-,-,A-GOVDBT,-
TB20Y0529,20Y BGTB 27/05/2029,G-SEC (T.Bond),A,0.00,-,0.00,0.05,105.13,0.0000,0,,,,,,,,,,,,,,,,,,,,,,-,-,-,-,-,-,-,-,-,-,-,-,105.08,0.05,0,0.0000,0.00%,0.00%,0.00%,0.00%,0.00%,0.00%,-,-,0.00,0.00,-,-,-,-,-,A-GOVDBT,-
TB20Y0530,20Y BGTB 26/05/2030,G-SEC (T.Bond),A,0.00,-,0.00,0.94,100.71,0.0000,0,,,,,,,,,,,,,,,,,,,,,,-,-,-,-,-,-,-,-,-,-,-,-,99.77,0.94,0,0.0000,0.00%,0.00%,0.00%,0.00%,0.00%,0.00%,-,-,0.00,0.00,-,-,-,-,-,A-GOVDBT,-
TB20Y0531,20Y BGTB 25/05/2031,G-SEC (T.Bond),A,0.00,-,0.00,0.24,102.38,0.0000,0,,,,,,,,,,,,,,,,,,,,,,-,-,-,-,-,-,-,-,-,-,-,-,102.13,0.25,0,0.0000,0.00%,0.00%,0.00%,0.00%,0.00%,0.00%,-,-,0.00,0.00,-,-,-,-,-,A-GOVDBT,-
TB20Y0532,20Y BGTB 30/05/2032,G-SEC (T.Bond),A,0.00,-,0.00,-0.52,112.74,0.0000,0,,,,,,,,,,,,,,,,,,,,,,-,-,-,-,-,-,-,-,-,-,-,-,113.33,-0.59,0,0.0000,0.00%,0.00%,0.00%,0.00%,0.00%,0.00%,-,-,0.00,0.00,-,-,-,-,-,A-GOVDBT,-
TB20Y0533,20Y BGTB 29/05/2033,G-SEC (T.Bond),A,0.00,-,0.00,0.44,117.35,0.0000,0,,,,,,,,,,,,,,,,,,,,,,-,-,-,-,-,-,-,-,-,-,-,-,116.84,0.51,0,0.0000,0.00%,0.00%,0.00%,0.00%,0.00%,0.00%,-,-,0.00,0.00,-,-,-,-,-,A-GOVDBT,-
TB20Y0534,20Y BGTB 28/05/2034,G-SEC (T.Bond),A,0.00,-,0.00,0.23,117.32,0.0000,0,,,,,,,,,,,,,,,,,,,,,,-,-,-,-,-,-,-,-,-,-,-,-,117.05,0.27,0,0.0000,0.00%,0.00%,0.00%,0.00%,0.00%,0.00%,-,-,0.00,0.00,-,-,-,-,-,A-GOVDBT,-
TB20Y0540,20Y BGTB 20/05/2040,G-SEC (T.Bond),A,0.00,-,0.00,3.15,100.77,0.0000,0,,,,,,,,,,,,,,,,,,,,,,-,-,-,-,-,-,-,-,-,-,-,-,97.69,3.08,0,0.0000,0.00%,0.00%,0.00%,0.00%,0.00%,0.00%,-,-,0.00,0.00,-,-,-,-,-,A-GOVDBT,-
TB20Y0545,20Y BGTB 28/05/2045,G-SEC (T.Bond),A,0.00,-,0.00,1.18,127.69,0.0000,0,65.5537,-49.2439,113.9895,0.0000,0.0000,112.8171,112.4232,111.6986,0.7246,0.2006,122.1700,105.8090,0.0000,0.0000,116.1807,115.9555,115.1235,0.4785,0.0000,0.0000,0.0000,-,-,-,-,-,-,-,-,-,-,-,-,126.20,1.49,0,0.0000,0.00%,0.00%,0.00%,0.00%,0.00%,0.00%,-,-,0.00,0.00,-,-,-,-,-,A-GOVDBT,-
TB20Y0628,20Y BGTB 25/06/2028,G-SEC (T.Bond),A,0.00,-,0.00,-0.06,106.29,0.0000,0,,,,,,,,,,,,,,,,,,,,,,-,-,-,-,-,-,-,-,-,-,-,-,106.35,-0.06,0,0.0000,0.00%,0.00%,0.00%,0.00%,0.00%,0.00%,-,-,0.00,0.00,-,-,-,-,-,A-GOVDBT,-
TB20Y0629,20Y BGTB 24/06/2029,G-SEC (T.Bond),A,0.00,-,0.00,0.02,102.76,0.0000,0,,,,,,,,,,,,,,,,,,,,,,-,-,-,-,-,-,-,-,-,-,-,-,102.74,0.02,0,0.0000,0.00%,0.00%,0.00%,0.00%,0.00%,0.00%,-,-,0.00,0.00,-,-,-,-,-,A-GOVDBT,-
TB20Y0630,20Y BGTB 23/06/2030,G-SEC (T.Bond),A,0.00,-,0.00,1.24,100.49,0.0000,0,,,,,,,,,,,,,,,,,,,,,,-,-,-,-,-,-,-,-,-,-,-,-,99.26,1.23,0,0.0000,0.00%,0.00%,0.00%,0.00%,0.00%,0.00%,-,-,0.00,0.00,-,-,-,-,-,A-GOVDBT,-
TB20Y0631,20Y BGTB 29/06/2031,G-SEC (T.Bond),A,0.00,-,0.00,0.17,102.35,0.0000,0,,,,,,,,,,,,,,,,,,,,,,-,-,-,-,-,-,-,-,-,-,-,-,102.18,0.17,0,0.0000,0.00%,0.00%,0.00%,0.00%,0.00%,0.00%,-,-,0.00,0.00,-,-,-,-,-,A-GOVDBT,-
TB20Y0632,20Y BGTB 27/06/2032,G-SEC (T.Bond),A,0.00,-,0.00,-0.36,113.15,0.0000,0,,,,,,,,,,,,,,,,,,,,,,-,-,-,-,-,-,-,-,-,-,-,-,113.56,-0.41,0,0.0000,0.00%,0.00%,0.00%,0.00%,0.00%,0.00%,-,-,0.00,0.00,-,-,-,-,-,A-GOVDBT,-
TB20Y0633,20Y BGTB 26/06/2033,G-SEC (T.Bond),A,0.00,-,0.00,0.56,117.58,0.0000,0,,,,,,,,,,,,,,,,,,,,,,-,-,-,-,-,-,-,-,-,-,-,-,116.93,0.65,0,0.0000,0.00%,0.00%,0.00%,0.00%,0.00%,0.00%,-,-,0.00,0.00,-,-,-,-,-,A-GOVDBT,-
TB20Y0634,20Y BGTB 25/06/2034,G-SEC (T.Bond),A,0.00,-,0.00,0.35,117.31,0.0000,0,,,,,,,,,,,,,,,,,,,,,,-,-,-,-,-,-,-,-,-,-,-,-,116.90,0.41,0,0.0000,0.00%,0.00%,0.00%,0.00%,0.00%,0.00%,-,-,0.00,0.00,-,-,-,-,-,A-GOVDBT,-
TB20Y0639,20Y BGTB 26/06/2039,G-SEC (T.Bond),A,0.00,-,0.00,0.67,100.47,0.0000,0,,,,,,,,,,,,,,,,,,,,,,-,-,-,-,-,-,-,-,-,-,-,-,99.80,0.67,0,0.0000,0.00%,0.00%,0.00%,0.00%,0.00%,0.00%,-,-,0.00,0.00,-,-,-,-,-,A-GOVDBT,-
TB20Y0640,20Y BGTB 24/06/2040,G-SEC (T.Bond),A,0.00,-,0.00,1.09,98.68,0.0000,0,,,,,,,,,,,,,,,,,,,,,,-,-,-,-,-,-,-,-,-,-,-,-,97.62,1.06,0,0.0000,0.00%,0.00%,0.00%,0.00%,0.00%,0.00%,-,-,0.00,0.00,-,-,-,-,-,A-GOVDBT,-
TB20Y0641,20Y BGTB 30/06/2041,G-SEC (T.Bond),A,0.00,-,0.00,2.63,74.90,0.0000,0,,,,,,,,,,,,,,,,,,,,,,-,-,-,-,-,-,-,-,-,-,-,-,72.98,1.92,0,0.0000,0.00%,0.00%,0.00%,0.00%,0.00%,0.00%,-,-,0.00,0.00,-,-,-,-,-,A-GOVDBT,-
TB20Y0642,20Y BGTB 29/06/2042,G-SEC (T.Bond),A,0.00,-,0.00,1.68,94.65,0.0000,0,,,,,,,,,,,,,,,,,,,,,,-,-,-,-,-,-,-,-,-,-,-,-,93.09,1.56,0,0.0000,0.00%,0.00%,0.00%,0.00%,0.00%,0.00%,-,-,0.00,0.00,-,-,-,-,-,A-GOVDBT,-
TB20Y0727,20Y BGTB 25/07/2027,G-SEC (T.Bond),A,0.00,-,0.00,-0.02,106.12,0.0000,0,,,,,,,,,,,,,,,,,,,,,,-,-,-,-,-,-,-,-,-,-,-,-,106.14,-0.02,0,0.0000,0.00%,0.00%,0.00%,0.00%,0.00%,0.00%,-,-,0.00,0.00,-,-,-,-,-,A-GOVDBT,-
TB20Y0728,20Y BGTB 23/07/2028,G-SEC (T.Bond),A,0.00,-,0.00,-0.18,106.63,0.0000,0,,,,,,,,,,,,,,,,,,,,,,-,-,-,-,-,-,-,-,-,-,-,-,106.82,-0.19,0,0.0000,0.00%,0.00%,0.00%,0.00%,0.00%,0.00%,-,-,0.00,0.00,-,-,-,-,-,A-GOVDBT,-
TB20Y0729,20Y BGTB 29/07/2029,G-SEC (T.Bond),A,0.00,-,0.00,-0.03,100.07,0.0000,0,,,,,,,,,,,,,,,,,,,,,,-,-,-,-,-,-,-,-,-,-,-,-,100.10,-0.03,0,0.0000,0.00%,0.00%,0.00%,0.00%,0.00%,0.00%,-,-,0.00,0.00,-,-,-,-,-,A-GOVDBT,-
TB20Y0730,20Y BGTB 29/07/2030,G-SEC (T.Bond),A,0.00,-,0.00,0.61,100.58,0.0000,0,,,,,,,,,,,,,,,,,,,,,,-,-,-,-,-,-,-,-,-,-,-,-,99.97,0.61,0,0.0000,0.00%,0.00%,0.00%,0.00%,0.00%,0.00%,-,-,0.00,0.00,-,-,-,-,-,A-GOVDBT,-
TB20Y0731,20Y BGTB 27/07/2031,G-SEC (T.Bond),A,0.00,-,0.00,0.12,103.70,0.0000,0,,,,,,,,,,,,,,,,,,,,,,-,-,-,-,-,-,-,-,-,-,-,-,103.58,0.12,0,0.0000,0.00%,0.00%,0.00%,0.00%,0.00%,0.00%,-,-,0.00,0.00,-,-,-,-,-,A-GOVDBT,-
TB20Y0732,20Y BGTB 25/07/2032,G-SEC (T.Bond),A,0.00,-,0.00,-0.19,113.49,0.0000,0,,,,,,,,,,,,,,,,,,,,,,-,-,-,-,-,-,-,-,-,-,-,-,113.71,-0.22,0,0.0000,0.00%,0.00%,0.00%,0.00%,0.00%,0.00%,-,-,0.00,0.00,-,-,-,-,-,A-GOVDBT,-
TB20Y0733,20Y BGTB 24/07/2033,G-SEC (T.Bond),A,0.00,-,0.00,0.69,117.78,0.0000,0,,,,,,,,,,,,,,,,,,,,,,-,-,-,-,-,-,-,-,-,-,-,-,116.97,0.81,0,0.0000,0.00%,0.00%,0.00%,0.00%,0.00%,0.00%,-,-,0.00,0.00,-,-,-,-,-,A-GOVDBT,-
TB20Y0734,20Y BGTB 23/07/2034,G-SEC (T.Bond),A,0.00,-,0.00,0.41,117.27,0.0000,0,,,,,,,,,,,,,,,,,,,,,,-,-,-,-,-,-,-,-,-,-,-,-,116.79,0.48,0,0.0000,0.00%,0.00%,0.00%,0.00%,0.00%,0.00%,-,-,0.00,0.00,-,-,-,-,-,A-GOVDBT,-
TB20Y0735,20Y BGTB 29/07/2035,G-SEC (T.Bond),A,0.00,-,0.00,1.12,107.55,0.0000,0,,,,,,,,,,,,,,,,,,,,,,-,-,-,-,-,-,-,-,-,-,-,-,106.36,1.19,0,0.0000,0.00%,0.00%,0.00%,0.00%,0.00%,0.00%,-,-,0.00,0.00,-,-,-,-,-,A-GOVDBT,-
TB20Y0744,20Y BGTB 28/07/2044,G-SEC (T.Bond),A,28589.02,-,131.94,0.83,131.94,2.5070,"19,000",65.9040,0.0000,125.3410,122.8100,0.0000,125.4207,124.0054,120.7271,3.2783,1.7129,137.7742,112.9078,0.0000,-210.5786,128.6009,128.0258,126.8114,0.6476,0.0000,0.0000,0.0000,-,-,-,-,-,-,-,-,-,-,-,-,130.86,1.08,1,2.5070,0.00%,0.00%,0.00%,0.00%,0.00%,0.00%,-,-,0.00,0.00,-,-,-,-,2166820000.00,A-GOVDBT,216682000
TB20Y0827,20Y BGTB 29/08/2027,G-SEC (T.Bond),A,0.00,-,0.00,0.07,106.24,0.0000,0,,,,,,,,,,,,,,,,,,,,,,-,-,-,-,-,-,-,-,-,-,-,-,106.17,0.07,0,0.0000,0.00%,0.00%,0.00%,0.00%,0.00%,0.00%,-,-,0.00,0.00,-,-,-,-,-,A-GOVDBT,-
TB20Y0828,20Y BGTB 27/08/2028,G-SEC (T.Bond),A,0.00,-,0.00,-0.10,107.10,0.0000,0,,,,,,,,,,,,,,,,,,,,,,-,-,-,-,-,-,-,-,-,-,-,-,107.21,-0.11,0,0.0000,0.00%,0.00%,0.00%,0.00%,0.00%,0.00%,-,-,0.00,0.00,-,-,-,-,-,A-GOVDBT,-
TB20Y0829,20Y BGTB 26/08/2029,G-SEC (T.Bond),A,0.00,-,0.00,-0.08,99.09,0.0000,0,,,,,,,,,,,,,,,,,,,,,,-,-,-,-,-,-,-,-,-,-,-,-,99.17,-0.08,0,0.0000,0.00%,0.00%,0.00%,0.00%,0.00%,0.00%,-,-,0.00,0.00,-,-,-,-,-,A-GOVDBT,-
TB20Y0830,20Y BGTB 25/08/2030,G-SEC (T.Bond),A,0.00,-,0.00,0.13,100.63,0.0000,0,,,,,,,,,,,,,,,,,,,,,,-,-,-,-,-,-,-,-,-,-,-,-,100.50,0.13,0,0.0000,0.00%,0.00%,0.00%,0.00%,0.00%,0.00%,-,-,0.00,0.00,-,-,-,-,-,A-GOVDBT,-
TB20Y0831,20Y BGTB 24/08/2031,G-SEC (T.Bond),A,0.00,-,0.00,0.06,104.68,0.0000,0,,,,,,,,,,,,,,,,,,,,,,-,-,-,-,-,-,-,-,-,-,-,-,104.62,0.06,0,0.0000,0.00%,0.00%,0.00%,0.00%,0.00%,0.00%,-,-,0.00,0.00,-,-,-,-,-,A-GOVDBT,-
TB20Y0832,20Y BGTB 29/08/2032,G-SEC (T.Bond),A,0.00,-,0.00,0.04,114.12,0.0000,0,,,,,,,,,,,,,,,,,,,,,,-,-,-,-,-,-,-,-,-,-,-,-,114.08,0.04,0,0.0000,0.00%,0.00%,0.00%,0.00%,0.00%,0.00%,-,-,0.00,0.00,-,-,-,-,-,A-GOVDBT,-
TB20Y0833,20Y BGTB 29/08/2033,G-SEC (T.Bond),A,0.00,-,0.00,0.73,118.01,0.0000,0,,,,,,,,,,,,,,,,,,,,,,-,-,-,-,-,-,-,-,-,-,-,-,117.15,0.86,0,0.0000,0.00%,0.00%,0.00%,0.00%,0.00%,0.00%,-,-,0.00,0.00,-,-,-,-,-,A-GOVDBT,-
TB20Y0834,20Y BGTB 27/08/2034,G-SEC (T.Bond),A,0.00,-,0.00,0.48,116.19,0.0000,0,,,,,,,,,,,,,,,,,,,,,,-,-,-,-,-,-,-,-,-,-,-,-,115.63,0.56,0,0.0000,0.00%,0.00%,0.00%,0.00%,0.00%,0.00%,-,-,0.00,0.00,-,-,-,-,-,A-GOVDBT,-
TB20Y0845,20Y BGTB 27/08/2045,G-SEC (T.Bond),A,11054.00,-,0.00,1.25,110.54,0.0000,0,,,,,,,,,,,,,,,,,,,,,,-,-,-,-,-,-,-,-,-,-,-,-,109.17,1.37,0,0.0000,0.00%,0.00%,0.00%,0.00%,0.00%,0.00%,-,-,0.00,0.00,-,-,-,-,1000000000.00,A-GOVDBT,100000000
TB20Y0927,20Y BGTB 26/09/2027,G-SEC (T.Bond),A,0.00,-,0.00,0.14,105.42,0.0000,0,,,,,,,,,,,,,,,,,,,,,,-,-,-,-,-,-,-,-,-,-,-,-,105.27,0.15,0,0.0000,0.00%,0.00%,0.00%,0.00%,0.00%,0.00%,-,-,0.00,0.00,-,-,-,-,-,A-GOVDBT,-
TB20Y0928,20Y BGTB 24/09/2028,G-SEC (T.Bond),A,0.00,-,0.00,0.07,107.42,0.0000,0,,,,,,,,,,,,,,,,,,,,,,-,-,-,-,-,-,-,-,-,-,-,-,107.35,0.07,0,0.0000,0.00%,0.00%,0.00%,0.00%,0.00%,0.00%,-,-,0.00,0.00,-,-,-,-,-,A-GOVDBT,-
TB20Y0930,20Y BGTB 29/09/2030,G-SEC (T.Bond),A,0.00,-,0.00,-0.12,100.67,0.0000,0,,,,,,,,,,,,,,,,,,,,,,-,-,-,-,-,-,-,-,-,-,-,-,100.79,-0.12,0,0.0000,0.00%,0.00%,0.00%,0.00%,0.00%,0.00%,-,-,0.00,0.00,-,-,-,-,-,A-GOVDBT,-
TB20Y0931,20Y BGTB 28/09/2031,G-SEC (T.Bond),A,0.00,-,0.00,-0.01,107.07,0.0000,0,,,,,,,,,,,,,,,,,,,,,,-,-,-,-,-,-,-,-,-,-,-,-,107.08,-0.01,0,0.0000,0.00%,0.00%,0.00%,0.00%,0.00%,0.00%,-,-,0.00,0.00,-,-,-,-,-,A-GOVDBT,-
TB20Y0932,20Y BGTB 26/09/2032,G-SEC (T.Bond),A,0.00,-,0.00,0.18,114.41,0.0000,0,,,,,,,,,,,,,,,,,,,,,,-,-,-,-,-,-,-,-,-,-,-,-,114.20,0.21,0,0.0000,0.00%,0.00%,0.00%,0.00%,0.00%,0.00%,-,-,0.00,0.00,-,-,-,-,-,A-GOVDBT,-
TB20Y0933,20Y BGTB 25/09/2033,G-SEC (T.Bond),A,0.00,-,0.00,0.60,118.12,0.0000,0,,,,,,,,,,,,,,,,,,,,,,-,-,-,-,-,-,-,-,-,-,-,-,117.42,0.70,0,0.0000,0.00%,0.00%,0.00%,0.00%,0.00%,0.00%,-,-,0.00,0.00,-,-,-,-,-,A-GOVDBT,-
TB20Y0934,20Y BGTB 24/09/2034,G-SEC (T.Bond),A,0.00,-,0.00,0.55,116.74,0.0000,0,,,,,,,,,,,,,,,,,,,,,,-,-,-,-,-,-,-,-,-,-,-,-,116.10,0.64,0,0.0000,0.00%,0.00%,0.00%,0.00%,0.00%,0.00%,-,-,0.00,0.00,-,-,-,-,-,A-GOVDBT,-
TB20Y1027,20Y BGTB 24/10/2027,G-SEC (T.Bond),A,0.00,-,0.00,0.23,105.37,0.0000,0,,,,,,,,,,,,,,,,,,,,,,-,-,-,-,-,-,-,-,-,-,-,-,105.13,0.24,0,0.0000,0.00%,0.00%,0.00%,0.00%,0.00%,0.00%,-,-,0.00,0.00,-,-,-,-,-,A-GOVDBT,-
TB20Y1028,20Y BGTB 29/10/2028,G-SEC (T.Bond),A,0.00,-,0.00,0.07,107.70,0.0000,0,,,,,,,,,,,,,,,,,,,,,,-,-,-,-,-,-,-,-,-,-,-,-,107.63,0.07,0,0.0000,0.00%,0.00%,0.00%,0.00%,0.00%,0.00%,-,-,0.00,0.00,-,-,-,-,-,A-GOVDBT,-
TB20Y1029,20Y BGTB 28/10/2029,G-SEC (T.Bond),A,0.00,-,0.00,-0.12,100.39,0.0000,0,,,,,,,,,,,,,,,,,,,,,,-,-,-,-,-,-,-,-,-,-,-,-,100.51,-0.12,0,0.0000,0.00%,0.00%,0.00%,0.00%,0.00%,0.00%,-,-,0.00,0.00,-,-,-,-,-,A-GOVDBT,-
TB20Y1030,20Y BGTB 27/10/2030,G-SEC (T.Bond),A,0.00,-,0.00,-0.08,100.69,0.0000,0,,,,,,,,,,,,,,,,,,,,,,-,-,-,-,-,-,-,-,-,-,-,-,100.77,-0.08,0,0.0000,0.00%,0.00%,0.00%,0.00%,0.00%,0.00%,-,-,0.00,0.00,-,-,-,-,-,A-GOVDBT,-
TB20Y1031,20Y BGTB 26/10/2031,G-SEC (T.Bond),A,0.00,-,0.00,-0.07,109.71,0.0000,0,,,,,,,,,,,,,,,,,,,,,,-,-,-,-,-,-,-,-,-,-,-,-,109.79,-0.08,0,0.0000,0.00%,0.00%,0.00%,0.00%,0.00%,0.00%,-,-,0.00,0.00,-,-,-,-,-,A-GOVDBT,-
TB20Y1032,20Y BGTB 25/10/2032,G-SEC (T.Bond),A,0.00,-,0.00,0.17,114.56,0.0000,0,,,,,,,,,,,,,,,,,,,,,,-,-,-,-,-,-,-,-,-,-,-,-,114.36,0.20,0,0.0000,0.00%,0.00%,0.00%,0.00%,0.00%,0.00%,-,-,0.00,0.00,-,-,-,-,-,A-GOVDBT,-
TB20Y1033,20Y BGTB 23/10/2033,G-SEC (T.Bond),A,0.00,-,0.00,0.45,118.24,0.0000,0,,,,,,,,,,,,,,,,,,,,,,-,-,-,-,-,-,-,-,-,-,-,-,117.71,0.53,0,0.0000,0.00%,0.00%,0.00%,0.00%,0.00%,0.00%,-,-,0.00,0.00,-,-,-,-,-,A-GOVDBT,-
TB20Y1034,20Y BGTB 29/10/2034,G-SEC (T.Bond),A,0.00,-,0.00,0.62,116.79,0.0000,0,,,,,,,,,,,,,,,,,,,,,,-,-,-,-,-,-,-,-,-,-,-,-,116.07,0.72,0,0.0000,0.00%,0.00%,0.00%,0.00%,0.00%,0.00%,-,-,0.00,0.00,-,-,-,-,-,A-GOVDBT,-
TB20Y1127,20Y BGTB 28/11/2027,G-SEC (T.Bond),A,0.00,-,0.00,0.25,105.29,0.0000,0,,,,,,,,,,,,,,,,,,,,,,-,-,-,-,-,-,-,-,-,-,-,-,105.03,0.26,0,0.0000,0.00%,0.00%,0.00%,0.00%,0.00%,0.00%,-,-,0.00,0.00,-,-,-,-,-,A-GOVDBT,-
TB20Y1128,20Y BGTB 26/11/2028,G-SEC (T.Bond),A,0.00,-,0.00,0.06,107.97,0.0000,0,,,,,,,,,,,,,,,,,,,,,,-,-,-,-,-,-,-,-,-,-,-,-,107.90,0.07,0,0.0000,0.00%,0.00%,0.00%,0.00%,0.00%,0.00%,-,-,0.00,0.00,-,-,-,-,-,A-GOVDBT,-
TB20Y1130,20Y BGTB 24/11/2030,G-SEC (T.Bond),A,0.00,-,0.00,-0.02,101.41,0.0000,0,,,,,,,,,,,,,,,,,,,,,,-,-,-,-,-,-,-,-,-,-,-,-,101.43,-0.02,0,0.0000,0.00%,0.00%,0.00%,0.00%,0.00%,0.00%,-,-,0.00,0.00,-,-,-,-,-,A-GOVDBT,-
TB20Y1131,20Y BGTB 23/11/2031,G-SEC (T.Bond),A,0.00,-,0.00,-0.13,109.76,0.0000,0,,,,,,,,,,,,,,,,,,,,,,-,-,-,-,-,-,-,-,-,-,-,-,109.90,-0.14,0,0.0000,0.00%,0.00%,0.00%,0.00%,0.00%,0.00%,-,-,0.00,0.00,-,-,-,-,-,A-GOVDBT,-
TB20Y1132,20Y BGTB 28/11/2032,G-SEC (T.Bond),A,0.00,-,0.00,0.17,114.83,0.0000,0,,,,,,,,,,,,,,,,,,,,,,-,-,-,-,-,-,-,-,-,-,-,-,114.64,0.19,0,0.0000,0.00%,0.00%,0.00%,0.00%,0.00%,0.00%,-,-,0.00,0.00,-,-,-,-,-,A-GOVDBT,-
TB20Y1133,20Y BGTB 27/11/2033,G-SEC (T.Bond),A,0.00,-,0.00,0.26,117.60,0.0000,0,,,,,,,,,,,,,,,,,,,,,,-,-,-,-,-,-,-,-,-,-,-,-,117.29,0.31,0,0.0000,0.00%,0.00%,0.00%,0.00%,0.00%,0.00%,-,-,0.00,0.00,-,-,-,-,-,A-GOVDBT,-
TB20Y1134,20Y BGTB 26/11/2034,G-SEC (T.Bond),A,0.00,-,0.00,0.69,116.84,0.0000,0,,,,,,,,,,,,,,,,,,,,,,-,-,-,-,-,-,-,-,-,-,-,-,116.04,0.80,0,0.0000,0.00%,0.00%,0.00%,0.00%,0.00%,0.00%,-,-,0.00,0.00,-,-,-,-,-,A-GOVDBT,-
TB20Y1135,20Y BGTB 25/11/2035,G-SEC (T.Bond),A,0.00,-,0.00,1.20,97.17,0.0000,0,,,,,,,,,,,,,,,,,,,,,,-,-,-,-,-,-,-,-,-,-,-,-,96.02,1.15,0,0.0000,0.00%,0.00%,0.00%,0.00%,0.00%,0.00%,-,-,0.00,0.00,-,-,-,-,-,A-GOVDBT,-
TB20Y1138,20Y BGTB 28/11/2038,G-SEC (T.Bond),A,0.00,-,0.00,0.88,93.49,0.0000,0,,,,,,,,,,,,,,,,,,,,,,-,-,-,-,-,-,-,-,-,-,-,-,92.67,0.82,0,0.0000,0.00%,0.00%,0.00%,0.00%,0.00%,0.00%,-,-,0.00,0.00,-,-,-,-,-,A-GOVDBT,-
TB20Y1227,20Y BGTB 26/12/2027,G-SEC (T.Bond),A,0.00,-,0.00,0.22,105.34,0.0000,0,,,,,,,,,,,,,,,,,,,,,,-,-,-,-,-,-,-,-,-,-,-,-,105.11,0.23,0,0.0000,0.00%,0.00%,0.00%,0.00%,0.00%,0.00%,-,-,0.00,0.00,-,-,-,-,-,A-GOVDBT,-
TB20Y1228,20Y BGTB 24/12/2028,G-SEC (T.Bond),A,0.00,-,0.00,0.06,108.21,0.0000,0,,,,,,,,,,,,,,,,,,,,,,-,-,-,-,-,-,-,-,-,-,-,-,108.15,0.06,0,0.0000,0.00%,0.00%,0.00%,0.00%,0.00%,0.00%,-,-,0.00,0.00,-,-,-,-,-,A-GOVDBT,-
TB20Y1229,20Y BGTB 23/12/2029,G-SEC (T.Bond),A,0.00,-,0.00,0.01,100.42,0.0000,0,,,,,,,,,,,,,,,,,,,,,,-,-,-,-,-,-,-,-,-,-,-,-,100.41,0.01,0,0.0000,0.00%,0.00%,0.00%,0.00%,0.00%,0.00%,-,-,0.00,0.00,-,-,-,-,-,A-GOVDBT,-
TB20Y1230,20Y BGTB 29/12/2030,G-SEC (T.Bond),A,0.00,-,0.00,0.04,101.89,0.0000,0,,,,,,,,,,,,,,,,,,,,,,-,-,-,-,-,-,-,-,-,-,-,-,101.85,0.04,0,0.0000,0.00%,0.00%,0.00%,0.00%,0.00%,0.00%,-,-,0.00,0.00,-,-,-,-,-,A-GOVDBT,-
TB20Y1231,20Y BGTB 28/12/2031,G-SEC (T.Bond),A,0.00,-,0.00,-0.22,109.82,0.0000,0,,,,,,,,,,,,,,,,,,,,,,-,-,-,-,-,-,-,-,-,-,-,-,110.06,-0.24,0,0.0000,0.00%,0.00%,0.00%,0.00%,0.00%,0.00%,-,-,0.00,0.00,-,-,-,-,-,A-GOVDBT,-
TB20Y1232,20Y BGTB 26/12/2032,G-SEC (T.Bond),A,0.00,-,0.00,0.16,115.47,0.0000,0,,,,,,,,,,,,,,,,,,,,,,-,-,-,-,-,-,-,-,-,-,-,-,115.29,0.18,0,0.0000,0.00%,0.00%,0.00%,0.00%,0.00%,0.00%,-,-,0.00,0.00,-,-,-,-,-,A-GOVDBT,-
TB20Y1233,20Y BGTB 26/12/2033,G-SEC (T.Bond),A,0.00,-,0.00,0.10,117.73,0.0000,0,,,,,,,,,,,,,,,,,,,,,,-,-,-,-,-,-,-,-,-,-,-,-,117.61,0.12,0,0.0000,0.00%,0.00%,0.00%,0.00%,0.00%,0.00%,-,-,0.00,0.00,-,-,-,-,-,A-GOVDBT,-
TB20Y1242,20Y BGTB 28/12/2042,G-SEC (T.Bond),A,0.00,-,97.89,0.29,98.17,5.6940,"58,000",64.2763,-2.3540,94.4865,0.0000,0.0000,91.7629,90.2675,87.0924,3.1751,1.3853,111.6198,77.3532,0.0000,-5851.4412,97.2244,96.8646,95.8439,0.5820,0.0000,0.0000,0.0000,-,-,-,-,-,-,-,-,-,-,-,-,97.89,0.28,3,5.6940,0.00%,0.00%,0.00%,0.00%,0.00%,0.00%,-,-,0.00,0.00,-,-,-,-,-,A-GOVDBT,-
TB2Y0126,,,,,,,,,,,58.6375,-22.5080,0.0000,0.0000,0.0000,100.3720,100.3646,100.3519,0.0128,0.0026,0.0000,0.0000,0.0000,0.0000,100.4411,100.4459,100.4364,0.0627,0.0000,0.0000,0.0000,,,,,,,,,,,,,,,,,,,,,,,,,,,,,,,,,
TB2Y0127,02Y BGTB 08/01/2027,G-SEC (T.Bond),A,0.00,-,0.00,-0.08,101.06,0.0000,0,52.9667,-30.8642,101.0275,0.0000,0.0000,100.7299,100.7847,100.9345,-0.1498,-0.0999,103.0472,99.0078,0.0000,0.0000,101.0291,101.0549,101.0613,0.0207,0.0000,0.0000,0.0000,-,-,-,-,-,-,-,-,-,-,-,-,101.14,-0.08,0,0.0000,0.00%,0.00%,0.00%,0.00%,0.00%,0.00%,-,-,0.00,0.00,-,-,-,-,-,A-GOVDBT,-
TB2Y0227,02 Year BGTB 05/02/2027,G-SEC (T.Bond),A,0.00,-,0.00,-0.10,100.83,0.0000,0,43.1807,-84.0426,0.0000,0.0000,0.0000,99.8892,99.8661,99.8108,0.0554,0.0307,0.0000,0.0000,0.0000,0.0000,100.4680,100.5022,100.5803,0.1072,0.0000,0.0000,0.0000,-,-,-,-,-,-,-,-,-,-,-,-,100.93,-0.10,0,0.0000,0.00%,0.00%,0.00%,0.00%,0.00%,0.00%,-,-,0.00,0.00,-,-,-,-,-,A-GOVDBT,-
TB2Y0327,02 Year BGTB 05/03/2027,G-SEC (T.Bond),A,0.00,-,0.00,-0.10,101.14,0.0000,0,,,,,,,,,,,,,,,,,,,,,,-,-,-,-,-,-,-,-,-,-,-,-,101.24,-0.10,0,0.0000,0.00%,0.00%,0.00%,0.00%,0.00%,0.00%,-,-,0.00,0.00,-,-,-,-,-,A-GOVDBT,-
TB2Y0427,02Y BGTB 09/04/2027,G-SEC (T.Bond),A,0.00,-,0.00,-0.10,101.92,0.0000,0,,,,,,,,,,,,,,,,,,,,,,-,-,-,-,-,-,-,-,-,-,-,-,102.02,-0.10,0,0.0000,0.00%,0.00%,0.00%,0.00%,0.00%,0.00%,-,-,0.00,0.00,-,-,-,-,-,A-GOVDBT,-
TB2Y0526,,,,,,,,,,,48.6380,-54.7486,100.3000,0.0000,0.0000,100.2468,100.2368,100.1685,0.0683,0.0784,101.9737,98.6263,0.0000,14217.9795,100.2600,100.2732,100.2894,-0.0246,0.0000,0.0000,0.0000,,,,,,,,,,,,,,,,,,,,,,,,,,,,,,,,,
TB2Y0527,02Y BGTB 07/05/2027,G-SEC (T.Bond),A,0.00,-,0.00,-0.07,102.05,0.0000,0,,,,,,,,,,,,,,,,,,,,,,-,-,-,-,-,-,-,-,-,-,-,-,102.12,-0.07,0,0.0000,0.00%,0.00%,0.00%,0.00%,0.00%,0.00%,-,-,0.00,0.00,-,-,-,-,-,A-GOVDBT,-
TB2Y0627,02Y BGTB 04/06/2027,G-SEC (T.Bond),A,0.00,-,0.00,-0.06,102.52,0.0000,0,44.5857,-91.0959,102.1775,0.0000,0.0000,100.8825,100.9242,100.9681,-0.0438,0.0271,103.7751,100.5799,0.0000,-4606.1467,101.8647,101.9417,102.0632,0.0555,0.0000,0.0000,0.0000,-,-,-,-,-,-,-,-,-,-,-,-,102.58,-0.06,0,0.0000,0.00%,0.00%,0.00%,0.00%,0.00%,0.00%,-,-,0.00,0.00,-,-,-,-,-,A-GOVDBT,-
TB2Y0727,02Y BGTB 09/07/2027,G-SEC (T.Bond),A,42369.74,-,0.00,-0.02,102.33,0.0000,0,,,,,,,,,,,,,,,,,,,,,,-,-,-,-,-,-,-,-,-,-,-,-,102.35,-0.02,0,0.0000,0.00%,0.00%,0.00%,0.00%,0.00%,0.00%,-,-,0.00,0.00,-,-,-,-,4140500000.00,A-GOVDBT,414050000
TB2Y0826,,,,,,,,,,,43.6017,-85.6655,100.2005,0.0000,0.0000,100.1312,100.2104,100.3081,-0.0977,0.0302,101.8150,98.5860,0.0000,969.4793,100.0320,100.0751,100.1407,-0.0309,0.0000,0.0000,0.0000,,,,,,,,,,,,,,,,,,,,,,,,,,,,,,,,,
TB2Y0927,02Y BGTB 03/09/2027,G-SEC (T.Bond),A,25330.00,-,0.00,0.12,101.32,0.0000,0,,,,,,,,,,,,,,,,,,,,,,-,-,-,-,-,-,-,-,-,-,-,-,101.20,0.12,0,0.0000,0.00%,0.00%,0.00%,0.00%,0.00%,0.00%,-,-,0.00,0.00,-,-,-,-,2500000000.00,A-GOVDBT,250000000
TB2Y1026,02Y BGTB 02/10/2026,G-SEC (T.Bond),A,0.00,-,100.08,-0.21,100.08,0.4000,"4,000",48.7016,-84.5528,100.3345,0.0000,0.0000,100.3788,100.4398,100.5515,-0.1117,-0.0304,101.3713,99.2977,0.0000,0.0000,100.2702,100.2874,100.3124,0.0131,0.0000,0.0000,0.0000,-,-,-,-,-,-,-,-,-,-,-,-,100.29,-0.21,1,0.4000,0.00%,0.00%,0.00%,0.00%,0.00%,0.00%,-,-,0.00,0.00,-,-,-,-,-,A-GOVDBT,-
TB2Y1126,02Y BGTB 06/11/2026,G-SEC (T.Bond),A,0.00,-,0.00,-0.03,100.57,0.0000,0,43.4307,-100.0000,100.5235,100.6812,0.0000,100.2135,100.2993,100.3514,-0.0521,0.1120,102.0737,98.9733,0.0000,-130.8568,100.3053,100.3771,100.4680,0.0123,0.0000,0.0000,0.0000,-,-,-,-,-,-,-,-,-,-,-,-,100.60,-0.03,0,0.0000,0.00%,0.00%,0.00%,0.00%,0.00%,0.00%,-,-,0.00,0.00,-,-,-,-,-,A-GOVDBT,-
TB2Y1127,02Y BGTB 05/11/2027,G-SEC (T.Bond),A,40536.00,-,0.00,0.30,101.34,0.0000,0,,,,,,,,,,,,,,,,,,,,,,-,-,-,-,-,-,-,-,-,-,-,-,101.04,0.30,0,0.0000,0.00%,0.00%,0.00%,0.00%,0.00%,0.00%,-,-,0.00,0.00,-,-,-,-,4000000000.00,A-GOVDBT,400000000
TB5Y0128,5Y BGTB 11/01/2028,G-SEC (T.Bond),A,0.00,-,0.00,0.24,99.21,0.0000,0,,,,,,,,,,,,,,,,,,,,,,-,-,-,-,-,-,-,-,-,-,-,-,98.97,0.24,0,0.0000,0.00%,0.00%,0.00%,0.00%,0.00%,0.00%,-,-,0.00,0.00,-,-,-,-,-,A-GOVDBT,-
TB5Y0230,05Y BGTB 12/02/2030,G-SEC (T.Bond),A,0.00,-,0.00,0.13,104.46,0.0000,0,,,,,,,,,,,,,,,,,,,,,,-,-,-,-,-,-,-,-,-,-,-,-,104.32,0.14,0,0.0000,0.00%,0.00%,0.00%,0.00%,0.00%,0.00%,-,-,0.00,0.00,-,-,-,-,-,A-GOVDBT,-
TB5Y0327,05Y BGTB 16/03/2027,G-SEC (T.Bond),A,0.00,-,0.00,-0.06,98.63,0.0000,0,,,,,,,,,,,,,,,,,,,,,,-,-,-,-,-,-,-,-,-,-,-,-,98.69,-0.06,0,0.0000,0.00%,0.00%,0.00%,0.00%,0.00%,0.00%,-,-,0.00,0.00,-,-,-,-,-,A-GOVDBT,-
TB5Y0428,5Y BGTB 14/06/2028,G-SEC (T.Bond),A,0.00,-,0.00,-0.08,98.75,0.0000,0,,,,,,,,,,,,,,,,,,,,,,-,-,-,-,-,-,-,-,-,-,-,-,98.83,-0.08,0,0.0000,0.00%,0.00%,0.00%,0.00%,0.00%,0.00%,-,-,0.00,0.00,-,-,-,-,-,A-GOVDBT,-
TB5Y0429,05Y BGTB 15/04/2029,G-SEC (T.Bond),A,0.00,-,0.00,0.07,107.23,0.0000,0,57.2047,0.0000,105.6815,0.0000,0.0000,104.2936,104.1717,103.9106,0.2611,0.1163,108.0989,103.2641,0.0000,56.4741,106.1787,106.1333,105.8928,-0.0216,0.0000,0.0000,0.0000,-,-,-,-,-,-,-,-,-,-,-,-,107.16,0.07,0,0.0000,0.00%,0.00%,0.00%,0.00%,0.00%,0.00%,-,-,0.00,0.00,-,-,-,-,-,A-GOVDBT,-
TB5Y0430,05Y BGTB 16/04/2030,G-SEC (T.Bond),A,0.00,-,0.00,0.27,110.49,0.0000,0,,,,,,,,,,,,,,,,,,,,,,-,-,-,-,-,-,-,-,-,-,-,-,110.19,0.30,0,0.0000,0.00%,0.00%,0.00%,0.00%,0.00%,0.00%,-,-,0.00,0.00,-,-,-,-,-,A-GOVDBT,-
TB5Y0527,05Y BGTB 18/05/2027,G-SEC (T.Bond),A,0.00,-,0.00,-0.04,99.25,0.0000,0,,,,,,,,,,,,,,,,,,,,,,-,-,-,-,-,-,-,-,-,-,-,-,99.29,-0.04,0,0.0000,0.00%,0.00%,0.00%,0.00%,0.00%,0.00%,-,-,0.00,0.00,-,-,-,-,-,A-GOVDBT,-
TB5Y0529,05Y BGTB 15/05/2029,G-SEC (T.Bond),A,0.00,-,0.00,0.06,108.17,0.0000,0,56.5294,-24.4726,106.8800,106.5286,0.0000,105.8251,105.5678,104.8847,0.6831,0.4395,109.3743,104.3857,0.0000,9.4621,107.3004,107.2540,107.1422,0.0814,0.0000,0.0000,0.0000,-,-,-,-,-,-,-,-,-,-,-,-,108.10,0.07,0,0.0000,0.00%,0.00%,0.00%,0.00%,0.00%,0.00%,-,-,0.00,0.00,-,-,-,-,-,A-GOVDBT,-
TB5Y0628,5Y BGTB 14/06/2028,G-SEC (T.Bond),A,0.00,-,0.00,-0.37,99.20,0.0000,0,,,,,,,,,,,,,,,,,,,,,,-,-,-,-,-,-,-,-,-,-,-,-,99.57,-0.37,0,0.0000,0.00%,0.00%,0.00%,0.00%,0.00%,0.00%,-,-,0.00,0.00,-,-,-,-,-,A-GOVDBT,-
TB5Y0630,05Y BGTB 18/06/2030,G-SEC (T.Bond),A,0.00,-,0.00,1.26,110.77,0.0000,0,60.9497,-14.7059,107.7630,0.0000,0.0000,106.3566,106.2681,106.2156,0.0525,-0.1173,111.1080,104.4180,0.0000,0.0000,107.8833,107.8686,107.8386,-0.2334,0.0000,0.0000,0.0000,-,-,-,-,-,-,-,-,-,-,-,-,109.39,1.38,0,0.0000,0.00%,0.00%,0.00%,0.00%,0.00%,0.00%,-,-,0.00,0.00,-,-,-,-,-,A-GOVDBT,-
TB5Y0727,5Y BGTB 13/07/2027,G-SEC (T.Bond),A,0.00,-,0.00,0.02,99.32,0.0000,0,,,,,,,,,,,,,,,,,,,,,,-,-,-,-,-,-,-,-,-,-,-,-,99.30,0.02,0,0.0000,0.00%,0.00%,0.00%,0.00%,0.00%,0.00%,-,-,0.00,0.00,-,-,-,-,-,A-GOVDBT,-
TB5Y0828,5Y BGTB 09/08/2028,G-SEC (T.Bond),A,0.00,-,0.00,-0.23,99.76,0.0000,0,,,,,,,,,,,,,,,,,,,,,,-,-,-,-,-,-,-,-,-,-,-,-,99.99,-0.23,0,0.0000,0.00%,0.00%,0.00%,0.00%,0.00%,0.00%,-,-,0.00,0.00,-,-,-,-,-,A-GOVDBT,-
TB5Y0926,05Y BGTB 15/09/2026,G-SEC (T.Bond),A,0.00,-,0.00,0.03,99.83,0.0000,0,,,,,,,,,,,,,,,,,,,,,,-,-,-,-,-,-,-,-,-,-,-,-,99.80,0.03,0,0.0000,0.00%,0.00%,0.00%,0.00%,0.00%,0.00%,-,-,0.00,0.00,-,-,-,-,-,A-GOVDBT,-
TB5Y0928,5Y BGTB 13/09/2028,G-SEC (T.Bond),A,0.00,-,0.00,0.09,100.08,0.0000,0,,,,,,,,,,,,,,,,,,,,,,-,-,-,-,-,-,-,-,-,-,-,-,99.99,0.09,0,0.0000,0.00%,0.00%,0.00%,0.00%,0.00%,0.00%,-,-,0.00,0.00,-,-,-,-,-,A-GOVDBT,-
TB5Y0930,05Y BGTB 10/09/2030,G-SEC (T.Bond),A,20648.00,-,0.00,-0.16,103.24,0.0000,0,,,,,,,,,,,,,,,,,,,,,,-,-,-,-,-,-,-,-,-,-,-,-,103.41,-0.17,0,0.0000,0.00%,0.00%,0.00%,0.00%,0.00%,0.00%,-,-,0.00,0.00,-,-,-,-,2000000000.00,A-GOVDBT,200000000
TB5Y1029,05Y BGTB 09/10/2029,G-SEC (T.Bond),A,0.00,-,0.00,-0.17,108.90,0.0000,0,60.1032,0.0000,107.3705,0.0000,0.0000,106.2836,106.0465,105.5845,0.4620,0.1587,109.8834,104.8576,0.0000,1409.4468,108.2156,108.0531,107.6728,0.1079,0.0000,0.0000,0.0000,-,-,-,-,-,-,-,-,-,-,-,-,109.09,-0.19,0,0.0000,0.00%,0.00%,0.00%,0.00%,0.00%,0.00%,-,-,0.00,0.00,-,-,-,-,-,A-GOVDBT,-
TB5Y1126,05Y BGTB 10/11/2026,G-SEC (T.Bond),A,0.00,-,0.00,0.01,99.52,0.0000,0,,,,,,,,,,,,,,,,,,,,,,-,-,-,-,-,-,-,-,-,-,-,-,99.51,0.01,0,0.0000,0.00%,0.00%,0.00%,0.00%,0.00%,0.00%,-,-,0.00,0.00,-,-,-,-,-,A-GOVDBT,-
TB5Y1127,5Y BGTB 16/11/2027,G-SEC (T.Bond),A,0.00,-,0.00,0.30,98.84,0.0000,0,,,,,,,,,,,,,,,,,,,,,,-,-,-,-,-,-,-,-,-,-,-,-,98.54,0.30,0,0.0000,0.00%,0.00%,0.00%,0.00%,0.00%,0.00%,-,-,0.00,0.00,-,-,-,-,-,A-GOVDBT,-
TB5Y1128,5Y BGTB 15/11/2028,G-SEC (T.Bond),A,0.00,-,0.00,0.08,103.84,0.0000,0,55.3574,-37.0277,102.5690,0.0000,0.0000,102.6288,102.4653,101.9639,0.5014,0.3782,105.1708,99.9672,0.0000,2524.1235,102.9036,102.8645,102.7687,0.1800,0.0000,0.0000,0.0000,-,-,-,-,-,-,-,-,-,-,-,-,103.76,0.08,0,0.0000,0.00%,0.00%,0.00%,0.00%,0.00%,0.00%,-,-,0.00,0.00,-,-,-,-,-,A-GOVDBT,-
TB5Y1130,05Y BGTB 30/11/2030,G-SEC (T.Bond),A,53030.00,-,0.00,-0.02,106.06,0.0000,0,,,,,,,,,,,,,,,,,,,,,,-,-,-,-,-,-,-,-,-,-,-,-,106.08,-0.02,0,0.0000,0.00%,0.00%,0.00%,0.00%,0.00%,0.00%,-,-,0.00,0.00,-,-,-,-,5000000000.00,A-GOVDBT,500000000
TB5Y1228,5Y BGTB 13/12/2028,G-SEC (T.Bond),A,0.00,-,0.00,0.80,102.70,0.0000,0,62.4107,-10.7317,101.7960,0.0000,0.0000,100.7736,100.5729,100.1553,0.4177,0.1736,106.9253,96.6667,0.0000,20309.5901,102.3342,102.2562,102.0188,0.2108,0.0000,0.0000,0.0000,-,-,-,-,-,-,-,-,-,-,-,-,101.88,0.82,0,0.0000,0.00%,0.00%,0.00%,0.00%,0.00%,0.00%,-,-,0.00,0.00,-,-,-,-,-,A-GOVDBT,-
TB5Y1229,05Y BGTB 11/12/2029,G-SEC (T.Bond),A,32868.00,-,0.00,-0.04,109.56,0.0000,0,58.4246,-11.1908,107.7460,0.0000,0.0000,106.4590,106.2285,105.2183,1.0102,0.9793,111.0945,104.3975,0.0000,116458.7887,108.6051,108.4435,108.0841,0.0187,0.0000,0.0000,0.0000,-,-,-,-,-,-,-,-,-,-,-,-,109.60,-0.04,0,0.0000,0.00%,0.00%,0.00%,0.00%,0.00%,0.00%,-,-,0.00,0.00,-,-,-,-,3000000000.00,A-GOVDBT,300000000
TECHNODRUG,Techno Drugs Limited,Pharmaceuticals & Chemicals,A,5636.32,24.60,42.70,-1.39,42.70,45.9050,"1,069,066",40.9438,-96.1538,45.4250,44.9000,36.3555,44.1553,44.4311,44.9726,-0.5415,-0.1905,48.9487,41.9013,391.2800,-1176961.3062,44.0333,44.1667,44.6581,0.9507,0.0000,0.0000,0.0000,2.34,2.281,0.386,1.639,-,0.211,0.069,0.436,0.032,0.058,-,-,43.30,-0.60,"1,203",45.9050,37.29%,8.30%,28.99%,62.71%,0.00%,0.00%,-,10.00,1.76,30.58,29 Oct 2025,24 Dec 2025,24.60,27.52,1319981880.00,A-EQ,131998188
TILIL,Trust Islami Life Insurance PLC,Insurance,B,1792.00,225.50,44.80,-0.67,44.80,2.8370,"63,121",29.9704,-93.7500,49.4350,51.7080,46.8915,46.2836,46.9759,49.0333,-2.0574,-1.5053,56.2351,42.6349,207.1800,-288365.1116,45.4667,46.0308,47.7186,1.6127,0.0000,0.0000,0.0000,1.12,-,-,-,-,-,-,-,-,-,-,-,45.10,-0.30,172,2.8370,46.62%,3.85%,42.77%,53.38%,0.00%,0.00%,-,5.00,0.20,12.13,18 Aug 2025,30 Sep 2025,225.50,-,400000000.00,B-EQ,40000000
TITASGAS,Titas Gas Transmission and Distribution  PLC,Fuel & Power,B,17707.07,-,17.90,-0.56,17.90,2.1780,"122,087",30.5941,-86.2069,19.3300,19.4740,17.2940,18.3439,18.5630,19.1038,-0.5409,-0.3144,21.4217,17.2383,9.3600,-357102.2957,18.0756,18.2731,18.7876,1.3498,0.0000,0.0000,0.0000,1.12,1.127,-,1.108,-,-,-,0.001,-,-,-,-,18.00,-0.10,231,2.1780,25.00%,15.17%,9.80%,0.00%,75.00%,0.03%,-,2.00,-7.80,90.13,28 Oct 2025,24 Dec 2025,-,-,9892218310.00,B-EQ,989221831
TOSRIFA,Tosrifa Industries PLC,Textile,B,1407.29,28.27,20.70,-2.36,20.70,5.0090,"238,485",36.9942,-90.6250,22.3350,22.3740,18.5585,21.2757,21.4962,22.0437,-0.5475,-0.3210,24.9088,19.7612,214.9800,-345400.8615,20.9556,21.1436,21.7090,1.1966,0.0000,0.0000,0.0000,1.93,0.900,-,0.411,-,-,-,-,-,-,-,-,21.20,-0.50,283,5.0090,56.98%,24.91%,32.07%,43.02%,0.00%,0.00%,-,4.00,0.75,31.52,27 Oct 2025,28 Dec 2025,28.27,63.60,679851190.00,B-EQ,67985119
TRUSTB1MF,Trust Bank 1st Mutual Fund,Mutual Funds,A,1062.55,-,3.50,-2.78,3.50,3.1710,"896,115",41.2638,-100.0000,3.8700,3.5840,2.9920,3.6423,3.6831,3.7211,-0.0380,0.0338,4.3688,3.3712,256.3500,-1600648.7596,3.5889,3.6321,3.7495,1.2712,0.0000,0.0000,0.0000,-,-,-,-,-,-,-,-,-,-,-,-,3.60,-0.10,148,3.1710,98.49%,34.01%,64.48%,1.51%,0.00%,0.00%,-,-,-1.96,8.16,15 Sep 2024,-,-,-,3035866750.00,A-MF,303586675
TRUSTBANK,Trust Bank PLC.,Bank,A,15448.00,4.41,14.80,-0.67,14.80,15.6690,"1,057,185",28.7413,-90.0000,15.2400,15.5440,16.9355,14.9980,15.0624,15.2865,-0.2241,-0.1881,15.7567,14.7233,49.5300,-3711455.1595,14.9356,14.9897,15.1133,0.7003,0.0000,0.0000,0.0000,5.41,-,-,-,-,0.617,0.146,-,0.005,0.119,0.006,-,14.90,-0.10,699,15.6690,40.00%,23.73%,16.27%,60.00%,0.00%,0.00%,5.00,8.00,3.38,28.52,03 May 2026,28 Jul 2025,4.41,6.21,10437834560.00,A-EQ,1043783456
TUNGHAI,Tung Hai Knitting & Dyeing Limited,Textile,Z,479.94,-,4.50,-4.26,4.50,3.8900,"837,031",54.0284,-83.3333,4.4250,3.4740,2.6510,4.7260,4.6755,4.2527,0.4228,0.5109,6.2521,2.5979,586.5400,881749.8176,4.7822,4.8795,4.7676,1.3720,0.0000,0.0000,0.0000,-,0.182,-,0.044,-,-,-,-,-,-,-,-,4.70,-0.20,206,3.8900,69.96%,7.58%,62.38%,30.04%,0.00%,0.00%,-,-,-0.42,-6.18,31 Oct 2022,12 Dec 2022,-,-,1066530300.00,Z-EQ,106653030
UCB,United Commercial Bank PLC,Bank,Z,21395.19,61.33,9.20,0.00,9.20,3.8390,"417,271",39.8816,-66.6667,9.4450,9.3180,9.5670,9.2912,9.3252,9.3764,-0.0513,-0.0007,9.8917,8.9983,11.7300,-449576.5499,9.2556,9.2859,9.3514,0.9698,0.0000,0.0000,0.0000,-,-,-,-,-,0.344,0.007,-,0.000,0.006,0.000,-,9.20,0.00,94,3.8390,88.92%,37.04%,51.42%,10.27%,0.81%,0.46%,-,-,0.15,25.71,03 May 2026,11 Jun 2026,61.33,20.91,23255638470.00,Z-EQ,2325563847
UCB2PBOND,UCB 2nd Perpetual Bond,Corporate Bond,A,282.00,-,0.00,0.00,4700.00,0.0000,0,,,,,,,,,,,,,,,,,,,,,,0.02,-,-,-,-,-,-,-,-,-,-,-,4700.00,0.00,0,0.0000,0.00%,0.00%,0.00%,0.00%,0.00%,0.00%,-,10.00,0.00,0.00,29 Jan 2026,-,-,-,600000.00,A-CB,60000
UNILEVERCL,Unilever Consumer Care Limited,Food & Allied,A,38591.04,48.85,2002.20,-0.54,2002.20,1.2240,610,24.4224,-96.1390,2033.1000,2050.9500,2139.8820,2020.2074,2023.9071,2035.2744,-11.3673,-8.5917,2058.2447,2007.9553,0.5000,-480.7493,2017.4089,2020.7179,2027.2910,0.3397,0.0000,0.0000,0.0000,2.10,0.753,5.520,0.509,-,0.178,0.131,0.668,0.070,1.102,-,-,2013.10,-10.90,149,1.2240,7.18%,3.46%,3.61%,92.82%,0.00%,0.11%,-,420.00,41.21,116.30,08 Mar 2026,18 May 2026,48.85,97.44,192743180.00,A-EQ,19274318
UNIONBANK,Union Bank PLC.,Bank,Z,1554.42,0.96,0.00,0.00,1.50,0.0000,0,31.6231,-100.0000,1.7050,1.9000,3.0850,1.6132,1.6390,1.7458,-0.1068,-0.1005,1.9248,1.4852,48.5200,-791884.7608,1.5867,1.6077,1.6590,1.0097,0.0000,0.0000,0.0000,-,-,-,-,-,1.265,17.228,-,-,1.048,-,-,1.50,0.00,0,0.0000,45.51%,13.47%,32.03%,54.49%,0.00%,0.01%,-,-,1.58,16.03,28 Apr 2024,12 Aug 2024,0.96,-,10362804480.00,Z-EQ,1036280448
UNIONCAP,Union Capital Limited,Financial Institutions,Z,776.58,-,4.50,0.00,4.50,0.8690,"194,227",41.7478,-62.5000,4.7350,4.6620,4.2950,4.5766,4.6088,4.6676,-0.0588,-0.0156,5.0920,4.3780,66.3300,-338049.4552,4.5378,4.5756,4.6552,1.7975,0.0000,0.0000,0.0000,-,-,-,-,-,1.462,3.854,-,-,-,-,-,4.50,0.00,26,0.8690,71.06%,16.76%,54.30%,28.94%,0.00%,0.00%,-,-,-2.46,-65.49,20 May 2026,29 Jul 2026,-,-,1725738430.00,Z-EQ,172573843
UNIONINS,Union Insurance PLC,Insurance,A,2294.27,25.79,47.40,-3.27,47.40,6.9030,"143,977",41.6024,-94.8718,51.3450,48.1400,38.1705,49.4177,49.8158,50.0053,-0.1895,0.5955,55.5435,47.1465,305.3100,-359984.7186,48.9289,49.4795,50.4586,1.6606,0.0000,0.0000,0.0000,2.11,-,-,-,-,-,-,-,-,-,-,-,49.00,-1.60,427,6.9030,43.02%,13.66%,29.36%,56.98%,0.00%,0.00%,-,10.00,1.90,19.23,12 May 2026,25 Aug 2026,25.79,19.92,484022600.00,A-EQ,48402260
UNIQUEHRL,Unique Hotel & Resorts PLC,Travel & Leisure,A,12570.88,8.20,42.70,0.47,42.70,7.1600,"168,504",42.1421,-68.9655,43.8400,44.1580,39.8185,43.0575,43.2456,43.7143,-0.4686,-0.2759,45.8697,41.8103,29.5500,-223103.9745,42.9044,43.0436,43.3862,1.2885,0.0000,0.0000,0.0000,3.75,1.026,0.113,1.008,0.131,0.380,0.095,0.700,0.006,0.009,-,-,42.50,0.20,520,7.1600,47.55%,29.44%,17.95%,52.45%,0.00%,0.16%,-,16.00,5.18,93.91,28 Oct 2025,24 Dec 2025,8.20,10.66,2944000000.00,A-EQ,294400000
UNITEDFIN,United Finance PLC.,Financial Institutions,A,3124.81,16.13,16.70,-2.34,16.70,7.4500,"442,853",38.1722,-96.7742,18.4050,17.2180,13.5820,17.6106,17.7733,17.8003,-0.0271,0.3174,20.0109,16.7991,252.1000,-1248657.4692,17.4444,17.6923,18.0976,1.6214,0.0000,0.0000,0.0000,5.99,-,-,-,-,0.404,0.155,-,-,-,-,0.108,17.10,-0.40,388,7.4500,59.87%,15.83%,44.04%,40.13%,0.00%,0.00%,-,10.00,1.06,17.90,29 Apr 2026,29 Jun 2026,16.13,31.67,1871146140.00,A-EQ,187114614
UNITEDINS,United Insurance Company Ltd.,Insurance,A,2674.45,17.69,60.10,-1.80,60.10,7.4570,"123,349",49.6025,-98.0952,64.4050,53.8600,45.1145,62.3008,62.4503,60.4398,2.0104,3.2848,69.8124,58.9976,337.1200,-262505.7900,61.9311,62.5436,63.7448,1.0631,0.0000,0.0000,0.0000,2.50,-,-,-,-,-,-,-,-,-,-,-,61.20,-1.10,257,7.4570,40.10%,23.09%,17.01%,59.90%,0.00%,0.00%,-,15.00,3.46,31.04,29 Apr 2026,29 Jun 2026,17.69,15.38,445000000.00,A-EQ,44500000
UPGDCL,United Power Generation & Distribution Company Limited,Fuel & Power,A,67708.41,5.68,116.80,-0.51,116.80,4.3910,"37,430",32.5334,-82.8283,121.6450,124.4280,121.2700,119.2914,119.9621,121.8584,-1.8963,-1.3158,127.2935,115.9965,2.1800,-33607.0911,118.8333,119.5359,120.5090,0.8577,0.0000,0.0000,0.0000,5.57,1.368,-,1.250,0.319,0.337,0.312,0.340,0.158,0.281,-,-,117.40,-0.60,495,4.3910,10.00%,7.42%,2.57%,90.00%,0.00%,0.01%,-,65.00,20.66,73.89,27 Oct 2025,30 Dec 2025,5.68,5.99,5796952700.00,A-EQ,579695270
USMANIAGL,Usmania Glass Sheet Factory Limited,Miscellaneous,Z,1044.65,-,60.00,0.00,60.00,1.0520,"17,517",41.8753,-87.0690,65.4450,61.1400,40.6845,62.1336,62.7988,63.4941,-0.6953,0.4385,73.4942,57.3958,96.1900,-54955.1159,61.4867,61.9718,63.6605,1.2648,0.0000,0.0000,0.0000,-,0.654,-,0.293,-,-,-,-,-,-,-,-,60.00,0.00,164,1.0520,47.00%,15.66%,31.34%,2.00%,51.00%,0.00%,-,-,-5.34,64.73,29 Oct 2025,21 Dec 2025,-,-,174109000.00,Z-EQ,17410900
UTTARABANK,Uttara Bank PLC,Bank,A,25348.27,3.45,20.90,-0.48,20.90,25.1770,"1,201,422",37.2803,-83.3333,21.1200,21.3240,22.9765,21.0107,21.0392,21.1705,-0.1313,-0.1307,21.3998,20.8402,33.4100,-1299332.3862,20.9844,21.0064,21.0576,0.6850,0.0000,0.0000,0.0000,2.39,-,-,-,-,0.608,0.298,-,0.018,0.190,0.020,-,21.00,-0.10,557,25.1770,69.47%,24.03%,44.82%,30.53%,0.00%,0.62%,25.00,5.00,6.08,31.95,30 Apr 2026,15 Jun 2026,3.45,4.71,12128360900.00,A-EQ,1212836090
UTTARAFIN,Uttara Finance and Investments Limited,Financial Institutions,Z,1630.37,1.38,12.40,-4.62,12.40,0.2490,"19,946",29.5925,-87.5000,13.3000,13.3500,12.2065,12.9928,13.0702,13.2384,-0.1683,-0.0777,13.9291,12.6709,8.1000,-51124.8652,12.9378,13.0115,13.1581,1.3304,0.0000,0.0000,0.0000,12.10,-,-,-,-,0.983,0.593,-,-,-,-,0.564,13.00,-0.60,53,0.2490,55.56%,31.62%,16.12%,44.44%,0.00%,7.82%,5.00,15.00,9.45,62.45,24 Aug 2020,30 Sep 2020,1.38,5.80,1314815040.00,Z-EQ,131481504
VAMLBDMF1,Vanguard AML BD Finance Mutual Fund One,Mutual Funds,A,740.67,-,0.00,0.00,7.10,0.0000,0,45.8140,-71.4286,7.1600,7.2120,6.8430,7.2057,7.2027,7.1776,0.0250,0.0300,7.4458,6.8742,37.4300,-4593.5110,7.2333,7.2385,7.2100,0.6457,0.0000,0.0000,0.0000,-,-,-,-,-,-,-,-,-,-,-,-,7.10,0.00,0,0.0000,98.08%,81.13%,16.95%,1.92%,0.00%,0.00%,-,-,-0.10,9.55,01 Dec 2025,-,-,-,1043200000.00,A-MF,104320000
VAMLRBBF,Vanguard AML Rupali Bank Balanced Fund,Mutual Funds,A,1269.96,-,8.00,0.00,8.00,0.8430,"105,365",48.1599,-100.0000,8.1550,7.8600,6.2390,8.0715,8.0856,8.0370,0.0487,0.1027,8.3842,7.9258,36.8500,-247198.3880,8.0578,8.0756,8.1119,0.8928,0.0000,0.0000,0.0000,-,-,-,-,-,-,-,-,-,-,-,-,8.00,0.00,10,0.8430,74.80%,67.83%,6.97%,25.20%,0.00%,0.00%,-,-,-0.37,8.38,18 Feb 2026,-,-,3.36,1587450000.00,A-MF,158745000
VFSTDL,VFS Thread Dyeing Limited,Textile,B,1499.24,160.00,14.20,-1.39,14.20,8.7670,"613,364",32.3657,-75.0000,15.8350,16.3860,13.1620,14.6664,14.9217,15.6110,-0.6894,-0.4533,18.3517,13.3183,508.9700,-1162453.0043,14.3533,14.6013,15.1881,1.5284,0.0000,0.0000,0.0000,0.18,5.475,-,3.946,-,-,-,-,-,-,-,-,14.40,-0.20,363,8.7670,69.23%,17.49%,51.70%,30.77%,0.00%,0.04%,-,0.25,0.09,20.34,29 Oct 2025,30 Dec 2025,160.00,360.00,1055800550.00,B-EQ,105580055
WALTONHIL,Walton Hi-Tech Industries PLC,Engineering,A,132988.57,11.49,399.10,1.50,399.10,64.6430,"160,923",59.9749,-38.9286,390.8900,392.4300,382.3015,390.7145,390.6181,391.0053,-0.3872,-0.7812,398.3126,383.4674,2.0200,-12590.2369,390.0289,389.7872,390.2224,0.9161,0.0000,0.0000,0.0000,4.51,2.550,0.046,1.513,-,0.209,0.146,0.360,0.066,0.086,-,-,393.20,5.90,"2,919",64.6430,32.91%,0.99%,31.88%,67.09%,0.00%,0.04%,10.00,180.00,33.75,381.26,30 Aug 2026,15 Oct 2026,11.49,15.29,3332211770.00,A-EQ,333221177
WATACHEM,Wata Chemicals Ltd,Pharmaceuticals & Chemicals,A,2018.84,185.14,136.00,-0.58,136.20,0.9310,"6,811",40.2311,-90.6077,141.2350,140.2680,133.7700,138.9095,139.5653,140.5485,-0.9832,-0.0058,148.3281,134.1419,88.6000,-64210.3370,138.1244,139.2115,140.6643,1.1936,0.0000,0.0000,0.0000,0.73,0.545,0.439,0.490,-,0.249,0.014,0.296,0.004,0.012,-,-,137.00,-0.80,84,0.9310,63.59%,36.11%,27.48%,36.41%,0.00%,0.00%,-,10.00,0.74,61.09,09 Nov 2025,24 Dec 2025,185.14,118.10,148226180.00,A-EQ,14822618
WMSHIPYARD,Western Marine Shipyard Limited,Engineering,Z,2140.35,-,9.10,-3.19,9.10,2.4480,"268,687",31.1123,-92.3077,9.8950,9.8660,8.7320,9.5344,9.6200,9.7792,-0.1592,-0.0463,10.6013,9.1887,72.6300,-387118.0400,9.4578,9.5487,9.7300,1.5799,0.0000,0.0000,0.0000,-,7.577,-,4.239,-,0.363,-,0.374,-,-,-,-,9.40,-0.30,232,2.4480,69.99%,15.39%,54.60%,30.01%,0.00%,0.00%,-,-,-0.02,16.16,16 Nov 2025,28 Dec 2025,-,-,2352037690.00,Z-EQ,235203769
YPL,Yeakin Polymer Limited,Engineering,Z,1702.44,-,23.10,-0.43,23.10,3.2480,"139,847",44.7660,-51.5152,23.5800,24.4180,19.5770,22.9702,23.0730,23.5825,-0.5095,-0.5235,25.9407,21.2193,137.5800,-244328.1248,22.8311,22.7821,23.0643,1.4225,0.0000,0.0000,0.0000,-,0.860,-,0.442,-,-,-,-,-,-,-,-,23.20,-0.10,159,3.2480,69.90%,17.00%,52.90%,30.10%,0.00%,0.00%,-,-,-0.71,6.16,08 Dec 2022,-,-,-,736988170.00,Z-EQ,73698817
ZAHEENSPIN,Zaheen Spinning Limited,Textile,Z,648.82,-,5.70,-3.39,5.70,1.6120,"281,701",49.2630,-81.2500,5.7800,5.6720,5.0335,5.7563,5.7652,5.7379,0.0273,0.0597,6.3553,5.2047,103.4400,32581.7960,5.7289,5.7974,5.8029,1.4149,0.0000,0.0000,0.0000,-,1.404,-,1.398,-,-,-,-,-,-,-,-,5.90,-0.20,112,1.6120,68.90%,23.93%,44.97%,31.10%,0.00%,0.00%,-,-,-0.55,3.39,28 Oct 2025,30 Dec 2025,-,-,1138283680.00,Z-EQ,113828368
ZAHINTEX,Zahintex Industries Limited,Textile,Z,679.18,-,8.40,-2.35,8.30,0.3520,"42,265",34.8539,-86.6667,8.9150,8.9900,7.1390,8.6742,8.7389,8.8664,-0.1275,-0.0455,9.4927,8.3373,42.9700,-126201.8190,8.6178,8.7179,8.8233,0.9874,0.0000,0.0000,0.0000,-,2.167,-,0.632,-,-,-,-,-,-,-,-,8.50,-0.20,55,0.3520,63.06%,20.95%,42.11%,36.94%,0.00%,0.00%,-,-,-2.58,10.01,29 Oct 2023,24 Dec 2023,-,-,818285490.00,Z-EQ,81828549
ZEALBANGLA,Zeal Bangla Sugar Mills Limited,Food & Allied,Z,1077.60,-,179.60,-2.07,179.60,4.3760,"24,089",39.8104,-93.0636,202.3600,189.3980,141.4855,189.8909,192.6593,196.6251,-3.9658,0.2476,230.1298,174.5902,100.2100,-19551.8634,186.9578,189.1679,195.6876,0.9518,0.0000,0.0000,0.0000,-,0.269,-,0.057,-,-,-,-,-,0.069,-,-,183.40,-3.80,459,4.3760,49.00%,12.84%,36.16%,0.00%,51.00%,0.00%,-,-,-78.87,-1139.19,27 Oct 2025,15 Dec 2025,-,-,60000000.00,Z-EQ,6000000
