Symbol,Company,Sector,Category,Market Cap (mn),PE,LTP,%,Close,Value(Turnover) (mn),Volume(Qty),RSI[14],Willams %R[14],SMA[20],SMA[50],SMA[200],EMA[9],EMA[12],EMA[26],"MACD[12,26]",MACD Signal[9],"BB Upper[20,2]","BB Lower[20,2]",TV[22],"CO[3,10]",WMA[9],WMA[12],WMA[20],Beta[5],VWMA[20],VWMA[50],VWMA[200],Dividend Yield,Current Ratio,Quick Ratio,Debt To Equity,EBITDA Margin,Operating Profit Margin,Net Profit Margin,Gross Profit Margin,Return on Assets (ROA),Return on Equity (ROE),Return on Earnings Assets (ROEA),Return on Investment (ROI),YCP,Change,Trade,Value (Turnover)(mn),Free Float,Institute Share %,Public Share %,Sponsor Director Share %,Govt. Share %,Foreign Share %,Stock Dividend,Cash Dividend,EPS,NAV(Year End),Last Dividend Date,Last AGM Date,Audited PE,Forward PE,PaidUp Capital,Quote Bases,Total Shares
1JANATAMF,First Janata Bank Mutual Fund,Mutual Funds,A,1014.73,-,3.50,0.00,3.50,1.9540,"555,339",45.0112,-80.0000,3.5650,3.6700,3.0875,3.5846,3.5882,3.5866,0.0016,0.0101,3.8347,3.2953,162.5600,-1077415.8781,3.5911,3.6154,3.5990,1.2943,0.0000,0.0000,0.0000,-,-,-,-,-,-,-,-,-,-,-,-,3.50,0.00,114,1.9540,75.00%,30.20%,44.80%,25.00%,0.00%,0.00%,-,-,-2.24,7.54,15 Sep 2024,-,-,-,2899233490.00,A-MF,289923349
1STPRIMFMF,Prime Finance First Mutual Fund,Mutual Funds,A,612.00,-,30.60,-4.97,30.60,50.0590,"1,590,605",57.2274,-47.9730,28.3900,25.3800,21.2435,31.5997,31.0123,28.5026,2.5098,2.4008,38.7880,17.9920,2366.5400,-522595.8127,32.5800,32.5833,30.7467,0.9683,0.0000,0.0000,0.0000,-,-,-,-,-,-,-,-,-,-,-,-,32.20,-1.60,"1,803",50.0590,98.00%,22.05%,75.94%,2.00%,0.00%,0.01%,-,-,-0.53,8.60,01 Feb 2026,-,-,13.31,200000000.00,A-MF,20000000
AAMRANET,Aamra Networks Limited.,IT Sector,Z,1738.72,7.56,18.70,0.54,18.70,3.1190,"165,886",46.7055,-47.6190,18.5550,19.6760,18.0325,18.8896,18.8695,19.0012,-0.1318,-0.2381,19.9108,17.1992,63.5400,-133787.9249,18.9644,18.9756,18.8124,1.3874,0.0000,0.0000,0.0000,0.05,2.438,-,2.056,0.018,0.018,0.013,0.247,0.003,0.004,-,-,18.60,0.10,170,3.1190,66.96%,21.74%,45.22%,33.04%,0.00%,0.00%,-,0.10,0.13,36.14,06 Sep 2026,-,7.56,-,929799120.00,Z-EQ,92979912
AAMRATECH,Aamra Technologies Limited,IT Sector,Z,1054.73,-,0.00,0.00,16.30,0.2270,"13,935",42.0034,-73.3333,16.5200,18.5080,14.4660,16.4401,16.4937,16.9315,-0.4378,-0.5262,17.3992,15.6408,28.7200,-53914.0421,16.4089,16.4423,16.4533,1.5689,0.0000,0.0000,0.0000,0.15,1.854,-,1.112,-,-,-,0.028,-,-,-,-,16.30,0.00,42,0.2270,69.99%,29.97%,40.02%,30.01%,0.00%,0.00%,-,0.25,-3.17,18.46,13 Jul 2026,-,-,-,647074420.00,Z-EQ,64707442
ABB1STMF,AB BANK 1ST MUTUAL FUND,Mutual Funds,A,836.82,-,3.50,0.00,3.50,4.2780,"1,218,564",43.4909,-83.3333,3.6200,3.7320,3.2180,3.6009,3.6112,3.6320,-0.0208,-0.0080,3.8503,3.3897,309.6200,-2797048.4852,3.6000,3.6256,3.6290,1.2576,0.0000,0.0000,0.0000,-,-,-,-,-,-,-,-,-,-,-,-,3.50,0.00,146,4.2780,84.49%,16.43%,68.06%,15.51%,0.00%,0.00%,-,-,-1.37,8.69,25 Sep 2024,-,-,-,2390903960.00,A-MF,239090396
ABBANK,AB Bank PLC,Bank,Z,3761.92,-,4.20,-2.33,4.20,2.3990,"562,838",34.5540,-100.0000,4.4400,4.6680,4.9570,4.3378,4.3673,4.4731,-0.1058,-0.0908,4.7183,4.1617,20.2500,-894136.5009,4.3111,4.3372,4.3967,1.7062,0.0000,0.0000,0.0000,-,-,-,-,-,1.242,1.343,-,-,1.199,-,-,4.30,-0.10,169,2.3990,80.48%,35.00%,44.94%,18.95%,0.57%,0.54%,-,-,-43.42,-36.24,03 May 2026,18 Jun 2026,-,-,8956947490.00,Z-EQ,895694749
ABBLPBOND,AB Bank Perpetual Bond,Corporate Bond,A,6053.59,-,0.00,0.00,1060.00,0.0000,0,63.0051,-25.0000,1068.0000,1047.2000,0.0000,1048.3281,1041.8432,1008.2701,33.5732,35.1310,1136.8491,999.1509,11.5000,4204.2088,1067.1111,1069.8718,1070.6190,0.0020,0.0000,0.0000,0.0000,0.09,-,-,-,-,-,-,-,-,-,-,-,1060.00,0.00,0,0.0000,100.00%,94.73%,5.27%,0.00%,0.00%,0.00%,-,10.00,0.00,0.00,10 Dec 2025,-,-,-,57109360.00,A-CB,5710936
ACFL,Aman Cotton Fibrous PLC,Textile,A,2238.50,103.81,22.20,1.83,22.20,0.7600,"34,551",48.5253,-33.3333,22.0650,22.8180,20.2975,22.0021,22.0427,22.2852,-0.2425,-0.2675,22.5812,21.5488,17.5300,14246.1981,21.9511,21.9846,22.0419,1.2024,0.0000,0.0000,0.0000,4.50,2.961,-,1.970,-,-,-,-,-,-,-,-,21.80,0.40,61,0.7600,50.42%,11.68%,38.64%,49.58%,0.00%,0.10%,-,10.00,0.21,33.63,27 Oct 2025,29 Dec 2025,103.81,233.57,1008333330.00,A-EQ,100833333
ACI,ACI Limited,Pharmaceuticals & Chemicals,A,15932.70,-,181.00,-0.87,181.40,3.1340,"17,301",38.0568,-89.6296,185.0000,191.6020,198.0930,184.0601,184.5271,186.6706,-2.1435,-2.1266,192.1516,177.8484,3.6500,-12390.0287,183.5644,184.4077,184.7924,1.1397,0.0000,0.0000,0.0000,1.38,0.676,0.568,0.384,-,0.074,-,0.249,-,-,-,-,183.00,-1.60,263,3.1340,52.73%,34.30%,18.43%,47.27%,0.00%,0.00%,-,25.00,-7.40,91.64,29 Oct 2025,28 Dec 2025,-,-,878318430.00,A-EQ,87831843
ACIFORMULA,ACI Formulations PLC,Pharmaceuticals & Chemicals,A,6997.72,19.08,148.10,-1.13,148.10,12.1980,"82,020",38.9838,-99.3333,153.2750,161.3120,146.2450,151.7448,152.3935,154.8458,-2.4523,-2.1817,160.2202,146.3298,77.7100,-151817.0715,151.1689,152.1679,153.1448,1.2857,0.0000,0.0000,0.0000,1.69,1.236,-,0.925,-,0.142,0.072,0.323,0.043,0.104,-,-,149.80,-1.70,409,12.1980,33.98%,19.98%,14.00%,66.02%,0.00%,0.00%,-,25.00,7.85,75.51,29 Oct 2025,28 Dec 2025,19.08,13.60,472500000.00,A-EQ,47250000
ACMELAB,The ACME Laboratories Limited,Pharmaceuticals & Chemicals,A,16272.17,6.76,77.00,-0.90,76.90,14.6830,"190,316",36.1776,-97.4359,77.9150,79.9960,77.5945,77.9133,78.0110,78.5387,-0.5277,-0.5614,79.6888,76.1412,14.4800,-153779.1025,77.9067,78.0756,78.0662,1.1939,0.0000,0.0000,0.0000,4.55,1.154,0.265,0.680,-,0.098,0.068,0.422,0.042,0.091,-,-,77.60,-0.70,577,14.6830,59.61%,30.46%,29.12%,40.39%,0.00%,0.03%,-,35.00,11.48,126.37,28 Oct 2025,22 Dec 2025,6.76,6.19,2116017000.00,A-EQ,211601700
ACMEPL,Acme Pesticides Limited,Pharmaceuticals & Chemicals,B,3483.00,-,25.80,1.18,25.80,166.2620,"6,407,416",57.2823,-34.6154,24.9850,24.6940,21.3550,25.3292,25.2689,25.0334,0.2355,0.2138,26.2587,23.7113,524.2300,-1661400.9483,25.3356,25.3641,25.2229,1.4034,0.0000,0.0000,0.0000,-,4.422,0.117,3.222,-,-,-,-,-,-,-,-,25.50,0.30,"2,456",166.2620,68.20%,15.52%,52.68%,31.80%,0.00%,0.00%,-,0.01,-1.14,16.41,02 Nov 2025,29 Dec 2025,-,-,1350000000.00,B-EQ,135000000
ACTIVEFINE,Active Fine Chemicals Limited,Pharmaceuticals & Chemicals,Z,1223.68,48.18,5.20,-3.77,5.10,0.7730,"149,313",23.9105,-100.0000,5.6000,6.1800,6.4480,5.4423,5.4977,5.7262,-0.2285,-0.2145,5.9309,5.2691,20.0700,-253472.2356,5.4133,5.4628,5.5343,1.3607,0.0000,0.0000,0.0000,0.49,-,-,-,-,-,-,-,-,-,-,-,5.30,-0.20,101,0.7730,87.96%,21.05%,66.64%,12.04%,0.00%,0.27%,-,0.25,0.11,22.07,30 Oct 2022,29 Dec 2022,48.18,33.13,2399365800.00,Z-EQ,239936580
ADNTEL,ADN Telecom Limited,IT Sector,A,3594.63,22.04,55.60,-1.07,55.60,5.3320,"95,670",33.6297,-96.5517,57.6250,61.8020,61.5030,57.0969,57.3729,58.7498,-1.3768,-1.4186,60.0787,55.1713,70.2600,-188609.4224,56.9600,57.2628,57.4662,1.2600,0.0000,0.0000,0.0000,1.80,1.943,-,1.935,0.122,0.152,0.091,0.354,0.049,0.077,-,-,56.20,-0.60,418,5.3320,59.24%,17.44%,40.28%,40.76%,0.00%,1.52%,-,10.00,2.55,32.82,28 Oct 2025,15 Dec 2025,22.04,22.66,646516660.00,A-EQ,64651666
ADVENT,Advent Pharma Limited,Pharmaceuticals & Chemicals,Z,1210.73,18.47,13.00,-2.26,13.00,1.8400,"140,546",30.4303,-100.0000,13.6700,14.6520,14.2760,13.4740,13.5540,13.8908,-0.3368,-0.3197,14.3352,13.0048,28.3800,-274768.1866,13.4244,13.5231,13.6110,1.4883,0.0000,0.0000,0.0000,0.38,1.507,0.005,1.157,-,0.200,0.134,0.352,0.035,0.044,-,-,13.30,-0.30,140,1.8400,69.98%,12.78%,56.20%,30.02%,0.00%,1.00%,-,0.50,0.72,16.43,27 Oct 2025,31 Dec 2025,18.47,30.23,931327320.00,Z-EQ,93132732
AFCAGRO,AFC Agro Biotech Limited,Pharmaceuticals & Chemicals,Z,645.21,25.91,5.70,-1.75,5.60,0.1260,"22,503",29.3267,-100.0000,6.0750,6.6260,6.6100,5.8376,5.9078,6.1804,-0.2727,-0.2468,6.6213,5.5287,12.6600,-77182.4418,5.7756,5.8423,5.9543,1.6459,0.0000,0.0000,0.0000,0.89,5.609,-,4.057,-,0.066,0.036,0.232,0.010,0.012,-,-,5.70,-0.10,31,0.1260,72.16%,34.11%,38.05%,27.84%,0.00%,0.00%,-,0.50,0.22,18.19,30 Oct 2022,29 Dec 2022,25.91,25.15,1152162000.00,Z-EQ,115216200
AFTABAUTO,Aftab Automobiles Limited,Engineering,Z,2691.40,-,25.50,-1.16,25.50,1.0840,"42,217",34.2177,-95.6522,26.3150,28.0980,29.9290,26.1876,26.2916,26.8348,-0.5432,-0.5702,27.4598,25.1702,16.5200,-68664.5703,26.1978,26.3013,26.3095,1.3140,0.0000,0.0000,0.0000,3.92,1.931,2.289,1.802,-,-,-,0.254,-,-,-,-,25.80,-0.30,74,1.0840,70.68%,32.36%,38.32%,29.32%,0.00%,0.00%,-,10.00,-1.37,47.57,28 Oct 2025,29 Dec 2025,-,-,1055449950.00,Z-EQ,105544995
AGNISYSL,Agni Systems PLC.,IT Sector,B,1864.69,32.96,25.80,-3.75,25.70,10.5930,"405,401",30.2286,-97.8723,28.5900,30.1580,25.7835,27.5356,27.8350,28.7183,-0.8833,-0.6415,31.0196,26.1604,231.3700,-809176.4865,27.3222,27.6462,28.1390,1.2757,0.0000,0.0000,0.0000,0.97,3.518,-,3.484,0.174,0.181,0.082,0.383,0.039,0.048,-,-,26.70,-1.00,474,10.5930,69.97%,14.51%,55.46%,30.03%,0.00%,0.00%,-,2.50,0.81,16.95,28 Oct 2025,29 Dec 2025,32.96,24.42,725561920.00,B-EQ,72556192
AGRANINS,Agrani Insurance PLC.,Insurance,A,994.12,157.78,27.60,-2.82,27.60,2.5800,"92,713",39.5149,-73.6842,28.4950,29.6600,25.3385,28.6620,28.7098,28.8881,-0.1783,-0.1574,30.4807,26.5093,77.6700,-70908.6829,28.7467,28.8731,28.7019,1.4883,0.0000,0.0000,0.0000,-,-,-,-,-,-,-,-,-,-,-,-,28.40,-0.80,186,2.5800,72.25%,16.83%,55.42%,27.75%,0.00%,0.00%,-,-,0.18,19.42,16 Mar 2026,14 May 2026,157.78,28.40,360186980.00,A-EQ,36018698
AIBL1STIMF,AIBL 1st Islamic Mutual Fund,Mutual Funds,A,570.00,116.00,5.70,-1.72,5.70,12.0330,"2,098,719",43.8331,-90.9091,6.0300,6.0080,4.4885,5.9823,5.9952,5.9581,0.0371,0.0829,6.4560,5.6040,802.8600,-1963892.5148,5.9933,6.0372,6.0500,0.8335,0.0000,0.0000,0.0000,-,-,-,-,-,-,-,-,-,-,-,-,5.80,-0.10,370,12.0330,90.00%,40.05%,49.95%,10.00%,0.00%,0.00%,-,0.60,0.05,10.27,16 May 2023,-,116.00,65.91,1000000000.00,A-MF,100000000
AIBLPBOND,AIBL Mudaraba Perpetual Bond,Corporate Bond,A,420.00,-,0.00,0.00,4200.00,0.0000,0,64.2643,0.0000,4122.5000,4024.5700,3716.9900,4072.1760,4046.8728,3996.4985,50.3743,18.5121,4302.8393,3942.1607,0.7100,0.0014,4158.8889,4151.2821,4136.1905,0.0326,0.0000,0.0000,0.0000,0.02,-,-,-,-,-,-,-,-,-,-,-,4200.00,0.00,0,0.0000,100.00%,87.13%,12.17%,0.00%,0.00%,0.70%,-,-,0.00,0.00,-,-,-,-,1000000.00,A-CB,100000
AIL,Alif Industries Limited,Textile,Z,1431.10,12.63,29.40,-1.34,29.40,1.7830,"60,146",29.7986,-95.0000,31.2200,34.3600,33.0840,30.5919,30.8559,31.9715,-1.1156,-1.0608,33.0037,29.4363,34.7800,-123487.8054,30.4156,30.6795,30.9924,1.1843,0.0000,0.0000,0.0000,3.40,4.992,-,4.235,-,-,-,-,-,-,-,-,29.80,-0.40,134,1.7830,69.76%,13.55%,56.21%,30.24%,0.00%,0.00%,10.00,10.00,2.36,24.56,29 Oct 2024,30 Dec 2024,12.63,9.89,486768350.00,Z-EQ,48676835
AL-HAJTEX,Al-Haj Textile Mills Limited,Textile,B,1661.24,-,74.50,-4.36,74.50,13.5800,"178,484",41.8110,-78.3439,76.1600,86.0000,109.9965,77.3538,77.5455,79.7313,-2.1858,-2.7933,87.1806,65.1394,326.7000,-160138.6286,77.1067,77.5769,77.3952,1.0907,0.0000,0.0000,0.0000,0.40,1.616,-,1.134,-,-,-,-,-,-,-,-,77.90,-3.40,936,13.5800,69.34%,9.65%,59.64%,30.65%,0.01%,0.05%,-,3.00,-1.64,16.38,23 Jul 2026,14 Sep 2026,-,-,222985490.00,B-EQ,22298549
ALARABANK,Al-Arafah Islami Bank PLC.,Bank,Z,17275.38,22.73,15.00,0.00,15.00,0.2910,"19,230",40.6780,-92.8571,15.4100,16.2660,15.5015,15.2450,15.3226,15.6534,-0.3308,-0.3160,16.0586,14.7614,0.7900,-37477.5781,15.2044,15.2462,15.3271,0.5918,0.0000,0.0000,0.0000,-,-,-,-,-,0.230,0.056,-,0.001,0.033,0.002,-,15.00,0.00,73,0.2910,59.59%,37.17%,22.39%,40.41%,0.00%,0.03%,-,-,0.74,21.16,03 May 2026,09 Nov 2026,22.73,8.72,11516917130.00,Z-EQ,1151691713
ALIF,Alif Manufacturing Company Ltd,Textile,Z,1273.64,15.15,5.00,-2.00,4.90,0.8250,"168,745",30.2135,-85.7143,5.2550,5.4620,4.9635,5.1294,5.1679,5.2847,-0.1168,-0.0873,5.5339,4.9761,25.6000,-330124.3731,5.1067,5.1436,5.2019,1.6090,0.0000,0.0000,0.0000,2.04,15.328,-,13.723,-,-,-,-,-,-,-,-,5.00,-0.10,118,0.8250,69.54%,3.79%,65.75%,30.46%,0.00%,0.00%,-,1.00,0.33,15.15,29 Oct 2024,29 Dec 2024,15.15,23.44,2599270220.00,Z-EQ,259927022
ALLTEX,Alltex Industries Limited,Textile,Z,1287.26,-,23.00,0.44,23.00,1.4810,"64,734",45.7392,-39.3939,23.5450,23.2560,17.1800,23.2085,23.2856,23.3550,-0.0694,0.0671,24.4615,22.6285,73.9800,11180.5368,23.1178,23.1846,23.3610,1.3315,0.0000,0.0000,0.0000,-,0.234,-,0.226,-,-,-,-,-,-,-,-,22.90,0.10,92,1.4810,63.75%,16.13%,47.62%,36.25%,0.00%,0.00%,-,-,-0.18,24.77,08 Dec 2025,18 Jun 2026,-,572.50,559680000.00,Z-EQ,55968000
AMANFEED,Aman Feed PLC,Miscellaneous,A,3745.75,137.27,28.60,-5.30,28.60,20.3630,"693,243",32.6374,-93.1818,31.0050,34.5640,28.9770,30.4500,30.7108,31.8928,-1.1819,-1.1652,32.6561,29.3539,119.5200,-738139.1057,30.3200,30.5308,30.8067,1.3439,0.0000,0.0000,0.0000,4.02,2.425,-,1.527,0.016,0.066,0.003,0.108,0.003,0.008,-,-,30.20,-1.60,876,20.3630,36.74%,10.35%,26.36%,63.26%,0.00%,0.03%,-,11.50,0.22,28.03,27 Oct 2025,29 Dec 2025,137.27,39.05,1309704000.00,A-EQ,130970400
AMBEEPHA,Ambee Pharmaceuticals PLC.,Pharmaceuticals & Chemicals,A,1777.92,336.70,740.80,-0.44,740.80,0.3230,435,40.6592,-52.6196,750.2400,770.4660,758.5680,746.9541,748.2836,754.1131,-5.8296,-5.6532,768.7838,731.6962,9.6600,-1083.5297,745.5689,747.7359,749.6424,0.8056,0.0000,0.0000,0.0000,0.13,0.828,0.006,0.526,-,0.035,0.023,0.475,0.007,0.164,-,-,744.10,-3.30,39,0.3230,22.75%,5.53%,17.22%,77.25%,0.00%,0.00%,-,10.00,2.21,13.47,02 Nov 2025,18 Dec 2025,336.70,246.94,24000000.00,A-EQ,2400000
AMCL(PRAN),Agricultural Marketing Co Ltd.,Food & Allied,A,1708.00,42.34,215.00,0.66,213.50,2.0410,"9,567",43.8046,-58.5586,214.4300,221.6680,215.8465,214.8079,215.0499,216.7960,-1.7461,-2.0363,220.4977,208.3623,11.5200,-1476.4317,214.8933,215.2064,214.8686,0.8986,0.0000,0.0000,0.0000,1.50,1.559,-,0.623,0.023,0.026,0.011,0.191,0.022,0.054,-,-,212.10,1.40,108,2.0410,59.85%,28.55%,31.30%,40.15%,0.00%,0.00%,-,32.00,5.01,92.88,27 Oct 2025,24 Dec 2025,42.34,33.56,80000000.00,A-EQ,8000000
ANLIMAYARN,Anlima Yarn Dyeing Limited,Textile,Z,453.84,-,25.40,-0.78,25.40,0.1920,"7,575",36.7424,-87.2340,26.4050,30.1660,24.6915,25.7667,25.9950,27.2768,-1.2818,-1.3836,28.3084,24.5016,32.8200,-26364.1302,25.5200,25.6500,26.0676,1.0941,0.0000,0.0000,0.0000,-,0.523,-,0.382,-,-,-,-,-,-,-,-,25.60,-0.20,59,0.1920,55.57%,4.08%,51.49%,44.43%,0.00%,0.00%,-,-,-2.99,5.63,19 Oct 2025,22 Dec 2025,-,-,178678000.00,Z-EQ,17867800
ANWARGALV,Anwar Galvanizing Limited,Engineering,A,3386.99,-,112.20,-2.09,112.20,36.1950,"319,149",47.1334,-89.6825,114.1000,111.5420,102.1210,115.1283,114.9745,113.5693,1.4053,1.7289,122.1765,106.0235,484.7400,-593471.7030,115.5489,116.0179,115.4695,1.4428,0.0000,0.0000,0.0000,-,0.720,0.601,0.433,-,-,-,-,-,-,-,-,114.60,-2.40,"1,478",36.1950,64.68%,14.88%,49.80%,35.32%,0.00%,0.00%,-,-,-12.32,1.38,27 Oct 2025,08 Feb 2026,-,21.49,301870800.00,A-EQ,30187080
AOL,Associated Oxygen Limited,Fuel & Power,Z,1976.08,10.96,18.00,-1.64,18.00,10.5230,"575,587",62.6243,-18.9189,16.1950,17.1560,16.3235,17.2463,17.0289,16.7786,0.2503,-0.1092,18.2790,14.1110,71.9400,5865.7197,17.5089,17.1910,16.6438,1.5856,0.0000,0.0000,0.0000,0.56,-,-,-,-,-,-,-,-,-,-,-,18.30,-0.30,382,10.5230,69.35%,12.03%,57.24%,30.65%,0.00%,0.08%,-,1.00,1.59,19.33,08 Jan 2024,18 Feb 2024,10.96,11.51,1097820000.00,Z-EQ,109782000
APEXFOODS,Apex Foods Limited,Food & Allied,A,1776.30,40.64,311.50,19.58,311.50,169.2830,"572,321",73.1035,-10.6646,263.2100,274.2220,257.1350,271.6037,269.6544,268.6771,0.9773,-2.8436,288.8478,237.5722,182.6000,110224.6942,271.3600,269.5615,266.5586,1.1215,0.0000,0.0000,0.0000,0.64,1.554,-,1.153,0.038,0.030,0.017,0.104,0.023,0.051,-,-,260.50,51.00,"5,176",169.2830,46.61%,7.50%,39.11%,53.39%,0.00%,0.00%,-,20.00,14.21,241.97,05 Oct 2026,26 Nov 2026,40.64,43.90,57024000.00,A-EQ,5702400
APEXFOOT,Apex Footwear Limited,Tannery Industries,A,3828.41,22.98,194.80,-1.67,194.80,23.8060,"121,145",28.9043,-97.6654,207.4750,211.1320,197.3820,202.2324,203.6845,206.9748,-3.2903,-1.6496,220.4363,194.5137,80.6200,-128040.6267,200.6378,202.9321,205.8514,0.8781,0.0000,0.0000,0.0000,0.77,1.042,-,0.144,0.021,0.096,0.008,0.289,0.004,0.020,-,-,198.10,-3.30,"1,628",23.8060,69.92%,24.20%,45.72%,30.08%,0.00%,0.00%,15.00,15.00,7.91,355.25,27 Sep 2026,29 Nov 2026,22.98,25.04,196530460.00,A-EQ,19653046
APEXSPINN,Apex Spinning & Knitting Mills Limited,Textile,A,3175.20,104.50,378.00,0.48,378.00,41.3140,"109,793",64.1085,-7.2072,330.3450,338.5420,286.4485,363.6720,357.5204,343.6322,13.8881,6.9144,409.9989,250.6911,497.4200,358401.5396,371.4111,366.6051,350.6510,1.0269,0.0000,0.0000,0.0000,0.53,1.190,-,1.002,-,-,-,-,0.008,0.021,-,-,376.20,1.80,"1,248",41.3140,49.29%,7.29%,41.75%,50.71%,0.00%,0.25%,-,20.00,3.38,78.81,05 Oct 2026,26 Nov 2026,104.50,110.21,84000000.00,A-EQ,8400000
APEXTANRY,Apex Tannery Limited,Tannery Industries,B,1380.74,-,90.60,-2.27,90.60,6.2460,"68,221",41.7003,-75.4717,92.8350,99.5320,86.2470,92.3072,92.6733,94.8818,-2.2084,-2.4438,98.0063,87.6637,102.4400,-64942.9963,91.9889,92.2000,92.5381,0.9901,0.0000,0.0000,0.0000,-,0.898,-,0.211,-,0.061,-,0.125,-,-,-,-,92.70,-2.10,522,6.2460,65.18%,26.35%,38.83%,34.82%,0.00%,0.00%,-,-,-14.62,30.19,15 Oct 2025,30 Dec 2025,-,-,152400000.00,B-EQ,15240000
APOLOISPAT,Appollo Ispat Complex Limited,Engineering,Z,1043.40,-,2.60,-3.70,2.60,2.1660,"837,005",21.8953,-80.0000,2.8400,3.0600,2.9245,2.7271,2.7562,2.8641,-0.1079,-0.0948,3.0775,2.6025,19.4100,-731795.0918,2.7022,2.7244,2.7805,1.4478,0.0000,0.0000,0.0000,-,0.749,20.371,0.727,-,-,-,-,-,-,-,-,2.70,-0.10,209,2.1660,79.76%,19.22%,60.18%,20.24%,0.00%,0.36%,-,-,-0.82,0.70,21 Nov 2024,19 Dec 2024,-,-,4013086000.00,Z-EQ,401308600
APSCLBOND,APSCL Non-Convertible and Fully Redeemable Coupon Bearing Bond,Corporate Bond,A,212.00,-,0.00,0.00,1060.00,0.0000,0,35.0888,-84.4961,1084.3500,1092.2600,1586.9800,1084.9956,1091.4419,1183.9178,-92.4758,-121.8372,1175.0769,993.6231,0.0300,89.4182,1107.8222,1106.7949,1096.3333,0.2447,0.0000,0.0000,0.0000,0.05,-,-,-,-,-,-,-,-,-,-,-,1060.00,0.00,0,0.0000,0.00%,0.00%,0.00%,0.00%,0.00%,0.00%,-,5.25,0.00,0.00,11 Jun 2026,-,-,-,2000000.00,A-CB,200000
ARAMIT,Aramit Limited,Miscellaneous,A,1027.80,81.91,171.30,0.06,171.30,1.2750,"7,424",33.1061,-93.9698,178.1100,196.3320,183.6560,174.2983,175.8308,182.9666,-7.1358,-7.1281,191.3831,164.8369,43.5400,-18808.9959,172.8911,173.9615,176.0457,1.0278,0.0000,0.0000,0.0000,0.58,3.153,-,2.395,0.057,0.063,0.046,0.073,0.009,0.014,-,-,171.20,0.10,116,1.2750,39.27%,13.57%,25.70%,60.73%,0.00%,0.00%,-,10.00,1.75,128.67,01 Jan 2026,04 Mar 2026,81.91,-,60000000.00,A-EQ,6000000
ARAMITCEM,Aramit Cement Limited,Cement,Z,369.29,-,11.30,-2.68,10.90,0.0060,551,40.2855,-81.8182,11.2000,11.9160,11.2240,11.1360,11.1687,11.3892,-0.2205,-0.2524,11.6542,10.7458,11.8100,-22164.7628,11.1222,11.1167,11.1486,1.4028,0.0000,0.0000,0.0000,-,2.410,-,2.363,-,-,-,-,-,0.766,-,-,11.20,-0.30,5,0.0060,54.08%,9.99%,44.09%,45.92%,0.00%,0.00%,-,-,-14.47,-18.90,17 Nov 2024,30 Dec 2024,-,-,338800000.00,Z-EQ,33880000
ARGONDENIM,Argon Denims Limited,Textile,A,2972.22,13.21,21.40,-3.60,21.40,50.4930,"2,318,391",46.9264,-69.2308,21.5250,22.5000,19.1350,21.6800,21.6650,21.7924,-0.1274,-0.2204,22.6801,20.3699,369.5600,-915650.3207,21.7111,21.6590,21.5333,1.2433,0.0000,0.0000,0.0000,4.67,1.703,-,0.950,-,-,-,-,-,-,-,-,22.20,-0.80,869,50.4930,64.13%,31.41%,32.72%,35.87%,0.00%,0.00%,-,10.00,1.68,24.57,23 Oct 2025,18 Dec 2025,13.21,18.50,1388886060.00,A-EQ,138888606
ASIAINS,Asia Insurance PLC.,Insurance,A,1854.55,19.47,39.40,-3.19,39.40,5.1710,"129,625",38.2038,-89.1304,41.0950,42.5060,38.7650,41.0929,41.1957,41.5621,-0.3663,-0.3130,43.3112,38.8788,116.4200,-245660.3248,41.1956,41.3308,41.2290,1.6485,0.0000,0.0000,0.0000,2.54,-,-,-,-,-,-,-,-,-,-,-,40.70,-1.30,302,5.1710,62.12%,11.11%,51.01%,37.88%,0.00%,0.00%,-,10.00,2.09,30.55,23 Apr 2026,29 Jun 2026,19.47,24.23,470698580.00,A-EQ,47069858
ASIAPACINS,Asia Pacific General Insurance PLC,Insurance,A,1965.04,18.88,46.40,-2.11,46.40,3.4410,"73,728",40.8240,-68.1818,47.4900,49.0320,41.3465,47.6304,47.7002,48.0136,-0.3134,-0.3078,49.1919,45.7881,84.0000,-127861.8826,47.7244,47.7897,47.6405,1.4397,0.0000,0.0000,0.0000,3.02,-,-,-,-,-,-,-,-,-,-,-,47.40,-1.00,143,3.4410,66.39%,32.47%,33.92%,33.61%,0.00%,0.00%,-,14.00,2.51,25.29,03 May 2026,09 Jul 2026,18.88,10.82,423500000.00,A-EQ,42350000
ASIATICLAB,Asiatic Laboratories Limited,Pharmaceuticals & Chemicals,A,13034.90,51.34,106.50,-0.75,106.50,44.2390,"413,371",45.8163,-55.7377,106.2500,112.2520,93.6425,106.4860,106.6014,108.2152,-1.6139,-2.1199,110.5978,101.9022,164.5200,-1202191.9260,106.3756,106.3910,106.5638,0.9512,0.0000,0.0000,0.0000,0.94,4.084,0.157,2.848,-,0.308,0.145,0.434,0.029,0.039,-,-,107.30,-0.80,"1,018",44.2390,59.29%,15.03%,44.26%,40.71%,0.00%,0.00%,-,10.00,2.09,54.08,02 Nov 2025,24 Dec 2025,51.34,20.27,1223934550.00,A-EQ,122393455
ATLASBANG,Atlas Bangladesh Limited,Engineering,Z,2620.35,-,79.10,-0.88,79.10,0.3770,"4,763",36.4121,-85.7143,81.8650,85.9800,70.6145,80.2953,80.6739,82.2260,-1.5520,-1.4510,85.6471,78.0829,4.1000,-9482.6582,79.8578,80.2064,81.0133,0.9834,0.0000,0.0000,0.0000,-,1.732,0.001,1.667,-,-,-,-,-,-,-,-,79.80,-0.70,48,0.3770,49.00%,16.96%,32.04%,0.00%,51.00%,0.00%,-,-,-1.23,121.00,06 Nov 2025,24 Dec 2025,-,-,331271080.00,Z-EQ,33127108
AZIZPIPES,Aziz Pipes Limited,Engineering,Z,417.08,-,78.00,2.77,78.00,1.8350,"23,587",53.4364,-32.4786,75.5050,77.9700,60.9855,76.4893,76.4065,76.6645,-0.2580,-0.5612,79.8469,71.1631,52.9000,20717.3514,76.6689,76.6115,75.9757,1.4110,0.0000,0.0000,0.0000,-,0.259,-,0.182,-,-,-,-,-,0.214,-,-,75.90,2.10,123,1.8350,88.84%,14.10%,74.74%,11.16%,0.00%,0.00%,-,-,-10.12,-47.37,28 Oct 2025,30 Dec 2025,-,-,53471250.00,Z-EQ,5347125
BANGAS,Bangas Limited,Food & Allied,B,899.71,414.64,118.00,1.64,118.00,4.4760,"37,914",42.1640,-66.6667,119.0700,127.1840,128.0270,117.5420,118.0551,120.9322,-2.8771,-3.1044,125.4917,112.6483,157.6800,-91714.5470,116.9711,117.4628,118.1333,1.2137,0.0000,0.0000,0.0000,0.25,2.236,-,1.692,0.020,0.021,0.011,0.200,0.009,0.013,-,-,116.10,1.90,241,4.4760,76.96%,5.25%,71.62%,23.04%,0.00%,0.09%,-,3.00,0.24,21.10,29 Sep 2026,12 Nov 2026,414.64,483.75,76246430.00,B-EQ,7624643
BANKASI1PB,Bank Asia 1st Perpetual Bond,Corporate Bond,N,588.63,-,0.00,0.00,8650.00,0.0000,0,,,,,,,,,,,,,,,,,,,,,,0.01,-,-,-,-,-,-,-,-,-,-,-,8650.00,0.00,0,0.0000,0.00%,0.00%,0.00%,0.00%,0.00%,0.00%,-,10.00,0.00,0.00,21 Dec 2025,-,-,-,680500.00,N-CB,68050
BANKASIA,Bank Asia PLC.,Bank,A,22681.61,5.13,16.30,0.00,16.30,12.0390,"738,795",27.8578,-72.7273,16.6550,17.2100,19.0450,16.4245,16.4902,16.7503,-0.2601,-0.2383,17.1997,16.1103,7.7100,-560771.9699,16.3422,16.4282,16.5581,0.7844,0.0000,0.0000,0.0000,5.21,-,-,-,-,0.643,0.146,-,0.007,0.126,0.008,-,16.30,0.00,115,12.0390,49.70%,39.03%,10.67%,50.30%,0.00%,0.00%,8.50,8.50,3.18,27.42,30 Apr 2026,11 Jun 2026,5.13,4.60,13915098370.00,A-EQ,1391509837
BARKAPOWER,Baraka Power Limited,Fuel & Power,Z,2260.47,26.94,9.60,-1.03,9.60,2.1650,"225,462",42.9190,-88.8889,9.8650,9.9520,8.3380,9.8052,9.8336,9.8960,-0.0624,-0.0293,10.1847,9.5453,50.8900,-665447.7774,9.8111,9.8218,9.8319,1.4147,0.0000,0.0000,0.0000,-,1.375,-,1.111,-,-,0.011,0.040,0.002,0.003,-,-,9.70,-0.10,194,2.1650,77.36%,23.71%,53.65%,22.64%,0.00%,0.00%,-,-,0.36,22.63,29 Oct 2025,24 Dec 2025,26.94,8.36,2354656610.00,Z-EQ,235465661
BATASHOE,Bata Shoe Company (Bangladesh) Limited,Tannery Industries,A,12079.44,1040.00,883.50,-0.11,883.00,1.4080,"1,595",43.9338,-68.0000,884.5250,896.3240,852.4400,884.3596,884.8093,887.5657,-2.7564,-3.0662,890.3714,878.6786,1.5900,-1144.2437,884.3067,884.5397,884.5276,0.3663,0.0000,0.0000,0.0000,1.19,1.333,-,0.214,0.022,0.045,0.001,0.426,0.002,0.004,-,-,884.00,-1.00,21,1.4080,30.00%,19.73%,9.20%,70.00%,0.00%,1.07%,-,105.00,0.00,0.00,29 Apr 2026,-,1040.00,11.99,136800000.00,A-EQ,13680000
BATBC,British American Tobacco Bangladesh Company Limited,Food & Allied,A,119340.00,20.48,221.00,-0.18,221.00,6.2790,"28,373",34.2083,-96.9697,226.7800,234.8180,235.0985,224.1400,224.9899,227.9442,-2.9543,-2.4780,232.9892,220.5708,3.2200,-100385.1707,223.4156,224.2128,225.6138,1.1425,0.0000,0.0000,0.0000,1.36,1.543,-,0.738,0.163,0.192,0.070,0.404,0.052,0.105,-,-,221.40,-0.40,580,6.2790,26.45%,14.59%,8.98%,72.91%,0.64%,2.88%,-,30.00,10.81,102.50,03 Mar 2026,30 Apr 2026,20.48,14.47,5400000000.00,A-EQ,540000000
BAYLEASING,Bay Leasing & Investment Limited,Financial Institutions,Z,563.55,-,4.10,-2.44,4.00,1.4970,"369,305",27.0438,-100.0000,4.4350,4.8220,4.4675,4.2579,4.3070,4.4780,-0.1710,-0.1437,4.8149,4.0551,33.4200,-433021.0939,4.2244,4.2590,4.3471,2.0434,0.0000,0.0000,0.0000,-,-,-,-,-,1.317,2.424,-,-,-,-,-,4.10,-0.10,84,1.4970,81.70%,24.45%,57.25%,18.30%,0.00%,0.00%,-,-,-6.87,-19.65,02 Jul 2026,27 Sep 2026,-,-,1408884430.00,Z-EQ,140888443
BBS,Bangladesh Building Systems PLC.,Engineering,B,1710.76,-,10.50,-3.67,10.50,4.4310,"416,307",27.1217,-95.6522,11.7900,13.3320,12.0620,11.3687,11.5210,12.1180,-0.5970,-0.5435,12.9249,10.6551,69.8100,-741207.6976,11.2711,11.4474,11.6290,1.6822,0.0000,0.0000,0.0000,-,2.624,0.324,2.056,-,0.101,-,0.207,-,-,-,-,10.90,-0.40,374,4.4310,69.99%,23.69%,46.24%,30.01%,0.00%,0.06%,-,-,-0.59,10.74,28 Oct 2025,23 Dec 2025,-,-,1629297320.00,B-EQ,162929732
BBSCABLES,BBS Cables PLC.,Engineering,B,3302.67,-,15.60,-3.11,15.60,6.9780,"442,230",31.7666,-96.1538,16.6950,19.1120,18.9650,16.4885,16.6183,17.3479,-0.7297,-0.7880,17.9372,15.4528,64.6600,-670748.6664,16.4644,16.5885,16.6348,1.5782,0.0000,0.0000,0.0000,-,2.519,0.074,1.725,-,-,-,0.151,-,-,-,-,16.10,-0.50,402,6.9780,69.88%,22.23%,47.54%,30.12%,0.00%,0.11%,-,-,-4.05,28.01,28 Oct 2025,24 Dec 2025,-,-,2117097670.00,B-EQ,211709767
BDAUTOCA,Bangladesh Autocars Limited,Engineering,B,811.99,1086.11,187.70,-3.99,187.70,16.5830,"86,741",49.7217,-50.3521,181.8200,197.5980,181.7830,186.0801,185.5281,187.7442,-2.2161,-4.4713,195.2238,168.4162,336.5600,-15307.6665,186.6178,185.7346,183.5948,1.3048,0.0000,0.0000,0.0000,0.11,1.833,0.022,1.744,-,0.020,0.013,0.043,0.023,0.035,-,-,195.50,-7.80,834,16.5830,69.94%,10.02%,59.92%,30.06%,0.00%,0.00%,-,2.00,0.18,7.45,28 Oct 2025,28 Dec 2025,1086.11,1629.17,43260130.00,B-EQ,4326013
BDCOM,BDCOM Online Limited,IT Sector,A,1705.62,32.21,27.10,-2.17,27.10,7.3990,"270,559",34.4678,-96.2963,28.3900,30.1700,28.7715,28.0725,28.2030,28.8119,-0.6089,-0.6087,30.0782,26.7018,159.5500,-355287.1260,28.0378,28.1731,28.2495,1.7285,0.0000,0.0000,0.0000,1.85,2.336,-,2.051,0.136,0.086,0.063,0.550,0.034,0.055,-,-,27.70,-0.60,348,7.3990,70.00%,8.78%,61.22%,30.00%,0.00%,0.00%,5.00,5.00,0.86,15.58,27 Oct 2025,18 Dec 2025,32.21,45.16,629378650.00,A-EQ,62937865
BDFINANCE,Bangladesh Finance PLC,Financial Institutions,Z,2032.95,9.24,10.80,-1.82,10.80,1.1600,"106,860",24.4545,-88.2353,11.6550,12.6060,12.8265,11.2745,11.3875,11.8115,-0.4240,-0.3754,12.5645,10.7455,22.5000,-238366.9920,11.1844,11.2846,11.4590,1.7432,0.0000,0.0000,0.0000,-,-,-,-,-,1.240,-,-,-,-,-,0.284,11.00,-0.20,110,1.1600,85.46%,23.74%,61.72%,14.54%,0.00%,0.00%,-,-,1.19,-29.07,30 Apr 2026,30 Jun 2026,9.24,23.91,1882362670.00,Z-EQ,188236267
BDLAMPS,Bangladesh Lamps PLC.,Engineering,A,2762.51,-,262.40,5.81,262.40,78.5880,"304,420",79.6327,-6.8230,226.4900,215.2840,172.4685,235.9592,233.2216,226.0247,7.1968,4.5716,247.4028,205.5772,212.2700,129076.3608,236.6222,233.7949,229.8514,1.3422,0.0000,0.0000,0.0000,0.38,0.921,-,0.488,-,0.046,-,0.213,-,-,-,-,248.00,14.40,"1,708",78.5880,38.14%,8.66%,29.45%,61.86%,0.00%,0.03%,-,10.00,-6.22,39.93,13 Oct 2025,11 Dec 2025,-,-,105278770.00,A-EQ,10527877
BDSERVICE,Bangladesh Services Limited,Travel & Leisure,Z,508.50,-,0.00,0.00,5.20,0.0000,0,,,,,,,,,,,,,,,,,,,,,,-,0.353,0.021,0.344,-,-,-,0.532,-,-,-,-,5.20,0.00,0,0.0000,0.32%,0.00%,0.13%,0.00%,99.68%,0.19%,-,-,-8.94,219.74,28 Oct 2025,22 Dec 2025,-,-,977889130.00,Z-EQ,97788913
BDTHAI,Bangladesh Thai Aluminium Limited,Engineering,B,1724.97,-,13.50,-4.93,13.50,9.6390,"700,677",32.6016,-96.0000,14.8900,16.3600,14.1400,14.4588,14.5981,15.1667,-0.5686,-0.5302,16.2069,13.5731,193.4400,-797003.0613,14.3911,14.5218,14.6771,1.5694,0.0000,0.0000,0.0000,-,2.274,0.238,1.417,-,-,-,-,-,-,-,-,14.20,-0.70,712,9.6390,70.82%,7.93%,62.26%,29.18%,0.00%,0.63%,-,-,-2.01,28.60,24 Nov 2025,30 Dec 2025,-,-,1277752500.00,B-EQ,127775250
BDTHAIFOOD,BD Thai Food & Beverage Limited,Food & Allied,B,1450.70,-,17.80,-5.32,17.80,16.2670,"899,739",28.6296,-96.5517,21.4150,23.1600,20.0805,19.5142,19.9525,21.3545,-1.4020,-1.0992,25.8475,16.9825,674.6300,-1554649.6037,19.1267,19.4500,20.2838,1.3952,0.0000,0.0000,0.0000,-,1.315,-,0.892,-,-,-,0.259,-,-,-,-,18.80,-1.00,814,16.2670,66.90%,23.84%,43.06%,33.10%,0.00%,0.00%,-,-,-1.64,12.41,29 Oct 2025,28 Dec 2025,-,-,815000000.00,B-EQ,81500000
BDWELDING,Bangladesh Welding Electrodes Limited,Fuel & Power,Z,489.85,-,11.40,-1.74,11.30,0.3190,"28,086",33.0228,-100.0000,11.9550,12.8900,15.0285,11.7055,11.8009,12.1927,-0.3919,-0.3667,12.7667,11.1433,22.3300,-55447.6832,11.6200,11.7385,11.8633,1.3588,0.0000,0.0000,0.0000,-,1.557,-,1.207,6.501,7.509,2.015,0.193,0.075,0.162,-,-,11.50,-0.20,53,0.3190,68.99%,2.88%,65.39%,31.01%,0.00%,0.72%,1.00,-,-0.08,11.61,10 Aug 2020,17 Sep 2020,-,-,433493050.00,Z-EQ,43349305
BEACHHATCH,Beach Hatchery Limited,Food & Allied,Z,1026.75,12.66,24.90,-3.50,24.80,4.2500,"169,681",28.4924,-82.6087,26.8000,29.5920,32.8910,26.4359,26.6591,27.5993,-0.9402,-0.8925,28.4834,25.1166,79.6000,-155922.2524,26.3667,26.6205,26.7848,1.1805,0.0000,0.0000,0.0000,4.03,5.789,-,5.616,0.494,0.534,0.383,0.567,0.138,0.163,-,-,25.70,-0.90,438,4.2500,65.03%,18.21%,46.82%,34.97%,0.00%,0.00%,-,10.00,2.03,12.49,26 Nov 2024,31 Dec 2024,12.66,4.21,414010210.00,Z-EQ,41401021
BEACONPHAR,Beacon Pharmaceuticals PLC.,Pharmaceuticals & Chemicals,A,23261.70,24.51,100.70,0.20,100.70,7.1380,"70,992",44.3420,-67.1053,101.4050,104.5100,104.9530,101.4583,101.5695,102.4396,-0.8701,-1.0353,104.5961,98.2139,9.1300,-95893.3960,101.4622,101.5936,101.4324,1.3912,0.0000,0.0000,0.0000,2.09,1.542,0.479,1.144,-,0.191,0.075,0.520,0.049,0.142,-,-,100.50,0.20,643,7.1380,60.14%,38.16%,21.98%,39.86%,0.00%,0.00%,-,21.00,4.10,28.86,23 Oct 2025,23 Dec 2025,24.51,12.67,2310000000.00,A-EQ,231000000
BENGALWTL,Bengal Windsor Thermoplastics PLC.,Engineering,B,1866.11,38.18,20.40,-2.86,20.40,6.4340,"312,931",36.7556,-93.5484,21.5200,23.2560,21.6370,21.3636,21.4796,22.0482,-0.5686,-0.5814,22.9217,20.1183,85.7200,-235329.5009,21.3578,21.4667,21.4857,1.4692,0.0000,0.0000,0.0000,2.45,11.790,0.000,9.087,-,0.092,0.055,0.190,0.019,0.021,-,-,21.00,-0.60,379,6.4340,46.77%,27.24%,19.53%,53.23%,0.00%,0.00%,-,5.00,0.55,26.12,27 Oct 2025,18 Dec 2025,38.18,35.80,914760000.00,B-EQ,91476000
BERGERPBL,Berger Paints Bangladesh Limited,Miscellaneous,A,71498.32,19.00,1462.00,-0.27,1456.00,1.1290,776,43.6575,-94.0299,1462.2150,1474.4040,1420.8460,1460.8802,1461.8660,1465.6262,-3.7602,-3.3649,1484.2219,1440.2081,1.4700,-1948.4791,1460.4556,1460.9167,1460.8367,0.2113,0.0000,0.0000,0.0000,3.61,1.931,-,1.188,0.155,0.152,0.118,0.319,0.141,0.218,-,-,1459.90,-3.90,120,1.1290,10.24%,8.08%,2.15%,89.76%,0.00%,0.01%,-,525.00,76.83,400.24,16 Jun 2026,24 Aug 2026,19.00,9.92,491059910.00,A-EQ,49105991
BESTHLDNG,Best Holdings PLC.,Travel & Leisure,Z,15041.07,10.21,14.20,-2.74,14.20,2.2060,"154,335",40.3228,-88.8889,14.8450,14.9140,13.8445,14.6534,14.6971,14.7809,-0.0838,-0.0273,15.4823,14.2077,8.2400,-271466.1318,14.6311,14.6821,14.7848,1.5201,0.0000,0.0000,0.0000,7.04,4.760,0.016,4.709,0.365,0.380,0.367,0.683,0.018,0.025,-,-,14.60,-0.40,180,2.2060,34.66%,20.54%,14.12%,65.34%,0.00%,0.00%,-,-,0.00,0.00,-,-,10.21,43.80,10592303650.00,Z-EQ,1059230365
BEXGSUKUK,Beximco Green Sukuk Al Istisna'a,Corporate Bond,A,19945.62,-,71.00,0.71,71.00,0.4190,"5,903",56.3856,-25.0000,70.0750,70.1300,65.6450,70.2431,70.1983,70.1705,0.0278,-0.0575,71.0631,69.0869,0.7900,-3276.7648,70.2000,70.1795,70.1595,0.2174,0.0000,0.0000,0.0000,0.65,-,-,-,-,-,-,-,-,-,-,-,70.50,0.50,15,0.4190,100.00%,97.67%,2.33%,0.00%,0.00%,0.00%,-,4.59,0.00,0.00,21 May 2026,-,-,-,2809242630.00,A-CB,280924263
BEXIMCO,BEXIMCO Limited,Miscellaneous,B,18770.40,-,19.90,-1.49,19.90,49.6610,"2,474,675",36.3382,-94.2857,21.0000,22.7740,76.9980,20.6905,20.8394,21.7807,-0.9412,-1.0570,22.6871,19.3129,101.9100,-4299110.9224,20.5711,20.7936,20.9052,0.3586,0.0000,0.0000,0.0000,-,1.885,-,1.568,-,0.190,-,0.245,-,-,-,-,20.20,-0.30,"2,312",49.6610,66.89%,30.58%,35.96%,33.11%,0.00%,0.35%,5.00,-,-0.41,92.58,29 Oct 2024,30 Dec 2024,-,-,9432362620.00,B-EQ,943236262
BGIC,Bangladesh General Insurance Company PLC.,Insurance,A,2198.91,27.62,41.10,-2.40,40.70,2.8070,"68,269",45.1689,-81.2500,41.1950,41.7580,37.0890,41.4113,41.4238,41.4923,-0.0684,-0.0731,42.9136,39.4764,46.1300,-89405.0871,41.4956,41.5423,41.3624,1.1298,0.0000,0.0000,0.0000,2.70,-,-,-,-,-,-,-,-,-,-,-,41.70,-1.00,290,2.8070,66.60%,46.11%,20.49%,33.40%,0.00%,0.00%,-,11.00,1.51,19.54,30 Apr 2026,18 Jun 2026,27.62,16.81,540272550.00,A-EQ,54027255
BIFC,Bangladesh Industrial Fin. Company Limited,Financial Institutions,Z,302.04,-,3.10,-3.23,3.00,0.1090,"35,627",20.6008,-100.0000,3.6000,4.1020,3.9254,3.3215,3.3959,3.6513,-0.2555,-0.2124,4.1582,3.0418,25.1800,-225447.3934,3.2622,3.3256,3.4581,1.0342,0.0000,0.0000,0.0000,-,-,-,-,-,1.107,1.067,-,-,-,-,-,3.10,-0.10,40,0.1090,61.65%,39.55%,22.10%,38.35%,0.00%,0.00%,-,-,-7.38,-133.58,25 Jun 2026,-,-,-,1006799440.00,Z-EQ,100679944
BNICL,Bangladesh National Insurance Company Limited.,Insurance,A,6929.55,33.87,156.60,-3.87,156.60,12.3750,"77,244",59.9054,-42.5887,149.0850,127.8760,86.9025,161.9732,159.2243,146.5335,12.6908,12.6263,187.6508,110.5192,379.0600,21391.4734,166.0667,165.0603,158.5348,1.3517,0.0000,0.0000,0.0000,1.40,-,-,-,-,-,-,-,-,-,-,-,162.90,-6.30,615,12.3750,39.87%,8.63%,31.24%,60.13%,0.00%,0.00%,-,22.00,4.81,31.26,19 Apr 2026,23 Jun 2026,33.87,27.15,442500000.00,A-EQ,44250000
BPML,Bashundhara Paper Mills Limited,Paper & Printing,Z,4344.79,-,25.00,-3.47,25.00,1.8550,"73,681",38.1000,-84.2105,25.8300,27.1260,26.9755,26.0305,26.0830,26.3354,-0.2524,-0.2559,27.8872,23.7728,4.6500,-38177.5599,26.1311,26.2538,26.0829,1.7612,0.0000,0.0000,0.0000,-,0.987,-,0.595,-,-,-,0.061,-,-,-,-,25.90,-0.90,188,1.8550,33.79%,9.06%,24.73%,66.21%,0.00%,0.00%,-,-,-18.98,57.82,29 Oct 2025,23 Dec 2025,-,-,1737914410.00,Z-EQ,173791441
BPPL,Baraka Patenga Power Limited,Fuel & Power,B,3096.62,13.43,17.90,-2.72,17.90,15.4010,"849,370",35.0020,-94.7368,18.9400,19.9720,17.3405,18.6219,18.7376,19.1665,-0.4289,-0.3768,19.9292,17.9508,127.5700,-853271.4521,18.5489,18.6641,18.8019,1.4580,0.0000,0.0000,0.0000,1.12,0.792,-,0.596,0.044,0.256,0.039,0.280,0.020,0.075,-,-,18.40,-0.50,548,15.4010,64.24%,8.92%,55.32%,35.76%,0.00%,0.00%,-,2.00,1.37,27.72,29 Oct 2025,24 Dec 2025,13.43,4.83,1729954880.00,B-EQ,172995488
BRACBANK,BRAC Bank PLC.,Bank,A,148821.73,7.13,65.00,0.00,65.00,82.1990,"1,267,543",60.1536,-27.7778,63.7550,63.5040,68.4835,64.8005,64.5852,63.9924,0.5928,0.3990,66.2844,61.2256,15.9900,1211194.1442,65.0622,64.8923,64.3833,1.0865,0.0000,0.0000,0.0000,2.31,-,-,-,-,0.479,0.264,-,0.017,0.174,0.019,-,65.00,0.00,"1,297",82.1990,53.83%,13.04%,8.40%,46.17%,0.00%,32.39%,15.00,15.00,9.12,51.56,27 Apr 2026,11 Jun 2026,7.13,6.41,22895650920.00,A-EQ,2289565092
BSC,Bangladesh Shipping Corporation,Miscellaneous,A,16473.78,5.39,108.00,-0.28,108.00,7.1590,"66,180",39.3931,-96.9231,110.3150,114.4020,110.9330,109.6883,109.9783,111.2608,-1.2825,-1.2491,113.5590,107.0710,29.2500,-106772.2756,109.5089,109.8205,110.1729,1.7555,0.0000,0.0000,0.0000,2.31,3.689,-,3.670,0.773,0.921,0.620,1.195,0.086,0.192,-,-,108.30,-0.30,331,7.1590,47.90%,21.34%,26.56%,0.00%,52.10%,0.00%,-,25.00,20.10,104.84,13 Nov 2025,22 Dec 2025,5.39,6.20,1525350400.00,A-EQ,152535040
BSCPLC,Bangladesh Submarine Cables PLC,Telecommunication,A,26559.52,14.43,142.00,-0.91,142.00,3.1430,"22,081",31.5689,-95.9596,146.4200,151.1840,143.6295,145.3303,145.8060,147.5549,-1.7489,-1.5271,150.6714,142.1686,3.6300,-37223.6482,145.1356,145.7333,146.2181,1.2011,0.0000,0.0000,0.0000,2.82,5.155,0.014,5.155,0.633,0.564,0.520,0.778,0.086,0.121,-,-,143.30,-1.30,212,3.1430,23.06%,18.01%,4.95%,0.00%,76.94%,0.10%,-,40.00,11.01,90.99,23 Sep 2025,23 Nov 2025,14.43,9.18,1870388430.00,A-EQ,187038843
BSRMLTD,Bangladesh Steel Re-Rolling Mills Limited,Engineering,A,27977.38,4.51,93.70,1.08,93.70,3.6820,"39,467",37.6191,-77.7778,95.6150,98.3460,89.1485,94.5635,94.9061,96.1532,-1.2471,-1.0815,98.1023,93.1277,4.5900,-41302.7978,94.2756,94.6615,95.1881,0.6806,0.0000,0.0000,0.0000,5.34,1.243,0.029,0.586,-,0.094,0.064,0.118,0.066,0.123,-,-,92.70,1.00,133,3.6820,52.88%,15.71%,20.35%,47.12%,0.00%,16.82%,-,50.00,20.57,166.79,19 Oct 2025,24 Dec 2025,4.51,4.47,2985846260.00,A-EQ,298584626
BSRMSTEEL,BSRM Steels Limited,Engineering,A,31204.06,6.00,83.00,0.48,83.00,6.0990,"73,584",36.1662,-84.6154,84.9100,90.3120,77.3945,83.8914,84.3217,86.1620,-1.8403,-1.7613,88.4169,81.4031,10.8100,-167258.3743,83.4733,83.9859,84.5157,0.9985,0.0000,0.0000,0.0000,6.02,1.496,0.653,0.648,-,0.087,0.050,0.111,0.059,0.152,-,-,82.60,0.40,410,6.0990,27.94%,16.70%,10.64%,72.06%,0.00%,0.60%,-,50.00,13.77,90.52,19 Oct 2025,24 Dec 2025,6.00,5.39,3759525000.00,A-EQ,375952500
BXPHARMA,Beximco Pharmaceuticals PLC,Pharmaceuticals & Chemicals,A,63704.81,11.06,142.80,-1.18,142.80,40.3570,"280,589",36.8860,-89.3617,147.9850,147.3480,128.1700,146.2466,146.6525,147.2763,-0.6239,-0.0263,151.9957,143.9743,45.4100,-1084011.2753,146.0689,146.4987,147.1595,1.1945,0.0000,0.0000,0.0000,3.33,2.177,0.034,0.910,-,0.195,0.132,0.442,0.085,0.113,-,-,144.50,-1.70,"1,479",40.3570,69.87%,25.67%,17.20%,30.13%,0.00%,27.00%,-,47.50,15.56,119.04,24 Jun 2026,-,11.06,6.96,4461120890.00,A-EQ,446112089
CAPITECGBF,Capitec Grameen Bank Growth Fund,Mutual Funds,A,1323.28,8.11,8.50,-1.16,8.50,12.0340,"1,405,801",42.0384,-76.9231,8.7500,9.3660,7.6585,8.8235,8.8381,8.8962,-0.0581,-0.0533,9.4740,8.0260,358.2400,-1575275.9446,8.8556,8.9090,8.8571,1.2343,0.0000,0.0000,0.0000,-,-,-,-,-,-,-,-,-,-,-,-,8.60,-0.10,343,12.0340,35.77%,1.56%,34.21%,64.23%,0.00%,0.00%,-,9.00,1.06,10.35,29 Jul 2026,-,8.11,8.11,1556800000.00,A-MF,155680000
CAPMBDBLMF,CAPM BDBL Mutual Fund 01,Mutual Funds,A,360.94,-,0.00,0.00,7.20,0.0000,0,32.7284,-93.3333,8.0600,9.4720,10.4205,7.7123,7.8569,8.5159,-0.6590,-0.6516,9.6354,6.4846,1121.3300,-2818506.4164,7.5356,7.5846,7.7543,0.8367,0.0000,0.0000,0.0000,-,-,-,-,-,-,-,-,-,-,-,-,7.20,0.00,0,0.0000,80.05%,11.03%,69.02%,19.95%,0.00%,0.00%,-,-,1.35,9.01,19 Aug 2026,-,-,5.33,501310000.00,A-MF,50131000
CAPMIBBLMF,CAPM IBBL Islamic Mutual Fund,Mutual Funds,A,1136.51,-,17.00,0.59,17.00,21.6930,"1,297,276",71.4630,-10.8696,14.5400,13.8180,10.2470,16.0812,15.7408,14.7723,0.9686,0.6768,17.7626,11.3174,354.7800,1121076.2736,16.4756,16.1603,15.3738,1.1672,0.0000,0.0000,0.0000,-,-,-,-,-,-,-,-,-,-,-,-,16.90,0.10,684,21.6930,33.44%,5.72%,27.72%,66.56%,0.00%,0.00%,-,-,0.35,8.31,19 Aug 2026,-,-,48.29,668535000.00,A-MF,66853500
CBLPBOND,City Bank Perpetual Bond,Corporate Bond,A,4150.00,-,0.00,0.00,1037500.00,0.0000,0,,,,,,,,,,,,,,,,,,,,,,-,-,-,-,-,-,-,-,-,-,-,-,1037500.00,0.00,0,0.0000,100.00%,65.00%,35.00%,0.00%,0.00%,0.00%,-,10.00,0.00,0.00,22 Feb 2026,-,-,-,40000.00,A-CB,4000
CENTRALINS,Central Insurance PLC,Insurance,A,2221.45,23.05,41.80,-3.02,41.80,9.7330,"230,202",39.4930,-82.5000,43.0700,44.2000,41.9930,43.3067,43.3473,43.4939,-0.1465,-0.1263,45.0837,41.0563,169.5400,-520453.1046,43.4356,43.5423,43.3352,1.3120,0.0000,0.0000,0.0000,2.87,-,-,-,-,-,-,-,-,-,-,-,43.10,-1.30,392,9.7330,60.63%,13.66%,46.97%,39.33%,0.04%,0.00%,-,12.00,1.87,50.69,19 Apr 2026,18 Jun 2026,23.05,20.92,531448230.00,A-EQ,53144823
CENTRALPHL,Central Pharmaceuticals Limited,Pharmaceuticals & Chemicals,Z,1042.27,-,8.70,-2.25,8.70,1.9660,"223,641",33.0766,-100.0000,9.2850,10.1940,9.3290,9.0407,9.1213,9.4600,-0.3386,-0.3208,9.9283,8.6417,63.8000,-366056.3279,8.9778,9.0474,9.1576,1.4963,0.0000,0.0000,0.0000,-,1.101,0.282,1.071,-,-,-,-,-,-,-,-,8.90,-0.20,181,1.9660,92.33%,7.42%,84.91%,7.67%,0.00%,0.00%,-,-,-0.18,6.87,05 Nov 2025,30 Dec 2025,-,-,1198008440.00,Z-EQ,119800844
CITYBANK,City Bank PLC.,Bank,A,51957.34,3.41,29.70,0.00,29.70,18.2350,"613,534",41.5825,-75.0000,29.8700,30.5000,29.1465,29.8389,29.8607,30.0238,-0.1632,-0.1921,30.2140,29.5260,18.0100,-975582.9100,29.8333,29.8423,29.8629,1.0881,0.0000,0.0000,0.0000,5.05,-,-,-,-,0.558,0.271,-,0.016,0.214,0.018,-,29.70,0.00,599,18.2350,69.63%,20.43%,40.94%,30.37%,0.00%,8.26%,15.00,15.00,8.71,40.67,12 Apr 2026,07 Jun 2026,3.41,4.93,17494053800.00,A-EQ,1749405380
CITYGENINS,City Insurance PLC.,Insurance,A,9045.64,38.74,132.80,0.76,132.70,6.4650,"48,537",74.4975,-29.8701,129.3100,124.5560,102.5430,131.0033,130.5740,128.5341,2.0399,2.0571,132.9076,125.7124,27.3500,45127.8233,131.4733,131.0282,130.1662,0.6223,0.0000,0.0000,0.0000,0.75,-,-,-,-,-,-,-,-,-,-,-,131.70,1.00,199,6.4650,63.94%,38.59%,25.34%,36.06%,0.00%,0.01%,-,10.00,3.40,23.24,10 Feb 2026,30 Mar 2026,38.74,24.39,681661220.00,A-EQ,68166122
CLICL,Chartered Life Insurance PLC,Insurance,B,1747.50,277.06,46.60,-1.06,46.60,8.7690,"186,666",53.9420,-31.9149,44.1700,46.6380,53.6780,46.3422,45.9506,45.5332,0.4174,-0.2462,49.4396,38.9004,118.3700,89638.0052,47.0133,46.5551,45.2929,1.2420,0.0000,0.0000,0.0000,0.86,-,-,-,-,-,-,-,-,-,-,-,47.10,-0.50,453,8.7690,40.00%,4.41%,35.59%,60.00%,0.00%,0.00%,-,4.00,0.17,11.44,28 Jun 2026,10 Aug 2026,277.06,-,375000000.00,B-EQ,37500000
CNATEX,C & A Textiles Limited,Textile,Z,694.02,15.26,3.00,0.00,2.90,1.9540,"673,130",42.7730,-83.3333,2.9700,3.1400,3.0175,2.9699,2.9779,3.0201,-0.0422,-0.0444,3.1762,2.7638,95.9900,-139692.4348,2.9822,2.9859,2.9748,1.4209,0.0000,0.0000,0.0000,1.72,3.384,-,3.384,-,-,-,-,-,-,-,-,2.90,0.00,182,1.9540,92.90%,10.04%,82.86%,7.10%,0.00%,0.00%,-,0.50,0.19,-3.81,20 Nov 2023,28 Dec 2023,15.26,9.46,2393160000.00,Z-EQ,239316000
CONFIDCEM,Confidence Cement PLC,Cement,A,5011.35,5.22,58.10,-0.85,58.10,3.1950,"54,572",35.1512,-98.2143,59.9100,63.3780,60.7485,59.3023,59.5772,60.8021,-1.2250,-1.1977,63.3003,56.5197,33.7200,-172754.0206,59.0467,59.4603,59.7105,1.4531,0.0000,0.0000,0.0000,1.72,0.589,-,0.519,0.255,0.101,0.237,0.140,0.063,0.127,-,-,58.60,-0.50,282,3.1950,69.66%,38.55%,30.96%,30.34%,0.00%,0.15%,-,10.00,11.23,88.68,02 Nov 2025,28 Dec 2025,5.22,6.17,862537900.00,A-EQ,86253790
CONTININS,Continental Insurance PLC.,Insurance,B,1367.36,21.60,31.30,-3.40,31.30,7.6030,"239,305",37.9585,-92.3077,32.9400,34.3420,29.7285,32.8559,32.9727,33.4154,-0.4427,-0.3945,35.0199,30.8601,187.7200,-248438.2630,32.9556,33.0603,32.9495,1.5027,0.0000,0.0000,0.0000,1.60,-,-,-,-,-,-,-,-,-,-,-,32.40,-1.10,336,7.6030,68.46%,7.52%,60.94%,31.54%,0.00%,0.00%,-,5.00,1.50,22.78,03 May 2026,13 Aug 2026,21.60,17.42,436855760.00,B-EQ,43685576
COPPERTECH,Coppertech Industries Ltd.,Engineering,B,1336.61,29.72,20.70,-3.32,20.40,3.3240,"160,369",30.2606,-94.2857,22.0650,24.5680,22.9300,21.6029,21.7972,22.6551,-0.8579,-0.8349,23.7095,20.4205,102.4500,-372206.9635,21.4956,21.6936,21.8948,1.5559,0.0000,0.0000,0.0000,1.05,1.288,0.143,0.672,-,0.102,0.028,0.137,0.023,0.050,-,-,21.10,-0.70,219,3.3240,72.43%,17.50%,54.93%,27.57%,0.00%,0.00%,-,2.15,0.71,14.32,29 Oct 2025,29 Jan 2026,29.72,35.17,655200000.00,B-EQ,65520000
CROWNCEMNT,Crown Cement PLC,Cement,A,8523.90,12.77,58.00,-0.52,57.40,0.2030,"3,541",35.6803,-93.3333,59.2250,63.0620,54.6570,58.6602,58.9362,60.1440,-1.2078,-1.1700,61.5117,56.9383,1.0600,-13466.7081,58.4889,58.7859,59.1390,1.0849,0.0000,0.0000,0.0000,3.66,0.888,-,0.569,0.044,0.097,0.020,0.141,0.025,0.072,-,-,57.70,-0.30,47,0.2030,58.98%,19.27%,39.66%,41.02%,0.00%,0.05%,-,21.00,4.52,62.66,20 Oct 2025,22 Dec 2025,12.77,25.46,1485000000.00,A-EQ,148500000
CRYSTALINS,Crystal Insurance Company Limited,Insurance,A,2890.80,20.18,65.70,-2.52,65.70,22.6250,"336,991",46.5431,-59.1160,65.9300,66.7180,70.5500,68.6906,68.3918,67.2298,1.1621,1.0528,77.4023,54.4577,241.3300,-572591.3673,69.6333,69.9590,68.1648,1.5474,0.0000,0.0000,0.0000,1.83,-,-,-,-,-,-,-,-,-,-,-,67.40,-1.70,958,22.6250,42.00%,12.96%,29.01%,58.00%,0.00%,0.03%,-,12.00,3.34,27.65,17 Feb 2026,30 Mar 2026,20.18,17.37,440000000.00,A-EQ,44000000
CVOPRL,CVO Petrochemical Refinery PLC.,Fuel & Power,A,4737.06,41.62,156.50,-1.57,156.50,15.3080,"96,538",44.2148,-49.7076,155.7750,165.6740,162.0375,158.3853,158.3009,159.7461,-1.4452,-2.3107,165.6551,145.8949,100.6600,-151913.3032,159.0400,158.9154,157.4090,1.3616,0.0000,0.0000,0.0000,0.70,0.917,-,0.507,0.101,0.124,0.092,0.156,0.085,0.126,-,-,159.00,-2.50,739,15.3080,56.94%,17.44%,39.41%,43.06%,0.00%,0.09%,9.00,11.00,3.82,13.12,28 Sep 2025,10 Dec 2025,41.62,23.47,302687550.00,A-EQ,30268755
DACCADYE,The Dacca Dyeing & Manufacturing Co.Limited,Textile,Z,1324.73,-,15.30,-1.30,15.20,1.3270,"86,659",42.9200,-60.0000,15.5700,16.1440,16.8400,15.3062,15.3693,15.6489,-0.2796,-0.2726,16.4925,14.6475,55.8400,-210500.7394,15.1867,15.2513,15.4200,1.3903,0.0000,0.0000,0.0000,-,0.133,-,0.117,-,-,-,-,-,-,-,-,15.40,-0.20,69,1.3270,69.90%,17.24%,52.58%,30.10%,0.00%,0.08%,-,-,-5.82,25.71,08 Dec 2025,16 Jan 2026,-,-,871534530.00,Z-EQ,87153453
DAFODILCOM,Daffodil Computers PLC.,IT Sector,B,7616.61,990.00,152.60,-3.66,152.60,15.0900,"97,524",36.9257,-88.8889,163.0000,164.2780,109.7555,158.6796,159.6656,161.8676,-2.2020,-1.0729,172.3929,153.6071,125.1800,97509.1651,157.5644,158.7885,161.0029,0.6943,0.0000,0.0000,0.0000,-,0.716,-,0.661,0.025,0.134,0.015,0.376,0.005,0.013,-,-,158.40,-5.80,657,15.0900,58.60%,36.73%,21.81%,41.40%,0.00%,0.06%,-,-,0.16,12.90,02 Nov 2025,29 Dec 2025,990.00,475.20,499122620.00,B-EQ,49912262
DBH,DBH Finance PLC,Financial Institutions,A,7932.14,8.46,39.10,-1.51,39.10,1.8970,"48,354",35.7673,-92.0000,40.0050,41.6260,39.0075,39.7313,39.8432,40.3703,-0.5271,-0.5293,40.9283,39.0817,7.6100,-73089.9851,39.6511,39.7538,39.8843,1.1778,0.0000,0.0000,0.0000,3.84,-,-,-,-,0.695,0.380,-,-,-,-,0.132,39.70,-0.60,237,1.8970,48.68%,32.66%,15.48%,51.32%,0.00%,0.54%,-,15.00,4.69,49.55,11 May 2026,29 Jun 2026,8.46,7.24,2028679740.00,A-EQ,202867974
DBH1STMF,DBH First Mutual Fund,Mutual Funds,A,636.00,18.97,5.30,-3.64,5.30,6.3300,"1,167,977",41.4126,-88.8889,5.5750,5.5460,5.2655,5.5932,5.5974,5.5531,0.0443,0.0744,5.9999,5.1501,358.2600,-1273992.8401,5.6200,5.6500,5.6257,0.9721,0.0000,0.0000,0.0000,-,-,-,-,-,-,-,-,-,-,-,-,5.50,-0.20,230,6.3300,83.33%,38.93%,44.40%,16.67%,0.00%,0.00%,-,3.00,0.29,10.32,16 Aug 2023,-,18.97,-,1200000000.00,A-MF,120000000
DBLPBOND,Dhaka Bank Perpetual Bond,Corporate Bond,A,249.00,-,0.00,0.00,6225.00,0.0000,0,77.6658,0.0000,6011.2500,0.0000,0.0000,5876.3137,5790.1395,5570.2802,219.8593,134.0774,6733.7165,5288.7835,0.0900,0.9545,6045.0000,6034.6154,6021.4286,0.1145,0.0000,0.0000,0.0000,0.02,-,-,-,-,-,-,-,-,-,-,-,6225.00,0.00,0,0.0000,0.00%,0.00%,0.00%,0.00%,0.00%,0.00%,-,10.00,0.00,0.00,27 Jan 2026,-,-,-,400000.00,A-CB,40000
DELTALIFE,Delta Life Insurance Limited,Insurance,A,8650.13,-,69.20,-1.69,69.90,5.0990,"72,507",37.4276,-77.4194,71.1300,75.5080,74.6005,71.1133,71.2960,72.5369,-1.2409,-1.4237,74.1653,68.0947,15.1100,-72335.8449,71.0933,71.2385,71.1562,1.4343,0.0000,0.0000,0.0000,5.01,-,-,-,-,-,-,-,-,-,-,-,71.10,-1.20,382,5.0990,51.16%,15.29%,35.87%,48.84%,0.00%,0.00%,-,35.00,0.00,0.00,12 May 2026,29 Jun 2026,-,-,1237500000.00,A-EQ,123750000
DELTASPINN,Delta Spinners Limited,Textile,Z,1215.32,25.86,7.30,-2.67,7.30,6.5020,"876,822",51.7386,-50.0000,7.1300,7.3980,6.3415,7.3211,7.2830,7.2418,0.0412,-0.0231,7.5984,6.6616,83.4400,862909.7880,7.3778,7.3128,7.2105,1.4511,0.0000,0.0000,0.0000,1.37,1.821,-,0.910,-,-,-,-,-,-,-,-,7.50,-0.20,183,6.5020,79.40%,6.34%,73.06%,20.60%,0.00%,0.00%,-,1.00,0.00,0.00,31 Jan 2021,-,25.86,187.50,1664819640.00,Z-EQ,166481964
DESCO,Dhaka Electric Supply Company Limited,Fuel & Power,Z,9303.13,-,23.40,0.00,23.40,1.6810,"71,763",57.8683,-20.0000,22.4250,23.8520,22.9820,22.8773,22.8121,22.9567,-0.1446,-0.3560,23.4507,21.3993,3.4900,-55759.1867,22.9267,22.8628,22.6476,1.0763,0.0000,0.0000,0.0000,-,0.929,-,0.929,-,0.016,-,0.088,-,-,-,-,23.40,0.00,174,1.6810,32.34%,23.85%,8.45%,0.00%,67.66%,0.04%,-,-,-3.15,35.33,12 Oct 2025,17 Jan 2026,-,12.02,3975698040.00,Z-EQ,397569804
DESHBANDHU,Deshbandhu Polymer Limited,Engineering,B,994.12,-,16.20,-3.57,16.20,3.7370,"228,981",31.6321,-89.4737,17.0100,19.3440,18.2075,16.8014,16.9121,17.5804,-0.6682,-0.7394,18.0317,15.9883,103.2700,-285163.8252,16.7422,16.8218,16.9024,1.7027,0.0000,0.0000,0.0000,-,2.280,0.870,1.509,-,-,-,-,-,-,-,-,16.80,-0.60,257,3.7370,66.46%,15.19%,51.27%,33.54%,0.00%,0.00%,-,-,-3.93,14.54,28 Oct 2025,22 Dec 2025,-,-,613651500.00,B-EQ,61365150
DGIC,Desh General Insurance Company Limited,Insurance,B,1636.00,261.88,40.90,-2.39,40.90,31.7820,"766,827",68.2555,-15.3285,35.4550,34.2120,26.1655,39.8206,38.9513,36.3853,2.5659,1.8644,45.6985,25.2115,605.5200,1152352.6982,40.9556,40.4038,38.0329,1.5865,0.0000,0.0000,0.0000,0.49,-,-,-,-,-,-,-,-,-,-,-,41.90,-1.00,857,31.7820,51.02%,4.89%,46.13%,48.98%,0.00%,0.00%,-,2.00,0.16,11.35,21 May 2026,09 Sep 2026,261.88,42.76,400000000.00,B-EQ,40000000
DHAKABANK,Dhaka Bank PLC.,Bank,A,11731.95,4.23,11.10,-0.89,11.10,16.3440,"1,464,944",15.7966,-100.0000,11.5000,11.8760,12.1600,11.2991,11.3517,11.5533,-0.2017,-0.1812,11.9353,11.0647,33.9500,-1139734.7050,11.2556,11.2872,11.3857,1.0842,0.0000,0.0000,0.0000,9.01,-,-,-,-,0.601,0.139,-,0.006,0.112,0.007,-,11.20,-0.10,230,16.3440,55.75%,12.75%,43.00%,44.25%,0.00%,0.00%,-,10.00,2.65,23.64,29 Apr 2026,25 Jun 2026,4.23,5.89,10569323490.00,A-EQ,1056932349
DHAKAINS,Dhaka Insurance Limited,Insurance,A,1741.42,26.10,43.40,-3.34,43.40,2.0860,"47,511",43.0698,-71.4286,44.3850,45.4860,41.0825,44.9728,44.9481,44.9406,0.0075,-0.0433,47.3750,41.3950,53.0700,-102399.7692,45.2533,45.2474,44.8024,1.4715,0.0000,0.0000,0.0000,2.30,-,-,-,-,-,-,-,-,-,-,-,44.90,-1.50,163,2.0860,45.19%,11.92%,33.21%,54.81%,0.00%,0.06%,-,10.00,1.72,36.70,14 May 2026,20 Jul 2026,26.10,18.71,401250000.00,A-EQ,40125000
DOMINAGE,Dominage Steel Building Systems Limited,Engineering,B,6617.70,1316.00,64.50,-1.98,64.50,53.0460,"820,706",49.5290,-51.9231,63.3300,68.5980,55.6905,64.1875,64.0319,64.6108,-0.5788,-1.1929,67.3699,59.2901,372.1900,-373749.8476,64.2711,64.2577,63.7957,1.4369,0.0000,0.0000,0.0000,0.05,6.171,0.004,3.379,-,0.105,0.027,0.205,0.003,0.003,-,-,65.80,-1.30,"1,308",53.0460,69.80%,8.08%,61.70%,30.20%,0.00%,0.02%,-,0.35,0.05,17.16,29 Oct 2025,24 Dec 2025,1316.00,-,1026000000.00,B-EQ,102600000
DOREENPWR,Doreen Power Generations and Systems Limited,Fuel & Power,A,5596.57,9.97,30.90,-2.83,30.90,16.5640,"529,669",48.0187,-47.2222,30.6450,31.9760,29.7395,31.1029,31.0524,31.1704,-0.1180,-0.2843,32.4060,28.8840,70.7300,-490466.4880,31.2089,31.1308,30.8610,1.4157,0.0000,0.0000,0.0000,3.24,1.281,-,1.119,0.039,0.197,0.039,0.212,0.023,0.061,-,-,31.80,-0.90,524,16.5640,33.39%,17.34%,16.05%,66.61%,0.00%,0.00%,-,10.00,3.19,52.43,26 Oct 2025,31 Dec 2025,9.97,5.73,1811189010.00,A-EQ,181118901
DSHGARME,Desh Garmants Limited,Textile,B,1251.54,209.45,151.00,-1.24,151.00,11.1580,"73,164",44.8380,-69.3642,152.4500,163.6780,133.4860,151.6468,152.3033,155.9464,-3.6431,-3.9158,160.4459,144.4541,297.7400,-109390.9081,150.9133,151.3167,152.0257,1.3264,0.0000,0.0000,0.0000,0.20,1.866,-,0.947,-,-,-,-,-,-,-,-,152.90,-1.90,613,11.1580,45.01%,4.78%,40.23%,54.99%,0.00%,0.00%,-,3.00,0.73,157.02,29 Oct 2025,18 Dec 2025,209.45,409.55,82883420.00,B-EQ,8288342
DSSL,Dragon Sweater and Spinning Limited,Textile,B,2213.33,77.14,10.50,-2.78,10.50,13.5600,"1,280,076",37.1092,-92.3077,11.0550,12.1020,10.1285,10.9519,11.0099,11.2851,-0.2752,-0.2773,11.6514,10.4586,196.7100,-1618480.5970,10.9244,10.9974,11.0362,1.7090,0.0000,0.0000,0.0000,0.48,16.911,-,12.803,-,-,-,-,-,-,-,-,10.80,-0.30,667,13.5600,67.83%,8.96%,58.87%,32.17%,0.00%,0.00%,-,0.50,0.14,18.18,28 Oct 2025,30 Dec 2025,77.14,-,2107932750.00,B-EQ,210793275
DULAMIACOT,Dulamia Cotton Spinning Mills Limited,Textile,Z,1599.73,855.60,212.90,-1.03,211.70,3.3460,"15,729",61.4172,-29.3785,193.2450,198.8600,156.9175,207.8944,205.0099,198.7762,6.2337,2.8327,225.9440,160.5460,67.8300,32702.4251,212.2689,208.8821,201.1462,0.9952,0.0000,0.0000,0.0000,0.14,0.072,-,0.068,-,-,-,-,-,-,-,-,213.90,-2.20,180,3.3460,66.99%,6.56%,60.43%,33.01%,0.00%,0.00%,-,3.00,0.25,-39.83,29 Sep 2025,03 Dec 2025,855.60,802.13,75566000.00,Z-EQ,7556600
DUTCHBANGL,Dutch-Bangla Bank PLC.,Bank,A,46184.15,4.56,45.60,0.00,45.50,6.9220,"152,050",49.0187,-45.7143,45.1900,46.5920,42.8935,45.5148,45.4828,45.5904,-0.1077,-0.2287,47.4634,42.9166,4.5600,-105673.3733,45.5422,45.5910,45.5510,0.8099,0.0000,0.0000,0.0000,5.49,-,-,-,-,0.503,0.186,-,0.012,0.161,0.013,-,45.50,0.00,123,6.9220,16.44%,7.38%,9.02%,83.56%,0.00%,0.04%,5.00,25.00,9.98,62.14,29 Apr 2026,16 Jun 2026,4.56,5.23,10150361950.00,A-EQ,1015036195
EASTERNINS,Eastern Insurance PLC,Insurance,A,2603.85,21.56,60.40,-2.74,60.40,6.6470,"108,506",47.9963,-52.3256,59.8700,61.3000,56.5595,61.7242,61.4722,60.9693,0.5029,0.1862,64.9798,54.7602,117.2100,-231952.2559,62.3244,62.0577,61.0214,1.5470,0.0000,0.0000,0.0000,2.48,-,-,-,-,-,-,-,-,-,-,-,62.10,-1.70,377,6.6470,55.14%,25.85%,29.29%,44.86%,0.00%,0.00%,-,15.00,2.88,50.13,03 May 2026,14 Jul 2026,21.56,17.15,431101440.00,A-EQ,43110144
EASTLAND,Eastland Insurance PLC.,Insurance,A,2231.22,25.00,26.60,-3.27,26.60,2.8400,"105,575",35.8940,-95.6522,27.6650,28.4880,23.9560,27.5694,27.6440,27.8897,-0.2457,-0.1974,28.7705,26.5595,62.4500,-229298.0527,27.5644,27.6641,27.6771,1.2268,0.0000,0.0000,0.0000,3.76,-,-,-,-,-,-,-,-,-,-,-,27.50,-0.90,144,2.8400,58.89%,24.23%,34.66%,41.11%,0.00%,0.00%,-,10.00,1.10,21.58,23 Apr 2026,29 Jun 2026,25.00,19.64,838805810.00,A-EQ,83880581
EASTRNLUB,Eastern Lubricants Blenders PLC.,Fuel & Power,A,4470.89,43.67,1877.40,-0.46,1877.40,8.3440,"4,433",31.2219,-95.1348,1969.8350,1997.9460,1828.8035,1926.2452,1935.9684,1958.5496,-22.5812,-11.8549,2057.6219,1882.0481,119.6700,-14968.5132,1918.4622,1929.4910,1948.9371,0.7314,0.0000,0.0000,0.0000,0.43,1.609,-,1.050,0.115,0.050,0.091,0.074,0.083,0.206,-,-,1886.10,-8.70,572,8.3440,33.96%,6.30%,27.66%,15.04%,51.00%,0.00%,50.00,80.00,43.18,209.35,23 Nov 2025,31 Jan 2026,43.67,49.39,23814240.00,A-EQ,2381424
EBL,Eastern Bank PLC.,Bank,A,37476.08,4.36,22.80,0.00,22.80,37.9820,"1,669,267",40.3188,-62.5000,22.9900,23.6220,24.9425,22.8824,22.9223,23.1618,-0.2395,-0.2645,23.5478,22.4322,72.3200,1046342.3975,22.8533,22.8679,22.9057,0.6409,0.0000,0.0000,0.0000,10.96,-,-,-,-,0.583,0.272,-,0.011,0.167,0.012,-,22.80,0.00,567,37.9820,70.56%,43.59%,26.87%,29.44%,0.00%,0.10%,3.00,25.00,5.23,31.38,16 Apr 2026,11 Jun 2026,4.36,4.27,16436877890.00,A-EQ,1643687789
EBL1STMF,EBL First Mutual Fund,Mutual Funds,A,651.39,-,4.50,2.27,4.50,0.5820,"130,566",50.7061,-57.1429,4.4700,4.5600,3.9180,4.5272,4.5181,4.4814,0.0367,0.0340,4.8544,4.0856,97.9000,-416926.4439,4.5533,4.5577,4.5276,1.0025,0.0000,0.0000,0.0000,-,-,-,-,-,-,-,-,-,-,-,-,4.40,0.10,57,0.5820,98.62%,61.45%,37.17%,1.38%,0.00%,0.00%,-,-,-1.89,7.88,15 Sep 2024,-,-,-,1447542220.00,A-MF,144754222
EBLNRBMF,EBL NRB Mutual Fund,Mutual Funds,A,762.49,-,3.40,-2.86,3.40,2.0250,"587,027",42.0405,-100.0000,3.5200,3.6300,3.0445,3.5224,3.5278,3.5377,-0.0099,-0.0026,3.6989,3.3411,147.3700,-887453.0137,3.5311,3.5436,3.5371,1.2227,0.0000,0.0000,0.0000,-,-,-,-,-,-,-,-,-,-,-,-,3.50,-0.10,97,2.0250,91.11%,39.71%,51.40%,8.89%,0.00%,0.00%,-,-,-1.93,8.25,25 Sep 2024,-,-,-,2242613030.00,A-MF,224261303
ECABLES,Eastern Cables Limited,Engineering,B,3062.40,-,117.50,-2.60,116.00,0.6300,"5,349",33.5438,-92.3077,122.0250,131.3000,124.1500,118.9181,119.8014,123.8259,-4.0246,-3.9788,130.3953,113.6547,8.5500,-14343.0285,118.1022,118.6628,120.0938,1.3480,0.0000,0.0000,0.0000,-,1.179,0.009,0.945,-,-,-,0.082,-,-,-,-,119.10,-3.10,82,0.6300,40.92%,13.21%,27.71%,8.08%,51.00%,0.00%,-,-,-4.43,339.32,12 Nov 2025,24 Jan 2026,-,-,264000000.00,B-EQ,26400000
EGEN,eGeneration PLC.,IT Sector,B,1612.50,29.60,21.50,-3.15,21.50,5.2280,"240,263",32.7002,-96.4286,22.7100,24.6380,23.1020,22.4236,22.5585,23.2164,-0.6579,-0.6712,24.0523,21.3677,118.0300,-284024.5360,22.3644,22.4910,22.5871,1.5147,0.0000,0.0000,0.0000,1.05,2.176,-,2.168,0.132,0.122,0.132,0.274,0.028,0.033,-,-,22.20,-0.70,374,5.2280,69.93%,13.50%,55.90%,30.07%,0.00%,0.53%,-,2.25,0.75,23.38,30 Oct 2025,29 Dec 2025,29.60,29.21,750000000.00,B-EQ,75000000
EHL,Eastern Housing Limited,Services & Real Estate,A,7719.64,9.89,82.70,1.10,82.70,11.0990,"134,780",41.2638,-73.4375,83.7850,88.8020,83.1215,83.4132,83.6917,85.2660,-1.5743,-1.7037,88.0119,79.5581,55.2700,-163637.3281,83.2444,83.5308,83.6290,1.7382,0.0000,0.0000,0.0000,3.02,1.228,-,0.380,0.351,0.224,0.255,0.363,0.032,0.092,-,-,81.80,0.90,519,11.0990,49.56%,25.16%,24.37%,50.44%,0.00%,0.03%,-,25.00,8.27,89.99,10 Sep 2025,30 Oct 2025,9.89,9.23,933451530.00,A-EQ,93345153
EIL,Express Insurance Limited,Insurance,B,2118.92,28.31,32.50,-2.69,32.50,36.7510,"1,114,916",52.6445,-46.5116,31.7500,32.3280,29.6825,32.6216,32.4593,32.1647,0.2947,0.0770,33.8641,29.6359,225.5900,-504202.6079,32.8222,32.6692,32.2000,1.1323,0.0000,0.0000,0.0000,1.54,-,-,-,-,-,-,-,-,-,-,-,33.40,-0.90,835,36.7510,40.00%,2.80%,37.20%,60.00%,0.00%,0.00%,-,5.00,1.18,19.91,03 May 2026,01 Jul 2026,28.31,19.20,651974640.00,B-EQ,65197464
EMERALDOIL,Emerald Oil Industries Limited,Food & Allied,Z,2464.34,36.30,27.00,1.89,27.00,1.3530,"50,276",45.2390,-85.0000,27.5350,28.3260,20.0830,27.4835,27.5590,27.7644,-0.2054,-0.1362,29.5594,25.5106,56.8200,-163262.9481,27.5844,27.6321,27.5386,1.4174,0.0000,0.0000,0.0000,1.85,0.874,-,0.739,0.066,0.066,0.059,0.097,0.081,-,-,-,26.50,0.50,249,1.3530,45.50%,4.41%,41.09%,54.50%,0.00%,0.00%,-,5.00,0.00,0.00,02 Nov 2023,-,36.30,7.93,912720040.00,Z-EQ,91272004
ENVOYTEX,Envoy Textiles Limited,Textile,A,11993.04,8.65,71.50,-1.65,71.50,96.4870,"1,335,249",56.3940,-45.7831,71.8800,64.4440,54.1405,71.9355,71.6579,69.4838,2.1741,2.5874,74.8205,68.9395,381.8400,161820.2340,72.1578,72.0987,71.9086,0.9666,0.0000,0.0000,0.0000,4.55,1.215,-,0.723,-,-,-,-,-,-,-,-,72.70,-1.20,"1,382",96.4870,34.59%,21.65%,12.81%,65.41%,0.00%,0.13%,-,32.50,8.24,60.33,28 Sep 2026,05 Dec 2026,8.65,9.26,1677347670.00,A-EQ,167734767
EPGL,Energypac Power Generation PLC.,Fuel & Power,B,2966.55,-,15.60,-2.50,15.60,1.7070,"108,174",27.2316,-95.2381,16.6850,18.3060,17.5105,16.3751,16.5043,17.0776,-0.5733,-0.5594,17.5635,15.8065,16.3200,-188227.9392,16.3156,16.4359,16.5590,1.7289,0.0000,0.0000,0.0000,1.28,-,-,-,-,-,-,-,-,-,-,-,16.00,-0.40,153,1.7070,45.86%,16.07%,29.79%,54.14%,0.00%,0.00%,-,2.00,-5.50,32.86,16 Nov 2025,15 Dec 2025,-,-,1901632160.00,B-EQ,190163216
ESQUIRENIT,Esquire Knit Composite PLC,Textile,A,3089.11,53.64,23.20,-2.97,22.90,2.6820,"115,678",40.1147,-90.6250,23.4650,24.9580,22.6270,23.3918,23.4697,23.9446,-0.4749,-0.5274,24.6098,22.3202,26.7500,-77331.4251,23.3378,23.3782,23.4029,1.2611,0.0000,0.0000,0.0000,4.37,1.236,-,0.438,-,-,-,-,-,-,-,-,23.60,-0.70,123,2.6820,53.05%,41.04%,12.01%,46.95%,0.00%,0.00%,-,10.00,0.44,65.10,27 Oct 2025,25 Jan 2026,53.64,-,1348958330.00,A-EQ,134895833
ETL,Evince Textiles Limited,Textile,B,2756.16,53.45,15.00,-3.23,15.00,111.0510,"7,235,148",55.8319,-46.4286,14.4750,14.0280,11.6465,15.1880,15.0352,14.5158,0.5195,0.4284,16.3010,12.6490,651.6100,-2420343.2167,15.3844,15.2936,14.9171,1.4344,0.0000,0.0000,0.0000,1.67,0.945,-,0.426,-,-,-,-,-,-,-,-,15.50,-0.50,"1,574",111.0510,67.06%,12.35%,54.71%,32.94%,0.00%,0.00%,-,2.50,0.29,12.83,23 Oct 2025,18 Dec 2025,53.45,50.54,1837440000.00,B-EQ,183744000
EXIM1STMF,EXIM Bank 1st Mutual Fund,Mutual Funds,A,888.19,-,6.20,1.64,6.20,16.1980,"2,585,551",41.4979,-93.7500,6.8950,6.6620,4.1830,6.4909,6.5694,6.6378,-0.0684,0.0717,7.7929,5.9971,1503.2600,-5260866.8851,6.3956,6.4949,6.7157,1.2783,0.0000,0.0000,0.0000,-,-,-,-,-,-,-,-,-,-,-,-,6.10,0.10,543,16.1980,78.03%,40.26%,37.77%,21.97%,0.00%,0.00%,-,-,-1.91,8.16,15 Sep 2024,-,-,-,1432563430.00,A-MF,143256343
EXIMBANK,Export Import Bank of Bangladesh PLC.,Bank,A,4342.67,16.67,0.00,0.00,3.00,0.0000,0,35.3827,-100.0000,3.4350,3.8100,5.5645,3.1910,3.2550,3.5011,-0.2461,-0.2212,4.0054,2.8646,70.5700,-721052.8574,3.1222,3.1744,3.2990,1.0068,0.0000,0.0000,0.0000,-,-,-,-,-,0.465,0.016,-,0.000,0.008,0.000,-,3.00,0.00,0,0.0000,69.56%,27.45%,41.65%,30.44%,0.00%,0.46%,-,-,0.18,21.82,29 May 2025,28 Aug 2025,16.67,-,14475573440.00,A-EQ,1447557344
FAMILYTEX,Familytex (BD) Limited,Textile,Z,779.15,-,2.30,-4.35,2.20,0.8430,"380,865",36.9496,-100.0000,2.3200,2.5240,2.3455,2.2777,2.2915,2.3573,-0.0658,-0.0665,2.4431,2.1969,41.1000,-788356.2005,2.2667,2.2769,2.2976,1.2699,0.0000,0.0000,0.0000,-,9.943,-,5.485,-,-,-,-,-,-,-,-,2.30,-0.10,87,0.8430,95.98%,18.41%,77.57%,4.02%,0.00%,0.00%,-,-,-0.15,11.48,01 Nov 2020,24 Dec 2020,-,-,3541603880.00,Z-EQ,354160388
FARCHEM,FAR Chemical & Textile Ind. PLC,Pharmaceuticals & Chemicals,B,2342.39,172.22,15.30,-1.29,15.30,30.7010,"1,980,905",40.6922,-74.0741,15.5100,18.6660,16.9615,15.6373,15.6928,16.3128,-0.6200,-0.7899,16.7863,14.2337,507.6700,-3659130.5847,15.6244,15.7218,15.6767,1.5355,0.0000,0.0000,0.0000,-,1.151,0.045,0.520,-,0.068,0.004,0.079,0.002,0.003,-,-,15.50,-0.20,881,30.7010,67.37%,23.86%,43.51%,32.63%,0.00%,0.00%,-,-,0.09,32.52,29 Oct 2025,24 Dec 2025,172.22,-,1530973330.00,B-EQ,153097333
FAREASTFIN,Fareast Finance & Investment Limited,Financial Institutions,Z,344.53,-,0.00,0.00,2.10,0.0000,0,59.7544,-41.6667,1.7700,1.5240,1.4566,2.1327,2.0565,1.8161,0.2404,0.1862,2.6456,0.8944,161.7200,-32608.2669,2.2244,2.1744,1.9948,1.2855,0.0000,0.0000,0.0000,-,-,-,-,-,1.071,1.324,-,-,-,-,-,2.10,0.00,0,0.0000,60.26%,10.69%,49.57%,39.74%,0.00%,0.00%,-,-,-5.13,-50.48,12 May 2025,26 Jun 2025,-,-,1640633300.00,Z-EQ,164063330
FAREASTLIF,Fareast Islami Life Insurance Company Limited,Insurance,Z,1308.00,-,17.50,0.00,17.50,0.1800,"10,268",39.7719,-73.9130,17.9100,19.7560,21.1365,17.7113,17.7947,18.3918,-0.5972,-0.6951,19.0904,16.7296,17.2400,-49434.8279,17.6911,17.7218,17.7471,1.6413,0.0000,0.0000,0.0000,-,-,-,-,-,-,-,-,-,-,-,-,17.50,0.00,51,0.1800,81.94%,43.07%,38.87%,18.06%,0.00%,0.00%,-,-,0.00,0.00,01 Nov 2021,22 Dec 2021,-,-,747427510.00,Z-EQ,74742751
FASFIN,FAS Finance & Investment Limited,Financial Institutions,Z,372.69,-,0.00,0.00,2.50,0.0000,0,64.9562,-40.0000,2.0300,1.6640,1.5499,2.5106,2.3962,2.0477,0.3485,0.2612,3.2648,0.7952,155.8600,624216.8668,2.6889,2.6038,2.3357,1.2777,0.0000,0.0000,0.0000,-,-,-,-,-,1.036,1.796,-,-,-,-,-,2.50,0.00,0,0.0000,86.80%,7.90%,78.90%,13.20%,0.00%,0.00%,-,-,-22.65,-148.05,28 Jun 2026,-,-,-,1490773640.00,Z-EQ,149077364
FBFIF,First Bangladesh Fixed Income Fund,Mutual Funds,A,2638.90,-,3.40,0.00,3.40,2.4650,"725,264",42.7113,-75.0000,3.4750,3.6120,3.0940,3.4682,3.4755,3.5002,-0.0246,-0.0202,3.6027,3.3473,25.2900,-901818.3637,3.4689,3.4808,3.4829,1.1572,0.0000,0.0000,0.0000,-,-,-,-,-,-,-,-,-,-,-,-,3.40,0.00,82,2.4650,46.03%,29.21%,16.82%,53.97%,0.00%,0.00%,-,-,-1.82,8.32,15 Sep 2024,-,-,-,7761470280.00,A-MF,776147028
FEDERALINS,Federal Insurance  PLC.,Insurance,A,1889.65,24.82,26.60,-2.56,26.60,5.7270,"213,453",38.6945,-83.3333,27.5350,28.4640,23.9755,27.4945,27.5688,27.8458,-0.2769,-0.2441,28.6981,26.3719,193.4800,-474351.4479,27.5133,27.6038,27.5681,1.3206,0.0000,0.0000,0.0000,3.76,-,-,-,-,-,-,-,-,-,-,-,27.30,-0.70,332,5.7270,63.96%,2.45%,61.51%,36.04%,0.00%,0.00%,-,10.00,1.10,13.04,03 May 2026,17 Aug 2026,24.82,13.51,710396430.00,A-EQ,71039643
FEKDIL,Far East Knitting & Dyeing Industries PLC,Textile,A,4418.63,12.51,20.20,-5.61,20.20,47.1180,"2,271,302",36.4084,-86.8421,21.9150,23.4500,17.5680,21.6254,21.7650,22.2225,-0.4575,-0.3663,23.1953,20.6347,324.7500,-2922127.9260,21.6044,21.7179,21.8719,1.3519,0.0000,0.0000,0.0000,5.94,1.853,-,1.186,-,-,-,-,-,-,-,-,21.40,-1.20,"1,124",47.1180,32.80%,5.74%,27.06%,67.20%,0.00%,0.00%,-,12.00,1.71,21.37,15 Oct 2025,14 Dec 2025,12.51,-,2187441710.00,A-EQ,218744171
FINEFOODS,Fine Foods Limited,Food & Allied,A,6441.98,111.22,461.00,-0.84,461.00,15.4640,"33,475",55.3677,-27.9678,446.9500,452.2060,470.5755,456.3123,454.5060,452.4509,2.0551,-0.9445,470.1016,423.7984,99.7800,17026.0496,458.4622,456.4795,451.3729,0.6834,0.0000,0.0000,0.0000,0.30,8.739,-,2.251,0.572,0.601,0.492,0.641,0.263,0.286,-,-,464.90,-3.90,394,15.4640,86.08%,18.64%,67.44%,13.92%,0.00%,0.00%,-,14.00,4.18,14.65,29 Oct 2025,20 Dec 2025,111.22,44.82,139739180.00,A-EQ,13973918
FIRSTFIN,First Finance Limited,Financial Institutions,Z,533.45,-,4.50,2.27,4.50,0.0460,"10,163",50.8869,-33.3333,4.4000,4.6500,4.1810,4.4219,4.4245,4.4720,-0.0475,-0.0640,4.6052,4.1948,10.9600,-83598.1419,4.4156,4.4141,4.4100,1.4214,0.0000,0.0000,0.0000,-,-,-,-,-,1.290,1.539,-,-,-,-,-,4.40,0.10,15,0.0460,58.69%,18.26%,40.43%,41.31%,0.00%,0.00%,-,-,-6.66,-46.01,29 Jun 2026,24 Sep 2026,-,-,1185446630.00,Z-EQ,118544663
FIRSTSBANK,First Security Islami Bank PLC.,Bank,Z,2295.46,0.67,0.00,0.00,1.90,0.0000,0,32.9434,-91.6667,2.4900,2.5900,3.9140,2.1778,2.2479,2.4402,-0.1923,-0.1289,3.1450,1.8350,146.6500,-4143929.6253,2.1044,2.1705,2.3310,1.2886,0.0000,0.0000,0.0000,-,-,-,-,-,-,-,-,-,-,-,-,1.90,0.00,0,0.0000,94.10%,28.21%,65.74%,5.90%,0.00%,0.15%,-,-,-3.35,16.40,01 Jun 2025,15 Sep 2025,0.67,-,12081393790.00,Z-EQ,1208139379
FORTUNE,Fortune Shoes Limited,Tannery Industries,Z,2372.21,132.73,13.90,-4.79,13.90,2.3720,"166,525",30.2389,-96.0000,15.4150,17.0560,15.3790,14.8654,15.0340,15.6945,-0.6605,-0.6011,16.8664,13.9636,25.7600,-216310.1065,14.7600,14.9154,15.1381,1.6355,0.0000,0.0000,0.0000,0.36,3.496,-,1.891,0.021,0.116,0.007,0.161,0.005,0.007,-,-,14.60,-0.70,242,2.3720,69.07%,16.78%,52.29%,30.93%,0.00%,0.00%,-,0.50,0.11,14.70,25 Nov 2025,30 Dec 2025,132.73,-,1706622630.00,Z-EQ,170662263
FUWANGCER,Fu-Wang Ceramic Industries Ltd.,Ceramics Sector,B,1621.60,109.09,11.90,-0.83,11.90,5.4150,"452,691",31.2721,-93.7500,12.7450,14.5640,13.1655,12.4284,12.5526,13.1559,-0.6033,-0.6142,13.7301,11.7599,153.7200,-1211705.4331,12.3622,12.4628,12.5819,1.5847,0.0000,0.0000,0.0000,0.84,-,-,-,-,-,-,0.262,-,-,-,-,12.00,-0.10,347,5.4150,70.00%,4.92%,64.68%,30.00%,0.00%,0.40%,-,1.00,0.11,12.00,05 Nov 2025,30 Dec 2025,109.09,900.00,1362690930.00,B-EQ,136269093
FUWANGFOOD,Fu Wang Food Limited,Food & Allied,Z,1019.72,-,9.20,-1.08,9.20,1.1000,"119,011",32.7383,-100.0000,9.5650,10.7060,10.6385,9.4774,9.5250,9.8312,-0.3061,-0.3457,9.9161,9.2139,38.6400,-112687.8397,9.4622,9.5000,9.5433,1.6639,0.0000,0.0000,0.0000,-,0.648,-,0.546,-,-,-,0.181,-,-,-,-,9.30,-0.10,144,1.1000,92.15%,9.52%,82.62%,7.85%,0.00%,0.01%,-,-,-0.31,2.03,12 Nov 2024,26 Dec 2024,-,-,1108392840.00,Z-EQ,110839284
GBBPOWER,GBB Power Limited,Fuel & Power,Z,1333.63,120.91,13.10,-1.50,13.10,3.9970,"302,482",47.7977,-90.9091,13.4450,13.0480,9.0765,13.2201,13.2730,13.2912,-0.0182,0.0894,14.3592,12.5308,161.7100,-404704.5500,13.1422,13.1692,13.3386,1.4550,0.0000,0.0000,0.0000,-,11.783,-,11.257,-,-,-,-,0.005,0.005,-,-,13.30,-0.20,273,3.9970,67.99%,14.27%,53.72%,32.01%,0.00%,0.00%,-,-,0.11,20.31,29 Oct 2025,22 Dec 2025,120.91,110.83,1018035480.00,Z-EQ,101803548
GEMINISEA,Gemini Sea Food PLC,Food & Allied,Z,1211.71,22.85,105.40,-1.12,105.50,0.8530,"8,090",38.3670,-95.4545,107.3300,114.5140,119.3850,107.0959,107.3991,109.4744,-2.0753,-2.3860,110.8592,103.8008,22.7900,-17751.3153,107.0400,107.2397,107.2414,1.3317,0.0000,0.0000,0.0000,0.71,1.175,-,0.604,0.095,0.078,0.076,0.258,0.049,0.237,-,-,106.70,-1.20,124,0.8530,69.99%,6.50%,63.21%,30.01%,0.00%,0.28%,7.50,7.50,4.67,19.69,14 Nov 2024,29 Dec 2024,22.85,-,114854180.00,Z-EQ,11485418
GENEXIL,Genex Infosys PLC.,IT Sector,B,3697.82,14.84,30.70,-4.66,30.70,18.2910,"584,328",29.6644,-98.2456,34.2950,36.5920,30.9465,33.2199,33.5557,34.6215,-1.0658,-0.8299,36.9849,31.6051,159.6600,-875704.3251,33.0778,33.4346,33.8633,1.7702,0.0000,0.0000,0.0000,0.33,0.634,-,0.603,0.139,0.381,0.137,0.450,0.040,0.098,-,-,32.20,-1.50,796,18.2910,73.93%,21.21%,52.68%,26.07%,0.00%,0.04%,-,1.00,2.17,22.11,07 Dec 2025,30 Dec 2025,14.84,11.39,1204500210.00,B-EQ,120450021
GENNEXT,Generation Next Fashions Limited,Textile,Z,1435.43,41.43,2.90,0.00,2.90,0.4970,"172,102",44.9967,-50.0000,2.9000,3.0380,2.9420,2.8909,2.8961,2.9378,-0.0417,-0.0499,3.0124,2.7876,27.7600,-412285.9759,2.8844,2.8833,2.8867,1.4655,0.0000,0.0000,0.0000,3.45,2.920,-,1.339,-,-,-,-,-,-,-,-,2.90,0.00,32,0.4970,83.74%,21.85%,61.89%,16.26%,0.00%,0.00%,-,1.00,0.07,11.88,29 Oct 2023,23 Dec 2023,41.43,-,4949745550.00,Z-EQ,494974555
GHAIL,Golden Harvest Agro Industries Limited,Food & Allied,B,2482.13,-,11.50,-4.96,11.50,2.0840,"176,239",28.9728,-86.3636,12.5900,13.9120,12.8730,12.2910,12.4045,12.8777,-0.4732,-0.4467,13.4506,11.7294,41.6600,-301634.4324,12.2333,12.3538,12.4738,1.5143,0.0000,0.0000,0.0000,0.87,1.739,-,1.329,-,-,-,0.420,-,-,-,-,12.10,-0.60,167,2.0840,69.58%,36.80%,32.56%,30.42%,0.00%,0.22%,-,1.00,-0.24,12.33,28 Oct 2025,29 Dec 2025,-,-,2158376210.00,B-EQ,215837621
GHCL,Global Heavy Chemicals Limited,Pharmaceuticals & Chemicals,Z,1368.00,-,19.00,0.00,19.00,0.4990,"26,250",33.9181,-92.0000,19.8450,21.7420,20.3085,19.5172,19.6431,20.2257,-0.5826,-0.5804,21.0650,18.6250,16.0400,-68743.2235,19.4600,19.5692,19.6800,1.2074,0.0000,0.0000,0.0000,-,0.123,-,0.102,-,-,-,-,-,-,-,-,19.00,0.00,49,0.4990,31.40%,10.32%,21.08%,68.60%,0.00%,0.00%,-,-,-2.19,71.89,07 Dec 2025,-,-,-,720000000.00,Z-EQ,72000000
GIB,Global Islami Bank PLC,Bank,Z,1678.65,-,0.00,0.00,1.70,0.0000,0,39.3150,-75.0000,1.8300,1.9440,3.1450,1.7469,1.7665,1.8431,-0.0767,-0.0699,2.0362,1.6238,50.4600,-1277163.4522,1.7200,1.7423,1.7910,1.1715,0.0000,0.0000,0.0000,-,-,-,-,-,2.014,3.128,-,-,0.580,-,-,1.70,0.00,0,0.0000,84.57%,53.15%,31.42%,15.43%,0.00%,0.00%,-,-,-12.62,-21.77,10 Jul 2025,21 Sep 2025,-,-,9874396880.00,Z-EQ,987439688
GLDNJMF,ICB AMCL CMSF Golden Jubilee Mutual Fund,Mutual Funds,A,870.00,24.86,8.70,0.00,8.70,7.4440,"851,268",47.4817,-75.0000,8.8900,8.8380,6.9460,8.9699,8.9671,8.8549,0.1122,0.1588,9.8028,7.9772,305.0900,-1374336.0497,9.0000,9.0679,9.0190,1.0815,0.0000,0.0000,0.0000,-,-,-,-,-,-,-,-,-,-,-,-,8.70,0.00,306,7.4440,39.00%,10.60%,28.40%,61.00%,0.00%,0.00%,-,-,0.35,9.39,16 Feb 2026,-,24.86,5.30,1000000000.00,A-MF,100000000
GLOBALINS,Global Insurance PLC,Insurance,A,1719.39,33.80,42.40,-2.75,42.40,18.4100,"430,163",39.3724,-95.8333,44.6750,45.0080,34.6720,44.3784,44.5239,44.7284,-0.2045,0.0188,46.7052,42.6448,555.4900,-1111627.0858,44.4400,44.6167,44.6433,1.5111,0.0000,0.0000,0.0000,2.36,-,-,-,-,-,-,-,-,-,-,-,43.60,-1.20,726,18.4100,64.68%,10.16%,54.52%,35.32%,0.00%,0.00%,-,10.00,1.29,14.83,14 Jun 2026,18 Aug 2026,33.80,14.73,405517630.00,A-EQ,40551763
GOLDENSON,Golden Son Limited,Engineering,B,1906.20,-,11.10,-5.13,11.10,6.3490,"562,680",26.9852,-95.2381,12.2850,14.1920,13.1835,11.9060,12.0525,12.7388,-0.6863,-0.6875,13.3478,11.2222,102.3900,-701182.7225,11.8156,11.9449,12.1052,1.5796,0.0000,0.0000,0.0000,-,1.628,0.945,0.943,-,-,-,-,-,-,-,-,11.70,-0.60,503,6.3490,69.71%,21.44%,48.27%,30.29%,0.00%,0.00%,-,-,-1.83,16.06,26 Nov 2025,31 Dec 2025,-,-,1717297720.00,B-EQ,171729772
GP,Grameenphone Limited,Telecommunication,A,324342.07,11.00,240.20,-0.25,240.20,9.0020,"37,438",38.9705,-76.3636,240.9100,247.3240,252.1755,241.2852,241.4145,242.7492,-1.3347,-1.6789,244.2766,237.5434,1.2100,-80463.4126,241.3711,241.5654,241.3110,0.6998,0.0000,0.0000,0.0000,4.37,0.159,0.125,0.155,0.311,0.357,0.187,1.000,0.155,0.528,-,-,240.80,-0.60,740,9.0020,10.00%,6.85%,2.98%,90.00%,0.00%,0.17%,-,105.00,10.52,41.51,15 Jul 2026,-,11.00,11.44,13503000220.00,A-EQ,1350300022
GPHISPAT,GPH Ispat Limited,Engineering,B,7500.19,-,15.50,-1.27,15.50,5.1450,"329,751",36.2632,-95.8333,16.2000,17.4220,16.9350,16.0295,16.1302,16.5541,-0.4240,-0.4024,17.1936,15.2064,38.8700,-132995.1274,15.9222,16.0551,16.1543,1.5300,0.0000,0.0000,0.0000,1.29,1.024,1.164,0.595,-,0.112,-,0.140,-,-,-,-,15.70,-0.20,308,5.1450,69.78%,19.00%,50.78%,30.22%,0.00%,0.00%,-,2.00,0.07,51.81,13 Sep 2026,25 Oct 2026,-,224.29,4838834560.00,B-EQ,483883456
GQBALLPEN,GQ Ball Pen Industries Limited,Miscellaneous,A,5268.47,-,590.10,-1.47,590.10,18.0780,"30,665",51.3795,-61.4103,590.9000,576.3900,563.8015,593.9537,592.8756,587.0440,5.8316,6.2082,618.4791,563.3209,224.1800,40151.3071,594.6956,596.0667,593.7733,0.9731,0.0000,0.0000,0.0000,0.17,2.247,-,2.213,-,-,-,-,-,-,-,-,598.90,-8.80,496,18.0780,62.23%,1.47%,60.71%,37.77%,0.00%,0.05%,-,10.00,-1.83,135.81,29 Oct 2025,15 Dec 2025,-,-,89280910.00,A-EQ,8928091
GRAMEENS2,Grameen One : Scheme Two,Mutual Funds,A,2170.54,14.51,11.90,0.00,11.90,2.4780,"207,830",40.8675,-82.3529,12.1650,12.8300,12.3015,12.2354,12.2638,12.3954,-0.1317,-0.1313,13.0577,11.2723,60.2500,-359052.5375,12.2667,12.3436,12.2700,0.9126,0.0000,0.0000,0.0000,-,-,-,-,-,-,-,-,-,-,-,-,11.90,0.00,174,2.4780,79.48%,53.97%,25.51%,20.52%,0.00%,0.00%,-,9.00,0.82,17.07,13 Aug 2026,-,14.51,14.51,1823979020.00,A-MF,182397902
GREENDELMF,Green Delta Mutual Fund,Mutual Funds,A,675.00,32.86,4.50,-2.17,4.50,4.1660,"921,222",44.0576,-81.8182,4.7400,4.7840,3.7220,4.7735,4.7798,4.7371,0.0428,0.0767,5.3254,4.1546,211.0900,-1104070.8461,4.7978,4.8500,4.8133,1.2212,0.0000,0.0000,0.0000,-,-,-,-,-,-,-,-,-,-,-,-,4.60,-0.10,159,4.1660,91.67%,43.56%,48.11%,8.33%,0.00%,0.00%,-,1.50,0.14,10.16,16 Aug 2023,-,32.86,-,1500000000.00,A-MF,150000000
GREENDELT,Green Delta Insurance Company PLC.,Insurance,A,6502.21,12.30,64.80,-2.99,64.90,4.8260,"73,465",46.2018,-65.9341,65.0250,67.3900,60.5965,66.5513,66.3585,66.2503,0.1082,-0.2644,69.7804,60.2696,35.5600,120257.8718,67.0400,66.7577,65.8390,1.2998,0.0000,0.0000,0.0000,4.16,-,-,-,-,-,-,-,-,-,-,-,66.90,-2.00,250,4.8260,69.42%,23.19%,41.63%,30.58%,0.00%,4.60%,-,27.00,5.44,70.53,16 Feb 2026,31 Mar 2026,12.30,12.92,1001881940.00,A-EQ,100188194
GSPFINANCE,GSP Finance Company (Bangladesh) PLC,Financial Institutions,Z,502.62,-,3.30,-5.88,3.20,0.3420,"104,135",30.2851,-100.0000,3.5100,3.8360,3.5440,3.4506,3.4771,3.5752,-0.0981,-0.0861,3.7242,3.2958,28.3800,-130246.5977,3.4467,3.4705,3.4943,1.9233,0.0000,0.0000,0.0000,-,-,-,-,-,1.171,5.228,-,-,-,-,-,3.40,-0.20,60,0.3420,87.98%,34.63%,53.35%,12.02%,0.00%,0.00%,-,-,-11.79,4.60,03 Sep 2025,14 Dec 2025,-,-,1570685850.00,Z-EQ,157068585
HAKKANIPUL,Hakkani Pulp & Paper Mills PLC.,Paper & Printing,B,1290.10,992.86,67.90,-2.30,67.90,5.7720,"84,052",37.7615,-94.2029,69.6450,74.9400,75.3810,69.3856,69.6491,71.1852,-1.5361,-1.6803,73.4660,65.8240,160.9900,-161393.0526,69.1556,69.5231,69.7214,1.4257,0.0000,0.0000,0.0000,0.74,1.776,-,0.853,0.017,0.080,0.001,0.153,0.001,0.003,-,-,69.50,-1.60,344,5.7720,52.72%,2.57%,50.15%,47.28%,0.00%,0.00%,-,5.00,0.07,24.24,28 Oct 2025,20 Dec 2025,992.86,168.15,190000000.00,B-EQ,19000000
HAMI,Hami Industries PLC.,Miscellaneous,Z,1142.68,-,148.40,-2.82,148.40,2.7360,"18,290",46.5738,-53.1579,149.1300,153.7240,149.9655,150.3549,150.2190,150.7215,-0.5025,-1.0372,158.5989,139.6611,54.0500,1488.3021,150.1867,150.0769,150.1105,0.9438,0.0000,0.0000,0.0000,0.07,0.508,-,0.360,-,-,-,0.020,-,-,-,-,152.70,-4.30,213,2.7360,67.48%,11.78%,54.52%,32.52%,0.00%,1.18%,-,1.00,0.00,0.00,02 Jun 2024,-,-,545.36,77000000.00,Z-EQ,7700000
HEIDELBCEM,Heidelberg Materials Bangladesh PLC.,Cement,A,11532.38,57.86,208.20,-0.63,204.10,0.9090,"4,449",38.9644,-99.0909,208.0850,214.0700,223.0285,207.1158,207.5933,209.8142,-2.2209,-2.2174,213.7735,202.3965,2.4200,-6824.3735,206.8067,207.4090,208.0010,1.0575,0.0000,0.0000,0.0000,0.54,0.878,-,0.446,0.026,0.023,0.014,0.105,0.021,0.048,-,-,205.40,-1.30,108,0.9090,39.33%,28.44%,10.85%,60.67%,0.00%,0.04%,-,11.00,3.55,73.92,26 Apr 2026,18 Jun 2026,57.86,-,565035800.00,A-EQ,56503580
HFL,Hamid Fabrics PLC.,Textile,Z,1019.84,59.47,11.20,-0.88,11.20,0.7220,"63,298",31.6022,-85.7143,12.2150,13.9380,11.7460,11.6580,11.8262,12.5442,-0.7180,-0.6864,13.4398,10.9902,14.8500,-115570.8590,11.5067,11.6397,11.9152,1.4861,0.0000,0.0000,0.0000,-,1.653,-,0.845,-,-,-,-,-,-,-,-,11.30,-0.10,100,0.7220,48.62%,18.73%,29.89%,51.38%,0.00%,0.00%,-,-,-4.06,33.66,29 Oct 2024,26 Dec 2024,59.47,-,910573120.00,Z-EQ,91057312
HRTEX,H.R.Textile Limited,Textile,Z,473.39,-,16.10,-1.22,16.20,0.1060,"6,521",35.6005,-94.7368,16.8350,18.7140,18.8315,16.6797,16.7763,17.3666,-0.5902,-0.6558,17.7062,15.9638,24.2100,-29260.3147,16.6333,16.7090,16.7619,1.5106,0.0000,0.0000,0.0000,-,1.843,-,1.404,-,-,-,-,-,-,-,-,16.40,-0.20,34,0.1060,65.46%,16.18%,49.28%,34.54%,0.00%,0.00%,-,-,-19.67,21.43,24 Dec 2024,19 Mar 2025,-,-,292215000.00,Z-EQ,29221500
HWAWELLTEX,Hwa Well Textiles (BD) PLC,Textile,A,2693.60,12.75,48.10,3.66,48.10,35.0180,"736,336",58.2910,-18.4211,46.4900,47.5680,43.7960,46.5495,46.4830,46.6310,-0.1480,-0.3636,48.7461,44.2339,164.2800,-177292.4888,46.5467,46.3846,46.2967,0.8951,0.0000,0.0000,0.0000,4.16,5.768,-,5.134,-,-,-,-,-,-,-,-,46.40,1.70,"1,250",35.0180,49.17%,7.79%,41.33%,50.83%,0.00%,0.05%,-,20.00,3.64,40.16,28 Oct 2025,11 Dec 2025,12.75,12.70,560000000.00,A-EQ,56000000
IBBL2PBOND,IBBL 2nd Mudaraba Perpetual Bond,Corporate Bond,N,634.64,-,3975.00,0.42,3966.50,0.0120,3,49.3540,-72.8175,3945.8250,3921.6100,0.0000,3941.6109,3947.4892,3972.6941,-25.2049,-24.1569,4091.9473,3799.7027,0.1600,-0.7498,3953.3000,3952.5385,3950.8571,0.1389,0.0000,0.0000,0.0000,0.03,-,-,-,-,-,-,-,-,-,-,-,3949.80,16.70,2,0.0120,0.00%,0.00%,0.00%,0.00%,0.00%,0.00%,-,10.00,0.00,0.00,18 Nov 2025,-,-,-,1600000.00,N-CB,160000
IBBLPBOND,IBBL Mudaraba Perpetual Bond,Corporate Bond,A,2007.00,-,670.00,-4.18,669.00,0.0810,121,55.5759,-31.0000,625.0750,650.7900,671.0350,648.4539,643.5537,641.3894,2.1642,-7.5787,683.1656,566.9844,0.2800,24.6996,658.8667,650.5897,636.7952,0.2170,0.0000,0.0000,0.0000,-,-,-,-,-,-,-,-,-,-,-,-,698.20,-29.20,7,0.0810,100.00%,79.51%,19.83%,0.00%,0.00%,0.66%,-,-,0.00,0.00,30 Apr 2026,-,-,-,30000000.00,A-CB,3000000
IBNSINA,The Ibn Sina Pharmaceutical Industry PLC,Pharmaceuticals & Chemicals,A,9632.41,15.34,308.30,-0.84,308.30,10.5660,"34,107",34.0600,-74.7619,314.2650,316.4280,318.9305,314.0203,314.3576,314.9831,-0.6255,-0.1789,321.0938,307.4362,11.3700,-30372.1708,314.3333,314.9538,314.8448,0.7697,0.0000,0.0000,0.0000,2.50,1.149,0.244,0.419,-,0.080,0.053,0.404,0.084,0.158,-,-,310.90,-2.60,344,10.5660,55.32%,25.37%,29.95%,44.68%,0.00%,0.00%,-,77.00,25.43,144.56,01 Oct 2026,23 Nov 2026,15.34,12.23,312436270.00,A-EQ,31243627
IBP,Indo-Bangla Pharmaceuticals Limited,Pharmaceuticals & Chemicals,B,1603.63,-,13.80,-2.82,13.80,12.3380,"881,948",31.9217,-96.5517,15.0850,17.1100,14.5920,14.6110,14.7820,15.5005,-0.7185,-0.6811,16.3286,13.8414,299.4900,-1062232.2553,14.4822,14.6462,14.8629,1.7174,0.0000,0.0000,0.0000,0.11,3.622,-,2.741,-,-,-,0.114,-,-,-,-,14.20,-0.40,561,12.3380,75.57%,29.45%,46.12%,24.43%,0.00%,0.00%,-,0.15,-0.32,12.53,16 Nov 2025,30 Dec 2025,-,532.50,1162051780.00,B-EQ,116205178
ICB,Investment Corporation of Bangladesh,Financial Institutions,B,36685.05,-,42.30,0.48,42.30,33.5510,"753,730",61.0252,-46.2500,39.6750,42.3000,40.2545,40.1327,40.0367,40.4945,-0.4579,-0.8842,41.9067,37.4433,2.1800,-149501.4471,40.0022,39.9000,39.7471,1.5162,0.0000,0.0000,0.0000,-,-,-,-,-,2.683,13.209,-,-,-,-,-,42.10,0.20,"1,319",33.5510,3.80%,1.64%,2.16%,69.20%,27.00%,0.00%,-,-,-14.00,37.45,29 Oct 2025,13 Dec 2025,-,-,8672589610.00,B-EQ,867258961
ICB3RDNRB,ICB AMCL Third NRB Mutual Fund,Mutual Funds,A,600.00,4.29,6.00,0.00,6.00,7.6910,"1,260,382",49.3083,-64.2857,6.0200,5.9940,4.8945,6.1799,6.1602,6.0389,0.1214,0.1354,6.8189,5.2211,196.7900,-982369.2387,6.2356,6.2628,6.1733,0.8937,0.0000,0.0000,0.0000,-,-,-,-,-,-,-,-,-,-,-,-,6.00,0.00,178,7.6910,89.97%,39.72%,50.21%,10.03%,0.00%,0.04%,-,-,1.40,8.66,17 Aug 2026,-,4.29,4.29,1000000000.00,A-MF,100000000
ICBAGRANI1,ICB AMCL First Agrani Bank Mutual Fund,Mutual Funds,A,765.58,5.85,7.80,-1.27,7.80,4.2050,"533,579",44.1506,-76.4706,8.0600,8.2800,7.1190,8.1138,8.1264,8.1299,-0.0036,0.0222,8.8178,7.3022,130.3400,-206874.2408,8.1467,8.2013,8.1557,0.6783,0.0000,0.0000,0.0000,-,-,-,-,-,-,-,-,-,-,-,-,7.90,-0.10,186,4.2050,49.06%,33.38%,15.66%,50.94%,0.00%,0.02%,-,4.00,1.35,10.35,17 Aug 2026,-,5.85,5.85,981510000.00,A-MF,98151000
ICBAMCL2ND,ICB AMCL Second Mutual Fund,Mutual Funds,A,500.00,6.87,10.00,-0.99,10.00,8.4090,"833,691",65.0865,-30.0000,8.7850,8.2500,6.4985,9.7701,9.5793,8.9060,0.6733,0.5711,11.4896,6.0804,634.0400,-807477.7178,10.0267,9.9705,9.4371,0.8952,0.0000,0.0000,0.0000,-,-,-,-,-,-,-,-,-,-,-,-,10.10,-0.10,309,8.4090,100.00%,55.18%,44.82%,0.00%,0.00%,0.00%,-,-,1.47,9.55,17 Aug 2026,-,6.87,6.87,500000000.00,A-MF,50000000
ICBEPMF1S1,ICB Employees Provident MF 1: Scheme 1,Mutual Funds,A,465.00,5.54,6.20,0.00,6.20,5.7780,"916,092",46.3986,-69.2308,6.3450,6.3540,5.4495,6.4183,6.4151,6.3575,0.0576,0.0777,7.0051,5.6849,375.7000,-518994.3418,6.4556,6.4987,6.4457,0.8931,0.0000,0.0000,0.0000,-,-,-,-,-,-,-,-,-,-,-,-,6.20,0.00,199,5.7780,90.00%,42.76%,47.24%,10.00%,0.00%,0.00%,-,-,1.12,8.50,17 Aug 2026,-,5.54,5.54,750000000.00,A-MF,75000000
ICBIBANK,ICB Islamic Bank Limited,Bank,Z,1728.23,-,2.60,0.00,2.60,0.4480,"174,907",54.9217,-33.3333,2.5650,2.6200,2.7060,2.5579,2.5567,2.5743,-0.0177,-0.0288,2.6824,2.4476,3.8100,17715.3624,2.5533,2.5436,2.5500,0.9116,0.0000,0.0000,0.0000,-,-,-,-,-,2.506,2.995,-,-,0.055,-,-,2.60,0.00,33,0.4480,47.07%,20.37%,26.70%,52.76%,0.17%,0.00%,-,-,-1.22,-22.00,08 Jul 2026,21 Sep 2026,-,-,6647023000.00,Z-EQ,664702300
ICBSONALI1,ICB AMCL Sonali Bank Limited 1st Mutual Fund,Mutual Funds,A,810.00,6.79,8.10,6.58,8.10,51.6320,"6,419,400",64.1483,-15.0000,7.4150,6.8080,5.2410,7.7908,7.7059,7.3147,0.3912,0.3889,8.7919,6.0381,975.3300,987290.8156,7.8511,7.8821,7.7048,1.0199,0.0000,0.0000,0.0000,-,-,-,-,-,-,-,-,-,-,-,-,7.60,0.50,981,51.6320,75.00%,31.18%,43.82%,25.00%,0.00%,0.00%,-,-,1.12,9.34,17 Aug 2026,-,6.79,6.79,1000000000.00,A-MF,100000000
ICICL,Islami Commercial Insurance PLC,Insurance,A,1909.61,34.34,37.70,-2.84,37.70,17.3190,"450,124",51.0666,-53.3333,37.4250,36.5480,27.7990,38.6405,38.4237,37.5326,0.8911,0.8342,41.1474,33.7026,330.2000,-308912.7492,39.1178,38.9423,38.1552,1.4617,0.0000,0.0000,0.0000,2.65,-,-,-,-,-,-,-,-,-,-,-,38.80,-1.10,672,17.3190,58.70%,3.79%,54.91%,41.30%,0.00%,0.00%,-,10.00,1.13,17.36,30 Apr 2026,06 Aug 2026,34.34,20.64,506527660.00,A-EQ,50652766
IDLC,IDLC Finance PLC.,Financial Institutions,A,19157.26,7.58,41.60,-1.18,41.80,1.4060,"33,413",39.9454,-91.6667,42.5450,44.1280,40.6440,42.5280,42.6032,42.9585,-0.3553,-0.3574,43.9966,41.0934,4.9900,-77091.7506,42.5156,42.6359,42.6162,1.3364,0.0000,0.0000,0.0000,3.59,-,-,-,-,0.603,0.287,-,-,-,-,0.060,42.30,-0.50,153,1.4060,64.88%,52.67%,11.68%,35.12%,0.00%,0.53%,5.00,15.00,5.58,49.96,24 Mar 2026,14 May 2026,7.58,7.07,4583075790.00,A-EQ,458307579
IFADAUTOS,IFAD Autos PLC.,Engineering,B,6223.49,-,23.20,-0.85,23.20,8.1200,"348,573",47.5190,-47.0588,23.2000,24.2240,23.1020,23.0586,23.0918,23.4110,-0.3192,-0.3965,24.4209,21.9791,27.0800,63973.5353,22.9711,23.0128,23.0662,1.4593,0.0000,0.0000,0.0000,0.86,3.428,2.164,3.214,-,0.054,-,0.126,-,-,-,-,23.40,-0.20,372,8.1200,45.13%,25.65%,19.48%,54.87%,0.00%,0.00%,-,2.00,-0.27,35.56,27 Oct 2025,28 Dec 2025,-,54.84,2682539110.00,B-EQ,268253911
IFIC,IFIC Bank PLC,Bank,Z,9418.22,-,4.90,2.08,4.90,5.7650,"1,193,842",53.5353,-66.6667,4.8350,4.8240,4.9650,4.8463,4.8451,4.8324,0.0127,0.0160,5.1612,4.5088,20.4100,268976.9573,4.8311,4.8423,4.8605,1.6009,0.0000,0.0000,0.0000,-,-,-,-,-,2.013,2.183,-,-,-,-,-,4.80,0.10,234,5.7650,67.25%,21.35%,45.26%,0.00%,32.75%,0.64%,-,-,-13.32,4.96,03 May 2026,29 Jun 2026,-,-,19220866470.00,Z-EQ,1922086647
IFIC1STMF,IFIC Bank 1st Mutual Fund,Mutual Funds,A,692.24,-,3.80,0.00,3.80,1.6940,"442,282",38.3352,-100.0000,4.0400,4.2200,3.4990,3.9569,3.9832,4.0464,-0.0631,-0.0351,4.3028,3.7772,211.6700,-2361391.3595,3.9422,3.9859,4.0195,1.0994,0.0000,0.0000,0.0000,-,-,-,-,-,-,-,-,-,-,-,-,3.80,0.00,68,1.6940,79.17%,16.26%,62.91%,20.83%,0.00%,0.00%,-,-,-1.79,8.19,15 Sep 2024,-,-,-,1821679650.00,A-MF,182167965
IFILISLMF1,IFIL Islamic Mutual Fund-1,Mutual Funds,A,580.00,6.04,5.90,0.00,5.80,2.8700,"490,627",51.6975,-57.1429,5.7750,5.6420,4.4110,5.9106,5.8914,5.7563,0.1351,0.1566,6.5059,5.0441,254.2300,-1000406.9727,5.9489,5.9859,5.9086,1.0139,0.0000,0.0000,0.0000,-,-,-,-,-,-,-,-,-,-,-,-,5.80,0.00,103,2.8700,99.00%,54.97%,44.02%,1.00%,0.00%,0.01%,-,-,0.96,7.76,17 Aug 2026,-,6.04,6.04,1000000000.00,A-MF,100000000
ILFSL,International Leasing & Financial Services Limited,Financial Institutions,Z,465.80,-,0.00,0.00,2.10,0.0000,0,60.7086,-46.1538,1.7800,1.5300,1.4835,2.1578,2.0793,1.8293,0.2501,0.1954,2.7013,0.8587,204.6100,3259599.6144,2.2600,2.2064,2.0162,1.4682,0.0000,0.0000,0.0000,-,-,-,-,-,1.065,2.866,-,-,-,-,-,2.10,0.00,0,0.0000,58.45%,13.07%,45.38%,41.55%,0.00%,0.00%,-,-,-39.01,-212.32,25 May 2025,30 Jun 2025,-,-,2218102460.00,Z-EQ,221810246
INDEXAGRO,Index Agro Industries Limited,Miscellaneous,A,3468.18,13.12,69.90,-3.45,69.90,18.8530,"266,677",47.5768,-70.9459,69.7950,71.2680,69.5570,71.4597,71.2455,70.8029,0.4427,0.1806,76.4683,63.1217,128.8500,-347027.2576,71.9933,72.0205,70.9429,1.2206,0.0000,0.0000,0.0000,1.72,1.663,-,0.676,0.078,0.166,0.059,0.204,0.036,0.064,-,-,72.40,-2.50,"1,055",18.8530,42.23%,23.18%,19.05%,57.77%,0.00%,0.00%,5.00,12.00,5.52,85.74,19 Oct 2025,15 Dec 2025,13.12,18.72,496163310.00,A-EQ,49616331
INTECH,Intech Limited,IT Sector,Z,717.26,-,22.90,-1.29,22.90,1.9520,"84,842",38.2969,-92.5926,23.7050,24.8600,31.2670,23.6718,23.7567,24.1562,-0.3996,-0.4012,25.3688,22.0412,60.9600,-35132.3012,23.6467,23.8090,23.8419,1.4396,0.0000,0.0000,0.0000,-,0.408,-,0.408,-,-,-,0.199,-,0.850,-,-,23.20,-0.30,130,1.9520,70.00%,5.97%,63.91%,30.00%,0.00%,0.12%,-,-,-0.38,-0.45,02 Nov 2025,18 Dec 2025,-,-,313212260.00,Z-EQ,31321226
INTRACO,Intraco Refueling Station PLC,Fuel & Power,Z,2306.57,25.70,23.40,5.88,23.40,28.5600,"1,239,055",66.4517,-10.7143,22.1750,22.3640,20.1345,22.2050,22.1690,22.2021,-0.0331,-0.1277,23.2331,21.1169,68.2700,214311.9999,22.1489,22.0474,22.0705,1.5869,0.0000,0.0000,0.0000,0.53,1.114,-,1.106,0.080,0.097,0.063,0.149,0.028,0.065,-,-,22.10,1.30,937,28.5600,69.70%,20.58%,49.08%,30.30%,0.00%,0.04%,-,1.25,0.86,13.24,19 Nov 2025,30 Dec 2025,25.70,110.50,985712360.00,Z-EQ,98571236
IPDC,IPDC Finance PLC.,Financial Institutions,A,13446.01,29.28,31.30,-3.69,31.30,146.3780,"4,629,826",39.7316,-96.2963,33.0900,32.5000,24.4465,33.3771,33.3995,33.0582,0.3412,0.5509,36.1638,30.0162,324.2000,-8151138.3322,33.6511,33.7897,33.5429,1.8491,0.0000,0.0000,0.0000,1.60,-,-,-,-,0.532,0.131,-,-,-,-,0.043,32.50,-1.20,"2,231",146.3780,38.12%,19.32%,18.72%,40.00%,21.88%,0.08%,5.00,5.00,1.11,17.85,29 Apr 2026,25 Jun 2026,29.28,33.85,4295848510.00,A-EQ,429584851
ISLAMIBANK,Islami Bank Bangladesh PLC,Bank,Z,41859.76,31.06,26.00,-1.52,26.00,4.0590,"155,597",26.5365,-100.0000,26.8600,28.2240,34.7320,26.5597,26.6470,27.1357,-0.4887,-0.5272,27.6531,26.0669,0.8500,-89897.1865,26.5156,26.5833,26.6933,1.0510,0.0000,0.0000,0.0000,-,-,-,-,-,0.129,0.034,-,0.001,0.019,0.001,-,26.40,-0.40,155,4.0590,99.82%,75.00%,6.91%,0.18%,0.00%,17.91%,-,-,0.85,44.52,30 Apr 2026,25 Jun 2026,31.06,-,16099906680.00,Z-EQ,1609990668
ISLAMICFIN,Islamic Finance & Investment PLC.,Financial Institutions,Z,1445.36,27.18,10.10,-2.83,10.30,1.2630,"120,163",30.4610,-76.9231,10.7700,11.3460,10.6680,10.6196,10.6693,10.8675,-0.1982,-0.1825,11.1319,10.4081,20.3800,-246808.9401,10.5800,10.6244,10.7029,1.7895,0.0000,0.0000,0.0000,-,-,-,-,-,3.542,-,-,-,-,-,0.362,10.60,-0.30,80,1.2630,69.18%,23.52%,45.66%,30.82%,0.00%,0.00%,-,-,0.39,2.38,28 Jun 2026,24 Sep 2026,27.18,-,1403266700.00,Z-EQ,140326670
ISLAMIINS,Islami Insurance Bangladesh Limited,Insurance,A,2708.67,19.62,65.80,-1.64,65.80,14.8380,"223,395",57.0749,-42.0635,63.2800,62.4560,49.1680,66.0715,65.5321,63.8961,1.6360,1.2213,70.1378,56.4222,210.4800,368622.8597,66.8533,66.4551,64.9967,1.2994,0.0000,0.0000,0.0000,2.43,-,-,-,-,-,-,-,-,-,-,-,66.90,-1.10,434,14.8380,54.39%,7.74%,46.65%,45.61%,0.00%,0.00%,-,16.00,3.04,23.62,25 Jun 2026,27 Aug 2026,19.62,16.24,411652150.00,A-EQ,41165215
ISNLTD,Information Services Network Limited,IT Sector,B,529.62,-,48.50,0.41,48.50,6.5340,"133,656",41.2660,-70.4663,49.8700,54.9400,66.6755,51.2015,51.3445,52.1433,-0.7989,-0.8608,59.5921,40.1479,678.6100,-393013.5281,51.3800,52.0474,51.3795,1.3155,0.0000,0.0000,0.0000,-,1.739,-,1.739,-,-,-,0.373,-,-,-,-,48.30,0.20,650,6.5340,78.52%,11.68%,66.84%,21.48%,0.00%,0.00%,-,-,-0.43,2.42,22 Oct 2025,14 Dec 2025,-,-,109200030.00,B-EQ,10920003
ITC,IT Consultants PLC.,IT Sector,A,5349.45,11.85,41.60,-3.03,41.60,22.0920,"524,684",29.6747,-92.1569,44.2900,46.7560,42.2570,43.5506,43.8193,44.7672,-0.9479,-0.8039,46.4654,42.1146,140.3900,-748970.5201,43.4356,43.7269,44.0138,1.3917,0.0000,0.0000,0.0000,2.88,2.542,-,2.464,0.309,0.364,0.297,0.525,0.103,0.155,-,-,42.90,-1.30,933,22.0920,48.91%,12.75%,35.96%,51.09%,0.00%,0.20%,-,12.00,3.62,23.25,27 Oct 2025,07 Dec 2025,11.85,11.92,1285926640.00,A-EQ,128592664
JAMUNABANK,Jamuna Bank PLC.,Bank,A,21510.83,3.85,22.90,0.44,22.90,2.4440,"106,797",38.8933,-77.7778,23.0350,23.7260,23.5535,22.9435,22.9921,23.2395,-0.2474,-0.2570,23.5512,22.5188,50.6400,-2279885.3898,22.8956,22.9295,22.9867,0.8852,0.0000,0.0000,0.0000,12.66,-,-,-,-,0.477,0.291,-,0.013,0.216,0.014,-,22.80,0.10,112,2.4440,63.02%,3.46%,59.43%,36.98%,0.00%,0.13%,-,29.00,5.92,27.43,30 Apr 2026,27 Jul 2026,3.85,2.83,9393376300.00,A-EQ,939337630
JAMUNAOIL,Jamuna Oil PLC,Fuel & Power,A,19633.49,3.02,177.90,0.28,177.80,1.4980,"8,440",50.3832,-55.5556,177.1950,178.8400,175.4895,177.6771,177.6374,177.7153,-0.0779,-0.2016,180.3755,174.0145,2.4300,-5679.7386,177.6422,177.8167,177.6848,0.4880,0.0000,0.0000,0.0000,10.12,1.174,-,1.006,4.721,0.479,3.777,1.000,0.057,0.214,-,-,177.30,0.50,110,1.4980,39.92%,31.18%,8.64%,0.00%,60.08%,0.10%,-,180.00,58.70,274.03,13 Nov 2025,31 Jan 2026,3.02,5.00,1104246000.00,A-EQ,110424600
JANATAINS,Janata Insurance PLC.,Insurance,A,1522.35,29.09,31.40,-1.88,31.40,2.6150,"82,687",38.1277,-85.1852,32.2950,33.4960,30.9380,32.3768,32.4351,32.7370,-0.3019,-0.3159,33.8133,30.7767,100.7200,-265844.5872,32.4378,32.5321,32.4210,1.3434,0.0000,0.0000,0.0000,3.18,-,-,-,-,-,-,-,-,-,-,-,32.00,-0.60,123,2.6150,60.13%,7.56%,52.57%,39.87%,0.00%,0.00%,-,10.00,1.10,15.07,07 May 2026,19 Jul 2026,29.09,20.00,484826280.00,A-EQ,48482628
JHRML,JMI Hospital Requisite Manufacturing Limited,Pharmaceuticals & Chemicals,B,5187.18,22.85,41.40,-2.59,41.40,3.4490,"82,493",34.5286,-95.4545,43.2450,47.3040,46.3590,42.8631,43.1129,44.4585,-1.3455,-1.4301,45.7619,40.7281,27.3800,-102359.8245,42.7711,42.9705,43.0829,1.5714,0.0000,0.0000,0.0000,1.21,-,-,-,-,-,-,-,-,-,-,-,42.50,-1.10,330,3.4490,67.70%,42.52%,25.18%,32.30%,0.00%,0.00%,-,5.00,1.86,35.14,27 Oct 2025,22 Jan 2026,22.85,47.57,1252941200.00,B-EQ,125294120
JMISMDL,JMI Syringes & Medical Devices Ltd,Pharmaceuticals & Chemicals,A,3781.04,84.63,125.80,-0.24,125.80,0.5430,"4,312",36.0900,-92.6606,129.5300,136.1740,128.7615,128.2055,128.7096,131.0367,-2.3271,-2.3153,133.9805,125.0795,9.7500,-17121.7310,127.8711,128.3513,129.0633,1.1718,0.0000,0.0000,0.0000,0.79,5.676,0.000,3.472,-,0.075,0.024,0.156,0.015,0.017,-,-,126.10,-0.30,43,0.5430,20.35%,5.85%,14.50%,79.65%,0.00%,0.00%,-,10.00,1.49,87.23,28 Oct 2025,23 Dec 2025,84.63,-,300560000.00,A-EQ,30056000
JUTESPINN,Jute Spinners Limited,Jute,Z,349.18,-,205.40,0.44,205.40,0.0350,169,43.0851,-71.6418,206.3950,214.4020,212.7620,206.0462,206.3647,208.6133,-2.2486,-2.6072,209.6169,203.1731,18.7000,-1249.4716,205.9489,206.0064,206.2110,0.7815,0.0000,0.0000,0.0000,-,-,-,-,-,-,-,-,-,-,-,-,204.50,0.90,23,0.0350,60.18%,23.20%,36.98%,39.82%,0.00%,0.00%,-,-,-36.32,-624.19,29 Oct 2025,-,-,-,17000000.00,Z-EQ,1700000
KARNAPHULI,Karnaphuli Insurance PLC.,Insurance,A,2347.02,24.65,52.30,-0.38,52.30,10.1290,"193,107",41.6133,-93.4783,54.0100,54.6420,38.2115,53.4568,53.6898,54.0867,-0.3969,-0.0718,56.5439,51.4761,322.6700,-636964.2449,53.4311,53.6423,53.7714,1.3656,0.0000,0.0000,0.0000,1.91,-,-,-,-,-,-,-,-,-,-,-,52.50,-0.20,431,10.1290,67.26%,11.81%,55.45%,32.74%,0.00%,0.00%,-,10.00,2.13,23.79,26 Apr 2026,09 Jul 2026,24.65,18.23,448761130.00,A-EQ,44876113
KAY&QUE,Kay and Que Bangladesh Limited,Engineering,B,2818.90,42.51,403.10,-0.07,403.10,16.5440,"40,786",55.9343,-38.7755,383.4500,400.2220,426.3095,400.1435,397.5355,393.8747,3.6607,-0.3440,427.7714,339.1286,130.3900,-29993.2348,404.3933,401.8974,393.8919,1.2042,0.0000,0.0000,0.0000,0.10,0.869,-,0.855,-,0.161,0.171,0.275,0.061,0.093,-,-,403.40,-0.30,627,16.5440,64.76%,15.20%,49.56%,35.24%,0.00%,0.00%,-,4.00,9.49,101.72,29 Oct 2025,11 Dec 2025,42.51,30.59,69930490.00,B-EQ,6993049
KBPPWBIL,Khan Brothers PP Woven Bag Industries Ltd.,Miscellaneous,A,3354.33,130.00,34.20,-2.56,34.20,24.5860,"708,499",44.9216,-62.8099,34.4750,36.2340,45.2275,35.8420,35.7789,35.5842,0.1947,0.1477,42.1488,26.8012,381.6800,-1310367.6905,36.0067,36.4872,35.8529,1.3125,0.0000,0.0000,0.0000,2.92,21.510,-,5.814,0.375,0.400,0.254,0.479,0.021,0.022,-,-,35.10,-0.90,"1,146",24.5860,69.87%,11.76%,58.11%,30.13%,0.00%,0.00%,-,10.00,0.27,12.07,22 Oct 2025,24 Dec 2025,130.00,46.18,980798770.00,A-EQ,98079877
KDSALTD,KDS Accessories Limited,Engineering,A,3154.09,19.82,42.70,-2.76,42.20,4.9320,"115,926",32.0835,-95.9184,44.4200,47.0400,45.6935,43.9529,44.1759,45.1230,-0.9472,-0.9034,46.4206,42.4194,47.5800,-123789.0126,43.8689,44.1231,44.3205,1.5457,0.0000,0.0000,0.0000,2.37,1.517,0.013,1.194,-,0.075,0.057,0.172,0.035,0.079,-,-,43.40,-1.20,225,4.9320,36.03%,12.58%,23.45%,63.97%,0.00%,0.00%,-,10.00,2.19,27.71,22 Oct 2025,10 Dec 2025,19.82,21.41,747414790.00,A-EQ,74741479
KEYACOSMET,Keya Cosmetics Limited,Pharmaceuticals & Chemicals,Z,5621.82,24.76,5.10,-1.92,5.10,2.0820,"408,184",41.8568,-83.3333,5.2400,5.3600,4.9315,5.2653,5.2740,5.2821,-0.0081,0.0070,5.6206,4.8594,24.0400,48519.4040,5.2667,5.3013,5.2933,1.4065,0.0000,0.0000,0.0000,-,1.465,44.309,0.868,-,0.169,0.026,0.209,0.009,0.927,-,-,5.20,-0.10,152,2.0820,53.95%,8.57%,45.38%,46.05%,0.00%,0.00%,-,1.00,0.24,0.25,13 Dec 2020,19 Jan 2021,24.76,21.67,11023173240.00,Z-EQ,1102317324
KEYACOSMET,Keya Cosmetics Limited,Pharmaceuticals & Chemicals,Z,5621.82,24.76,5.10,-1.92,5.10,2.0820,"408,184",41.8568,-83.3333,5.2400,5.3600,4.9315,5.2653,5.2740,5.2821,-0.0081,0.0070,5.6206,4.8594,24.0400,48519.4040,5.2667,5.3013,5.2933,1.4065,0.0000,0.0000,0.0000,1.96,1.465,44.309,0.868,-,0.169,0.026,0.209,0.009,0.927,-,-,5.20,-0.10,152,2.0820,53.95%,8.57%,45.38%,46.05%,0.00%,0.00%,-,1.00,0.24,0.25,13 Dec 2020,19 Jan 2021,24.76,21.67,11023173240.00,Z-EQ,1102317324
KOHINOOR,Kohinoor Chemicals Company (Bangladesh) PLC.,Pharmaceuticals & Chemicals,A,21069.94,30.50,518.00,-0.65,516.70,5.8330,"11,254",36.2298,-99.4536,523.8500,533.6200,513.9730,521.3146,522.2275,525.8325,-3.6050,-3.2967,530.6631,517.0369,2.4900,-5875.1618,520.6311,521.3013,522.6238,0.7516,0.0000,0.0000,0.0000,1.26,4.768,0.135,2.500,-,0.136,0.098,0.282,0.184,0.262,-,-,520.10,-3.40,291,5.8330,49.43%,14.70%,34.72%,50.57%,0.00%,0.01%,10.00,65.00,17.05,65.16,26 Oct 2025,07 Dec 2025,30.50,31.77,407778930.00,A-EQ,40777893
KPCL,Khulna Power Company Limited,Fuel & Power,Z,4053.61,36.21,10.30,-2.86,10.20,4.6890,"454,540",38.2920,-88.8889,10.5500,10.9000,10.6485,10.4690,10.5086,10.6559,-0.1473,-0.1296,10.8365,10.2635,17.7600,-358324.7159,10.4489,10.4769,10.5214,0.8288,0.0000,0.0000,0.0000,4.90,6.513,-,5.308,0.153,-,0.140,-,0.015,0.015,-,-,10.50,-0.30,165,4.6890,30.01%,9.11%,20.90%,69.99%,0.00%,0.00%,-,5.00,0.29,19.03,28 Oct 2025,28 Dec 2025,36.21,10.79,3974131790.00,Z-EQ,397413179
KPPL,Khulna Printing & Packaging Limited,Paper & Printing,Z,1000.65,-,13.70,-2.14,13.70,0.8180,"59,258",51.8221,-55.0000,13.1850,14.0040,15.0370,13.6024,13.5444,13.5576,-0.0132,-0.1469,14.3625,12.0075,46.5900,-111805.5751,13.7000,13.6231,13.4367,1.4904,0.0000,0.0000,0.0000,-,0.693,-,0.692,-,-,-,-,-,1.662,-,-,14.00,-0.30,85,0.8180,60.24%,1.11%,59.13%,39.76%,0.00%,0.00%,-,-,-3.10,-1.86,30 Oct 2022,29 Dec 2022,-,-,730400000.00,Z-EQ,73040000
KTL,Kattali Textile Limited,Textile,Z,1663.16,-,14.30,1.42,14.30,43.5420,"3,008,412",71.7177,-21.7391,12.8800,12.3140,10.5035,13.3504,13.2113,12.8048,0.4065,0.2922,13.9611,11.7989,223.6100,-103078.5110,13.3911,13.2744,13.0843,1.4568,0.0000,0.0000,0.0000,0.07,5.749,-,4.046,-,-,-,-,-,-,-,-,14.10,0.20,926,43.5420,69.68%,19.47%,50.08%,30.32%,0.00%,0.13%,-,0.10,0.08,15.10,28 Dec 2025,-,-,176.25,1163052000.00,Z-EQ,116305200
LANKABAFIN,LankaBangla Finance PLC,Financial Institutions,A,7489.86,27.65,13.90,-1.42,13.90,14.6480,"1,041,599",29.9994,-100.0000,14.5400,15.9700,14.7815,14.3281,14.4166,14.8688,-0.4522,-0.4706,15.1570,13.9230,46.1700,-1485361.2138,14.2822,14.3526,14.4405,1.9212,0.0000,0.0000,0.0000,-,-,-,-,-,0.352,0.064,-,-,-,-,0.027,14.10,-0.20,514,14.6480,66.23%,23.24%,42.54%,33.77%,0.00%,0.45%,-,-,0.51,18.52,15 Oct 2025,11 Dec 2025,27.65,19.58,5388386230.00,A-EQ,538838623
LBS,LankaBangla Securities PLC.,Stock Brokers,P,2824.82,-,10.50,-4.55,10.50,0.3160,"30,001",48.0049,-44.4444,10.4700,10.9820,20.0125,10.4838,10.5029,10.6601,-0.1572,-0.1893,11.2511,9.6889,1.9100,-57572.9470,10.4511,10.4308,10.4424,0.4438,0.0000,0.0000,0.0000,-,-,-,-,-,-,-,-,-,-,-,-,11.00,-0.50,7,0.3160,17.42%,11.81%,5.61%,82.58%,0.00%,0.00%,-,-,0.50,16.91,20 May 2026,23 Jul 2026,-,-,2690303320.00,-,269030332
LEGACYFOOT,Legacy Footwear Limited,Tannery Industries,B,2933.75,1394.00,68.10,-2.30,68.10,14.5310,"211,036",43.1450,-90.3846,69.6200,71.8560,65.2775,69.2589,69.3645,70.0088,-0.6442,-0.7154,72.5027,66.7373,102.2800,-238517.2617,69.1511,69.1564,69.2900,1.3208,0.0000,0.0000,0.0000,0.07,7.339,-,5.939,0.068,-,0.039,0.223,0.004,0.004,-,-,69.70,-1.60,691,14.5310,67.36%,31.95%,35.41%,32.64%,0.00%,0.00%,-,0.50,0.05,11.21,29 Oct 2025,20 Dec 2025,1394.00,1306.88,430799800.00,B-EQ,43079980
LHB,LafargeHolcim Bangladesh PLC.,Cement,A,60623.70,11.86,52.20,0.00,52.20,11.9980,"230,152",44.5643,-66.6667,52.2700,54.5080,52.4715,52.4273,52.4806,52.9386,-0.4580,-0.5565,54.6061,49.9339,14.3000,-494333.8454,52.3378,52.5372,52.4962,1.3039,0.0000,0.0000,0.0000,4.21,1.058,-,0.870,0.231,0.224,0.174,0.302,0.123,0.268,-,-,52.20,0.00,503,11.9980,37.34%,23.43%,13.14%,62.66%,0.00%,0.77%,-,22.00,0.00,0.00,12 Mar 2026,-,11.86,13.96,11613735000.00,A-EQ,1161373500
LIBRAINFU,Libra Infusions Limited,Pharmaceuticals & Chemicals,Z,1256.88,3754.67,557.90,-0.94,557.90,0.3790,676,33.2838,-93.1900,570.5300,599.8340,629.2765,566.4647,568.3346,578.2465,-9.9119,-10.4697,584.5174,556.5426,21.5800,-820.1891,565.2689,567.1038,568.7976,0.7898,0.0000,0.0000,0.0000,0.54,1.468,0.040,0.897,-,0.160,0.001,0.437,0.000,0.000,-,-,563.20,-5.30,64,0.3790,65.58%,4.24%,61.34%,34.42%,0.00%,0.00%,50.00,30.00,0.15,1261.00,22 Oct 2023,21 Dec 2023,3754.67,105.60,22528800.00,Z-EQ,2252880
LINDEBD,Linde Bangladesh Limited,Fuel & Power,A,10109.50,29.39,664.30,0.02,664.30,2.1980,"3,305",35.1387,-87.0504,672.9650,694.8920,729.4840,667.4877,669.3338,677.6778,-8.3440,-8.2163,689.7632,656.1668,5.0200,-4720.1413,665.3044,667.5808,670.5271,0.8503,0.0000,0.0000,0.0000,1.51,1.853,-,1.601,0.190,0.166,0.151,0.467,0.067,0.107,-,-,664.20,0.10,190,2.1980,40.00%,22.00%,18.00%,60.00%,0.00%,0.00%,-,100.00,22.60,210.31,09 Apr 2026,10 Jun 2026,29.39,25.99,152182800.00,A-EQ,15218280
LOVELLO,Taufika Foods and Lovello Ice-cream PLC.,Food & Allied,A,4682.95,29.94,47.70,-3.44,47.70,36.4240,"745,568",37.9252,-70.9677,49.4000,57.6920,68.5405,50.3418,50.5046,52.1766,-1.6720,-2.1012,56.9561,41.8439,435.4300,-1776699.4247,50.3978,50.9474,50.5238,1.1571,0.0000,0.0000,0.0000,2.31,2.497,-,1.800,0.167,0.278,0.134,0.423,0.040,0.137,-,-,49.40,-1.70,"1,631",36.4240,68.17%,11.19%,56.98%,31.83%,0.00%,0.00%,5.00,11.00,1.65,12.01,12 Oct 2025,28 Dec 2025,29.94,12.11,981750000.00,A-EQ,98175000
LRBDL,Lub-rref (Bangladesh) Limited,Fuel & Power,Z,1873.64,-,12.90,-1.53,12.90,1.7570,"135,638",38.8204,-85.7143,13.3600,14.5040,11.6555,13.1652,13.2440,13.6123,-0.3682,-0.3685,14.4031,12.3169,27.2600,-131657.6382,13.0822,13.1462,13.2710,1.7681,0.0000,0.0000,0.0000,-,0.872,-,0.689,-,-,-,0.047,-,-,-,-,13.10,-0.20,137,1.7570,64.27%,10.76%,53.51%,35.73%,0.00%,0.00%,-,-,-4.56,32.72,30 Nov 2025,28 Dec 2025,-,-,1452431440.00,Z-EQ,145243144
LRGLOBMF1,LR Global Bangladesh Mutual Fund One,Mutual Funds,A,1306.54,14.83,4.30,-2.33,4.20,1.0500,"247,527",43.7442,-87.5000,4.3900,4.4560,3.5185,4.3998,4.4073,4.3889,0.0184,0.0434,4.7895,3.9905,57.4500,-459195.2843,4.4089,4.4474,4.4338,1.2416,0.0000,0.0000,0.0000,-,-,-,-,-,-,-,-,-,-,-,-,4.30,-0.10,59,1.0500,86.43%,59.14%,27.29%,13.57%,0.00%,0.00%,-,3.00,0.29,10.47,15 Nov 2023,-,14.83,-,3110803320.00,A-MF,311080332
MAGURAPLEX,Magura Multiplex PLC.,Paper & Printing,A,2406.75,23.00,81.30,-1.81,81.30,3.7400,"45,767",42.4130,-81.3333,82.1950,86.5500,85.6140,82.5710,82.6844,83.6201,-0.9357,-1.1268,86.0625,78.3275,51.6500,-52236.6420,82.6222,82.8423,82.6381,1.6632,0.0000,0.0000,0.0000,1.35,2.971,-,2.161,0.056,0.245,0.066,0.282,0.019,0.048,-,-,82.80,-1.50,260,3.7400,54.19%,5.58%,48.61%,45.81%,0.00%,0.00%,-,11.00,3.60,74.79,02 Nov 2025,29 Dec 2025,23.00,30.44,296033780.00,A-EQ,29603378
MAKSONSPIN,Maksons Spinning Mills PLC.,Textile,Z,1167.34,-,5.20,-9.26,4.90,3.4480,"686,700",25.2719,-100.0000,5.7400,6.0840,5.7120,5.4890,5.5626,5.7670,-0.2044,-0.1392,6.2648,5.2152,24.0400,-589881.9086,5.4533,5.5205,5.6295,1.7313,0.0000,0.0000,0.0000,-,0.967,-,0.170,-,-,-,-,-,-,-,-,5.40,-0.50,284,3.4480,70.00%,6.42%,63.58%,30.00%,0.00%,0.00%,-,-,-9.42,2.84,15 Dec 2025,-,-,-,2382325380.00,Z-EQ,238232538
MALEKSPIN,Malek Spinning Mills PLC.,Textile,A,9312.16,6.79,48.10,-4.37,48.10,124.8120,"2,554,388",51.1440,-60.3448,47.5750,47.3420,34.4385,48.6311,48.4497,47.8534,0.5963,0.4785,50.4425,44.7075,412.2300,-378589.7322,48.8667,48.6385,48.1500,1.5739,0.0000,0.0000,0.0000,2.08,1.131,-,0.454,-,-,-,-,-,-,-,-,50.30,-2.20,"1,896",124.8120,52.66%,13.76%,38.90%,47.34%,0.00%,0.00%,-,10.00,7.41,60.63,27 Oct 2025,15 Dec 2025,6.79,9.34,1936000000.00,A-EQ,193600000
MARICO,Marico Bangladesh Limited,Pharmaceuticals & Chemicals,A,83815.20,12.86,2660.80,0.36,2660.80,2.5390,954,43.1111,-79.6396,2660.9350,2697.1400,2739.9780,2660.8206,2661.9595,2672.3408,-10.3813,-12.7655,2680.6658,2641.2042,1.8600,-3651.3960,2661.0778,2660.9423,2660.0681,0.3119,0.0000,0.0000,0.0000,1.88,1.990,-,1.506,-,0.435,0.362,0.595,0.427,0.784,-,-,2651.30,9.50,119,2.5390,10.00%,6.72%,2.37%,90.00%,0.00%,0.91%,-,500.00,0.00,0.00,30 Jul 2026,-,12.86,12.25,315000000.00,A-EQ,31500000
MATINSPINN,Matin Spinning Mills PLC,Textile,A,7107.02,15.23,72.90,1.82,72.90,85.7670,"1,167,333",70.3675,-11.4943,65.5350,63.5260,52.2940,68.2022,67.4086,65.4758,1.9328,1.0995,71.8112,59.2588,142.3700,875951.9075,68.8867,67.8051,66.3895,1.1395,0.0000,0.0000,0.0000,4.80,1.116,-,0.687,-,-,-,-,-,-,-,-,71.60,1.30,"2,095",85.7670,67.28%,42.73%,24.55%,32.72%,0.00%,0.00%,-,35.00,4.70,69.89,26 Oct 2025,09 Dec 2025,15.23,16.03,974900000.00,A-EQ,97490000
MBL1STMF,MBL 1st Mutual Fund,Mutual Funds,A,1050.00,24.29,10.50,2.94,10.50,34.8330,"3,307,969",60.4600,-34.4828,10.0800,8.9520,5.2000,10.4932,10.3972,9.8278,0.5695,0.6266,11.4817,8.6783,1470.5600,-4443727.3753,10.6156,10.6128,10.3714,0.8874,0.0000,0.0000,0.0000,-,-,-,-,-,-,-,-,-,-,-,-,10.20,0.30,674,34.8330,90.00%,48.54%,41.46%,10.00%,0.00%,0.00%,-,4.25,0.42,10.44,16 May 2023,-,24.29,71.50,1000000000.00,A-MF,100000000
MBPLCPBOND,Mercantile Bank Perpetual Bond,Corporate Bond,A,485.00,-,0.00,0.00,4850.00,0.0000,0,,,,,,,,,,,,,,,,,,,,,,0.02,-,-,-,-,-,-,-,-,-,-,-,4850.00,0.00,0,0.0000,0.00%,0.00%,0.00%,0.00%,0.00%,0.00%,-,10.00,0.00,0.00,19 Nov 2025,-,-,-,1000000.00,A-CB,100000
MEGCONMILK,Meghna Condensed Milk Industries Limited,Food & Allied,Z,492.80,-,30.80,0.00,30.80,0.6530,"21,201",40.2377,-85.1064,32.2400,33.8580,30.6425,31.3655,31.6235,32.6166,-0.9931,-0.8938,35.1444,29.3356,107.6200,-59407.0298,31.0467,31.3321,31.7781,0.9997,0.0000,0.0000,0.0000,-,0.193,-,0.122,-,-,-,-,-,0.526,-,-,30.80,0.00,50,0.6530,62.57%,6.75%,55.82%,37.43%,0.00%,0.00%,-,-,-10.05,-16.15,29 Oct 2025,24 Dec 2025,-,-,160000000.00,Z-EQ,16000000
MEGHNACEM,Meghna Cement Mills PLC.,Cement,Z,897.11,-,28.40,-1.73,28.40,0.1770,"6,252",42.0499,-60.6061,29.0400,30.1220,31.2750,28.9350,28.9790,29.3025,-0.3235,-0.3791,30.1110,27.9690,6.9900,-4618.6382,28.9400,28.9500,28.9595,0.8149,0.0000,0.0000,0.0000,-,0.774,-,0.546,-,-,-,0.047,-,21.524,-,-,28.90,-0.50,25,0.1770,58.10%,34.51%,23.59%,41.90%,0.00%,0.00%,-,-,-36.58,-1.70,29 Oct 2025,22 Dec 2025,-,-,315885290.00,Z-EQ,31588529
MEGHNAINS,Meghna Insurance PLC.,Insurance,A,1336.00,25.63,33.40,-3.47,33.40,5.9540,"175,084",36.0273,-94.4444,35.0600,37.1860,32.3025,35.0338,35.1664,35.7218,-0.5554,-0.5254,37.0782,33.0418,307.4600,-477812.9307,35.0733,35.2551,35.1762,1.4967,0.0000,0.0000,0.0000,2.99,-,-,-,-,-,-,-,-,-,-,-,34.60,-1.20,333,5.9540,79.68%,13.20%,66.48%,20.32%,0.00%,0.00%,-,10.00,1.35,14.29,28 Apr 2026,23 Jun 2026,25.63,19.66,400000000.00,A-EQ,40000000
MEGHNALIFE,Meghna Life Insurance PLC,Insurance,A,2137.22,-,50.40,-0.79,50.40,1.8760,"37,040",38.1841,-93.4783,51.5950,55.5000,55.3185,51.3831,51.5535,52.7044,-1.1510,-1.3185,53.8386,49.3514,43.1600,-67375.7442,51.4022,51.4936,51.4900,1.4153,0.0000,0.0000,0.0000,2.98,-,-,-,-,-,-,-,-,-,-,-,50.80,-0.40,147,1.8760,69.89%,22.10%,47.79%,30.11%,0.00%,0.00%,-,15.00,0.00,0.00,29 Jun 2026,20 Aug 2026,-,-,424052180.00,A-EQ,42405218
MEGHNAPET,Meghna Pet Industries Limited,Food & Allied,Z,888.00,-,74.00,0.54,74.00,1.7280,"23,156",47.7773,-54.8223,72.4100,77.6280,51.6825,75.4154,75.2528,75.2229,0.0299,-0.3132,86.6889,58.1311,239.8400,-196488.9374,75.7889,76.3949,75.0905,1.1880,0.0000,0.0000,0.0000,-,2.775,-,1.426,-,-,-,-,-,-,-,-,73.60,0.40,164,1.7280,56.45%,6.35%,50.10%,43.55%,0.00%,0.00%,-,-,-2.75,70.43,29 Oct 2025,24 Dec 2025,-,-,120000000.00,Z-EQ,12000000
MERCANBANK,Mercantile Bank PLC.,Bank,Z,6860.77,5.64,6.20,0.00,6.20,0.8040,"130,663",32.6598,-85.7143,6.5150,6.9220,7.6505,6.3274,6.3761,6.5779,-0.2017,-0.1897,6.9612,6.0688,7.6200,-234506.1904,6.2822,6.3103,6.4067,1.1258,0.0000,0.0000,0.0000,-,-,-,-,-,0.419,0.087,-,0.003,0.045,0.003,-,6.20,0.00,66,0.8040,66.38%,27.95%,37.79%,33.62%,0.00%,0.64%,-,-,1.10,24.35,03 May 2026,24 Jun 2026,5.64,14.09,11065754350.00,Z-EQ,1106575435
MERCINS,Mercantile Islami Insurance PLC,Insurance,A,2115.98,30.67,49.10,-2.96,49.10,32.7950,"656,776",52.3237,-70.9677,49.4750,45.9180,33.2175,50.2906,50.0544,48.4747,1.5797,1.8043,53.8481,45.1019,889.2300,-219330.3537,50.7222,50.6949,50.2781,1.0462,0.0000,0.0000,0.0000,2.04,-,-,-,-,-,-,-,-,-,-,-,50.60,-1.50,919,32.7950,66.57%,29.51%,37.06%,33.43%,0.00%,0.00%,-,10.00,1.65,21.70,03 May 2026,30 Jun 2026,30.67,57.50,430953600.00,A-EQ,43095360
METROSPIN,Metro Spinning Limited,Textile,Z,598.47,-,9.80,-2.02,9.70,1.5530,"158,764",46.9447,-66.6667,9.7700,9.9420,9.1325,9.7576,9.7726,9.8507,-0.0781,-0.0819,10.2688,9.2712,27.3100,-39081.8263,9.7467,9.7397,9.7371,1.7471,0.0000,0.0000,0.0000,-,1.034,-,1.014,-,-,-,-,-,-,-,-,9.90,-0.20,141,1.5530,69.91%,14.73%,55.18%,30.09%,0.00%,0.00%,-,-,-1.98,3.96,12 Nov 2025,29 Dec 2025,-,-,616982750.00,Z-EQ,61698275
MHSML,Mozaffar Hossain Spinning Mills Limited,Textile,B,1928.97,27.64,19.10,-4.02,19.10,8.7390,"450,516",38.8816,-88.8889,19.9850,21.1040,19.4360,19.8094,19.8921,20.2573,-0.3651,-0.3553,21.2098,18.7602,188.6400,-468800.5475,19.7289,19.8321,19.9686,1.3857,0.0000,0.0000,0.0000,1.57,1.411,-,0.666,-,-,-,-,-,-,-,-,19.90,-0.80,377,8.7390,60.39%,17.76%,42.55%,39.61%,0.00%,0.08%,-,3.00,0.72,20.41,28 Oct 2025,30 Dec 2025,27.64,18.43,1009933740.00,B-EQ,100993374
MIDASFIN,MIDAS Financing PLC.,Financial Institutions,Z,647.52,-,4.50,-2.17,4.50,0.0680,"15,149",36.1350,-75.0000,4.7300,5.3940,5.5915,4.6499,4.6815,4.9015,-0.2201,-0.2544,5.2117,4.2483,15.4600,-41825.1358,4.6511,4.6321,4.6524,1.8175,0.0000,0.0000,0.0000,-,-,-,-,-,1.489,7.633,-,-,-,-,-,4.60,-0.10,15,0.0680,61.64%,26.25%,34.98%,38.36%,0.00%,0.41%,-,-,-23.40,-18.66,11 Aug 2026,24 Sep 2026,-,-,1438925070.00,Z-EQ,143892507
MIDLANDBNK,Midland Bank PLC.,Bank,B,11197.32,13.28,16.50,-0.60,16.50,5.1360,"310,683",40.8747,-81.2500,16.7200,17.4780,16.8675,16.7496,16.7756,16.9321,-0.1565,-0.1731,17.3410,16.0990,30.4200,-894160.7547,16.7400,16.7897,16.7786,1.0354,0.0000,0.0000,0.0000,1.82,-,-,-,-,0.599,0.182,-,0.006,0.079,0.007,-,16.60,-0.10,263,5.1360,19.40%,3.36%,16.04%,80.60%,0.00%,0.00%,3.00,3.00,1.25,15.90,29 Apr 2026,24 Jun 2026,13.28,19.76,6786256400.00,B-EQ,678625640
MIRACLEIND,Miracle Industries Limited,Miscellaneous,Z,873.41,-,24.80,-2.36,24.80,2.2260,"88,644",25.8988,-100.0000,26.6450,28.2880,28.9325,26.0407,26.2400,26.9480,-0.7080,-0.6034,28.0237,25.2663,54.3800,-108137.7387,25.9444,26.1231,26.3843,1.4060,0.0000,0.0000,0.0000,-,0.256,-,0.234,-,-,-,-,-,-,-,-,25.40,-0.60,236,2.2260,69.74%,4.89%,64.65%,30.26%,0.00%,0.20%,-,-,-2.30,11.32,29 Oct 2025,23 Dec 2025,-,-,352180550.00,Z-EQ,35218055
MIRAKHTER,Mir Akhter Hossain Limited,Engineering,A,3864.69,19.24,32.00,-3.32,32.00,4.2960,"132,092",37.7559,-82.4561,33.4950,36.6460,34.3885,33.6553,33.7782,34.4950,-0.7168,-0.7843,36.6066,30.3834,60.1300,-218978.1275,33.7022,33.9410,33.8257,1.5452,0.0000,0.0000,0.0000,3.28,1.160,2.507,0.309,-,0.205,0.160,0.324,0.008,0.033,-,-,33.10,-1.10,247,4.2960,51.42%,7.10%,44.32%,48.58%,0.00%,0.00%,-,10.50,1.72,51.51,28 Oct 2025,22 Dec 2025,19.24,37.61,1207715470.00,A-EQ,120771547
MITHUNKNIT,Mithun Knitting and Dyeing Limited,Textile,Z,428.88,-,13.30,0.00,13.20,0.2950,"22,311",37.2915,-92.8571,13.4950,14.1240,14.8820,13.3535,13.4075,13.6632,-0.2558,-0.2578,13.8869,13.1031,31.5200,-69556.6234,13.3156,13.3603,13.4238,1.0912,0.0000,0.0000,0.0000,-,1.648,-,1.648,-,-,-,-,-,-,-,-,13.20,0.00,46,0.2950,83.23%,10.05%,71.88%,16.77%,0.00%,1.30%,-,-,0.00,0.00,29 Sep 2025,12 Nov 2025,-,-,324911620.00,Z-EQ,32491162
MJLBD,MJL Bangladesh PLC.,Fuel & Power,A,28476.01,7.89,89.90,0.33,89.90,1.7830,"19,879",43.6541,-72.4138,90.2850,91.5940,90.9355,90.0081,90.1147,90.6002,-0.4856,-0.4801,91.6247,88.9453,2.0000,-30993.6858,89.8533,90.0154,90.2124,0.8381,0.0000,0.0000,0.0000,5.78,0.614,-,0.445,0.118,0.179,0.086,0.162,0.075,0.188,-,-,89.60,0.30,146,1.7830,28.48%,22.90%,5.56%,71.52%,0.00%,0.02%,-,52.00,11.36,54.06,28 Oct 2025,22 Dec 2025,7.89,11.37,3167520270.00,A-EQ,316752027
MLDYEING,M.L. Dyeing Limited,Textile,B,2417.31,535.00,10.40,-2.80,10.40,19.9780,"1,882,048",30.6762,-95.2381,11.4200,13.8940,10.4835,11.1289,11.2630,11.9198,-0.6568,-0.6716,12.4032,10.4368,464.8200,-4905565.3213,11.0578,11.1885,11.3124,1.6257,0.0000,0.0000,0.0000,0.48,2.557,-,1.476,-,-,-,-,-,-,-,-,10.70,-0.30,915,19.9780,69.43%,8.96%,60.47%,30.57%,0.00%,0.00%,-,0.50,0.02,13.30,28 Oct 2025,21 Dec 2025,535.00,-,2324340900.00,B-EQ,232434090
MONNOAGML,Monno Agro & General Machinery Limited,Engineering,B,1313.04,301.70,298.40,-1.09,298.40,1.7370,"5,816",33.9568,-87.5371,306.6550,326.2280,343.6500,304.9357,306.0824,312.3107,-6.2283,-6.6410,316.7015,296.6085,45.6100,-11311.9483,304.4778,305.5449,306.2471,1.3212,0.0000,0.0000,0.0000,0.17,1.376,-,0.985,-,0.067,0.039,0.185,0.008,0.009,-,-,301.70,-3.30,138,1.7370,70.00%,8.74%,61.21%,30.00%,0.00%,0.05%,-,5.00,1.00,110.86,19 Oct 2025,11 Dec 2025,301.70,1331.03,44002560.00,B-EQ,4400256
MONNOCERA,Monno Ceramic Industries Limited,Ceramics Sector,B,3070.76,376.82,81.40,-1.81,81.40,11.5500,"141,037",42.2890,-77.5510,82.7650,87.2060,87.5940,83.4543,83.5057,84.3083,-0.8026,-1.0676,87.4448,78.0852,173.1300,-225648.1356,83.6778,83.8205,83.4381,1.4620,0.0000,0.0000,0.0000,0.25,-,10.344,-,-,-,-,0.240,-,-,-,-,82.90,-1.50,570,11.5500,69.46%,10.21%,59.12%,30.54%,0.00%,0.13%,-,2.00,0.22,80.14,25 Sep 2025,11 Dec 2025,376.82,259.06,377243170.00,B-EQ,37724317
MONNOFABR,Monno Fabrics Limited,Textile,B,2116.00,480.00,18.40,-4.17,18.40,11.0930,"593,175",35.7319,-96.1538,19.5700,21.3940,21.9475,19.3459,19.4642,20.0588,-0.5946,-0.6147,20.9634,18.1766,214.4300,-952123.0854,19.3422,19.4167,19.4486,1.7020,0.0000,0.0000,0.0000,0.14,1.615,-,1.446,-,-,-,-,-,-,-,-,19.20,-0.80,600,11.0930,69.10%,5.78%,61.53%,30.90%,0.00%,1.79%,-,0.25,0.04,25.39,26 Oct 2025,14 Dec 2025,480.00,1440.00,1150000000.00,B-EQ,115000000
MONOSPOOL,Monospool Bangladesh PLC,Paper & Printing,A,4071.13,27.74,103.80,-0.48,103.80,9.9650,"95,475",42.8588,-79.0909,105.0150,110.0620,103.5145,105.2194,105.3803,106.4887,-1.1084,-1.2767,110.2502,99.7798,123.2600,-186359.7326,105.3022,105.6244,105.3705,1.6462,0.0000,0.0000,0.0000,0.48,1.484,-,0.975,0.091,0.242,0.073,0.276,0.019,0.084,-,-,104.30,-0.50,515,9.9650,61.21%,3.15%,58.06%,38.79%,0.00%,0.00%,15.00,5.00,3.76,45.05,02 Nov 2025,29 Dec 2025,27.74,25.32,392208660.00,A-EQ,39220866
MPETROLEUM,Meghna Petroleum PLC,Fuel & Power,A,22205.95,3.33,205.80,0.49,205.20,2.4570,"12,015",42.5816,-66.6667,205.6300,209.0080,204.2095,205.3986,205.4975,206.3947,-0.8972,-1.1022,207.0709,204.1891,6.4800,-19966.4675,205.3733,205.3372,205.4867,0.3486,0.0000,0.0000,0.0000,9.75,1.200,-,0.992,2.630,0.673,2.087,1.000,0.060,0.220,-,-,204.20,1.00,276,2.4570,41.33%,33.33%,7.90%,0.00%,58.67%,0.10%,-,200.00,61.39,278.51,10 Nov 2025,24 Jan 2026,3.33,3.69,1082161080.00,A-EQ,108216108
MTB,Mutual Trust Bank PLC.,Bank,A,16230.13,4.27,13.30,0.00,13.40,1.2290,"91,868",52.9848,-38.4615,13.1950,13.3120,13.0715,13.4255,13.3968,13.3227,0.0742,0.0460,14.0170,12.3730,8.7800,79489.4358,13.4711,13.4859,13.3548,0.9293,0.0000,0.0000,0.0000,-,-,-,-,-,0.462,0.151,-,0.007,0.112,0.007,-,13.40,0.00,52,1.2290,66.82%,31.04%,35.78%,33.18%,0.00%,0.00%,12.00,-,3.14,28.11,30 Apr 2026,16 Jul 2026,4.27,6.77,12112035260.00,A-EQ,1211203526
MTBPBOND,Mutual Trust Bank Perpetual Bond,Corporate Bond,A,4000.00,-,0.00,0.00,1000000.00,0.0000,0,,,,,,,,,,,,,,,,,,,,,,-,-,-,-,-,-,-,-,-,-,-,-,1000000.00,0.00,0,0.0000,0.00%,0.00%,0.00%,0.00%,0.00%,0.00%,-,10.00,0.00,0.00,01 Dec 2025,-,-,-,40000.00,A-CB,4000
NAHEEACP,Nahee Aluminum Composite Panel PLC,Engineering,B,2399.44,-,35.10,-0.85,35.10,13.4310,"383,882",52.5347,-36.0000,34.2200,34.6880,27.3190,35.0165,34.8463,34.5407,0.3055,0.0755,37.0295,31.4105,192.5600,702401.1546,35.1600,34.9910,34.6357,1.5226,0.0000,0.0000,0.0000,0.28,7.608,0.112,5.160,-,0.126,-,0.191,-,-,-,-,35.40,-0.30,446,13.4310,67.71%,22.20%,45.51%,32.29%,0.00%,0.00%,-,1.00,-7.18,11.91,28 Oct 2025,18 Dec 2025,-,156.18,683601600.00,B-EQ,68360160
NATLIFEINS,National Life Insurance PLC,Insurance,A,9984.02,24.97,92.00,-0.43,92.00,1.5860,"17,215",41.0841,-74.6269,93.2850,97.6560,99.1570,93.0261,93.2520,94.5699,-1.3178,-1.4420,97.2220,89.3480,3.3900,-21445.5004,92.9244,93.2051,93.2514,1.0454,0.0000,0.0000,0.0000,4.02,-,-,-,-,-,-,-,-,-,-,-,92.40,-0.40,122,1.5860,38.89%,16.26%,22.63%,61.11%,0.00%,0.00%,-,37.00,3.70,59.87,13 May 2026,30 Jun 2026,24.97,23.63,1085219810.00,A-EQ,108521981
NAVANACNG,Navana CNG Limited,Engineering,Z,1458.17,194.00,19.30,-0.52,19.30,0.2910,"15,054",37.6021,-92.3077,19.7200,20.9980,21.0590,19.6152,19.6765,20.0516,-0.3751,-0.4169,20.5500,18.8900,7.3800,-16310.6148,19.6133,19.6590,19.6562,1.2954,0.0000,0.0000,0.0000,5.18,2.226,4.010,1.346,-,-,0.002,0.179,0.001,0.003,-,-,19.40,-0.10,35,0.2910,57.51%,25.78%,31.73%,42.49%,0.00%,0.00%,-,10.00,0.10,30.79,28 Oct 2025,29 Dec 2025,194.00,1455.00,755527720.00,Z-EQ,75552772
NAVANAPHAR,Navana Pharmaceuticals PLC.,Pharmaceuticals & Chemicals,A,6563.13,13.68,61.10,-1.61,61.10,16.1190,"261,077",37.3686,-96.3636,63.2350,66.3400,62.1370,62.8130,63.0289,64.0949,-1.0660,-1.0937,66.7464,59.7236,90.3100,-381538.4742,62.7378,62.9949,63.0348,1.5912,0.0000,0.0000,0.0000,2.29,0.857,0.018,0.601,-,0.167,0.055,0.442,0.043,0.100,-,-,62.10,-1.00,634,16.1190,68.36%,10.60%,38.13%,31.64%,0.00%,19.63%,-,14.00,4.54,45.29,29 Oct 2025,31 Dec 2025,13.68,10.15,1074162170.00,A-EQ,107416217
NBL,National Bank PLC,Bank,Z,10303.17,-,3.20,0.00,3.20,0.9630,"300,739",38.5985,-100.0000,3.3400,3.5280,3.8890,3.2873,3.3057,3.3823,-0.0767,-0.0724,3.5165,3.1635,4.9000,-698189.1405,3.2689,3.2872,3.3205,1.0593,0.0000,0.0000,0.0000,-,-,-,-,-,1.537,1.164,-,-,1.025,-,-,3.20,0.00,92,0.9630,82.60%,38.48%,43.61%,17.40%,0.00%,0.51%,-,-,-7.55,-7.37,03 May 2026,13 Aug 2026,-,-,32197395700.00,Z-EQ,3219739570
NCCBANK,National Credit and Commerce Bank PLC,Bank,A,16283.24,3.31,14.10,-0.70,14.10,16.5340,"1,166,616",31.6222,-100.0000,14.3700,14.9120,14.1980,14.2764,14.3162,14.5193,-0.2031,-0.2113,14.7140,14.0260,44.7800,-1157341.5383,14.2511,14.2833,14.3190,0.9774,0.0000,0.0000,0.0000,12.06,-,-,-,-,0.652,0.234,-,0.012,0.158,0.013,-,14.20,-0.10,440,16.5340,57.90%,21.24%,36.63%,42.10%,0.00%,0.03%,4.00,17.00,4.29,27.20,28 Apr 2026,24 Jun 2026,3.31,3.41,11548400180.00,A-EQ,1154840018
NCCBLMF1,NCCBL MUTUAL FUND-1,Mutual Funds,A,683.57,10.49,6.30,-1.56,6.30,1.3600,"212,085",42.1441,-90.9091,6.7000,6.7240,4.9350,6.6254,6.6499,6.6358,0.0140,0.0743,7.1942,6.2058,114.9300,-496933.0056,6.6244,6.6782,6.7148,1.0391,0.0000,0.0000,0.0000,-,-,-,-,-,-,-,-,-,-,-,-,6.40,-0.10,90,1.3600,85.00%,66.36%,18.64%,15.00%,0.00%,0.00%,-,4.50,0.61,10.97,15 Feb 2024,-,10.49,-,1085034010.00,A-MF,108503401
NEWLINE,New Line Clothings Limited,Textile,Z,400.52,3.25,5.10,-3.77,5.10,0.3000,"58,318",35.0845,-87.5000,5.3900,6.0200,5.2940,5.2880,5.3287,5.5241,-0.1954,-0.1980,5.7448,5.0352,39.3200,-99645.4348,5.2511,5.2872,5.3400,0.9476,0.0000,0.0000,0.0000,24.02,2.989,-,1.866,-,-,-,-,-,-,-,-,5.30,-0.20,46,0.3000,69.39%,18.33%,51.06%,30.61%,0.00%,0.00%,-,12.25,1.63,24.02,31 Oct 2021,27 Jan 2022,3.25,2.48,785326500.00,Z-EQ,78532650
NFML,National Feed Mill Limited,Miscellaneous,B,1316.39,490.00,14.10,-4.08,14.10,5.9270,"413,972",31.1818,-96.5517,15.3050,17.3820,16.3910,15.0452,15.1785,15.8271,-0.6486,-0.6611,16.7273,13.8827,187.0800,-617687.3919,14.9844,15.1641,15.2371,1.3327,0.0000,0.0000,0.0000,0.07,4.356,-,2.722,-,0.118,0.017,0.181,0.001,0.002,-,-,14.70,-0.60,394,5.9270,69.60%,5.67%,63.93%,30.40%,0.00%,0.00%,-,0.10,0.03,11.09,10 Feb 2026,01 Mar 2026,490.00,-,933613240.00,B-EQ,93361324
NHFIL,National Housing Finance PLC,Financial Institutions,A,3295.60,35.00,26.00,-1.16,25.60,4.8630,"189,617",36.8388,-89.4737,26.3600,27.8140,25.6920,26.1419,26.2378,26.7105,-0.4727,-0.4844,27.3827,25.3373,43.2200,-259354.2240,26.0911,26.2077,26.2810,1.9198,0.0000,0.0000,0.0000,3.91,-,-,-,-,0.550,0.192,-,-,-,-,0.070,25.90,-0.30,209,4.8630,45.53%,14.19%,31.34%,45.13%,9.34%,0.00%,-,10.00,0.74,17.06,24 Jun 2026,15 Sep 2026,35.00,30.12,1287343200.00,A-EQ,128734320
NITOLINS,Nitol Insurance PLC,Insurance,A,2359.99,29.64,55.90,-2.27,55.90,30.3480,"539,009",52.9274,-69.0476,57.1250,49.9180,35.3000,57.6686,57.4443,55.1896,2.2547,2.8230,60.5339,53.7161,760.9200,596365.4045,57.9689,58.0333,57.6933,1.0857,0.0000,0.0000,0.0000,1.79,-,-,-,-,-,-,-,-,-,-,-,57.20,-1.30,"1,027",30.3480,65.00%,18.64%,46.36%,35.00%,0.00%,0.00%,-,10.00,1.93,31.30,01 Apr 2026,12 Jul 2026,29.64,36.20,422180200.00,A-EQ,42218020
NORTHERN,Northern Jute Manufacturing Company Limited,Jute,Z,203.49,8.69,94.50,-3.55,95.00,0.1880,"1,964",38.2380,-74.7664,97.4850,105.4520,105.9140,97.3505,97.5582,99.7384,-2.1802,-2.7500,102.4072,92.5628,24.2400,148.3290,97.3956,97.3244,97.1381,1.1085,0.0000,0.0000,0.0000,0.53,0.695,-,0.392,0.056,0.051,0.044,0.261,0.026,0.139,-,-,98.50,-3.50,28,0.1880,84.91%,0.00%,84.91%,15.09%,0.00%,0.00%,-,5.00,11.33,81.66,29 Oct 2020,27 Dec 2020,8.69,-,21420000.00,Z-EQ,2142000
NORTHRNINS,Northern Islami Insurance PLC.,Insurance,A,1576.70,21.49,35.10,-2.49,35.20,2.3980,"67,485",37.1385,-94.2857,36.6850,38.4960,34.3630,36.5490,36.6737,37.2536,-0.5799,-0.5790,38.4754,34.8946,80.4100,-121662.6551,36.5733,36.7000,36.6638,1.1428,0.0000,0.0000,0.0000,1.42,-,-,-,-,-,-,-,-,-,-,-,36.10,-0.90,158,2.3980,69.18%,28.17%,41.01%,30.82%,0.00%,0.00%,5.00,5.00,1.68,25.48,13 May 2026,29 Aug 2026,21.49,20.28,447925920.00,A-EQ,44792592
NPOLYMER,National Polymer Industries PLC,Engineering,B,2226.00,450.00,30.50,-3.17,30.50,7.2830,"235,877",41.3308,-97.7778,31.5800,33.1460,30.2630,31.8754,31.8798,32.0669,-0.1871,-0.2655,33.4080,29.7520,94.6200,-282477.4599,32.0689,32.0333,31.8210,1.4462,0.0000,0.0000,0.0000,1.64,1.056,0.661,0.687,-,0.082,0.001,0.140,0.001,0.002,-,-,31.50,-1.00,465,7.2830,67.78%,13.20%,54.58%,32.22%,0.00%,0.00%,-,5.00,0.07,29.65,26 Oct 2025,31 Dec 2025,450.00,94.50,729836680.00,B-EQ,72983668
NRBBANK,NRB Bank PLC.,Bank,Z,4626.93,60.91,6.70,0.00,6.70,0.8700,"129,834",55.8918,-25.0000,6.5650,6.6660,6.5020,6.6353,6.6238,6.6056,0.0182,0.0015,6.7626,6.3674,6.9300,-56927.4193,6.6400,6.6269,6.6019,1.1200,0.0000,0.0000,0.0000,-,-,-,-,-,0.230,0.042,-,0.001,0.015,0.001,-,6.70,0.00,50,0.8700,44.01%,2.91%,41.10%,55.99%,0.00%,0.00%,-,-,0.20,12.89,03 May 2026,20 Aug 2026,60.91,25.77,6905872000.00,Z-EQ,690587200
NRBCBANK,NRBC Bank PLC.,Bank,Z,7540.71,56.88,9.10,0.00,9.10,0.2340,"25,647",50.8081,-60.0000,9.0850,9.0680,7.2375,9.1780,9.1589,9.0812,0.0777,0.0722,9.3913,8.7787,8.3500,23561.0621,9.2111,9.1885,9.1405,1.2140,0.0000,0.0000,0.0000,-,-,-,-,-,0.439,0.013,-,0.001,0.010,0.001,-,9.10,0.00,46,0.2340,40.94%,4.15%,36.79%,59.06%,0.00%,0.00%,-,-,0.16,16.74,03 May 2026,25 Jun 2026,56.88,7.47,8286495340.00,Z-EQ,828649534
NTC,National Tea Company Limited,Food & Allied,Z,4522.00,-,152.00,-1.17,152.00,0.2570,"1,690",42.9375,-77.7778,153.5250,160.0360,162.3495,153.7561,153.8723,155.3096,-1.4373,-1.8586,158.5975,148.4525,1.8500,-3139.0979,153.7689,153.8910,153.7133,1.0008,0.0000,0.0000,0.0000,-,0.236,-,0.081,-,-,-,-,-,0.691,-,-,153.80,-1.80,28,0.2570,55.35%,31.49%,23.86%,39.43%,5.22%,0.00%,-,-,0.00,0.00,-,-,-,-,297500000.00,Z-EQ,29750000
NTLTUBES,National Tubes Limited,Engineering,B,2082.34,35.06,59.80,-0.83,59.80,2.0630,"34,299",38.6022,-100.0000,61.1150,64.9280,63.1010,60.6758,60.8861,62.1291,-1.2430,-1.3662,63.5904,58.6396,35.9200,-60997.9184,60.5644,60.6974,60.8495,1.1416,0.0000,0.0000,0.0000,0.17,1.788,0.012,0.892,-,0.251,0.123,0.385,0.009,0.013,-,-,60.30,-0.50,176,2.0630,48.95%,6.01%,42.94%,0.05%,51.00%,0.00%,-,1.00,1.72,137.61,09 Nov 2025,20 Dec 2025,35.06,-,348218030.00,B-EQ,34821803
NURANI,Nurani Dyeing & Sweater Limited,Textile,Z,343.35,-,2.90,-6.67,2.80,0.5330,"181,966",41.6992,-100.0000,2.9400,3.1660,2.8585,2.8953,2.9140,2.9986,-0.0845,-0.0832,3.1389,2.7411,71.0700,-232303.4503,2.8800,2.8974,2.9162,1.2527,0.0000,0.0000,0.0000,-,3.400,-,1.821,-,-,-,-,-,-,-,-,3.00,-0.20,64,0.5330,69.07%,17.28%,51.79%,30.93%,0.00%,0.00%,10.00,-,-0.41,11.23,28 Oct 2020,24 Dec 2020,-,-,1226250300.00,Z-EQ,122625030
OAL,Olympic Accessories Limited,Engineering,Z,983.26,-,5.80,1.75,5.80,0.2120,"36,916",30.3863,-75.0000,6.1650,6.5480,6.1875,5.9449,6.0049,6.2163,-0.2114,-0.1791,6.6729,5.6571,23.2700,-190985.4802,5.8911,5.9449,6.0429,1.7059,0.0000,0.0000,0.0000,-,2.807,0.180,2.584,-,-,-,-,-,-,-,-,5.70,0.10,40,0.2120,74.19%,15.38%,58.81%,25.81%,0.00%,0.00%,-,-,-0.75,9.50,28 Oct 2025,24 Dec 2025,-,-,1695269820.00,Z-EQ,169526982
OIMEX,Oimex Electrode Limited,Engineering,Z,964.72,17.18,13.20,-1.49,13.20,0.6650,"49,884",35.8839,-100.0000,13.8700,15.0760,14.4295,13.6781,13.7702,14.1919,-0.4217,-0.4179,14.6936,13.0464,22.0600,-111203.6917,13.6467,13.7308,13.7900,1.3767,0.0000,0.0000,0.0000,-,0.959,-,0.550,-,0.040,0.000,0.064,0.000,0.008,-,-,13.40,-0.20,97,0.6650,64.24%,19.22%,45.02%,35.76%,0.00%,0.00%,-,-,0.03,3.27,05 Nov 2025,30 Dec 2025,17.18,67.00,730847810.00,Z-EQ,73084781
OLYMPIC,Olympic Industries PLC,Food & Allied,A,28471.30,14.19,142.90,-0.28,142.40,3.1890,"22,364",39.0783,-76.6667,143.2200,146.9800,147.0555,142.9007,143.0682,144.1971,-1.1289,-1.2925,145.1202,141.3198,5.6200,-57339.6598,142.7289,142.8910,143.1186,1.0869,0.0000,0.0000,0.0000,2.11,2.636,-,2.042,0.097,0.083,0.072,0.239,0.124,0.161,-,-,142.80,-0.40,263,3.1890,62.62%,22.81%,12.48%,37.38%,0.00%,27.33%,-,30.00,10.06,62.35,28 Oct 2025,11 Dec 2025,14.19,14.45,1999388860.00,A-EQ,199938886
ONEBANKPLC,One Bank PLC.,Bank,Z,7567.34,26.43,7.10,-4.05,7.10,0.8310,"115,986",29.4913,-72.7273,7.5600,7.7980,7.5640,7.4526,7.4920,7.6073,-0.1154,-0.0833,7.8671,7.2529,4.8700,-242371.8648,7.4400,7.4821,7.5290,1.2669,0.0000,0.0000,0.0000,-,-,-,-,-,0.400,0.025,-,0.001,0.012,0.001,-,7.40,-0.30,121,0.8310,69.79%,43.23%,26.54%,30.21%,0.00%,0.02%,-,-,0.28,22.46,03 May 2026,13 Aug 2026,26.43,4.74,10658218870.00,Z-EQ,1065821887
ORIONINFU,Orion Infusion Limited,Pharmaceuticals & Chemicals,A,4707.18,141.74,231.20,-5.17,231.20,94.2160,"399,815",45.9252,-54.8581,230.9250,241.7340,314.3045,250.7597,248.7317,242.0055,6.7262,5.4378,311.7061,150.1439,520.0500,-377279.2438,256.1800,258.6936,247.2557,1.5322,0.0000,0.0000,0.0000,0.87,0.943,0.028,0.681,-,0.130,0.053,0.420,0.041,0.107,-,-,243.80,-12.60,"4,936",94.2160,59.39%,11.31%,48.02%,40.61%,0.00%,0.06%,-,20.00,1.72,16.02,10 Nov 2025,23 Dec 2025,141.74,128.77,203597600.00,A-EQ,20359760
ORIONPHARM,Orion Pharma Limited,Pharmaceuticals & Chemicals,Z,6364.80,-,27.20,-3.89,27.20,8.6510,"313,105",49.6192,-65.9341,26.6250,27.2660,27.9065,28.0501,27.8261,27.2794,0.5466,0.3118,30.9135,22.3365,57.9600,-543120.9400,28.6156,28.3987,27.5186,1.7144,0.0000,0.0000,0.0000,-,2.072,1.164,1.894,-,0.014,-,0.339,-,-,-,-,28.30,-1.10,446,8.6510,68.02%,21.44%,46.43%,31.98%,0.00%,0.15%,-,-,-1.77,86.09,12 Nov 2025,23 Dec 2025,-,-,2340000000.00,Z-EQ,234000000
PADMALIFE,Padma Islami Life Insurance Limited,Insurance,Z,602.64,-,15.80,-1.27,15.50,0.0910,"5,826",37.9063,-95.6522,15.7850,16.7600,17.2410,15.7175,15.7635,16.0634,-0.2999,-0.3399,16.3981,15.1719,11.8300,-28963.3458,15.7000,15.7462,15.7519,1.4114,0.0000,0.0000,0.0000,-,-,-,-,-,-,-,-,-,-,-,-,15.70,-0.20,42,0.0910,68.44%,17.68%,50.76%,31.56%,0.00%,0.00%,-,-,0.00,0.00,15 Jul 2026,17 Sep 2026,-,-,388800000.00,Z-EQ,38880000
PADMAOIL,Padma Oil PLC,Fuel & Power,A,19047.33,3.41,193.90,-0.82,193.90,1.5980,"8,230",46.2422,-63.8889,194.3300,196.3700,183.0200,195.2505,195.1201,195.0446,0.0755,-0.1753,197.7673,190.8927,4.9700,1281.1411,195.5133,195.3872,194.9386,0.5386,0.0000,0.0000,0.0000,8.25,1.171,-,0.977,2.203,0.532,1.762,0.962,0.044,0.208,-,-,195.50,-1.60,143,1.5980,47.59%,32.85%,14.72%,2.06%,50.35%,0.02%,-,160.00,57.30,274.86,06 Nov 2025,03 Jan 2026,3.41,3.33,982327500.00,A-EQ,98232750
PARAMOUNT,Paramount Insurance PLC,Insurance,A,2504.96,28.36,61.60,-0.81,61.60,17.1030,"275,471",48.5782,-56.6929,61.1300,61.9000,55.2845,63.0856,62.8755,62.0819,0.7936,0.7056,68.8225,53.4375,273.7900,-472494.4794,63.6800,63.8538,62.6857,1.4660,0.0000,0.0000,0.0000,1.62,-,-,-,-,-,-,-,-,-,-,-,62.10,-0.50,611,17.1030,51.52%,18.31%,33.16%,48.48%,0.00%,0.05%,-,10.00,2.19,28.16,11 Mar 2026,18 May 2026,28.36,14.18,406649660.00,A-EQ,40664966
PBLPBOND,Pubali Bank Perpetual Bond,Corporate Bond,A,490.00,-,0.00,0.00,4900.00,0.0000,0,57.7812,-20.0000,4707.3000,4698.4000,0.0000,4811.4844,4783.4241,4730.5248,52.8993,16.1704,5000.3943,4414.2057,0.4200,2.0137,4940.5333,4903.9231,4804.2381,-0.0694,0.0000,0.0000,0.0000,0.02,-,-,-,-,-,-,-,-,-,-,-,4900.00,0.00,0,0.0000,100.00%,99.39%,0.61%,0.00%,0.00%,0.00%,-,-,0.00,0.00,-,-,-,-,1000000.00,A-CB,100000
PDL,Pacific Denims Limited,Textile,Z,991.17,45.83,5.40,-1.82,5.40,1.4460,"266,916",44.4819,-66.6667,5.4500,5.6200,5.2010,5.4823,5.4832,5.5097,-0.0264,-0.0368,5.6500,5.2500,37.4100,-555103.4497,5.5022,5.4949,5.4710,1.5207,0.0000,0.0000,0.0000,1.85,3.648,-,2.501,-,-,-,-,-,-,-,-,5.50,-0.10,108,1.4460,69.88%,9.42%,60.45%,30.12%,0.00%,0.01%,-,1.00,0.12,13.58,29 Oct 2023,31 Dec 2023,45.83,206.25,1835501430.00,Z-EQ,183550143
PENINSULA,The Peninsula Chittagong PLC.,Travel & Leisure,B,2147.87,313.33,18.10,-3.72,18.10,4.2480,"230,781",29.8374,-92.5000,20.3500,22.1220,21.4075,19.5828,19.8189,20.6228,-0.8039,-0.6638,22.0489,18.6511,59.0700,-368335.5810,19.4533,19.7051,20.0357,1.4935,0.0000,0.0000,0.0000,0.28,1.341,0.093,1.256,0.080,0.072,0.020,0.265,0.001,0.002,-,-,18.80,-0.70,299,4.2480,43.14%,6.94%,36.12%,56.86%,0.00%,0.08%,-,0.50,0.06,27.90,28 Oct 2025,30 Dec 2025,313.33,-,1186668000.00,B-EQ,118666800
PEOPLESINS,Peoples Insurance PLC,Insurance,A,2730.42,14.42,59.10,-2.15,59.10,10.4490,"174,927",43.3931,-72.8395,60.3300,61.7680,49.8450,60.9703,60.9893,61.0086,-0.0193,0.0133,64.1656,56.4944,216.2200,-469878.6362,61.2444,61.3679,60.9343,1.3436,0.0000,0.0000,0.0000,1.78,-,-,-,-,-,-,-,-,-,-,-,60.40,-1.30,504,10.4490,65.51%,7.72%,57.79%,34.49%,0.00%,0.00%,-,10.50,4.19,37.95,26 Apr 2026,24 Jun 2026,14.42,10.31,462000000.00,A-EQ,46200000
PF1STMF,Phoenix Finance 1st Mutual Fund,Mutual Funds,A,1050.00,10.98,17.50,-2.78,17.50,40.4050,"2,264,854",55.2806,-56.6667,17.4900,15.4160,8.8675,17.6615,17.5664,16.7954,0.7710,0.9250,19.0566,15.9234,1243.7600,-149845.1310,17.6844,17.7513,17.6952,0.9034,0.0000,0.0000,0.0000,-,-,-,-,-,-,-,-,-,-,-,-,18.00,-0.50,808,40.4050,76.67%,23.72%,52.94%,23.33%,0.00%,0.01%,-,-,1.64,8.84,17 Aug 2026,-,10.98,10.98,600000000.00,A-MF,60000000
PHARMAID,Pharma Aids,Pharmaceuticals & Chemicals,A,1691.35,26.69,542.10,-0.68,542.10,2.2920,"4,204",38.1285,-87.3377,548.9200,579.5820,558.0650,549.8398,550.9231,558.5822,-7.6591,-8.8843,566.8989,530.9411,56.2400,-7983.8404,550.1867,551.1064,550.2024,0.9272,0.0000,0.0000,0.0000,0.55,3.328,-,2.894,-,0.200,0.146,0.303,0.110,0.148,-,-,545.80,-3.70,253,2.2920,80.61%,20.24%,60.37%,19.39%,0.00%,0.00%,-,30.00,20.45,138.58,09 Nov 2025,24 Dec 2025,26.69,20.26,31200000.00,A-EQ,3120000
PHENIXINS,Phoenix Insurance PLC,Insurance,A,1875.88,23.37,46.50,-1.48,46.50,12.5650,"268,271",42.4533,-87.5000,47.5850,48.8300,38.4730,47.7546,47.8209,48.0742,-0.2533,-0.2271,49.4715,45.6985,204.6300,-391862.6063,47.8911,47.9090,47.7405,1.3924,0.0000,0.0000,0.0000,2.58,-,-,-,-,-,-,-,-,-,-,-,47.20,-0.70,373,12.5650,61.12%,11.09%,50.03%,38.88%,0.00%,0.00%,-,12.00,2.02,33.85,30 Apr 2026,29 Jul 2026,23.37,16.28,403415720.00,A-EQ,40341572
PHOENIXFIN,Phoenix Finance and Investments Limited,Financial Institutions,Z,514.21,-,3.10,-3.13,3.10,0.3630,"115,043",30.9634,-100.0000,3.4700,3.7560,3.6305,3.3012,3.3452,3.4921,-0.1470,-0.1196,3.8260,3.1140,19.5000,-100693.8634,3.2600,3.2962,3.3843,1.7709,0.0000,0.0000,0.0000,-,-,-,-,-,1.147,1.819,-,-,-,-,-,3.20,-0.10,60,0.3630,73.99%,18.22%,55.77%,26.01%,0.00%,0.00%,-,-,-20.45,-102.46,30 Jun 2026,27 Aug 2026,-,-,1658741950.00,Z-EQ,165874195
PHPMF1,PHP First Mutual Fund,Mutual Funds,A,986.63,-,3.50,0.00,3.50,1.3420,"383,157",43.2862,-80.0000,3.5900,3.7060,3.1270,3.5829,3.5907,3.6073,-0.0166,-0.0074,3.8042,3.3758,65.9200,-609637.7899,3.5822,3.6038,3.6043,1.2755,0.0000,0.0000,0.0000,-,-,-,-,-,-,-,-,-,-,-,-,3.50,0.00,50,1.3420,88.28%,41.51%,46.77%,11.72%,0.00%,0.00%,-,-,-1.87,8.15,25 Sep 2024,-,-,-,2818932640.00,A-MF,281893264
PIONEERINS,Pioneer Insurance PLC,Insurance,A,6787.91,14.62,66.10,-1.05,66.10,11.3560,"171,027",45.7034,-71.2963,66.3350,67.6380,59.7625,67.5293,67.4403,67.2147,0.2257,0.1365,71.1614,61.5086,84.6800,-335192.2162,67.9289,67.9577,67.2981,1.3476,0.0000,0.0000,0.0000,3.78,-,-,-,-,-,-,-,-,-,-,-,66.80,-0.70,433,11.3560,60.06%,28.18%,31.88%,39.94%,0.00%,0.00%,5.00,25.00,4.57,46.97,03 Mar 2026,04 May 2026,14.62,11.10,1026914910.00,A-EQ,102691491
PLFSL,Peoples Leasing and Financial Services Limited,Financial Institutions,Z,485.25,-,1.70,0.00,1.70,0.8010,"472,915",43.2766,-75.0000,1.7950,1.9180,1.6542,1.7278,1.7427,1.7939,-0.0513,-0.0428,1.9839,1.6061,89.0300,-355758.7365,1.7067,1.7167,1.7524,1.1821,0.0000,0.0000,0.0000,-,-,-,-,-,1.027,1.010,-,-,-,-,-,1.70,0.00,96,0.8010,81.85%,12.91%,68.69%,18.15%,0.00%,0.25%,-,-,-12.81,-155.15,02 Jul 2026,17 Aug 2026,-,-,2854405970.00,Z-EQ,285440597
POPULAR1MF,Popular Life First Mutual Fund,Mutual Funds,A,1046.81,-,3.50,0.00,3.50,0.8130,"233,609",42.9380,-80.0000,3.5900,3.7080,3.0920,3.5776,3.5860,3.6050,-0.0190,-0.0093,3.7836,3.3964,63.1400,-301688.7601,3.5733,3.5949,3.6005,1.2707,0.0000,0.0000,0.0000,-,-,-,-,-,-,-,-,-,-,-,-,3.50,0.00,48,0.8130,90.00%,19.88%,70.12%,10.00%,0.00%,0.00%,-,-,-1.78,8.23,25 Sep 2024,-,-,-,2990890270.00,A-MF,299089027
POPULARLIF,Popular Life Insurance Co. Limited,Insurance,A,3238.96,37.28,53.60,-2.19,53.60,1.9400,"35,943",35.6091,-87.2340,55.7750,58.4460,53.1625,55.2892,55.5339,56.6449,-1.1110,-1.0965,58.5294,53.0206,45.0700,-90703.8126,55.2667,55.3987,55.4914,1.4368,0.0000,0.0000,0.0000,3.73,-,-,-,-,-,-,-,-,-,-,-,54.80,-1.20,172,1.9400,76.30%,27.58%,48.72%,23.70%,0.00%,0.00%,-,20.00,1.47,78.10,28 Jun 2026,22 Sep 2026,37.28,-,604283580.00,A-EQ,60428358
POWERGRID,Power Grid Company of Bangladesh Limited,Fuel & Power,Z,33719.48,-,37.00,-0.54,36.90,2.5540,"68,999",37.4150,-54.0541,37.7500,38.6120,33.7440,37.5044,37.5866,37.8844,-0.2978,-0.2576,38.4652,37.0348,1.5600,-74507.8746,37.4800,37.5538,37.6543,1.1494,0.0000,0.0000,0.0000,-,1.237,-,1.110,-,0.370,-,0.400,-,-,-,-,37.10,-0.20,147,2.5540,19.50%,14.66%,4.83%,58.50%,22.00%,0.01%,-,-,-2.30,139.29,10 Nov 2025,24 Jan 2026,-,4.46,9138069910.00,Z-EQ,913806991
PRAGATIINS,Pragati Insurance PLC,Insurance,A,5831.21,13.80,71.80,-2.05,71.80,5.4450,"75,482",39.5383,-87.3016,73.4500,76.3060,74.5090,73.8552,73.9519,74.5204,-0.5685,-0.6236,76.9010,69.9990,38.2300,-243800.7803,73.9844,74.2051,73.9476,1.4136,0.0000,0.0000,0.0000,3.76,-,-,-,-,-,-,-,-,-,-,-,73.30,-1.50,240,5.4450,64.93%,21.29%,43.64%,35.07%,0.00%,0.00%,3.00,27.00,5.31,57.36,13 Apr 2026,18 Jun 2026,13.80,11.78,812145590.00,A-EQ,81214559
PRAGATILIF,Pragati Life Insurance PLC.,Insurance,A,4807.92,-,134.30,-3.80,134.30,22.7660,"168,245",35.1326,-88.9447,142.3050,152.1060,180.7070,140.4922,141.2452,144.8946,-3.6493,-3.7129,150.9735,133.6365,86.2500,-195101.9976,140.3556,141.1590,141.6290,1.2545,0.0000,0.0000,0.0000,1.12,-,-,-,-,-,-,-,-,-,-,-,139.60,-5.30,"1,039",22.7660,61.38%,15.68%,45.70%,38.62%,0.00%,0.00%,10.00,15.00,0.00,0.00,22 Jun 2026,13 Aug 2026,-,-,357998160.00,A-EQ,35799816
PREBPBOND,Premier Bank Perpetual Bond,Corporate Bond,A,178.60,-,0.00,0.00,4465.00,0.0000,0,13.3094,-100.0000,4688.2500,0.0000,0.0000,4721.7782,4769.3925,4896.7117,-127.3192,-82.6694,5091.7645,4284.7355,0.0300,0.0000,4653.0000,4663.8462,4677.6190,-0.0339,0.0000,0.0000,0.0000,0.02,-,-,-,-,-,-,-,-,-,-,-,4465.00,0.00,0,0.0000,0.00%,0.00%,0.00%,0.00%,0.00%,0.00%,-,10.00,0.00,0.00,15 Dec 2025,-,-,-,400000.00,A-CB,40000
PREMIERBAN,The Premier Bank PLC.,Bank,Z,6907.21,-,5.60,0.00,5.60,1.8740,"334,674",44.9147,-80.0000,5.6750,5.7400,4.8630,5.6630,5.6693,5.6811,-0.0118,-0.0034,5.8571,5.4929,7.1400,-728.3373,5.6644,5.6667,5.6614,1.1195,0.0000,0.0000,0.0000,-,-,-,-,-,-,-,-,-,-,-,-,5.60,0.00,98,1.8740,74.77%,22.07%,52.70%,25.23%,0.00%,0.00%,-,-,-8.05,13.59,03 May 2026,08 Jul 2026,-,-,12334311330.00,Z-EQ,1233431133
PREMIERCEM,Premier Cement Mills PLC,Cement,A,4376.18,32.79,41.50,-1.89,41.50,11.0310,"263,080",43.4159,-71.4286,42.1450,45.9100,42.5310,41.9824,42.1343,43.2873,-1.1530,-1.3622,44.6719,39.6181,89.6300,-313220.6323,41.8711,41.9538,41.9886,0.9942,0.0000,0.0000,0.0000,2.41,0.569,-,0.410,0.032,0.135,0.006,0.179,0.004,0.020,-,-,42.30,-0.80,522,11.0310,64.01%,23.46%,40.53%,35.99%,0.00%,0.02%,-,10.00,1.29,64.50,26 Oct 2025,28 Dec 2025,32.79,15.94,1054500000.00,A-EQ,105450000
PREMIERLEA,Premier Leasing & Finance Limited,Financial Institutions,Z,239.35,-,1.80,-5.26,1.80,0.5690,"311,545",37.6505,-100.0000,1.9900,2.2840,1.9772,1.9265,1.9479,2.0456,-0.0977,-0.0966,2.1604,1.8196,81.0000,-187719.0134,1.9111,1.9282,1.9581,1.5353,0.0000,0.0000,0.0000,-,-,-,-,-,1.100,2.532,-,-,-,-,-,1.90,-0.10,88,0.5690,79.28%,9.64%,69.64%,20.72%,0.00%,0.00%,-,-,-21.98,-96.38,02 Aug 2026,17 Sep 2026,-,-,1329702100.00,Z-EQ,132970210
PRIME1ICBA,Prime Bank 1st ICB AMCL Mutual Fund,Mutual Funds,A,740.00,6.32,7.40,0.00,7.40,12.1390,"1,621,510",62.2041,-37.0370,6.7250,6.4800,5.0755,7.3448,7.2195,6.8096,0.4099,0.3276,8.3050,5.1450,400.5300,-387277.0891,7.5511,7.4564,7.0981,0.9271,0.0000,0.0000,0.0000,-,-,-,-,-,-,-,-,-,-,-,-,7.40,0.00,302,12.1390,80.00%,49.91%,30.09%,20.00%,0.00%,0.00%,-,-,1.17,8.79,17 Aug 2026,-,6.32,6.32,1000000000.00,A-MF,100000000
PRIMEBANK,Prime Bank PLC.,Bank,A,34365.09,3.58,28.20,0.36,28.20,6.8800,"244,161",42.0373,-66.6667,28.2700,29.1760,30.3235,28.1988,28.2320,28.5047,-0.2727,-0.3281,28.6652,27.8748,10.5700,-514072.3374,28.1689,28.1756,28.2110,0.7981,0.0000,0.0000,0.0000,8.87,-,-,-,-,0.555,0.343,-,0.014,0.196,0.016,-,28.10,0.10,162,6.8800,64.46%,36.30%,22.80%,35.54%,0.00%,5.36%,5.00,25.00,7.84,40.00,06 Apr 2026,21 May 2026,3.58,3.95,12186200910.00,A-EQ,1218620091
PRIMEFIN,Prime Finance & Investment Limited,Financial Institutions,Z,709.58,-,2.70,0.00,2.60,0.2380,"91,257",36.2610,-100.0000,2.8100,3.1260,2.9634,2.7209,2.7495,2.8663,-0.1168,-0.1088,3.0519,2.5681,27.2000,-490670.3978,2.6956,2.7218,2.7686,1.5630,0.0000,0.0000,0.0000,-,-,-,-,-,4.255,14.439,-,-,-,-,-,2.60,0.00,49,0.2380,40.86%,4.85%,36.00%,59.14%,0.00%,0.01%,-,-,-5.53,1.46,21 Jan 2026,03 Mar 2026,-,-,2729164830.00,Z-EQ,272916483
PRIMEINSUR,Prime Islami Insurance PLC,Insurance,A,1921.24,24.44,47.00,-2.89,47.00,9.2560,"194,299",36.2361,-97.1831,51.0050,53.6640,40.2675,50.1781,50.5423,51.4753,-0.9330,-0.5720,54.1355,47.8745,211.4200,-519489.6984,50.1178,50.5385,50.8862,1.1984,0.0000,0.0000,0.0000,2.13,-,-,-,-,-,-,-,-,-,-,-,48.40,-1.40,397,9.2560,68.25%,12.74%,55.51%,31.75%,0.00%,0.00%,-,10.00,1.98,22.76,03 May 2026,15 Jun 2026,24.44,18.62,408774980.00,A-EQ,40877498
PRIMELIFE,Prime Islami Life Insurance Limited,Insurance,B,1126.20,-,36.90,-1.86,36.90,0.7340,"19,782",45.8818,-46.7742,36.9300,38.5900,37.8585,37.6262,37.5318,37.6070,-0.0751,-0.3177,39.2361,34.6239,33.7800,-9664.6886,37.9556,37.7808,37.3100,1.5128,0.0000,0.0000,0.0000,0.07,-,-,-,-,-,-,-,-,-,-,-,37.60,-0.70,46,0.7340,63.92%,32.48%,31.27%,36.08%,0.00%,0.17%,-,0.25,0.00,0.00,16 Jun 2026,17 Sep 2026,-,-,305202300.00,B-EQ,30520230
PRIMETEX,Prime Textile Spinning Mills Limited,Textile,Z,527.16,-,13.80,0.00,13.80,0.2270,"16,529",34.7744,-85.0000,14.3100,15.6700,16.3430,14.2634,14.3378,14.7334,-0.3956,-0.4186,14.9586,13.6614,19.3000,-56313.7305,14.2489,14.3256,14.3405,1.2445,0.0000,0.0000,0.0000,-,1.379,-,0.969,-,-,-,-,-,-,-,-,13.80,0.00,37,0.2270,50.00%,5.60%,44.15%,50.00%,0.00%,0.25%,-,-,-8.05,64.83,11 Sep 2024,24 Oct 2024,-,-,382000000.00,Z-EQ,38200000
PROGRESLIF,Progressive Life Insurance Co. Limited,Insurance,Z,592.50,-,35.60,-2.20,35.60,0.1450,"4,048",41.8133,-70.5882,36.1650,38.0600,41.7175,36.0668,36.1309,36.7360,-0.6050,-0.7490,37.6479,34.6821,22.3500,-11084.1421,36.0622,36.0218,36.0310,0.9894,0.0000,0.0000,0.0000,-,-,-,-,-,-,-,-,-,-,-,-,36.40,-0.80,111,0.1450,61.18%,9.70%,51.48%,38.82%,0.00%,0.00%,-,-,0.00,0.00,28 Apr 2025,29 Jun 2025,-,-,166431660.00,Z-EQ,16643166
PROGRESLIF,Progressive Life Insurance Co. Limited,Insurance,Z,592.50,-,35.60,-2.20,35.60,0.1450,"4,048",41.8133,-70.5882,36.1650,38.0600,41.7175,36.0668,36.1309,36.7360,-0.6050,-0.7490,37.6479,34.6821,22.3500,-11084.1421,36.0622,36.0218,36.0310,0.9894,0.0000,0.0000,0.0000,0.70,-,-,-,-,-,-,-,-,-,-,-,36.40,-0.80,111,0.1450,61.18%,9.70%,51.48%,38.82%,0.00%,0.00%,-,-,0.00,0.00,28 Apr 2025,29 Jun 2025,-,-,166431660.00,Z-EQ,16643166
PROVATIINS,Provati Insurance PLC,Insurance,A,2007.55,29.65,49.80,-2.92,49.80,10.7060,"213,438",37.1373,-93.9394,53.0250,55.9300,42.7085,52.4843,52.7819,53.8393,-1.0575,-0.9016,56.8291,49.2209,136.3400,-244375.4230,52.5067,52.8897,52.8990,1.3282,0.0000,0.0000,0.0000,2.41,-,-,-,-,-,-,-,-,-,-,-,51.30,-1.50,502,10.7060,69.65%,14.16%,55.49%,30.35%,0.00%,0.00%,-,12.00,1.73,22.45,29 Apr 2026,10 Aug 2026,29.65,22.90,403122370.00,A-EQ,40312237
PTL,Paramount Textile PLC.,Textile,A,14741.32,12.31,82.30,3.13,82.30,311.3200,"3,849,088",61.1874,-38.2609,79.4750,72.3000,60.4595,80.7408,80.2391,77.7177,2.5214,2.6061,84.0738,74.8762,302.8200,2028893.1765,81.2178,80.6141,80.0467,0.9694,0.0000,0.0000,0.0000,1.46,1.302,-,0.568,-,-,-,-,-,-,-,-,79.80,2.50,"3,347",311.3200,39.05%,14.95%,19.67%,60.95%,0.00%,4.43%,-,12.00,6.48,43.89,29 Oct 2025,20 Dec 2025,12.31,11.64,1791168860.00,A-EQ,179116886
PUBALIBANK,Pubali Bank PLC.,Bank,A,60594.81,4.51,38.80,2.65,38.80,11.3250,"294,519",52.1980,-42.8571,38.5050,38.6480,36.8545,38.5504,38.5812,38.5698,0.0114,0.0843,40.1343,36.8757,7.5800,-450257.4753,38.3711,38.5526,38.6143,0.7921,0.0000,0.0000,0.0000,2.58,-,-,-,-,0.557,0.209,-,0.009,0.154,0.011,-,37.80,1.00,278,11.3250,68.13%,23.89%,44.19%,31.87%,0.00%,0.05%,20.00,10.00,8.38,54.32,30 Apr 2026,16 Jun 2026,4.51,4.31,15617218420.00,A-EQ,1561721842
PURABIGEN,Purabi General Insurance Co. Ltd.,Insurance,A,1638.86,23.06,27.40,-1.79,27.40,2.9120,"106,057",37.1723,-87.5000,28.1750,29.9060,26.1165,28.2328,28.3077,28.7700,-0.4622,-0.5152,29.6841,26.6659,85.2600,-296046.6513,28.2800,28.3654,28.2638,1.4028,0.0000,0.0000,0.0000,3.65,-,-,-,-,-,-,-,-,-,-,-,27.90,-0.50,122,2.9120,68.42%,23.78%,44.62%,31.58%,0.00%,0.02%,-,10.00,1.21,14.29,13 May 2026,30 Aug 2026,23.06,16.61,598125060.00,A-EQ,59812506
QUASEMIND,Quasem Industries Ltd.,Engineering,A,3015.97,37.40,38.00,-3.08,37.70,3.7840,"99,090",33.7728,-94.8718,39.4500,41.9680,41.5525,39.0055,39.1988,40.0688,-0.8700,-0.8549,41.4112,37.4888,48.0900,-206656.5375,38.8689,39.0782,39.3029,1.5227,0.0000,0.0000,0.0000,-,1.042,0.047,0.384,-,0.122,0.052,0.245,0.019,0.036,-,-,38.90,-1.20,262,3.7840,70.00%,18.04%,51.96%,30.00%,0.00%,0.00%,10.00,-,1.04,29.06,27 Oct 2025,24 Dec 2025,37.40,35.15,799991950.00,A-EQ,79999195
QUEENSOUTH,Queen South Textile Mills Ltd.,Textile,B,2014.34,68.50,13.20,-3.65,13.20,8.8000,"655,064",35.1832,-95.0000,14.1500,15.9280,13.3885,13.9147,14.0270,14.5454,-0.5185,-0.5159,15.0959,13.2041,180.6600,-1320724.9977,13.8444,13.9705,14.0700,1.4562,0.0000,0.0000,0.0000,0.38,1.681,-,0.859,-,-,-,-,-,-,-,-,13.70,-0.50,473,8.8000,48.43%,6.51%,40.86%,51.57%,0.00%,1.06%,-,0.50,0.20,15.82,28 Oct 2025,22 Dec 2025,68.50,42.81,1526014390.00,B-EQ,152601439
RAHIMAFOOD,Rahima Food Corporation Limited,Food & Allied,Z,1382.01,126.79,68.50,-2.68,69.10,0.9790,"14,014",,,,,,,,,,,,,,,,,,,,,,0.29,0.862,-,0.786,0.155,0.149,0.120,0.253,0.036,0.059,-,-,71.00,-1.90,163,0.9790,64.05%,6.42%,57.63%,35.95%,0.00%,0.00%,-,2.00,0.56,9.43,28 Oct 2025,23 Dec 2025,126.79,-,200002000.00,Z-EQ,20000200
RAHIMTEXT,Rahim Textile Mills PLC.,Textile,A,1704.63,139.84,180.20,-0.11,180.20,1.5170,"8,383",41.5354,-67.8862,180.9900,195.9480,206.5955,181.1703,181.6651,185.7341,-4.0690,-4.8970,190.3109,171.6691,36.4900,-21007.4141,180.8933,181.1769,181.2633,1.1354,0.0000,0.0000,0.0000,0.55,0.883,-,0.493,-,-,-,-,-,-,-,-,180.40,-0.20,246,1.5170,29.06%,7.17%,21.89%,70.94%,0.00%,0.00%,-,10.00,1.29,25.83,27 Oct 2025,15 Dec 2025,139.84,65.68,94596830.00,A-EQ,9459683
RAKCERAMIC,RAK Ceramics (Bangladesh) Limited,Ceramics Sector,A,10613.62,-,24.80,-3.88,24.80,5.4740,"217,377",26.0308,-93.9394,26.9200,29.0360,25.7865,26.2259,26.4778,27.4115,-0.9337,-0.8200,28.6079,25.2321,13.4300,-298747.5707,26.0711,26.2962,26.6033,1.4505,0.0000,0.0000,0.0000,4.03,-,-,-,-,-,-,0.132,-,-,-,-,25.80,-1.00,414,5.4740,27.92%,17.25%,10.63%,72.08%,0.00%,0.04%,-,10.00,-0.93,15.30,05 Feb 2026,31 Mar 2026,-,258.00,4279687010.00,A-EQ,427968701
RANFOUNDRY,Rangpur Foundry Limited,Engineering,A,1482.00,38.47,148.50,-0.20,148.20,0.5000,"3,367",41.3519,-48.4277,149.4700,155.2820,153.2390,148.9924,149.2848,150.9959,-1.7111,-1.8742,153.4229,145.5171,19.1400,-8978.0828,148.6489,149.0179,149.4914,0.9246,0.0000,0.0000,0.0000,1.55,3.600,-,0.899,-,0.063,0.026,0.204,0.083,0.110,-,-,148.50,-0.30,54,0.5000,50.11%,30.14%,19.97%,49.89%,0.00%,0.00%,-,23.00,3.86,35.09,27 Oct 2025,24 Dec 2025,38.47,35.47,100000000.00,A-EQ,10000000
RDFOOD,Rangpur Dairy & Food Products Limited,Food & Allied,B,1671.43,36.72,22.00,-1.79,22.00,7.0690,"319,088",39.0032,-96.2963,23.0900,24.8240,23.4260,22.7499,22.8795,23.4911,-0.6116,-0.6148,24.6700,21.5100,130.6300,-260264.5284,22.6489,22.8167,22.9533,1.6014,0.0000,0.0000,0.0000,0.45,1.546,-,1.007,0.047,0.049,0.037,0.194,0.023,0.036,-,-,22.40,-0.40,313,7.0690,66.58%,8.64%,57.94%,33.42%,0.00%,0.00%,-,1.00,0.61,16.92,02 Nov 2025,22 Dec 2025,36.72,32.31,759739560.00,B-EQ,75973956
RECKITTBEN,Reckitt Benckiser (Bangladesh) PLC,Pharmaceuticals & Chemicals,A,15367.59,18.81,3252.10,0.01,3252.40,1.1580,356,40.4544,-94.8936,3265.6000,3286.8940,3384.8440,3259.5590,3261.4691,3270.5758,-9.1067,-9.1974,3288.9759,3242.2241,1.8400,-922.6462,3258.2644,3259.7718,3261.8729,0.2259,0.0000,0.0000,0.0000,5.32,1.108,-,0.691,-,0.204,0.144,0.484,0.271,0.922,-,-,3252.00,0.40,60,1.1580,13.26%,6.80%,6.46%,82.96%,3.78%,0.00%,-,1730.00,172.93,187.58,03 May 2026,29 Jun 2026,18.81,25.27,47250000.00,A-EQ,4725000
REGENTTEX,Regent Textile Mills Limited,Textile,Z,707.37,-,5.50,-1.79,5.50,0.6000,"108,765",33.3476,-80.0000,5.9600,6.4120,5.0560,5.8128,5.8606,6.0277,-0.1672,-0.1410,6.3178,5.6022,21.5200,-16882.7413,5.7956,5.8321,5.8943,1.4796,0.0000,0.0000,0.0000,-,2.915,-,2.028,-,-,-,-,-,-,-,-,5.60,-0.10,98,0.6000,45.45%,4.61%,40.84%,54.55%,0.00%,0.00%,-,-,-1.62,26.52,22 Nov 2021,30 Dec 2021,-,-,1286121370.00,Z-EQ,128612137
RELIANCE1,Reliance One the 1st scheme of Reliance Insurance Mutual Fund,Mutual Funds,A,744.15,10.78,12.30,-0.81,12.30,14.2580,"1,146,737",45.4509,-77.2727,12.6000,12.5220,12.5800,12.7479,12.7584,12.6811,0.0773,0.1367,13.7877,11.4123,925.4500,-2920332.2415,12.8111,12.8808,12.7781,0.6991,0.0000,0.0000,0.0000,-,-,-,-,-,-,-,-,-,-,-,-,12.40,-0.10,457,14.2580,80.00%,33.80%,46.20%,20.00%,0.00%,0.00%,-,10.00,1.15,11.62,17 Aug 2026,-,10.78,10.78,605000000.00,A-MF,60500000
RELIANCINS,Reliance Insurance PLC,Insurance,A,10642.30,12.38,101.20,-2.88,101.20,50.4020,"487,909",41.0673,-87.8307,106.0750,109.4660,89.4850,105.6213,106.0142,107.0501,-1.0359,-0.6606,114.1798,97.9702,246.2500,-1567580.9326,105.6533,106.1397,106.5762,1.2161,0.0000,0.0000,0.0000,2.96,-,-,-,-,-,-,-,-,-,-,-,104.20,-3.00,"1,875",50.4020,32.05%,9.91%,22.14%,67.95%,0.00%,0.00%,-,30.00,8.42,78.95,01 Mar 2026,30 Apr 2026,12.38,7.99,1051610870.00,A-EQ,105161087
RENATA,Renata PLC.,Pharmaceuticals & Chemicals,A,50822.01,22.96,443.10,-0.34,443.10,3.0210,"6,820",33.9625,-92.6667,451.2500,461.4640,434.6355,447.8643,448.8496,452.9621,-4.1125,-3.8840,461.7532,440.7468,5.0100,-12141.8395,447.3822,447.7872,449.1081,0.6997,0.0000,0.0000,0.0000,1.24,1.570,0.268,0.540,-,0.098,0.052,0.410,0.038,0.063,-,-,444.60,-1.50,352,3.0210,48.71%,23.21%,7.92%,51.29%,0.00%,17.58%,-,55.00,19.36,305.49,28 Oct 2025,20 Dec 2025,22.96,16.35,1146964900.00,A-EQ,114696490
RENWICKJA,Renwick Jajneswar & Company (Bd),Engineering,Z,1402.60,-,701.30,-1.42,701.30,0.3130,446,36.5173,-97.8495,730.7950,787.8880,604.6470,721.7740,725.2120,741.8078,-16.5958,-16.8556,757.7486,703.8414,14.9300,-1847.0576,720.5511,723.2462,726.2081,0.5646,0.0000,0.0000,0.0000,-,0.664,-,0.411,-,-,-,0.196,-,0.073,-,-,711.40,-10.10,63,0.3130,49.00%,14.05%,34.95%,0.00%,51.00%,0.00%,-,-,-7.76,-105.59,27 Oct 2025,15 Dec 2025,-,-,20000000.00,Z-EQ,2000000
REPUBLIC,Republic Insurance PLC,Insurance,A,1985.76,19.89,36.30,-2.94,36.30,7.1870,"195,620",37.6920,-95.3488,38.3950,39.1460,34.3725,38.0629,38.2343,38.6465,-0.4122,-0.2297,40.3422,36.4478,132.5500,-364309.6087,38.0778,38.2756,38.3271,1.3894,0.0000,0.0000,0.0000,2.82,-,-,-,-,-,-,-,-,-,-,-,37.40,-1.10,286,7.1870,58.29%,18.24%,40.05%,41.71%,0.00%,0.00%,-,10.25,1.88,19.70,30 Apr 2026,29 Jun 2026,19.89,17.16,547041560.00,A-EQ,54704156
RINGSHINE,Ring Shine Textiles Ltd.,Textile,Z,1851.16,-,3.80,0.00,3.70,1.0250,"278,554",39.5952,-80.0000,3.7900,4.1940,3.5840,3.7447,3.7654,3.8723,-0.1069,-0.1118,3.9724,3.6076,23.5900,-527984.6837,3.7222,3.7436,3.7729,1.5688,0.0000,0.0000,0.0000,-,0.576,-,0.300,-,-,-,-,-,-,-,-,3.70,0.00,151,1.0250,63.54%,4.56%,58.97%,36.46%,0.00%,0.01%,-,-,-3.06,-8.03,28 Oct 2024,18 Dec 2024,-,-,5003130430.00,Z-EQ,500313043
ROBI,Robi Axiata PLC.,Telecommunication,A,157137.99,16.76,30.00,0.00,30.00,19.0430,"634,755",44.2416,-88.8889,29.9650,30.7760,30.3010,30.0138,30.0234,30.2053,-0.1819,-0.2462,30.3768,29.5532,4.0900,-412720.2525,30.0133,30.0205,30.0043,1.1880,0.0000,0.0000,0.0000,5.83,0.247,0.000,0.242,0.113,0.188,0.094,0.387,0.045,0.134,-,-,30.00,0.00,390,19.0430,10.00%,3.01%,6.99%,90.00%,0.00%,0.00%,-,17.50,1.79,13.34,22 Feb 2026,22 Apr 2026,16.76,15.79,52379328950.00,A-EQ,5237932895
RSRMSTEEL,Ratanpur Steel Re-Rolling Mills Limited,Engineering,Z,597.02,-,6.30,-3.28,5.90,0.2340,"39,018",16.9877,-92.8571,6.7450,7.3000,7.4710,6.4213,6.5152,6.8239,-0.3086,-0.2476,7.3856,6.1044,10.7200,-72637.0473,6.3622,6.4436,6.5971,1.5804,0.0000,0.0000,0.0000,-,3.334,0.217,2.357,-,-,-,-,-,-,-,-,6.10,-0.20,84,0.2340,70.07%,34.04%,36.03%,29.93%,0.00%,0.00%,-,-,-3.75,44.94,21 Nov 2021,30 Dec 2021,-,-,1011890880.00,Z-EQ,101189088
RUNNERAUTO,Runner Automobiles PLC,Engineering,A,5007.11,48.22,44.10,1.61,44.10,13.3030,"301,752",41.1074,-77.0833,45.2450,46.5820,40.3720,44.6458,44.9119,45.6130,-0.7012,-0.4468,47.5901,42.8999,120.7200,-547867.6541,44.3844,44.7603,45.1390,1.3459,0.0000,0.0000,0.0000,2.27,1.498,0.437,1.217,-,0.181,0.012,0.310,0.005,0.014,-,-,43.40,0.70,783,13.3030,65.81%,36.69%,29.12%,34.19%,0.00%,0.00%,-,10.00,0.90,66.70,28 Oct 2025,23 Dec 2025,48.22,65.10,1135399320.00,A-EQ,113539932
RUPALIBANK,Rupali Bank PLC.,Bank,Z,15719.08,119.29,16.70,0.00,16.70,0.4500,"26,889",42.2109,-77.7778,16.9500,17.2380,17.6830,16.8000,16.8407,16.9908,-0.1500,-0.1313,17.3256,16.5744,1.1200,-64283.6849,16.7644,16.7962,16.8705,1.3513,0.0000,0.0000,0.0000,-,-,-,-,-,0.094,0.005,-,0.000,0.004,0.000,-,16.70,0.00,28,0.4500,5.09%,1.66%,3.43%,0.00%,94.91%,0.00%,-,-,0.14,35.02,03 May 2026,19 Jul 2026,119.29,-,9412623180.00,Z-EQ,941262318
RUPALIINS,Rupali Insurance Company Limited,Insurance,A,2157.36,26.76,26.80,-1.83,26.80,1.9490,"71,911",37.4492,-89.2857,27.8250,29.0840,25.6460,27.7963,27.8861,28.2207,-0.3346,-0.2950,29.3767,26.2733,75.8800,-234288.1635,27.8311,27.9833,27.9143,1.4695,0.0000,0.0000,0.0000,1.87,-,-,-,-,-,-,-,-,-,-,-,27.30,-0.50,119,1.9490,53.65%,17.89%,35.76%,46.35%,0.00%,0.00%,5.00,5.00,1.02,20.41,27 Apr 2026,29 Jul 2026,26.76,19.23,804986810.00,A-EQ,80498681
RUPALILIFE,Rupali Life Insurance PLC,Insurance,A,2287.08,-,76.20,-1.30,76.20,7.0390,"92,100",41.3116,-76.0563,77.4750,82.3740,85.1565,77.8862,77.9614,79.0519,-1.0906,-1.4387,81.6374,73.3126,104.2600,-139826.0138,78.1800,78.1936,77.7243,1.4763,0.0000,0.0000,0.0000,1.57,-,-,-,-,-,-,-,-,-,-,-,77.20,-1.00,315,7.0390,68.97%,21.03%,47.94%,31.03%,0.00%,0.00%,-,12.00,0.00,0.00,21 Jul 2026,24 Sep 2026,-,-,300142360.00,A-EQ,30014236
SAFKOSPINN,Safko Spinnings Mills Limited,Textile,Z,638.61,-,21.20,-4.05,21.30,7.2150,"322,580",55.3069,-47.0588,20.6550,20.7020,18.0160,20.9885,20.8996,20.7714,0.1282,-0.0067,21.7779,19.5321,89.0100,73100.5362,21.0044,20.8769,20.7405,1.3056,0.0000,0.0000,0.0000,-,0.114,-,0.021,-,-,-,-,-,-,-,-,22.20,-0.90,376,7.2150,70.00%,4.76%,65.24%,30.00%,0.00%,0.00%,-,-,-7.52,-4.50,29 Oct 2025,24 Dec 2025,-,-,299817160.00,Z-EQ,29981716
SAIFPOWER,Saif Powertec Limited,Services & Real Estate,Z,2541.57,9.86,6.80,-2.90,6.70,2.2450,"336,047",23.2771,-88.8889,7.8800,9.0080,7.2675,7.4396,7.5806,8.1047,-0.5241,-0.4611,8.9611,6.7989,25.1000,-893423.9903,7.3689,7.4769,7.6495,1.7824,0.0000,0.0000,0.0000,-,1.467,-,1.122,0.068,0.283,0.053,0.432,0.008,0.036,-,-,6.90,-0.20,263,2.2450,59.94%,18.44%,41.50%,40.06%,0.00%,0.00%,-,1.00,0.70,17.01,27 Oct 2024,30 Dec 2024,9.86,9.86,3793386470.00,Z-EQ,379338647
SAIFPOWER,Saif Powertec Limited,Services & Real Estate,Z,2541.57,9.86,6.80,-2.90,6.70,2.2450,"336,047",23.2771,-88.8889,7.8800,9.0080,7.2675,7.4396,7.5806,8.1047,-0.5241,-0.4611,8.9611,6.7989,25.1000,-893423.9903,7.3689,7.4769,7.6495,1.7824,0.0000,0.0000,0.0000,1.49,1.467,-,1.122,0.068,0.283,0.053,0.432,0.008,0.036,-,-,6.90,-0.20,263,2.2450,59.94%,18.44%,41.50%,40.06%,0.00%,0.00%,-,1.00,0.70,17.01,27 Oct 2024,30 Dec 2024,9.86,9.86,3793386470.00,Z-EQ,379338647
SAIHAMCOT,Saiham Cotton Mills Limited,Textile,B,3317.68,23.43,22.30,-3.88,22.30,80.2740,"3,532,708",46.6660,-80.7692,22.8350,22.6560,20.4450,23.0030,22.9777,22.8322,0.1454,0.1583,23.9594,21.7106,952.5500,-3398406.3157,23.0933,23.0090,22.9043,1.2840,0.0000,0.0000,0.0000,3.14,1.120,-,0.255,-,-,-,-,-,-,-,-,23.20,-0.90,"1,921",80.2740,57.60%,17.55%,40.05%,42.40%,0.00%,0.00%,-,7.00,0.99,38.26,29 Oct 2025,29 Dec 2025,23.43,22.03,1487750000.00,B-EQ,148775000
SAIHAMTEX,Saiham Textile Mills Limited,Textile,B,3903.24,74.75,43.10,-2.27,43.10,209.8180,"4,849,603",69.0134,-11.4035,36.5200,32.0720,22.1915,40.3621,39.4442,36.4333,3.0109,2.4119,44.5067,28.5333,1240.7000,7330187.3709,41.1378,40.2282,38.5005,1.2508,0.0000,0.0000,0.0000,1.39,1.691,-,0.608,-,-,-,-,-,-,-,-,44.10,-1.00,"2,595",209.8180,65.80%,23.73%,42.07%,34.20%,0.00%,0.00%,-,6.00,0.59,43.77,29 Oct 2025,29 Dec 2025,74.75,64.85,905625000.00,B-EQ,90562500
SALAMCRST,S. Alam Cold Rolled Steels Limited,Engineering,Z,1131.27,24.08,11.50,-2.54,11.50,0.4690,"40,495",40.2117,-87.5000,11.8500,12.4480,14.1175,11.9675,11.9890,12.1184,-0.1294,-0.1432,12.8114,10.8886,32.5000,-169958.6941,12.0244,12.0718,11.9857,1.3225,0.0000,0.0000,0.0000,4.35,0.881,-,0.422,-,0.151,0.007,0.160,0.002,0.022,-,-,11.80,-0.30,71,0.4690,51.50%,24.42%,27.08%,48.50%,0.00%,0.00%,-,5.00,0.49,18.55,01 Nov 2023,23 Jan 2024,24.08,31.61,983711000.00,Z-EQ,98371100
SALVO,Salvo Organic Industries PLC.,Pharmaceuticals & Chemicals,B,1892.16,51.90,29.10,-3.32,29.10,9.5590,"324,050",35.5453,-93.7500,30.4400,33.4540,0.0000,30.3161,30.4565,31.3245,-0.8680,-0.9683,32.3445,28.5355,152.5600,-410493.3573,30.3111,30.4346,30.4124,1.2193,0.0000,0.0000,0.0000,0.86,0.478,0.355,0.300,-,0.077,0.014,0.115,0.013,0.035,-,-,30.10,-1.00,461,9.5590,69.85%,4.57%,65.28%,30.15%,0.00%,0.00%,-,2.50,0.58,16.57,19 Aug 2025,29 Sep 2025,51.90,51.31,650227930.00,B-EQ,65022793
SAMATALETH,Samata Leather Complex Limited,Tannery Industries,B,994.85,-,96.40,-3.98,96.40,22.2670,"225,567",58.5279,-25.5319,84.7700,93.4080,94.5160,91.1529,89.8617,89.0411,0.8207,-1.6288,98.8002,70.7398,246.4800,-9916.3311,92.1378,90.5115,87.5271,1.2367,0.0000,0.0000,0.0000,-,3.999,-,2.977,0.007,0.001,-,0.101,-,-,-,-,100.40,-4.00,"1,469",22.2670,66.13%,3.96%,62.17%,33.87%,0.00%,0.00%,-,-,-0.02,14.35,27 Nov 2025,31 Dec 2025,-,-,103200000.00,B-EQ,10320000
SAMORITA,Samorita Hospital Limited,Services & Real Estate,B,1927.20,146.45,88.40,-2.64,88.40,10.9900,"123,040",41.2309,-97.1429,91.8800,97.1120,78.9090,92.2431,92.5983,93.8588,-1.2605,-1.0736,100.0754,83.6846,410.5600,-138182.6885,92.1956,92.7564,92.7643,1.0981,0.0000,0.0000,0.0000,0.57,1.668,-,1.342,0.045,0.040,0.034,0.580,0.011,0.013,-,-,90.80,-2.40,661,10.9900,55.40%,9.13%,46.26%,44.60%,0.00%,0.01%,-,5.00,0.62,48.39,22 Oct 2025,09 Dec 2025,146.45,88.44,218008970.00,B-EQ,21800897
SANDHANINS,Sandhani Life Insurance Company Ltd.,Insurance,A,2599.86,20.00,23.70,-1.25,23.70,6.1470,"257,633",38.5437,-93.7500,24.2950,26.0740,23.0925,24.2288,24.2983,24.7560,-0.4577,-0.5205,24.9770,23.6130,61.2800,-252934.2130,24.2444,24.2885,24.2862,1.3833,0.0000,0.0000,0.0000,5.06,-,-,-,-,-,-,-,-,-,-,-,24.00,-0.30,282,6.1470,68.33%,16.47%,51.86%,31.67%,0.00%,0.00%,-,12.00,1.20,18.00,20 Jul 2026,29 Sep 2026,20.00,20.00,1096986330.00,A-EQ,109698633
SAPORTL,Summit Alliance Port Limited,Services & Real Estate,A,13904.10,20.60,58.70,0.00,58.70,29.8940,"507,228",43.8172,-76.5957,60.2450,59.3480,50.4590,59.6562,59.8196,59.7659,0.0536,0.4375,62.4810,58.0090,118.7300,-899390.0578,59.5444,59.8731,60.1800,1.2029,0.0000,0.0000,0.0000,3.07,0.627,-,0.623,0.153,0.214,0.116,0.264,0.061,0.100,-,-,58.70,0.00,545,29.8940,37.32%,11.04%,26.26%,62.68%,0.00%,0.02%,-,18.00,2.85,35.67,09 Nov 2025,23 Dec 2025,20.60,27.18,2368671230.00,A-EQ,236867123
SAVAREFR,Savar Refractories Limited,Miscellaneous,Z,300.15,-,0.00,0.00,215.50,0.0000,0,8.6600,-52.3810,215.5000,216.5680,245.1760,216.0274,216.9502,223.9176,-6.9674,-8.2196,224.7257,206.2743,0.6400,-0.1356,215.5000,215.5000,215.5000,0.8692,0.0000,0.0000,0.0000,-,0.349,-,0.147,-,-,-,0.181,-,-,-,-,215.50,0.00,0,0.0000,49.32%,7.18%,42.14%,50.68%,0.00%,0.00%,-,-,-4.86,90.66,29 Oct 2023,17 Feb 2024,-,-,13928000.00,Z-EQ,1392800
SBACBANK,SBAC Bank PLC,Bank,Z,5439.66,660.00,6.60,0.00,6.60,0.1100,"16,663",43.2318,-100.0000,6.7150,6.9100,6.5215,6.6823,6.6972,6.7412,-0.0441,-0.0322,6.9329,6.4971,1.7500,-76441.9047,6.6689,6.6974,6.7176,1.5618,0.0000,0.0000,0.0000,-,-,-,-,-,0.274,0.002,-,0.000,0.001,0.000,-,6.60,0.00,24,0.1100,29.77%,15.11%,14.66%,70.23%,0.00%,0.00%,-,-,0.01,13.61,30 Apr 2026,15 Jun 2026,660.00,19.41,8241916500.00,Z-EQ,824191650
SEAPEARL,Sea Pearl Beach Resort & Spa Limited,Travel & Leisure,B,4141.73,-,34.30,-2.28,34.30,14.4770,"418,286",43.9706,-76.3889,34.7800,36.6660,35.7880,35.3773,35.3721,35.5721,-0.2000,-0.3054,38.0183,31.5417,140.0900,-681386.5104,35.5844,35.6705,35.3048,1.3414,0.0000,0.0000,0.0000,0.29,0.303,0.070,0.303,-,0.212,-,0.706,-,-,-,-,35.10,-0.80,732,14.4770,53.17%,10.83%,42.34%,46.83%,0.00%,0.00%,-,1.00,-2.46,15.28,28 Oct 2025,-,-,-,1207500000.00,B-EQ,120750000
SEB1PBOND,Southeast Bank 1st Perpetual Bond,Corporate Bond,A,438.00,-,0.00,0.00,4380.00,0.0000,0,,,,,,,,,,,,,,,,,,,,,,0.02,-,-,-,-,-,-,-,-,-,-,-,4380.00,0.00,0,0.0000,0.00%,0.00%,0.00%,0.00%,0.00%,0.00%,-,-,0.00,0.00,-,-,-,-,1000000.00,A-CB,100000
SEMLFBSLGF,SEML FBLSL Growth Fund,Mutual Funds,A,488.73,-,6.70,0.00,6.70,3.2600,"482,812",42.3880,-88.8889,6.9150,7.0920,5.7865,6.8983,6.9151,6.9332,-0.0180,0.0105,7.3319,6.4981,201.0000,-1001290.6674,6.9111,6.9551,6.9424,1.2594,0.0000,0.0000,0.0000,-,-,-,-,-,-,-,-,-,-,-,-,6.70,0.00,164,3.2600,85.61%,22.53%,63.08%,14.39%,0.00%,0.00%,-,-,0.00,0.00,-,-,-,7.44,729445000.00,A-MF,72944500
SEMLIBBLSF,SEML IBBL Shariah Fund,Mutual Funds,A,780.00,15.92,0.00,0.00,7.80,11.1870,"1,435,845",43.9785,-83.3333,7.9250,7.9220,6.6685,7.9309,7.9384,7.9182,0.0202,0.0462,8.1771,7.6729,93.2400,-335420.9753,7.9422,7.9654,7.9548,0.9126,0.0000,0.0000,0.0000,-,-,-,-,-,-,-,-,-,-,-,-,7.80,0.00,99,11.1870,50.00%,27.47%,22.53%,50.00%,0.00%,0.00%,-,-,0.49,10.00,19 Aug 2026,-,15.92,15.92,1000000000.00,A-MF,100000000
SHAHJABANK,Shahjalal Islami Bank PLC.,Bank,A,19143.06,5.23,17.30,-0.58,17.20,1.0540,"60,885",43.4556,-85.7143,17.3850,17.4540,17.2615,17.3422,17.3586,17.4004,-0.0418,-0.0254,17.6624,17.1076,4.6700,89270.9223,17.3356,17.3526,17.3743,0.5268,0.0000,0.0000,0.0000,7.56,-,-,-,-,0.674,0.172,-,0.009,0.142,0.010,-,17.30,-0.10,45,1.0540,56.99%,24.57%,32.42%,43.01%,0.00%,0.00%,-,13.00,3.31,23.07,09 Apr 2026,24 May 2026,5.23,3.12,11129683510.00,A-EQ,1112968351
SHARPIND,Sharp Industries PLC,Textile,B,5280.07,160.91,17.40,-1.69,17.40,87.7040,"4,976,592",34.5595,-94.5946,18.6650,27.7380,19.6410,18.3417,18.6441,20.8914,-2.2472,-2.6405,20.4281,16.9019,926.3200,-12245545.1294,18.1644,18.3692,18.5590,1.4545,0.0000,0.0000,0.0000,-,1.048,-,0.594,-,-,-,-,-,-,-,-,17.70,-0.30,"2,631",87.7040,63.37%,33.59%,29.78%,36.63%,0.00%,0.00%,-,-,0.11,10.08,27 Oct 2025,21 Dec 2025,160.91,-,3034521090.00,B-EQ,303452109
SHASHADNIM,Shasha Denims PLC,Textile,B,3878.49,17.64,27.50,-0.72,27.50,9.1140,"331,226",51.5285,-38.4615,27.2900,27.9080,21.7820,27.2954,27.2780,27.3545,-0.0765,-0.1508,28.2143,26.3657,81.7500,-130325.2311,27.2644,27.1949,27.2129,1.1721,0.0000,0.0000,0.0000,1.82,1.131,-,0.699,-,-,-,-,0.001,0.001,-,-,27.70,-0.20,284,9.1140,55.60%,25.07%,30.32%,44.40%,0.00%,0.21%,-,5.00,1.57,41.84,29 Oct 2025,23 Dec 2025,17.64,53.27,1410359100.00,B-EQ,141035910
SHEPHERD,Shepherd Industries PLC,Textile,B,1833.15,310.00,11.90,-4.03,11.90,7.3160,"604,826",30.2743,-95.2381,12.9500,14.9580,14.5700,12.6724,12.8035,13.4586,-0.6552,-0.6756,13.9831,11.9169,122.8800,-901417.4421,12.6133,12.7269,12.8276,1.1710,0.0000,0.0000,0.0000,0.84,1.287,-,0.510,-,-,-,-,-,-,-,-,12.40,-0.50,353,7.3160,55.01%,22.51%,30.03%,44.99%,0.00%,2.47%,-,1.00,0.04,13.41,29 Oct 2025,30 Dec 2025,310.00,-,1540464730.00,B-EQ,154046473
SHURWID,Shurwid Industries Limited,Engineering,Z,321.26,3.99,5.60,1.82,5.60,0.1030,"18,485",40.1439,-66.6667,5.8050,6.0440,5.9115,5.6786,5.7123,5.8369,-0.1246,-0.1091,6.0914,5.5186,26.2100,-15705.0182,5.6489,5.6795,5.7395,1.4519,0.0000,0.0000,0.0000,17.86,5.671,0.087,5.525,-,0.407,0.369,0.483,0.088,0.113,-,-,5.50,0.10,18,0.1030,87.99%,9.75%,78.24%,12.01%,0.00%,0.00%,-,10.00,1.38,12.21,03 Nov 2019,30 Dec 2019,3.99,2.18,573677500.00,Z-EQ,57367750
SHYAMPSUG,Shyampur Sugar Mills Limited,Food & Allied,Z,1598.00,-,319.60,8.63,319.60,21.5140,"68,853",62.3317,-0.7371,295.0800,298.9420,208.0920,297.1223,296.5403,296.4055,0.1348,-1.0798,314.2874,275.8726,148.6000,-9303.1603,295.6089,295.8269,295.4329,0.8610,0.0000,0.0000,0.0000,-,0.037,-,0.028,-,-,-,-,-,0.039,-,-,294.20,25.40,911,21.5140,49.00%,6.07%,42.93%,0.00%,51.00%,0.00%,-,-,-50.77,-1310.44,27 Oct 2025,15 Dec 2025,-,-,50000000.00,Z-EQ,5000000
SIBL,Social Islami Bank PLC,Bank,A,3420.47,-,0.00,0.00,3.00,0.0000,0,31.3124,-100.0000,3.7100,4.3600,7.5535,3.3115,3.4113,3.8136,-0.4023,-0.3725,4.6456,2.7744,59.6900,-962520.2054,3.2244,3.2923,3.4724,1.2843,0.0000,0.0000,0.0000,-,-,-,-,-,-,-,-,-,-,-,-,3.00,0.00,0,0.0000,88.38%,68.54%,18.97%,11.62%,0.00%,0.87%,-,-,-0.89,18.15,01 Jun 2025,18 Aug 2025,-,-,11401551000.00,A-EQ,1140155100
SICL,Sikder Insurance Company Limited,Insurance,B,1400.00,27.50,35.00,-0.57,35.00,12.8350,"364,650",42.4507,-94.2857,35.9600,37.2240,29.5345,35.8871,36.0019,36.4938,-0.4919,-0.4711,38.1875,33.7325,469.2200,-886680.1909,35.8911,35.9949,35.9662,1.5146,0.0000,0.0000,0.0000,2.86,-,-,-,-,-,-,-,-,-,-,-,35.20,-0.20,466,12.8350,49.60%,7.03%,42.57%,50.40%,0.00%,0.00%,-,10.00,1.36,13.94,15 Jun 2026,27 Sep 2026,27.50,16.76,400000000.00,B-EQ,40000000
SILCOPHL,Silco Pharmaceuticals Limited,Pharmaceuticals & Chemicals,B,1598.63,39.51,15.40,-4.94,15.40,5.8560,"374,213",32.5106,-88.2353,17.0050,18.4080,16.5835,16.6333,16.7775,17.2880,-0.5105,-0.4343,18.3898,15.6202,114.8000,-363449.5764,16.5556,16.7423,16.9424,1.4216,0.0000,0.0000,0.0000,0.71,4.707,-,2.622,-,0.190,0.099,0.356,0.015,0.018,-,-,16.20,-0.80,315,5.8560,64.73%,16.34%,48.39%,35.27%,0.00%,0.00%,-,1.10,0.41,23.02,18 Nov 2025,15 Dec 2025,39.51,37.97,1038070000.00,B-EQ,103807000
SILVAPHL,Silva Pharmaceuticals Ltd.,Pharmaceuticals & Chemicals,B,1569.75,-,11.50,-4.96,11.50,2.8340,"241,403",30.1565,-95.6522,12.6700,14.2440,12.1005,12.3963,12.5113,12.9978,-0.4865,-0.4628,13.6838,11.6562,82.0000,-194273.9027,12.3289,12.4846,12.6067,1.5744,0.0000,0.0000,0.0000,-,14.899,-,6.945,-,-,-,0.267,-,-,-,-,12.10,-0.60,276,2.8340,54.85%,16.18%,38.66%,45.15%,0.00%,0.01%,-,-,-0.97,15.48,29 Oct 2025,30 Dec 2025,-,-,1365000000.00,B-EQ,136500000
SIMTEX,Simtex Industries PLC.,Textile,A,1942.13,24.56,24.40,-3.56,24.40,26.1990,"1,061,526",47.3802,-62.5000,24.2000,25.6020,24.4745,24.5015,24.4577,24.6653,-0.2076,-0.4016,25.2423,23.1577,259.2000,-321501.7039,24.5444,24.4513,24.2971,1.2567,0.0000,0.0000,0.0000,4.10,1.982,-,1.689,-,-,-,-,-,-,-,-,25.30,-0.90,805,26.1990,68.35%,4.32%,64.03%,31.65%,0.00%,0.00%,-,10.00,1.03,22.43,28 Oct 2025,24 Dec 2025,24.56,19.77,795953810.00,A-EQ,79595381
SINGERBD,Singer Bangladesh Limited,Engineering,Z,7637.24,-,76.60,-1.29,76.60,2.0380,"26,475",49.0416,-56.7568,76.3200,76.1180,82.3585,78.1589,77.8996,76.8741,1.0255,0.9387,83.2317,69.4083,10.6400,-17766.4906,78.6689,78.8269,77.7605,0.6933,0.0000,0.0000,0.0000,-,0.715,36.911,0.326,-,0.026,-,0.242,-,-,-,-,77.60,-1.00,184,2.0380,43.00%,28.80%,14.20%,57.00%,0.00%,0.00%,-,-,-22.56,1.69,01 Feb 2026,20 Apr 2026,-,-,997028380.00,Z-EQ,99702838
SINOBANGLA,Sinobangla Industries Limited,Miscellaneous,A,1393.56,37.72,46.00,-3.97,46.00,9.5910,"205,628",29.7608,-92.1569,48.9950,52.4280,51.0980,48.2693,48.5532,49.8010,-1.2477,-1.2113,51.8431,46.1469,180.4100,-185795.3463,48.1844,48.4474,48.6681,1.5176,0.0000,0.0000,0.0000,2.17,1.076,-,0.665,0.022,0.058,0.013,0.110,0.013,0.048,-,-,47.90,-1.90,504,9.5910,69.39%,2.65%,66.66%,30.61%,0.00%,0.08%,-,10.00,1.27,26.39,28 Oct 2025,26 Jan 2026,37.72,33.57,302948490.00,A-EQ,30294849
SIPLC,Sena Insurance PLC,Insurance,A,5680.00,28.03,142.00,-2.00,142.00,21.7610,"151,043",49.7998,-58.1731,140.7100,138.6700,88.8015,147.0372,146.1715,142.5373,3.6342,3.4434,162.2277,119.1923,308.3400,-275268.0116,149.5422,148.5551,145.0648,1.5035,0.0000,0.0000,0.0000,1.06,-,-,-,-,-,-,-,-,-,-,-,144.90,-2.90,694,21.7610,40.00%,9.21%,30.79%,60.00%,0.00%,0.00%,-,15.00,5.17,28.58,17 Feb 2026,31 Mar 2026,28.03,21.37,400000000.00,A-EQ,40000000
SJIBLPBOND,SJIBL Mudaraba Perpetual Bond,Corporate Bond,A,470.00,-,0.00,0.00,4700.00,0.0000,0,47.0743,-23.7762,4741.3250,4738.1200,0.0000,4688.3935,4701.4018,4804.3352,-102.9334,-122.8053,5646.3919,3836.2581,0.1200,-1181.2894,4734.8000,4736.8077,4739.3571,-0.0840,0.0000,0.0000,0.0000,0.02,-,-,-,-,-,-,-,-,-,-,-,4700.00,0.00,0,0.0000,0.00%,0.00%,0.00%,0.00%,0.00%,0.00%,-,-,0.00,0.00,-,-,-,-,1000000.00,A-CB,100000
SKTRIMS,SK Trims & Industries Limited,Miscellaneous,Z,1134.98,25.74,13.40,-3.60,13.40,1.0990,"80,771",54.1456,-44.7368,12.6450,13.6280,10.8990,13.1780,13.0670,13.0610,0.0060,-0.2348,14.1381,11.1519,27.9600,-72659.5140,13.3267,13.1090,12.7910,1.2274,0.0000,0.0000,0.0000,-,2.441,-,1.611,0.057,0.065,0.041,0.118,0.027,0.034,-,-,13.90,-0.50,100,1.0990,68.77%,26.34%,42.43%,31.23%,0.00%,0.00%,-,-,-3.33,12.03,01 Jun 2026,-,25.74,-,847000000.00,Z-EQ,84700000
SONALIANSH,Sonali Aansh Industries Limited,Jute,A,2450.56,25.90,225.90,-0.79,225.90,42.5370,"186,589",61.2569,-24.6835,213.3150,215.2480,189.8080,220.8683,219.4040,216.1075,3.2965,1.6320,230.8635,195.7665,339.0500,-118088.3848,222.5644,221.2692,217.3786,1.3027,0.0000,0.0000,0.0000,0.66,1.983,-,1.538,0.073,0.069,0.055,0.114,0.070,0.268,-,-,227.70,-1.80,"1,546",42.5370,68.98%,9.94%,59.04%,31.02%,0.00%,0.00%,-,15.00,8.79,32.81,19 Nov 2025,31 Dec 2025,25.90,30.39,108480000.00,A-EQ,10848000
SONALILIFE,Sonali Life Insurance PLC,Insurance,A,4607.50,60.00,97.00,-0.21,97.00,69.9970,"718,491",72.6165,-9.4241,85.7650,85.8020,73.5730,90.7707,89.5387,87.0851,2.4536,0.9028,95.5873,75.9427,166.3600,429804.5695,91.7222,90.3397,87.7886,1.2995,0.0000,0.0000,0.0000,1.55,-,-,-,-,-,-,-,-,-,-,-,97.20,-0.20,"1,408",69.9970,45.15%,3.99%,41.16%,54.85%,0.00%,0.00%,-,15.00,1.62,32.15,13 Jul 2026,27 Aug 2026,60.00,-,475000000.00,A-EQ,47500000
SONALIPAPR,Sonali Paper & Board Mills Limited,Paper & Printing,A,7188.64,31.00,218.20,-1.84,218.20,13.3760,"60,814",42.7697,-76.6667,220.6800,230.2800,231.5230,221.4568,221.7667,223.9553,-2.1886,-2.5379,230.1652,211.1948,61.3700,-83209.7031,221.5511,222.1064,221.6348,1.2788,0.0000,0.0000,0.0000,1.83,0.981,-,0.610,0.100,0.137,0.084,0.163,0.033,0.043,-,-,222.30,-4.10,651,13.3760,32.49%,6.27%,26.22%,67.51%,0.00%,0.00%,-,40.00,7.17,167.90,28 Oct 2025,18 Dec 2025,31.00,25.38,329451880.00,A-EQ,32945188
SONARBAINS,Sonar Bangla Insurance Limited,Insurance,A,1809.97,61.01,41.00,-2.61,41.00,48.4390,"1,167,625",62.2489,-20.5479,37.2700,38.2520,34.5475,38.9902,38.5742,38.0247,0.5494,-0.1057,40.8425,33.6975,172.0300,430090.1793,39.2222,38.7974,37.9914,1.4548,0.0000,0.0000,0.0000,1.22,-,-,-,-,-,-,-,-,-,-,-,42.10,-1.10,"1,898",48.4390,63.15%,11.81%,51.34%,36.85%,0.00%,0.00%,5.00,5.00,0.69,20.02,10 May 2026,13 Aug 2026,61.01,40.48,441456920.00,A-EQ,44145692
SONARGAON,Sonargaon Textiles Limited,Textile,B,2874.32,-,108.00,-2.07,108.60,28.1380,"256,772",56.4921,-31.5574,100.3350,104.5380,61.8015,107.6529,106.4246,103.6397,2.7850,1.3981,118.0896,82.5804,229.4400,-39646.3538,109.4156,108.3603,104.7805,1.5428,0.0000,0.0000,0.0000,-,13.694,-,0.558,-,-,-,-,-,-,-,-,110.90,-2.30,634,28.1380,55.55%,22.29%,33.25%,44.45%,0.00%,0.01%,-,-,-0.80,18.35,27 Oct 2025,29 Dec 2025,-,-,264670560.00,B-EQ,26467056
SOUTHEASTB,Southeast Bank PLC.,Bank,A,16027.36,4.42,11.20,0.90,11.20,11.5150,"1,031,548",37.8801,-88.2353,11.9300,11.5080,10.1110,11.4517,11.5377,11.6427,-0.1050,0.0344,12.9541,10.9059,64.4400,-940160.6687,11.3511,11.4308,11.6800,0.9098,0.0000,0.0000,0.0000,2.68,-,-,-,-,0.604,0.169,-,0.006,0.097,0.007,-,11.10,0.10,258,11.5150,68.88%,38.25%,29.41%,31.12%,0.00%,1.22%,7.00,3.00,2.51,25.74,30 Apr 2026,23 Jul 2026,4.42,3.38,14310141350.00,A-EQ,1431014135
SPCERAMICS,Shinepukur Ceramics PLC.,Ceramics Sector,B,3086.29,137.50,21.00,-4.55,21.00,29.3260,"1,389,312",42.6174,-88.0952,21.9200,21.7260,19.9440,22.4134,22.3576,22.0115,0.3460,0.3861,24.5722,19.2678,185.4000,-981128.2294,22.6733,22.7538,22.4019,1.5693,0.0000,0.0000,0.0000,0.95,-,-,-,-,-,-,0.136,-,-,-,-,22.00,-1.00,959,29.3260,50.00%,5.88%,44.12%,50.00%,0.00%,0.00%,-,2.00,0.16,31.22,29 Oct 2024,30 Dec 2024,137.50,-,1469660550.00,B-EQ,146966055
SPCL,Shahjibazar Power Co. Ltd.,Fuel & Power,A,9200.94,20.04,49.30,-2.76,49.30,12.1300,"243,013",41.2930,-76.5957,49.9100,52.9240,51.7275,50.2802,50.3056,50.9145,-0.6089,-0.8396,52.2096,47.6104,42.8600,-257871.9834,50.3711,50.3731,50.1233,1.0611,0.0000,0.0000,0.0000,4.06,1.341,-,0.949,0.064,0.082,0.038,0.096,0.036,0.062,-,-,50.70,-1.40,567,12.1300,46.62%,17.33%,29.29%,53.38%,0.00%,0.00%,-,20.00,2.53,39.25,28 Oct 2025,14 Jan 2026,20.04,8.70,1866316290.00,A-EQ,186631629
SQUARETEXT,Square Textile PLC.,Textile,A,9527.27,6.70,48.30,-0.41,48.30,1.1050,"22,856",43.2682,-90.0000,48.7500,49.7700,49.0190,48.5794,48.6334,48.9466,-0.3132,-0.3420,49.8483,47.6517,7.1500,-54929.5038,48.5578,48.6000,48.6490,0.9738,0.0000,0.0000,0.0000,6.63,1.340,-,0.726,-,-,-,-,-,-,-,-,48.50,-0.20,140,1.1050,38.17%,24.02%,11.40%,61.83%,0.00%,2.75%,-,32.00,7.24,55.86,22 Oct 2025,15 Dec 2025,6.70,23.62,1972520000.00,A-EQ,197252000
SQURPHARMA,Square Pharmaceuticals PLC.,Pharmaceuticals & Chemicals,A,192891.74,8.06,217.60,-0.18,217.60,28.1990,"129,653",55.0478,-20.6897,215.9150,217.4700,214.7920,217.4183,217.1848,216.9241,0.2608,-0.1291,219.6585,212.1715,10.7100,91206.2858,217.7956,217.6103,216.7590,0.5139,0.0000,0.0000,0.0000,5.51,12.804,0.001,10.561,-,0.275,0.272,0.479,0.141,0.148,-,-,218.00,-0.40,"1,125",28.1990,55.85%,13.90%,27.62%,44.15%,0.00%,14.33%,-,120.00,27.04,157.88,23 Oct 2025,15 Dec 2025,8.06,7.02,8864510100.00,A-EQ,886451010
SSSTEEL,S.S. Steel Limited,Engineering,Z,1840.35,33.53,5.60,-1.75,5.60,0.6400,"113,538",31.1466,-87.5000,5.9800,6.5480,5.4120,5.8075,5.8610,6.0872,-0.2263,-0.2153,6.3831,5.5769,19.7500,-380417.2448,5.7689,5.8077,5.8867,1.7404,0.0000,0.0000,0.0000,3.57,2.240,-,1.157,-,0.106,0.002,0.129,0.002,0.007,-,-,5.70,-0.10,127,0.6400,69.06%,6.23%,62.83%,30.94%,0.00%,0.00%,-,2.00,0.17,23.87,17 Nov 2024,31 Dec 2024,33.53,-,3286332000.00,Z-EQ,328633200
STANCERAM,Standard Ceramic Industries Ltd.,Ceramics Sector,Z,414.13,-,64.50,-1.99,64.10,0.1300,"2,034",40.9337,-83.8235,65.6750,69.0160,70.1250,65.0846,65.2643,66.4042,-1.1399,-1.2816,68.7977,62.5523,9.3300,-1398.0837,65.0311,65.0462,65.2052,1.0114,0.0000,0.0000,0.0000,-,-,-,-,-,-,-,-,-,-,-,-,65.40,-1.30,18,0.1300,71.76%,4.63%,67.13%,28.24%,0.00%,0.00%,-,-,-23.02,-37.84,17 Nov 2024,26 Dec 2024,-,-,64606500.00,Z-EQ,6460650
STANDARINS,Standard Insurance PLC,Insurance,A,2130.19,20.45,49.20,-0.61,49.20,3.7480,"76,090",41.4082,-96.3636,51.1550,50.6720,45.6955,50.9623,51.0921,51.0244,0.0677,0.3844,54.7960,47.5140,221.9400,-328708.3405,50.9622,51.3013,51.4852,1.2217,0.0000,0.0000,0.0000,2.44,-,-,-,-,-,-,-,-,-,-,-,49.50,-0.30,175,3.7480,35.72%,10.35%,25.37%,64.28%,0.00%,0.00%,-,12.00,2.42,22.15,30 Apr 2026,29 Jun 2026,20.45,18.07,432965920.00,A-EQ,43296592
STANDBANKL,Standard Islami Bank PLC.,Bank,Z,4798.12,5.97,4.40,0.00,4.30,2.0830,"486,185",38.1211,-80.0000,4.4400,4.6700,4.8955,4.3823,4.4008,4.4783,-0.0775,-0.0733,4.6042,4.2758,6.5400,-493886.7346,4.3667,4.3859,4.4186,0.9717,0.0000,0.0000,0.0000,-,-,-,-,-,0.318,0.128,-,0.003,0.043,0.003,-,4.30,0.00,94,2.0830,66.47%,30.05%,36.42%,33.53%,0.00%,0.00%,-,-,0.72,16.94,30 Apr 2026,30 Jul 2026,5.97,71.67,11158423080.00,Z-EQ,1115842308
STYLECRAFT,Stylecraft Limited,Textile,Z,717.84,-,51.70,-1.71,51.70,0.4370,"8,429",40.6668,-71.4286,52.5600,55.4600,52.0410,52.5840,52.6816,53.3651,-0.6835,-0.7908,54.5520,50.5680,10.6200,-10366.6840,52.5511,52.7077,52.6895,1.3709,0.0000,0.0000,0.0000,-,1.409,-,0.779,-,-,-,-,-,-,-,-,52.60,-0.90,72,0.4370,67.97%,7.11%,60.86%,32.03%,0.00%,0.00%,-,-,-1.08,4.62,29 Oct 2025,11 Dec 2025,-,-,138847500.00,Z-EQ,13884750
SUMITPOWER,Summit Power Limited,Fuel & Power,A,16124.95,40.00,15.10,-0.66,15.10,6.4840,"428,272",36.7063,-90.9091,15.3600,15.9740,14.4470,15.3123,15.3437,15.5071,-0.1634,-0.1714,15.6671,15.0529,9.8100,-407518.2501,15.3022,15.3410,15.3614,0.9275,0.0000,0.0000,0.0000,6.95,1.490,-,1.454,0.087,0.133,0.080,0.145,0.033,0.055,-,-,15.20,-0.10,225,6.4840,36.81%,17.95%,15.21%,63.19%,0.00%,3.65%,-,10.50,0.38,40.57,23 Oct 2025,24 Dec 2025,40.00,7.76,10678772390.00,A-EQ,1067877239
SUNLIFEINS,Sunlife Insurance Company Limited,Insurance,B,2134.91,-,59.70,5.29,59.70,57.1190,"975,173",63.3730,-5.5556,52.0250,56.6600,60.5645,56.1238,55.2799,54.3866,0.8933,-0.5396,60.7150,43.3350,305.5200,292330.8444,57.1733,56.2462,54.0476,0.9425,0.0000,0.0000,0.0000,-,-,-,-,-,-,-,-,-,-,-,-,56.70,3.00,"1,564",57.1190,64.34%,13.29%,51.05%,35.66%,0.00%,0.00%,-,-,0.00,0.00,14 Jun 2026,03 Sep 2026,-,-,357606900.00,B-EQ,35760690
TAKAFULINS,Takaful Islami Insurance PLC.,Insurance,A,2154.90,43.06,50.60,-2.88,50.60,10.5720,"206,110",39.6617,-91.9355,54.0700,53.4300,39.9125,52.6912,52.9568,53.1942,-0.2375,0.2339,57.2237,50.9163,263.9900,-431442.0089,52.5444,52.8141,53.4019,1.0345,0.0000,0.0000,0.0000,1.98,-,-,-,-,-,-,-,-,-,-,-,52.10,-1.50,336,10.5720,50.48%,15.93%,34.50%,49.52%,0.00%,0.05%,-,10.00,1.21,18.44,30 Apr 2026,20 Jun 2026,43.06,18.88,425869770.00,A-EQ,42586977
TALLUSPIN,Tallu Spinning Mills Limited,Textile,Z,589.61,-,6.60,-2.94,6.60,0.6470,"96,780",32.9440,-87.5000,7.0250,7.6260,7.6990,6.8164,6.8803,7.1458,-0.2655,-0.2501,7.5556,6.4944,30.0200,-69093.2683,6.7578,6.8154,6.9138,1.3078,0.0000,0.0000,0.0000,-,1.346,-,0.734,-,-,-,-,-,-,-,-,6.80,-0.20,37,0.6470,70.39%,14.05%,55.99%,29.61%,0.00%,0.35%,-,-,-2.84,10.51,29 Sep 2026,12 Nov 2026,-,-,893353750.00,Z-EQ,89335375
TAMIJTEX,Tamijuddin Textile Mills PLC,Textile,A,3670.91,16.71,111.00,-0.98,111.00,5.1670,"46,291",36.7041,-89.8990,114.3850,122.9080,122.2260,112.6724,113.2872,116.4029,-3.1157,-3.2316,120.3851,108.3849,42.7300,-96869.7898,112.0978,112.6628,113.4952,1.4220,0.0000,0.0000,0.0000,1.08,1.196,-,0.505,-,-,-,-,-,-,-,-,112.10,-1.10,398,5.1670,38.77%,1.56%,37.21%,61.23%,0.00%,0.00%,10.00,12.00,6.71,102.79,30 Oct 2025,30 Dec 2025,16.71,20.61,330712430.00,A-EQ,33071243
TB10Y0127,10Y BGTB 18/01/2027,G-SEC (T.Bond),A,0.00,-,0.00,0.03,99.43,0.0000,0,,,,,,,,,,,,,,,,,,,,,,-,-,-,-,-,-,-,-,-,-,-,-,99.40,0.03,0,0.0000,0.00%,0.00%,0.00%,0.00%,0.00%,0.00%,-,-,0.00,0.00,-,-,-,-,-,A-GOVDBT,-
TB10Y0130,10Y BGTB 22/01/2030,G-SEC (T.Bond),A,0.00,-,0.00,0.20,100.40,0.0000,0,,,,,,,,,,,,,,,,,,,,,,-,-,-,-,-,-,-,-,-,-,-,-,100.20,0.20,0,0.0000,0.00%,0.00%,0.00%,0.00%,0.00%,0.00%,-,-,0.00,0.00,-,-,-,-,-,A-GOVDBT,-
TB10Y0132,10Y BGTB 19/01/2032,G-SEC (T.Bond),A,41706.00,-,0.00,1.63,92.68,0.0000,0,,,,,,,,,,,,,,,,,,,,,,-,-,-,-,-,-,-,-,-,-,-,-,91.19,1.49,0,0.0000,0.00%,0.00%,0.00%,0.00%,0.00%,0.00%,-,-,0.00,0.00,-,-,-,-,4500000000.00,A-GOVDBT,450000000
TB10Y0135,10Y BGTB 22/01/2035,G-SEC (T.Bond),A,0.00,-,0.00,0.29,117.70,0.0000,0,61.2208,0.0000,118.8850,0.0000,0.0000,112.9726,112.4528,111.5461,0.9067,0.1918,125.2424,112.5276,0.0000,-827.0650,118.3987,118.7199,118.9421,0.0512,0.0000,0.0000,0.0000,-,-,-,-,-,-,-,-,-,-,-,-,117.36,0.34,0,0.0000,0.00%,0.00%,0.00%,0.00%,0.00%,0.00%,-,-,0.00,0.00,-,-,-,-,-,A-GOVDBT,-
TB10Y0231,10Y BGTB 17/02/2031,G-SEC (T.Bond),A,0.00,-,0.00,0.81,89.35,0.0000,0,,,,,,,,,,,,,,,,,,,,,,-,-,-,-,-,-,-,-,-,-,-,-,88.63,0.72,0,0.0000,0.00%,0.00%,0.00%,0.00%,0.00%,0.00%,-,-,0.00,0.00,-,-,-,-,-,A-GOVDBT,-
TB10Y0234,10Y BGTB 22/02/2034,G-SEC (T.Bond),A,0.00,-,0.00,0.29,115.34,0.0000,0,67.3098,0.0000,117.3835,0.0000,0.0000,108.6944,108.3529,107.6690,0.6839,0.2558,123.5523,111.2147,0.0000,108.3149,116.4682,116.9191,117.2913,0.2215,0.0000,0.0000,0.0000,-,-,-,-,-,-,-,-,-,-,-,-,115.01,0.33,0,0.0000,0.00%,0.00%,0.00%,0.00%,0.00%,0.00%,-,-,0.00,0.00,-,-,-,-,-,A-GOVDBT,-
TB10Y0333,10Y BGTB 15/03/2033,G-SEC (T.Bond),A,0.00,-,0.00,-0.12,97.58,0.0000,0,,,,,,,,,,,,,,,,,,,,,,-,-,-,-,-,-,-,-,-,-,-,-,97.70,-0.12,0,0.0000,0.00%,0.00%,0.00%,0.00%,0.00%,0.00%,-,-,0.00,0.00,-,-,-,-,-,A-GOVDBT,-
TB10Y0335,10Y BGTB 19/03/2035,G-SEC (T.Bond),A,0.00,-,0.00,0.29,117.33,0.0000,0,,,,,,,,,,,,,,,,,,,,,,-,-,-,-,-,-,-,-,-,-,-,-,116.99,0.34,0,0.0000,0.00%,0.00%,0.00%,0.00%,0.00%,0.00%,-,-,0.00,0.00,-,-,-,-,-,A-GOVDBT,-
TB10Y0429,10Y BGTB 17/04/2029,G-SEC (T.Bond),A,0.00,-,0.00,0.07,97.29,0.0000,0,,,,,,,,,,,,,,,,,,,,,,-,-,-,-,-,-,-,-,-,-,-,-,97.22,0.07,0,0.0000,0.00%,0.00%,0.00%,0.00%,0.00%,0.00%,-,-,0.00,0.00,-,-,-,-,-,A-GOVDBT,-
TB10Y0434,10Y BGTB 17/04/2034,G-SEC (T.Bond),A,0.00,-,0.00,0.18,116.12,0.0000,0,68.2570,-5.6108,117.4870,0.0000,0.0000,114.3537,113.3233,110.8521,2.4712,1.3712,125.6467,109.3273,0.0000,0.0000,118.3042,118.1679,117.8745,0.1883,0.0000,0.0000,0.0000,-,-,-,-,-,-,-,-,-,-,-,-,115.91,0.21,0,0.0000,0.00%,0.00%,0.00%,0.00%,0.00%,0.00%,-,-,0.00,0.00,-,-,-,-,-,A-GOVDBT,-
TB10Y0530,10Y BGTB 07/05/2030,G-SEC (T.Bond),A,0.00,-,0.00,0.49,99.38,0.0000,0,,,,,,,,,,,,,,,,,,,,,,-,-,-,-,-,-,-,-,-,-,-,-,98.90,0.48,0,0.0000,0.00%,0.00%,0.00%,0.00%,0.00%,0.00%,-,-,0.00,0.00,-,-,-,-,-,A-GOVDBT,-
TB10Y0531,10Y BGTB 19/05/2031,G-SEC (T.Bond),A,0.00,-,0.00,0.64,87.63,0.0000,0,,,,,,,,,,,,,,,,,,,,,,-,-,-,-,-,-,-,-,-,-,-,-,87.07,0.56,0,0.0000,0.00%,0.00%,0.00%,0.00%,0.00%,0.00%,-,-,0.00,0.00,-,-,-,-,-,A-GOVDBT,-
TB10Y0532,10Y BGTB 25/05/2032,G-SEC (T.Bond),A,0.00,-,0.00,3.18,97.78,0.0000,0,,,,,,,,,,,,,,,,,,,,,,-,-,-,-,-,-,-,-,-,-,-,-,94.77,3.01,0,0.0000,0.00%,0.00%,0.00%,0.00%,0.00%,0.00%,-,-,0.00,0.00,-,-,-,-,-,A-GOVDBT,-
TB10Y0535,10Y BGTB 21/05/2035,G-SEC (T.Bond),A,0.00,-,0.00,0.29,116.04,0.0000,0,66.4011,0.0000,118.1340,0.0000,0.0000,111.5609,110.8475,108.9512,1.8964,1.2222,123.2435,113.0245,0.0000,6785.6093,118.4307,118.5151,118.4317,0.0179,0.0000,0.0000,0.0000,-,-,-,-,-,-,-,-,-,-,-,-,115.70,0.34,0,0.0000,0.00%,0.00%,0.00%,0.00%,0.00%,0.00%,-,-,0.00,0.00,-,-,-,-,-,A-GOVDBT,-
TB10Y0628,10Y BGTB 20/06/2028,G-SEC (T.Bond),A,0.00,-,0.00,0.01,97.74,0.0000,0,,,,,,,,,,,,,,,,,,,,,,-,-,-,-,-,-,-,-,-,-,-,-,97.73,0.01,0,0.0000,0.00%,0.00%,0.00%,0.00%,0.00%,0.00%,-,-,0.00,0.00,-,-,-,-,-,A-GOVDBT,-
TB10Y0629,10Y BGTB 19/06/2029,G-SEC (T.Bond),A,0.00,-,0.00,0.09,98.73,0.0000,0,,,,,,,,,,,,,,,,,,,,,,-,-,-,-,-,-,-,-,-,-,-,-,98.64,0.09,0,0.0000,0.00%,0.00%,0.00%,0.00%,0.00%,0.00%,-,-,0.00,0.00,-,-,-,-,-,A-GOVDBT,-
TB10Y0630,10Y BGTB 17/06/2030,G-SEC (T.Bond),A,0.00,-,0.00,0.82,99.43,0.0000,0,,,,,,,,,,,,,,,,,,,,,,-,-,-,-,-,-,-,-,-,-,-,-,98.62,0.81,0,0.0000,0.00%,0.00%,0.00%,0.00%,0.00%,0.00%,-,-,0.00,0.00,-,-,-,-,-,A-GOVDBT,-
TB10Y0632,10Y BGTB 22/06/2032,G-SEC (T.Bond),A,0.00,-,0.00,2.65,97.70,0.0000,0,,,,,,,,,,,,,,,,,,,,,,-,-,-,-,-,-,-,-,-,-,-,-,95.18,2.52,0,0.0000,0.00%,0.00%,0.00%,0.00%,0.00%,0.00%,-,-,0.00,0.00,-,-,-,-,-,A-GOVDBT,-
TB10Y0634,10 Years BGTB 20/06/2034,G-SEC (T.Bond),A,0.00,-,0.00,0.04,118.81,0.0000,0,60.3191,-31.6824,120.0675,0.0000,0.0000,114.5281,113.6299,111.4429,2.1870,1.2436,133.2508,106.8842,0.0000,6181.7769,118.8711,119.3690,119.8714,0.1174,0.0000,0.0000,0.0000,-,-,-,-,-,-,-,-,-,-,-,-,118.76,0.05,0,0.0000,0.00%,0.00%,0.00%,0.00%,0.00%,0.00%,-,-,0.00,0.00,-,-,-,-,-,A-GOVDBT,-
TB10Y0730,10Y BGTB 22/07/2030,G-SEC (T.Bond),A,0.00,-,0.00,1.15,97.27,0.0000,0,,,,,,,,,,,,,,,,,,,,,,-,-,-,-,-,-,-,-,-,-,-,-,96.16,1.11,0,0.0000,0.00%,0.00%,0.00%,0.00%,0.00%,0.00%,-,-,0.00,0.00,-,-,-,-,-,A-GOVDBT,-
TB10Y0731,10Y BGTB 25/07/2031,G-SEC (T.Bond),A,0.00,-,0.00,0.21,85.38,0.0000,0,,,,,,,,,,,,,,,,,,,,,,-,-,-,-,-,-,-,-,-,-,-,-,85.20,0.18,0,0.0000,0.00%,0.00%,0.00%,0.00%,0.00%,0.00%,-,-,0.00,0.00,-,-,-,-,-,A-GOVDBT,-
TB10Y0735,10Y BGTB 23/07/2035,G-SEC (T.Bond),A,32226.00,-,0.00,-0.15,107.42,0.0000,0,,,,,,,,,,,,,,,,,,,,,,-,-,-,-,-,-,-,-,-,-,-,-,107.58,-0.16,0,0.0000,0.00%,0.00%,0.00%,0.00%,0.00%,0.00%,-,-,0.00,0.00,-,-,-,-,3000000000.00,A-GOVDBT,300000000
TB10Y0829,10Y BGTB 21/08/2029,G-SEC (T.Bond),A,0.00,-,0.00,0.09,100.68,0.0000,0,,,,,,,,,,,,,,,,,,,,,,-,-,-,-,-,-,-,-,-,-,-,-,100.59,0.09,0,0.0000,0.00%,0.00%,0.00%,0.00%,0.00%,0.00%,-,-,0.00,0.00,-,-,-,-,-,A-GOVDBT,-
TB10Y0833,10Y BGTB 16/08/2033,G-SEC (T.Bond),A,0.00,-,0.00,0.02,100.45,0.0000,0,,,,,,,,,,,,,,,,,,,,,,-,-,-,-,-,-,-,-,-,-,-,-,100.43,0.02,0,0.0000,0.00%,0.00%,0.00%,0.00%,0.00%,0.00%,-,-,0.00,0.00,-,-,-,-,-,A-GOVDBT,-
TB10Y0932,10Y BGTB 21/09/2032,G-SEC (T.Bond),A,0.00,-,0.00,0.88,95.99,0.0000,0,,,,,,,,,,,,,,,,,,,,,,-,-,-,-,-,-,-,-,-,-,-,-,95.15,0.84,0,0.0000,0.00%,0.00%,0.00%,0.00%,0.00%,0.00%,-,-,0.00,0.00,-,-,-,-,-,A-GOVDBT,-
TB10Y1027,10Y BGTB 18/10/2027,G-SEC (T.Bond),A,0.00,-,0.00,0.11,98.09,0.0000,0,,,,,,,,,,,,,,,,,,,,,,-,-,-,-,-,-,-,-,-,-,-,-,97.98,0.11,0,0.0000,0.00%,0.00%,0.00%,0.00%,0.00%,0.00%,-,-,0.00,0.00,-,-,-,-,-,A-GOVDBT,-
TB10Y1030,10Y BGTB 21/10/2030,G-SEC (T.Bond),A,0.00,-,0.00,1.02,89.26,0.0000,0,,,,,,,,,,,,,,,,,,,,,,-,-,-,-,-,-,-,-,-,-,-,-,88.36,0.90,0,0.0000,0.00%,0.00%,0.00%,0.00%,0.00%,0.00%,-,-,0.00,0.00,-,-,-,-,-,A-GOVDBT,-
TB10Y1031,10Y BGTB 19/10/2031,G-SEC (T.Bond),A,0.00,-,0.00,0.60,90.80,0.0000,0,,,,,,,,,,,,,,,,,,,,,,-,-,-,-,-,-,-,-,-,-,-,-,90.26,0.54,0,0.0000,0.00%,0.00%,0.00%,0.00%,0.00%,0.00%,-,-,0.00,0.00,-,-,-,-,-,A-GOVDBT,-
TB10Y1128,10Y BGTB 22/11/2028,G-SEC (T.Bond),A,0.00,-,0.00,0.02,96.59,0.0000,0,,,,,,,,,,,,,,,,,,,,,,-,-,-,-,-,-,-,-,-,-,-,-,96.57,0.02,0,0.0000,0.00%,0.00%,0.00%,0.00%,0.00%,0.00%,-,-,0.00,0.00,-,-,-,-,-,A-GOVDBT,-
TB10Y1135,10Y BGTB 19/11/2035,G-SEC (T.Bond),A,26952.50,-,0.00,-0.13,107.81,0.0000,0,,,,,,,,,,,,,,,,,,,,,,-,-,-,-,-,-,-,-,-,-,-,-,107.95,-0.14,0,0.0000,0.00%,0.00%,0.00%,0.00%,0.00%,0.00%,-,-,0.00,0.00,-,-,-,-,2500000000.00,A-GOVDBT,250000000
TB10Y1229,10Y BGTB 18/12/2029,G-SEC (T.Bond),A,0.00,-,0.00,0.16,100.60,0.0000,0,,,,,,,,,,,,,,,,,,,,,,-,-,-,-,-,-,-,-,-,-,-,-,100.44,0.16,0,0.0000,0.00%,0.00%,0.00%,0.00%,0.00%,0.00%,-,-,0.00,0.00,-,-,-,-,-,A-GOVDBT,-
TB10Y1232,10Y BGTB 21/12/2032,G-SEC (T.Bond),A,0.00,-,0.00,-0.95,95.25,0.0000,0,,,,,,,,,,,,,,,,,,,,,,-,-,-,-,-,-,-,-,-,-,-,-,96.16,-0.91,0,0.0000,0.00%,0.00%,0.00%,0.00%,0.00%,0.00%,-,-,0.00,0.00,-,-,-,-,-,A-GOVDBT,-
TB15Y0127,15Y BGTB 18/01/2027,G-SEC (T.Bond),A,0.00,-,0.00,0.02,100.72,0.0000,0,,,,,,,,,,,,,,,,,,,,,,-,-,-,-,-,-,-,-,-,-,-,-,100.70,0.02,0,0.0000,0.00%,0.00%,0.00%,0.00%,0.00%,0.00%,-,-,0.00,0.00,-,-,-,-,-,A-GOVDBT,-
TB15Y0128,15Y BGTB 16/01/2028,G-SEC (T.Bond),A,0.00,-,0.00,0.02,103.79,0.0000,0,,,,,,,,,,,,,,,,,,,,,,-,-,-,-,-,-,-,-,-,-,-,-,103.77,0.02,0,0.0000,0.00%,0.00%,0.00%,0.00%,0.00%,0.00%,-,-,0.00,0.00,-,-,-,-,-,A-GOVDBT,-
TB15Y0129,15Y BGTB 29/01/2029,G-SEC (T.Bond),A,0.00,-,0.00,0.03,106.64,0.0000,0,,,,,,,,,,,,,,,,,,,,,,-,-,-,-,-,-,-,-,-,-,-,-,106.61,0.03,0,0.0000,0.00%,0.00%,0.00%,0.00%,0.00%,0.00%,-,-,0.00,0.00,-,-,-,-,-,A-GOVDBT,-
TB15Y0227,15Y BGTB 22/02/2027,G-SEC (T.Bond),A,0.00,-,0.00,0.09,101.05,0.0000,0,,,,,,,,,,,,,,,,,,,,,,-,-,-,-,-,-,-,-,-,-,-,-,100.96,0.09,0,0.0000,0.00%,0.00%,0.00%,0.00%,0.00%,0.00%,-,-,0.00,0.00,-,-,-,-,-,A-GOVDBT,-
TB15Y0228,15Y BGTB 20/02/2028,G-SEC (T.Bond),A,0.00,-,0.00,0.02,104.20,0.0000,0,,,,,,,,,,,,,,,,,,,,,,-,-,-,-,-,-,-,-,-,-,-,-,104.18,0.02,0,0.0000,0.00%,0.00%,0.00%,0.00%,0.00%,0.00%,-,-,0.00,0.00,-,-,-,-,-,A-GOVDBT,-
TB15Y0229,15Y BGTB 26/02/2029,G-SEC (T.Bond),A,0.00,-,0.00,0.05,106.63,0.0000,0,,,,,,,,,,,,,,,,,,,,,,-,-,-,-,-,-,-,-,-,-,-,-,106.58,0.05,0,0.0000,0.00%,0.00%,0.00%,0.00%,0.00%,0.00%,-,-,0.00,0.00,-,-,-,-,-,A-GOVDBT,-
TB15Y0327,15Y BGTB 21/03/2027,G-SEC (T.Bond),A,0.00,-,0.00,0.09,101.31,0.0000,0,,,,,,,,,,,,,,,,,,,,,,-,-,-,-,-,-,-,-,-,-,-,-,101.22,0.09,0,0.0000,0.00%,0.00%,0.00%,0.00%,0.00%,0.00%,-,-,0.00,0.00,-,-,-,-,-,A-GOVDBT,-
TB15Y0328,15Y BGTB 20/03/2028,G-SEC (T.Bond),A,0.00,-,0.00,0.02,104.57,0.0000,0,,,,,,,,,,,,,,,,,,,,,,-,-,-,-,-,-,-,-,-,-,-,-,104.55,0.02,0,0.0000,0.00%,0.00%,0.00%,0.00%,0.00%,0.00%,-,-,0.00,0.00,-,-,-,-,-,A-GOVDBT,-
TB15Y0329,15Y BGTB 27/03/2029,G-SEC (T.Bond),A,0.00,-,0.00,0.05,106.63,0.0000,0,,,,,,,,,,,,,,,,,,,,,,-,-,-,-,-,-,-,-,-,-,-,-,106.58,0.05,0,0.0000,0.00%,0.00%,0.00%,0.00%,0.00%,0.00%,-,-,0.00,0.00,-,-,-,-,-,A-GOVDBT,-
TB15Y0339,15Y BGTB 27/03/2039,G-SEC (T.Bond),A,0.00,-,0.00,0.08,121.29,0.0000,0,71.5503,-10.8292,122.5150,0.0000,0.0000,118.7331,117.6919,115.3036,2.3883,1.2258,132.2014,112.8286,0.0000,0.0000,121.3367,121.8808,122.3590,-0.0841,0.0000,0.0000,0.0000,-,-,-,-,-,-,-,-,-,-,-,-,121.19,0.10,0,0.0000,0.00%,0.00%,0.00%,0.00%,0.00%,0.00%,-,-,0.00,0.00,-,-,-,-,-,A-GOVDBT,-
TB15Y0340,15Y BGTB 27/03/2040,G-SEC (T.Bond),A,0.00,-,0.00,0.36,123.51,0.0000,0,59.5600,-29.4816,126.0255,0.0000,0.0000,121.6274,120.4279,117.6020,2.8259,1.5215,138.1620,113.8890,0.0000,0.0000,125.6918,126.0271,126.1760,0.3150,0.0000,0.0000,0.0000,-,-,-,-,-,-,-,-,-,-,-,-,123.07,0.44,0,0.0000,0.00%,0.00%,0.00%,0.00%,0.00%,0.00%,-,-,0.00,0.00,-,-,-,-,-,A-GOVDBT,-
TB15Y0427,15Y BGTB 18/04/2027,G-SEC (T.Bond),A,0.00,-,0.00,0.09,101.53,0.0000,0,,,,,,,,,,,,,,,,,,,,,,-,-,-,-,-,-,-,-,-,-,-,-,101.44,0.09,0,0.0000,0.00%,0.00%,0.00%,0.00%,0.00%,0.00%,-,-,0.00,0.00,-,-,-,-,-,A-GOVDBT,-
TB15Y0428,15Y BGTB 17/04/2028,G-SEC (T.Bond),A,0.00,-,0.00,0.02,104.80,0.0000,0,,,,,,,,,,,,,,,,,,,,,,-,-,-,-,-,-,-,-,-,-,-,-,104.78,0.02,0,0.0000,0.00%,0.00%,0.00%,0.00%,0.00%,0.00%,-,-,0.00,0.00,-,-,-,-,-,A-GOVDBT,-
TB15Y0429,15Y BGTB 23/04/2029,G-SEC (T.Bond),A,0.00,-,0.00,0.07,106.72,0.0000,0,,,,,,,,,,,,,,,,,,,,,,-,-,-,-,-,-,-,-,-,-,-,-,106.65,0.07,0,0.0000,0.00%,0.00%,0.00%,0.00%,0.00%,0.00%,-,-,0.00,0.00,-,-,-,-,-,A-GOVDBT,-
TB15Y0431,15Y BGTB 27/04/2031,G-SEC (T.Bond),A,0.00,-,0.00,0.66,95.16,0.0000,0,,,,,,,,,,,,,,,,,,,,,,-,-,-,-,-,-,-,-,-,-,-,-,94.54,0.62,0,0.0000,0.00%,0.00%,0.00%,0.00%,0.00%,0.00%,-,-,0.00,0.00,-,-,-,-,-,A-GOVDBT,-
TB15Y0437,15Y BGTB 27/04/2037,G-SEC (T.Bond),A,0.00,-,0.00,-0.01,95.82,0.0000,0,,,,,,,,,,,,,,,,,,,,,,-,-,-,-,-,-,-,-,-,-,-,-,95.83,-0.01,0,0.0000,0.00%,0.00%,0.00%,0.00%,0.00%,0.00%,-,-,0.00,0.00,-,-,-,-,-,A-GOVDBT,-
TB15Y0527,15Y BGTB 23/05/2027,G-SEC (T.Bond),A,0.00,-,0.00,0.08,101.78,0.0000,0,,,,,,,,,,,,,,,,,,,,,,-,-,-,-,-,-,-,-,-,-,-,-,101.70,0.08,0,0.0000,0.00%,0.00%,0.00%,0.00%,0.00%,0.00%,-,-,0.00,0.00,-,-,-,-,-,A-GOVDBT,-
TB15Y0528,15Y BGTB 22/05/2028,G-SEC (T.Bond),A,0.00,-,0.00,0.01,105.07,0.0000,0,,,,,,,,,,,,,,,,,,,,,,-,-,-,-,-,-,-,-,-,-,-,-,105.06,0.01,0,0.0000,0.00%,0.00%,0.00%,0.00%,0.00%,0.00%,-,-,0.00,0.00,-,-,-,-,-,A-GOVDBT,-
TB15Y0529,15Y BGTB 28/05/2029,G-SEC (T.Bond),A,0.00,-,0.00,0.07,106.91,0.0000,0,,,,,,,,,,,,,,,,,,,,,,-,-,-,-,-,-,-,-,-,-,-,-,106.84,0.07,0,0.0000,0.00%,0.00%,0.00%,0.00%,0.00%,0.00%,-,-,0.00,0.00,-,-,-,-,-,A-GOVDBT,-
TB15Y0535,15Y BGTB 13/05/2035,G-SEC (T.Bond),A,0.00,-,0.00,0.32,98.59,0.0000,0,,,,,,,,,,,,,,,,,,,,,,-,-,-,-,-,-,-,-,-,-,-,-,98.28,0.31,0,0.0000,0.00%,0.00%,0.00%,0.00%,0.00%,0.00%,-,-,0.00,0.00,-,-,-,-,-,A-GOVDBT,-
TB15Y0627,15Y BGTB 20/06/2027,G-SEC (T.Bond),A,0.00,-,0.00,0.06,101.99,0.0000,0,,,,,,,,,,,,,,,,,,,,,,-,-,-,-,-,-,-,-,-,-,-,-,101.93,0.06,0,0.0000,0.00%,0.00%,0.00%,0.00%,0.00%,0.00%,-,-,0.00,0.00,-,-,-,-,-,A-GOVDBT,-
TB15Y0628,15Y BGTB 19/06/2028,G-SEC (T.Bond),A,0.00,-,0.00,0.00,105.32,0.0000,0,,,,,,,,,,,,,,,,,,,,,,-,-,-,-,-,-,-,-,-,-,-,-,105.32,0.00,0,0.0000,0.00%,0.00%,0.00%,0.00%,0.00%,0.00%,-,-,0.00,0.00,-,-,-,-,-,A-GOVDBT,-
TB15Y0629,15Y BGTB 25/06/2029,G-SEC (T.Bond),A,0.00,-,0.00,0.07,107.06,0.0000,0,,,,,,,,,,,,,,,,,,,,,,-,-,-,-,-,-,-,-,-,-,-,-,106.98,0.08,0,0.0000,0.00%,0.00%,0.00%,0.00%,0.00%,0.00%,-,-,0.00,0.00,-,-,-,-,-,A-GOVDBT,-
TB15Y0635,15Y BGTB 24/06/2035,G-SEC (T.Bond),A,0.00,-,0.00,0.07,97.09,0.0000,0,,,,,,,,,,,,,,,,,,,,,,-,-,-,-,-,-,-,-,-,-,-,-,97.02,0.07,0,0.0000,0.00%,0.00%,0.00%,0.00%,0.00%,0.00%,-,-,0.00,0.00,-,-,-,-,-,A-GOVDBT,-
TB15Y0637,15Y BGTB 29/06/2037,G-SEC (T.Bond),A,0.00,-,0.00,0.01,100.14,0.0000,0,,,,,,,,,,,,,,,,,,,,,,-,-,-,-,-,-,-,-,-,-,-,-,100.13,0.01,0,0.0000,0.00%,0.00%,0.00%,0.00%,0.00%,0.00%,-,-,0.00,0.00,-,-,-,-,-,A-GOVDBT,-
TB15Y0727,15Y BGTB 18/07/2027,G-SEC (T.Bond),A,0.00,-,0.00,0.09,102.21,0.0000,0,,,,,,,,,,,,,,,,,,,,,,-,-,-,-,-,-,-,-,-,-,-,-,102.12,0.09,0,0.0000,0.00%,0.00%,0.00%,0.00%,0.00%,0.00%,-,-,0.00,0.00,-,-,-,-,-,A-GOVDBT,-
TB15Y0728,15Y BGTB 24/07/2028,G-SEC (T.Bond),A,0.00,-,0.00,0.00,105.62,0.0000,0,,,,,,,,,,,,,,,,,,,,,,-,-,-,-,-,-,-,-,-,-,-,-,105.62,0.00,0,0.0000,0.00%,0.00%,0.00%,0.00%,0.00%,0.00%,-,-,0.00,0.00,-,-,-,-,-,A-GOVDBT,-
TB15Y0729,15Y BGTB 23/07/2029,G-SEC (T.Bond),A,0.00,-,0.00,0.07,106.98,0.0000,0,,,,,,,,,,,,,,,,,,,,,,-,-,-,-,-,-,-,-,-,-,-,-,106.90,0.08,0,0.0000,0.00%,0.00%,0.00%,0.00%,0.00%,0.00%,-,-,0.00,0.00,-,-,-,-,-,A-GOVDBT,-
TB15Y0730,15Y BGTB 29/07/2030,G-SEC (T.Bond),A,0.00,-,0.00,1.17,104.22,0.0000,0,,,,,,,,,,,,,,,,,,,,,,-,-,-,-,-,-,-,-,-,-,-,-,103.01,1.21,0,0.0000,0.00%,0.00%,0.00%,0.00%,0.00%,0.00%,-,-,0.00,0.00,-,-,-,-,-,A-GOVDBT,-
TB15Y0736,15Y BGTB 28/07/2036,G-SEC (T.Bond),A,0.00,-,0.00,-0.08,79.24,0.0000,0,,,,,,,,,,,,,,,,,,,,,,-,-,-,-,-,-,-,-,-,-,-,-,79.30,-0.06,0,0.0000,0.00%,0.00%,0.00%,0.00%,0.00%,0.00%,-,-,0.00,0.00,-,-,-,-,-,A-GOVDBT,-
TB15Y0828,15Y BGTB 29/08/2028,G-SEC (T.Bond),A,0.00,-,0.00,-0.01,105.92,0.0000,0,,,,,,,,,,,,,,,,,,,,,,-,-,-,-,-,-,-,-,-,-,-,-,105.93,-0.01,0,0.0000,0.00%,0.00%,0.00%,0.00%,0.00%,0.00%,-,-,0.00,0.00,-,-,-,-,-,A-GOVDBT,-
TB15Y0829,15Y BGTB 27/08/2029,G-SEC (T.Bond),A,0.00,-,0.00,0.08,106.48,0.0000,0,,,,,,,,,,,,,,,,,,,,,,-,-,-,-,-,-,-,-,-,-,-,-,106.39,0.09,0,0.0000,0.00%,0.00%,0.00%,0.00%,0.00%,0.00%,-,-,0.00,0.00,-,-,-,-,-,A-GOVDBT,-
TB15Y0840,15Y BGTB 27/08/2040,G-SEC (T.Bond),A,0.00,-,0.00,-0.76,107.13,0.0000,0,,,,,,,,,,,,,,,,,,,,,,-,-,-,-,-,-,-,-,-,-,-,-,107.95,-0.82,0,0.0000,0.00%,0.00%,0.00%,0.00%,0.00%,0.00%,-,-,0.00,0.00,-,-,-,-,-,A-GOVDBT,-
TB15Y0927,15Y BGTB 19/09/2027,G-SEC (T.Bond),A,0.00,-,0.00,0.25,102.64,0.0000,0,,,,,,,,,,,,,,,,,,,,,,-,-,-,-,-,-,-,-,-,-,-,-,102.38,0.26,0,0.0000,0.00%,0.00%,0.00%,0.00%,0.00%,0.00%,-,-,0.00,0.00,-,-,-,-,-,A-GOVDBT,-
TB15Y0928,15Y BGTB 25/09/2028,G-SEC (T.Bond),A,0.00,-,0.00,-0.01,106.18,0.0000,0,,,,,,,,,,,,,,,,,,,,,,-,-,-,-,-,-,-,-,-,-,-,-,106.19,-0.01,0,0.0000,0.00%,0.00%,0.00%,0.00%,0.00%,0.00%,-,-,0.00,0.00,-,-,-,-,-,A-GOVDBT,-
TB15Y0929,15Y BGTB 24/09/2029,G-SEC (T.Bond),A,0.00,-,0.00,0.08,106.39,0.0000,0,,,,,,,,,,,,,,,,,,,,,,-,-,-,-,-,-,-,-,-,-,-,-,106.30,0.09,0,0.0000,0.00%,0.00%,0.00%,0.00%,0.00%,0.00%,-,-,0.00,0.00,-,-,-,-,-,A-GOVDBT,-
TB15Y0930,15Y BGTB 23/09/2030,G-SEC (T.Bond),A,0.00,-,0.00,1.01,98.79,0.0000,0,,,,,,,,,,,,,,,,,,,,,,-,-,-,-,-,-,-,-,-,-,-,-,97.80,0.99,0,0.0000,0.00%,0.00%,0.00%,0.00%,0.00%,0.00%,-,-,0.00,0.00,-,-,-,-,-,A-GOVDBT,-
TB15Y0933,15Y BGTB 26/09/2033,G-SEC (T.Bond),A,0.00,-,0.00,0.08,90.27,0.0000,0,,,,,,,,,,,,,,,,,,,,,,-,-,-,-,-,-,-,-,-,-,-,-,90.20,0.07,0,0.0000,0.00%,0.00%,0.00%,0.00%,0.00%,0.00%,-,-,0.00,0.00,-,-,-,-,-,A-GOVDBT,-
TB15Y1026,15Y BGTB 19/10/2026,G-SEC (T.Bond),A,0.00,-,0.00,-0.01,100.07,0.0000,0,,,,,,,,,,,,,,,,,,,,,,-,-,-,-,-,-,-,-,-,-,-,-,100.08,-0.01,0,0.0000,0.00%,0.00%,0.00%,0.00%,0.00%,0.00%,-,-,0.00,0.00,-,-,-,-,-,A-GOVDBT,-
TB15Y1027,15Y BGTB 17/10/2027,G-SEC (T.Bond),A,0.00,-,0.00,0.11,102.86,0.0000,0,,,,,,,,,,,,,,,,,,,,,,-,-,-,-,-,-,-,-,-,-,-,-,102.75,0.11,0,0.0000,0.00%,0.00%,0.00%,0.00%,0.00%,0.00%,-,-,0.00,0.00,-,-,-,-,-,A-GOVDBT,-
TB15Y1028,15Y BGTB 23/10/2028,G-SEC (T.Bond),A,0.00,-,0.00,0.00,106.39,0.0000,0,,,,,,,,,,,,,,,,,,,,,,-,-,-,-,-,-,-,-,-,-,-,-,106.39,0.00,0,0.0000,0.00%,0.00%,0.00%,0.00%,0.00%,0.00%,-,-,0.00,0.00,-,-,-,-,-,A-GOVDBT,-
TB15Y1029,15Y BGTB 29/10/2029,G-SEC (T.Bond),A,0.00,-,0.00,0.10,106.34,0.0000,0,,,,,,,,,,,,,,,,,,,,,,-,-,-,-,-,-,-,-,-,-,-,-,106.23,0.11,0,0.0000,0.00%,0.00%,0.00%,0.00%,0.00%,0.00%,-,-,0.00,0.00,-,-,-,-,-,A-GOVDBT,-
TB15Y1126,15Y BGTB 16/11/2026,G-SEC (T.Bond),A,0.00,-,0.00,0.00,100.22,0.0000,0,,,,,,,,,,,,,,,,,,,,,,-,-,-,-,-,-,-,-,-,-,-,-,100.22,0.00,0,0.0000,0.00%,0.00%,0.00%,0.00%,0.00%,0.00%,-,-,0.00,0.00,-,-,-,-,-,A-GOVDBT,-
TB15Y1127,15Y BGTB 21/11/2027,G-SEC (T.Bond),A,0.00,-,0.00,-0.01,103.14,0.0000,0,,,,,,,,,,,,,,,,,,,,,,-,-,-,-,-,-,-,-,-,-,-,-,103.15,-0.01,0,0.0000,0.00%,0.00%,0.00%,0.00%,0.00%,0.00%,-,-,0.00,0.00,-,-,-,-,-,A-GOVDBT,-
TB15Y1128,15Y BGTB 27/11/2028,G-SEC (T.Bond),A,0.00,-,0.00,0.02,106.39,0.0000,0,,,,,,,,,,,,,,,,,,,,,,-,-,-,-,-,-,-,-,-,-,-,-,106.37,0.02,0,0.0000,0.00%,0.00%,0.00%,0.00%,0.00%,0.00%,-,-,0.00,0.00,-,-,-,-,-,A-GOVDBT,-
TB15Y1129,15Y BGTB 26/11/2029,G-SEC (T.Bond),A,0.00,-,0.00,0.13,106.60,0.0000,0,,,,,,,,,,,,,,,,,,,,,,-,-,-,-,-,-,-,-,-,-,-,-,106.46,0.14,0,0.0000,0.00%,0.00%,0.00%,0.00%,0.00%,0.00%,-,-,0.00,0.00,-,-,-,-,-,A-GOVDBT,-
TB15Y1133,15Y BGTB 28/11/2033,G-SEC (T.Bond),A,0.00,-,0.00,0.19,91.84,0.0000,0,,,,,,,,,,,,,,,,,,,,,,-,-,-,-,-,-,-,-,-,-,-,-,91.67,0.17,0,0.0000,0.00%,0.00%,0.00%,0.00%,0.00%,0.00%,-,-,0.00,0.00,-,-,-,-,-,A-GOVDBT,-
TB15Y1226,15Y BGTB 21/12/2026,G-SEC (T.Bond),A,0.00,-,0.00,-0.01,100.41,0.0000,0,,,,,,,,,,,,,,,,,,,,,,-,-,-,-,-,-,-,-,-,-,-,-,100.42,-0.01,0,0.0000,0.00%,0.00%,0.00%,0.00%,0.00%,0.00%,-,-,0.00,0.00,-,-,-,-,-,A-GOVDBT,-
TB15Y1227,15Y BGTB 19/12/2027,G-SEC (T.Bond),A,0.00,-,0.00,0.01,103.46,0.0000,0,,,,,,,,,,,,,,,,,,,,,,-,-,-,-,-,-,-,-,-,-,-,-,103.45,0.01,0,0.0000,0.00%,0.00%,0.00%,0.00%,0.00%,0.00%,-,-,0.00,0.00,-,-,-,-,-,A-GOVDBT,-
TB15Y1228,15Y BGTB 26/12/2028,G-SEC (T.Bond),A,0.00,-,0.00,0.02,106.59,0.0000,0,,,,,,,,,,,,,,,,,,,,,,-,-,-,-,-,-,-,-,-,-,-,-,106.57,0.02,0,0.0000,0.00%,0.00%,0.00%,0.00%,0.00%,0.00%,-,-,0.00,0.00,-,-,-,-,-,A-GOVDBT,-
TB20Y0128,20Y BGTB 23/01/2028,G-SEC (T.Bond),A,0.00,-,0.00,0.02,105.03,0.0000,0,,,,,,,,,,,,,,,,,,,,,,-,-,-,-,-,-,-,-,-,-,-,-,105.01,0.02,0,0.0000,0.00%,0.00%,0.00%,0.00%,0.00%,0.00%,-,-,0.00,0.00,-,-,-,-,-,A-GOVDBT,-
TB20Y0129,20Y BGTB 28/01/2029,G-SEC (T.Bond),A,0.00,-,0.00,0.03,108.27,0.0000,0,,,,,,,,,,,,,,,,,,,,,,-,-,-,-,-,-,-,-,-,-,-,-,108.24,0.03,0,0.0000,0.00%,0.00%,0.00%,0.00%,0.00%,0.00%,-,-,0.00,0.00,-,-,-,-,-,A-GOVDBT,-
TB20Y0131,20Y BGTB 26/01/2031,G-SEC (T.Bond),A,0.00,-,0.00,0.80,102.15,0.0000,0,,,,,,,,,,,,,,,,,,,,,,-,-,-,-,-,-,-,-,-,-,-,-,101.34,0.81,0,0.0000,0.00%,0.00%,0.00%,0.00%,0.00%,0.00%,-,-,0.00,0.00,-,-,-,-,-,A-GOVDBT,-
TB20Y0132,20Y BGTB 25/01/2032,G-SEC (T.Bond),A,0.00,-,0.00,1.57,112.91,0.0000,0,,,,,,,,,,,,,,,,,,,,,,-,-,-,-,-,-,-,-,-,-,-,-,111.16,1.75,0,0.0000,0.00%,0.00%,0.00%,0.00%,0.00%,0.00%,-,-,0.00,0.00,-,-,-,-,-,A-GOVDBT,-
TB20Y0133,20Y BGTB 23/01/2033,G-SEC (T.Bond),A,0.00,-,0.00,-0.59,114.96,0.0000,0,,,,,,,,,,,,,,,,,,,,,,-,-,-,-,-,-,-,-,-,-,-,-,115.64,-0.68,0,0.0000,0.00%,0.00%,0.00%,0.00%,0.00%,0.00%,-,-,0.00,0.00,-,-,-,-,-,A-GOVDBT,-
TB20Y0134,20Y BGTB 29/01/2034,G-SEC (T.Bond),A,0.00,-,0.00,0.25,116.36,0.0000,0,,,,,,,,,,,,,,,,,,,,,,-,-,-,-,-,-,-,-,-,-,-,-,116.07,0.29,0,0.0000,0.00%,0.00%,0.00%,0.00%,0.00%,0.00%,-,-,0.00,0.00,-,-,-,-,-,A-GOVDBT,-
TB20Y0143,20Y BGTB 25/01/2043,G-SEC (T.Bond),A,0.00,-,0.00,-0.11,96.30,0.0000,0,67.5325,-5.7361,95.9010,0.0000,0.0000,95.4960,94.6072,92.2145,2.3927,1.5667,106.7874,85.0146,0.0000,-8197.0386,97.7742,97.5735,96.8222,0.4839,0.0000,0.0000,0.0000,-,-,-,-,-,-,-,-,-,-,-,-,96.41,-0.11,0,0.0000,0.00%,0.00%,0.00%,0.00%,0.00%,0.00%,-,-,0.00,0.00,-,-,-,-,-,A-GOVDBT,-
TB20Y0228,20Y BGTB 27/02/2028,G-SEC (T.Bond),A,0.00,-,0.00,0.01,105.33,0.0000,0,,,,,,,,,,,,,,,,,,,,,,-,-,-,-,-,-,-,-,-,-,-,-,105.32,0.01,0,0.0000,0.00%,0.00%,0.00%,0.00%,0.00%,0.00%,-,-,0.00,0.00,-,-,-,-,-,A-GOVDBT,-
TB20Y0229,20Y BGTB 25/02/2029,G-SEC (T.Bond),A,0.00,-,0.00,0.04,108.49,0.0000,0,,,,,,,,,,,,,,,,,,,,,,-,-,-,-,-,-,-,-,-,-,-,-,108.45,0.04,0,0.0000,0.00%,0.00%,0.00%,0.00%,0.00%,0.00%,-,-,0.00,0.00,-,-,-,-,-,A-GOVDBT,-
TB20Y0230,20Y BGTB 24/02/2030,G-SEC (T.Bond),A,0.00,-,0.00,0.23,100.30,0.0000,0,,,,,,,,,,,,,,,,,,,,,,-,-,-,-,-,-,-,-,-,-,-,-,100.07,0.23,0,0.0000,0.00%,0.00%,0.00%,0.00%,0.00%,0.00%,-,-,0.00,0.00,-,-,-,-,-,A-GOVDBT,-
TB20Y0231,20Y BGTB 23/02/2031,G-SEC (T.Bond),A,0.00,-,0.00,0.75,102.04,0.0000,0,,,,,,,,,,,,,,,,,,,,,,-,-,-,-,-,-,-,-,-,-,-,-,101.28,0.76,0,0.0000,0.00%,0.00%,0.00%,0.00%,0.00%,0.00%,-,-,0.00,0.00,-,-,-,-,-,A-GOVDBT,-
TB20Y0232,20Y BGTB 29/02/2032,G-SEC (T.Bond),A,0.00,-,0.00,1.96,113.76,0.0000,0,,,,,,,,,,,,,,,,,,,,,,-,-,-,-,-,-,-,-,-,-,-,-,111.57,2.19,0,0.0000,0.00%,0.00%,0.00%,0.00%,0.00%,0.00%,-,-,0.00,0.00,-,-,-,-,-,A-GOVDBT,-
TB20Y0233,20Y BGTB 27/02/2033,G-SEC (T.Bond),A,0.00,-,0.00,-0.27,116.48,0.0000,0,,,,,,,,,,,,,,,,,,,,,,-,-,-,-,-,-,-,-,-,-,-,-,116.80,-0.32,0,0.0000,0.00%,0.00%,0.00%,0.00%,0.00%,0.00%,-,-,0.00,0.00,-,-,-,-,-,A-GOVDBT,-
TB20Y0234,20Y BGTB 26/02/2034,G-SEC (T.Bond),A,0.00,-,0.00,0.28,116.36,0.0000,0,,,,,,,,,,,,,,,,,,,,,,-,-,-,-,-,-,-,-,-,-,-,-,116.04,0.32,0,0.0000,0.00%,0.00%,0.00%,0.00%,0.00%,0.00%,-,-,0.00,0.00,-,-,-,-,-,A-GOVDBT,-
TB20Y0328,20Y BGTB 27/03/2028,G-SEC (T.Bond),A,0.00,-,0.00,0.01,105.66,0.0000,0,,,,,,,,,,,,,,,,,,,,,,-,-,-,-,-,-,-,-,-,-,-,-,105.65,0.01,0,0.0000,0.00%,0.00%,0.00%,0.00%,0.00%,0.00%,-,-,0.00,0.00,-,-,-,-,-,A-GOVDBT,-
TB20Y0329,20Y BGTB 25/03/2029,G-SEC (T.Bond),A,0.00,-,0.00,0.06,108.75,0.0000,0,,,,,,,,,,,,,,,,,,,,,,-,-,-,-,-,-,-,-,-,-,-,-,108.69,0.06,0,0.0000,0.00%,0.00%,0.00%,0.00%,0.00%,0.00%,-,-,0.00,0.00,-,-,-,-,-,A-GOVDBT,-
TB20Y0330,20Y BGTB 24/03/2030,G-SEC (T.Bond),A,0.00,-,0.00,0.26,100.44,0.0000,0,,,,,,,,,,,,,,,,,,,,,,-,-,-,-,-,-,-,-,-,-,-,-,100.18,0.26,0,0.0000,0.00%,0.00%,0.00%,0.00%,0.00%,0.00%,-,-,0.00,0.00,-,-,-,-,-,A-GOVDBT,-
TB20Y0331,20Y BGTB 23/03/2031,G-SEC (T.Bond),A,0.00,-,0.00,0.70,102.05,0.0000,0,,,,,,,,,,,,,,,,,,,,,,-,-,-,-,-,-,-,-,-,-,-,-,101.34,0.71,0,0.0000,0.00%,0.00%,0.00%,0.00%,0.00%,0.00%,-,-,0.00,0.00,-,-,-,-,-,A-GOVDBT,-
TB20Y0332,20Y BGTB 28/03/2032,G-SEC (T.Bond),A,0.00,-,0.00,2.28,114.44,0.0000,0,,,,,,,,,,,,,,,,,,,,,,-,-,-,-,-,-,-,-,-,-,-,-,111.89,2.55,0,0.0000,0.00%,0.00%,0.00%,0.00%,0.00%,0.00%,-,-,0.00,0.00,-,-,-,-,-,A-GOVDBT,-
TB20Y0333,20Y BGTB 27/03/2033,G-SEC (T.Bond),A,0.00,-,0.00,-0.11,117.00,0.0000,0,,,,,,,,,,,,,,,,,,,,,,-,-,-,-,-,-,-,-,-,-,-,-,117.13,-0.13,0,0.0000,0.00%,0.00%,0.00%,0.00%,0.00%,0.00%,-,-,0.00,0.00,-,-,-,-,-,A-GOVDBT,-
TB20Y0334,20Y BGTB 27/03/2034,G-SEC (T.Bond),A,0.00,-,0.00,0.22,115.98,0.0000,0,,,,,,,,,,,,,,,,,,,,,,-,-,-,-,-,-,-,-,-,-,-,-,115.73,0.25,0,0.0000,0.00%,0.00%,0.00%,0.00%,0.00%,0.00%,-,-,0.00,0.00,-,-,-,-,-,A-GOVDBT,-
TB20Y0342,20Y BGTB 30/03/2042,G-SEC (T.Bond),A,0.00,-,0.00,-0.10,87.84,0.0000,0,,,,,,,,,,,,,,,,,,,,,,-,-,-,-,-,-,-,-,-,-,-,-,87.93,-0.09,0,0.0000,0.00%,0.00%,0.00%,0.00%,0.00%,0.00%,-,-,0.00,0.00,-,-,-,-,-,A-GOVDBT,-
TB20Y0428,20Y BGTB 23/04/2028,G-SEC (T.Bond),A,0.00,-,0.00,0.01,105.92,0.0000,0,,,,,,,,,,,,,,,,,,,,,,-,-,-,-,-,-,-,-,-,-,-,-,105.91,0.01,0,0.0000,0.00%,0.00%,0.00%,0.00%,0.00%,0.00%,-,-,0.00,0.00,-,-,-,-,-,A-GOVDBT,-
TB20Y0429,20Y BGTB 29/04/2029,G-SEC (T.Bond),A,0.00,-,0.00,0.07,105.65,0.0000,0,,,,,,,,,,,,,,,,,,,,,,-,-,-,-,-,-,-,-,-,-,-,-,105.58,0.07,0,0.0000,0.00%,0.00%,0.00%,0.00%,0.00%,0.00%,-,-,0.00,0.00,-,-,-,-,-,A-GOVDBT,-
TB20Y0430,20Y BGTB 28/04/2030,G-SEC (T.Bond),A,0.00,-,0.00,0.39,100.60,0.0000,0,,,,,,,,,,,,,,,,,,,,,,-,-,-,-,-,-,-,-,-,-,-,-,100.21,0.39,0,0.0000,0.00%,0.00%,0.00%,0.00%,0.00%,0.00%,-,-,0.00,0.00,-,-,-,-,-,A-GOVDBT,-
TB20Y0431,20Y BGTB 27/04/2031,G-SEC (T.Bond),A,0.00,-,0.00,0.63,101.97,0.0000,0,,,,,,,,,,,,,,,,,,,,,,-,-,-,-,-,-,-,-,-,-,-,-,101.33,0.64,0,0.0000,0.00%,0.00%,0.00%,0.00%,0.00%,0.00%,-,-,0.00,0.00,-,-,-,-,-,A-GOVDBT,-
TB20Y0432,20Y BGTB 25/04/2032,G-SEC (T.Bond),A,0.00,-,0.00,2.61,115.13,0.0000,0,,,,,,,,,,,,,,,,,,,,,,-,-,-,-,-,-,-,-,-,-,-,-,112.20,2.93,0,0.0000,0.00%,0.00%,0.00%,0.00%,0.00%,0.00%,-,-,0.00,0.00,-,-,-,-,-,A-GOVDBT,-
TB20Y0433,20Y BGTB 24/04/2033,G-SEC (T.Bond),A,0.00,-,0.00,-0.09,116.98,0.0000,0,,,,,,,,,,,,,,,,,,,,,,-,-,-,-,-,-,-,-,-,-,-,-,117.09,-0.11,0,0.0000,0.00%,0.00%,0.00%,0.00%,0.00%,0.00%,-,-,0.00,0.00,-,-,-,-,-,A-GOVDBT,-
TB20Y0434,20Y BGTB 23/04/2034,G-SEC (T.Bond),A,0.00,-,0.00,0.16,116.09,0.0000,0,,,,,,,,,,,,,,,,,,,,,,-,-,-,-,-,-,-,-,-,-,-,-,115.90,0.19,0,0.0000,0.00%,0.00%,0.00%,0.00%,0.00%,0.00%,-,-,0.00,0.00,-,-,-,-,-,A-GOVDBT,-
TB20Y0436,20Y BGTB 27/04/2036,G-SEC (T.Bond),A,0.00,-,0.00,-0.09,95.49,0.0000,0,,,,,,,,,,,,,,,,,,,,,,-,-,-,-,-,-,-,-,-,-,-,-,95.58,-0.09,0,0.0000,0.00%,0.00%,0.00%,0.00%,0.00%,0.00%,-,-,0.00,0.00,-,-,-,-,-,A-GOVDBT,-
TB20Y0528,20Y BGTB 28/05/2028,G-SEC (T.Bond),A,0.00,-,0.00,0.00,106.24,0.0000,0,,,,,,,,,,,,,,,,,,,,,,-,-,-,-,-,-,-,-,-,-,-,-,106.24,0.00,0,0.0000,0.00%,0.00%,0.00%,0.00%,0.00%,0.00%,-,-,0.00,0.00,-,-,-,-,-,A-GOVDBT,-
TB20Y0529,20Y BGTB 27/05/2029,G-SEC (T.Bond),A,0.00,-,0.00,0.08,104.88,0.0000,0,,,,,,,,,,,,,,,,,,,,,,-,-,-,-,-,-,-,-,-,-,-,-,104.80,0.08,0,0.0000,0.00%,0.00%,0.00%,0.00%,0.00%,0.00%,-,-,0.00,0.00,-,-,-,-,-,A-GOVDBT,-
TB20Y0530,20Y BGTB 26/05/2030,G-SEC (T.Bond),A,0.00,-,0.00,0.64,100.92,0.0000,0,,,,,,,,,,,,,,,,,,,,,,-,-,-,-,-,-,-,-,-,-,-,-,100.28,0.64,0,0.0000,0.00%,0.00%,0.00%,0.00%,0.00%,0.00%,-,-,0.00,0.00,-,-,-,-,-,A-GOVDBT,-
TB20Y0531,20Y BGTB 25/05/2031,G-SEC (T.Bond),A,0.00,-,0.00,0.55,101.84,0.0000,0,,,,,,,,,,,,,,,,,,,,,,-,-,-,-,-,-,-,-,-,-,-,-,101.28,0.56,0,0.0000,0.00%,0.00%,0.00%,0.00%,0.00%,0.00%,-,-,0.00,0.00,-,-,-,-,-,A-GOVDBT,-
TB20Y0532,20Y BGTB 30/05/2032,G-SEC (T.Bond),A,0.00,-,0.00,2.89,115.77,0.0000,0,,,,,,,,,,,,,,,,,,,,,,-,-,-,-,-,-,-,-,-,-,-,-,112.52,3.25,0,0.0000,0.00%,0.00%,0.00%,0.00%,0.00%,0.00%,-,-,0.00,0.00,-,-,-,-,-,A-GOVDBT,-
TB20Y0533,20Y BGTB 29/05/2033,G-SEC (T.Bond),A,0.00,-,0.00,-0.06,116.91,0.0000,0,,,,,,,,,,,,,,,,,,,,,,-,-,-,-,-,-,-,-,-,-,-,-,116.98,-0.07,0,0.0000,0.00%,0.00%,0.00%,0.00%,0.00%,0.00%,-,-,0.00,0.00,-,-,-,-,-,A-GOVDBT,-
TB20Y0534,20Y BGTB 28/05/2034,G-SEC (T.Bond),A,0.00,-,0.00,0.09,116.22,0.0000,0,,,,,,,,,,,,,,,,,,,,,,-,-,-,-,-,-,-,-,-,-,-,-,116.11,0.11,0,0.0000,0.00%,0.00%,0.00%,0.00%,0.00%,0.00%,-,-,0.00,0.00,-,-,-,-,-,A-GOVDBT,-
TB20Y0540,20Y BGTB 20/05/2040,G-SEC (T.Bond),A,0.00,-,0.00,0.77,99.91,0.0000,0,,,,,,,,,,,,,,,,,,,,,,-,-,-,-,-,-,-,-,-,-,-,-,99.15,0.76,0,0.0000,0.00%,0.00%,0.00%,0.00%,0.00%,0.00%,-,-,0.00,0.00,-,-,-,-,-,A-GOVDBT,-
TB20Y0545,20Y BGTB 28/05/2045,G-SEC (T.Bond),A,0.00,-,0.00,-0.70,124.13,0.0000,0,65.5537,-49.2439,113.9895,0.0000,0.0000,112.8171,112.4232,111.6986,0.7246,0.2006,122.1700,105.8090,0.0000,0.0000,116.1807,115.9555,115.1235,0.4785,0.0000,0.0000,0.0000,-,-,-,-,-,-,-,-,-,-,-,-,125.00,-0.87,0,0.0000,0.00%,0.00%,0.00%,0.00%,0.00%,0.00%,-,-,0.00,0.00,-,-,-,-,-,A-GOVDBT,-
TB20Y0628,20Y BGTB 25/06/2028,G-SEC (T.Bond),A,0.00,-,0.00,0.00,106.45,0.0000,0,,,,,,,,,,,,,,,,,,,,,,-,-,-,-,-,-,-,-,-,-,-,-,106.45,0.00,0,0.0000,0.00%,0.00%,0.00%,0.00%,0.00%,0.00%,-,-,0.00,0.00,-,-,-,-,-,A-GOVDBT,-
TB20Y0629,20Y BGTB 24/06/2029,G-SEC (T.Bond),A,0.00,-,0.00,0.08,102.57,0.0000,0,,,,,,,,,,,,,,,,,,,,,,-,-,-,-,-,-,-,-,-,-,-,-,102.49,0.08,0,0.0000,0.00%,0.00%,0.00%,0.00%,0.00%,0.00%,-,-,0.00,0.00,-,-,-,-,-,A-GOVDBT,-
TB20Y0630,20Y BGTB 23/06/2030,G-SEC (T.Bond),A,0.00,-,0.00,0.87,101.00,0.0000,0,,,,,,,,,,,,,,,,,,,,,,-,-,-,-,-,-,-,-,-,-,-,-,100.13,0.87,0,0.0000,0.00%,0.00%,0.00%,0.00%,0.00%,0.00%,-,-,0.00,0.00,-,-,-,-,-,A-GOVDBT,-
TB20Y0631,20Y BGTB 29/06/2031,G-SEC (T.Bond),A,0.00,-,0.00,0.35,101.68,0.0000,0,,,,,,,,,,,,,,,,,,,,,,-,-,-,-,-,-,-,-,-,-,-,-,101.33,0.35,0,0.0000,0.00%,0.00%,0.00%,0.00%,0.00%,0.00%,-,-,0.00,0.00,-,-,-,-,-,A-GOVDBT,-
TB20Y0632,20Y BGTB 27/06/2032,G-SEC (T.Bond),A,0.00,-,0.00,2.39,115.46,0.0000,0,,,,,,,,,,,,,,,,,,,,,,-,-,-,-,-,-,-,-,-,-,-,-,112.77,2.69,0,0.0000,0.00%,0.00%,0.00%,0.00%,0.00%,0.00%,-,-,0.00,0.00,-,-,-,-,-,A-GOVDBT,-
TB20Y0633,20Y BGTB 26/06/2033,G-SEC (T.Bond),A,0.00,-,0.00,-0.03,116.94,0.0000,0,,,,,,,,,,,,,,,,,,,,,,-,-,-,-,-,-,-,-,-,-,-,-,116.98,-0.04,0,0.0000,0.00%,0.00%,0.00%,0.00%,0.00%,0.00%,-,-,0.00,0.00,-,-,-,-,-,A-GOVDBT,-
TB20Y0634,20Y BGTB 25/06/2034,G-SEC (T.Bond),A,0.00,-,0.00,0.05,116.24,0.0000,0,,,,,,,,,,,,,,,,,,,,,,-,-,-,-,-,-,-,-,-,-,-,-,116.18,0.06,0,0.0000,0.00%,0.00%,0.00%,0.00%,0.00%,0.00%,-,-,0.00,0.00,-,-,-,-,-,A-GOVDBT,-
TB20Y0639,20Y BGTB 26/06/2039,G-SEC (T.Bond),A,0.00,-,0.00,0.16,100.42,0.0000,0,,,,,,,,,,,,,,,,,,,,,,-,-,-,-,-,-,-,-,-,-,-,-,100.26,0.16,0,0.0000,0.00%,0.00%,0.00%,0.00%,0.00%,0.00%,-,-,0.00,0.00,-,-,-,-,-,A-GOVDBT,-
TB20Y0640,20Y BGTB 24/06/2040,G-SEC (T.Bond),A,0.00,-,0.00,0.22,97.52,0.0000,0,,,,,,,,,,,,,,,,,,,,,,-,-,-,-,-,-,-,-,-,-,-,-,97.31,0.21,0,0.0000,0.00%,0.00%,0.00%,0.00%,0.00%,0.00%,-,-,0.00,0.00,-,-,-,-,-,A-GOVDBT,-
TB20Y0641,20Y BGTB 30/06/2041,G-SEC (T.Bond),A,0.00,-,0.00,-0.45,74.40,0.0000,0,,,,,,,,,,,,,,,,,,,,,,-,-,-,-,-,-,-,-,-,-,-,-,74.74,-0.34,0,0.0000,0.00%,0.00%,0.00%,0.00%,0.00%,0.00%,-,-,0.00,0.00,-,-,-,-,-,A-GOVDBT,-
TB20Y0642,20Y BGTB 29/06/2042,G-SEC (T.Bond),A,0.00,-,0.00,0.01,95.25,0.0000,0,,,,,,,,,,,,,,,,,,,,,,-,-,-,-,-,-,-,-,-,-,-,-,95.24,0.01,0,0.0000,0.00%,0.00%,0.00%,0.00%,0.00%,0.00%,-,-,0.00,0.00,-,-,-,-,-,A-GOVDBT,-
TB20Y0727,20Y BGTB 25/07/2027,G-SEC (T.Bond),A,0.00,-,0.00,0.11,105.36,0.0000,0,,,,,,,,,,,,,,,,,,,,,,-,-,-,-,-,-,-,-,-,-,-,-,105.24,0.12,0,0.0000,0.00%,0.00%,0.00%,0.00%,0.00%,0.00%,-,-,0.00,0.00,-,-,-,-,-,A-GOVDBT,-
TB20Y0728,20Y BGTB 23/07/2028,G-SEC (T.Bond),A,0.00,-,0.00,0.00,106.70,0.0000,0,,,,,,,,,,,,,,,,,,,,,,-,-,-,-,-,-,-,-,-,-,-,-,106.70,0.00,0,0.0000,0.00%,0.00%,0.00%,0.00%,0.00%,0.00%,-,-,0.00,0.00,-,-,-,-,-,A-GOVDBT,-
TB20Y0729,20Y BGTB 29/07/2029,G-SEC (T.Bond),A,0.00,-,0.00,0.09,99.95,0.0000,0,,,,,,,,,,,,,,,,,,,,,,-,-,-,-,-,-,-,-,-,-,-,-,99.86,0.09,0,0.0000,0.00%,0.00%,0.00%,0.00%,0.00%,0.00%,-,-,0.00,0.00,-,-,-,-,-,A-GOVDBT,-
TB20Y0730,20Y BGTB 29/07/2030,G-SEC (T.Bond),A,0.00,-,0.00,1.20,101.49,0.0000,0,,,,,,,,,,,,,,,,,,,,,,-,-,-,-,-,-,-,-,-,-,-,-,100.29,1.20,0,0.0000,0.00%,0.00%,0.00%,0.00%,0.00%,0.00%,-,-,0.00,0.00,-,-,-,-,-,A-GOVDBT,-
TB20Y0731,20Y BGTB 27/07/2031,G-SEC (T.Bond),A,0.00,-,0.00,0.18,102.89,0.0000,0,,,,,,,,,,,,,,,,,,,,,,-,-,-,-,-,-,-,-,-,-,-,-,102.71,0.18,0,0.0000,0.00%,0.00%,0.00%,0.00%,0.00%,0.00%,-,-,0.00,0.00,-,-,-,-,-,A-GOVDBT,-
TB20Y0732,20Y BGTB 25/07/2032,G-SEC (T.Bond),A,0.00,-,0.00,1.89,115.07,0.0000,0,,,,,,,,,,,,,,,,,,,,,,-,-,-,-,-,-,-,-,-,-,-,-,112.94,2.13,0,0.0000,0.00%,0.00%,0.00%,0.00%,0.00%,0.00%,-,-,0.00,0.00,-,-,-,-,-,A-GOVDBT,-
TB20Y0733,20Y BGTB 24/07/2033,G-SEC (T.Bond),A,0.00,-,0.00,0.00,116.93,0.0000,0,,,,,,,,,,,,,,,,,,,,,,-,-,-,-,-,-,-,-,-,-,-,-,116.93,0.00,0,0.0000,0.00%,0.00%,0.00%,0.00%,0.00%,0.00%,-,-,0.00,0.00,-,-,-,-,-,A-GOVDBT,-
TB20Y0734,20Y BGTB 23/07/2034,G-SEC (T.Bond),A,0.00,-,0.00,0.08,116.35,0.0000,0,,,,,,,,,,,,,,,,,,,,,,-,-,-,-,-,-,-,-,-,-,-,-,116.26,0.09,0,0.0000,0.00%,0.00%,0.00%,0.00%,0.00%,0.00%,-,-,0.00,0.00,-,-,-,-,-,A-GOVDBT,-
TB20Y0735,20Y BGTB 29/07/2035,G-SEC (T.Bond),A,0.00,-,0.00,-0.14,106.76,0.0000,0,,,,,,,,,,,,,,,,,,,,,,-,-,-,-,-,-,-,-,-,-,-,-,106.91,-0.15,0,0.0000,0.00%,0.00%,0.00%,0.00%,0.00%,0.00%,-,-,0.00,0.00,-,-,-,-,-,A-GOVDBT,-
TB20Y0744,20Y BGTB 28/07/2044,G-SEC (T.Bond),A,27336.60,-,126.16,-2.02,126.16,0.5050,"4,000",53.0068,-50.0000,130.9120,127.4842,0.0000,127.2164,126.5967,123.6004,2.9963,3.0455,145.7508,116.0732,0.0000,5249.5258,128.4802,128.9849,129.8559,0.4589,0.0000,0.0000,0.0000,-,-,-,-,-,-,-,-,-,-,-,-,128.76,-2.60,1,0.5050,0.00%,0.00%,0.00%,0.00%,0.00%,0.00%,-,-,0.00,0.00,-,-,-,-,2166820000.00,A-GOVDBT,216682000
TB20Y0827,20Y BGTB 29/08/2027,G-SEC (T.Bond),A,0.00,-,0.00,0.29,105.51,0.0000,0,,,,,,,,,,,,,,,,,,,,,,-,-,-,-,-,-,-,-,-,-,-,-,105.20,0.31,0,0.0000,0.00%,0.00%,0.00%,0.00%,0.00%,0.00%,-,-,0.00,0.00,-,-,-,-,-,A-GOVDBT,-
TB20Y0828,20Y BGTB 27/08/2028,G-SEC (T.Bond),A,0.00,-,0.00,-0.01,107.05,0.0000,0,,,,,,,,,,,,,,,,,,,,,,-,-,-,-,-,-,-,-,-,-,-,-,107.06,-0.01,0,0.0000,0.00%,0.00%,0.00%,0.00%,0.00%,0.00%,-,-,0.00,0.00,-,-,-,-,-,A-GOVDBT,-
TB20Y0829,20Y BGTB 26/08/2029,G-SEC (T.Bond),A,0.00,-,0.00,0.09,98.99,0.0000,0,,,,,,,,,,,,,,,,,,,,,,-,-,-,-,-,-,-,-,-,-,-,-,98.90,0.09,0,0.0000,0.00%,0.00%,0.00%,0.00%,0.00%,0.00%,-,-,0.00,0.00,-,-,-,-,-,A-GOVDBT,-
TB20Y0830,20Y BGTB 25/08/2030,G-SEC (T.Bond),A,0.00,-,0.00,1.09,101.49,0.0000,0,,,,,,,,,,,,,,,,,,,,,,-,-,-,-,-,-,-,-,-,-,-,-,100.40,1.09,0,0.0000,0.00%,0.00%,0.00%,0.00%,0.00%,0.00%,-,-,0.00,0.00,-,-,-,-,-,A-GOVDBT,-
TB20Y0831,20Y BGTB 24/08/2031,G-SEC (T.Bond),A,0.00,-,0.00,0.00,103.74,0.0000,0,,,,,,,,,,,,,,,,,,,,,,-,-,-,-,-,-,-,-,-,-,-,-,103.74,0.00,0,0.0000,0.00%,0.00%,0.00%,0.00%,0.00%,0.00%,-,-,0.00,0.00,-,-,-,-,-,A-GOVDBT,-
TB20Y0832,20Y BGTB 29/08/2032,G-SEC (T.Bond),A,0.00,-,0.00,1.25,114.75,0.0000,0,,,,,,,,,,,,,,,,,,,,,,-,-,-,-,-,-,-,-,-,-,-,-,113.33,1.42,0,0.0000,0.00%,0.00%,0.00%,0.00%,0.00%,0.00%,-,-,0.00,0.00,-,-,-,-,-,A-GOVDBT,-
TB20Y0833,20Y BGTB 29/08/2033,G-SEC (T.Bond),A,0.00,-,0.00,0.03,116.97,0.0000,0,,,,,,,,,,,,,,,,,,,,,,-,-,-,-,-,-,-,-,-,-,-,-,116.93,0.04,0,0.0000,0.00%,0.00%,0.00%,0.00%,0.00%,0.00%,-,-,0.00,0.00,-,-,-,-,-,A-GOVDBT,-
TB20Y0834,20Y BGTB 27/08/2034,G-SEC (T.Bond),A,0.00,-,0.00,0.11,115.47,0.0000,0,,,,,,,,,,,,,,,,,,,,,,-,-,-,-,-,-,-,-,-,-,-,-,115.34,0.13,0,0.0000,0.00%,0.00%,0.00%,0.00%,0.00%,0.00%,-,-,0.00,0.00,-,-,-,-,-,A-GOVDBT,-
TB20Y0845,20Y BGTB 27/08/2045,G-SEC (T.Bond),A,10715.00,-,0.00,-0.82,107.15,0.0000,0,,,,,,,,,,,,,,,,,,,,,,-,-,-,-,-,-,-,-,-,-,-,-,108.04,-0.89,0,0.0000,0.00%,0.00%,0.00%,0.00%,0.00%,0.00%,-,-,0.00,0.00,-,-,-,-,1000000000.00,A-GOVDBT,100000000
TB20Y0927,20Y BGTB 26/09/2027,G-SEC (T.Bond),A,0.00,-,0.00,0.22,104.84,0.0000,0,,,,,,,,,,,,,,,,,,,,,,-,-,-,-,-,-,-,-,-,-,-,-,104.61,0.23,0,0.0000,0.00%,0.00%,0.00%,0.00%,0.00%,0.00%,-,-,0.00,0.00,-,-,-,-,-,A-GOVDBT,-
TB20Y0928,20Y BGTB 24/09/2028,G-SEC (T.Bond),A,0.00,-,0.00,0.00,107.33,0.0000,0,,,,,,,,,,,,,,,,,,,,,,-,-,-,-,-,-,-,-,-,-,-,-,107.33,0.00,0,0.0000,0.00%,0.00%,0.00%,0.00%,0.00%,0.00%,-,-,0.00,0.00,-,-,-,-,-,A-GOVDBT,-
TB20Y0930,20Y BGTB 29/09/2030,G-SEC (T.Bond),A,0.00,-,0.00,1.00,101.44,0.0000,0,,,,,,,,,,,,,,,,,,,,,,-,-,-,-,-,-,-,-,-,-,-,-,100.44,1.00,0,0.0000,0.00%,0.00%,0.00%,0.00%,0.00%,0.00%,-,-,0.00,0.00,-,-,-,-,-,A-GOVDBT,-
TB20Y0931,20Y BGTB 28/09/2031,G-SEC (T.Bond),A,0.00,-,0.00,0.34,106.57,0.0000,0,,,,,,,,,,,,,,,,,,,,,,-,-,-,-,-,-,-,-,-,-,-,-,106.21,0.36,0,0.0000,0.00%,0.00%,0.00%,0.00%,0.00%,0.00%,-,-,0.00,0.00,-,-,-,-,-,A-GOVDBT,-
TB20Y0932,20Y BGTB 26/09/2032,G-SEC (T.Bond),A,0.00,-,0.00,0.74,114.35,0.0000,0,,,,,,,,,,,,,,,,,,,,,,-,-,-,-,-,-,-,-,-,-,-,-,113.51,0.84,0,0.0000,0.00%,0.00%,0.00%,0.00%,0.00%,0.00%,-,-,0.00,0.00,-,-,-,-,-,A-GOVDBT,-
TB20Y0933,20Y BGTB 25/09/2033,G-SEC (T.Bond),A,0.00,-,0.00,0.06,117.08,0.0000,0,,,,,,,,,,,,,,,,,,,,,,-,-,-,-,-,-,-,-,-,-,-,-,117.01,0.07,0,0.0000,0.00%,0.00%,0.00%,0.00%,0.00%,0.00%,-,-,0.00,0.00,-,-,-,-,-,A-GOVDBT,-
TB20Y0934,20Y BGTB 24/09/2034,G-SEC (T.Bond),A,0.00,-,0.00,0.16,116.21,0.0000,0,,,,,,,,,,,,,,,,,,,,,,-,-,-,-,-,-,-,-,-,-,-,-,116.03,0.18,0,0.0000,0.00%,0.00%,0.00%,0.00%,0.00%,0.00%,-,-,0.00,0.00,-,-,-,-,-,A-GOVDBT,-
TB20Y1027,20Y BGTB 24/10/2027,G-SEC (T.Bond),A,0.00,-,0.00,0.06,104.81,0.0000,0,,,,,,,,,,,,,,,,,,,,,,-,-,-,-,-,-,-,-,-,-,-,-,104.75,0.06,0,0.0000,0.00%,0.00%,0.00%,0.00%,0.00%,0.00%,-,-,0.00,0.00,-,-,-,-,-,A-GOVDBT,-
TB20Y1028,20Y BGTB 29/10/2028,G-SEC (T.Bond),A,0.00,-,0.00,0.00,107.58,0.0000,0,,,,,,,,,,,,,,,,,,,,,,-,-,-,-,-,-,-,-,-,-,-,-,107.58,0.00,0,0.0000,0.00%,0.00%,0.00%,0.00%,0.00%,0.00%,-,-,0.00,0.00,-,-,-,-,-,A-GOVDBT,-
TB20Y1029,20Y BGTB 28/10/2029,G-SEC (T.Bond),A,0.00,-,0.00,0.12,100.25,0.0000,0,,,,,,,,,,,,,,,,,,,,,,-,-,-,-,-,-,-,-,-,-,-,-,100.13,0.12,0,0.0000,0.00%,0.00%,0.00%,0.00%,0.00%,0.00%,-,-,0.00,0.00,-,-,-,-,-,A-GOVDBT,-
TB20Y1030,20Y BGTB 27/10/2030,G-SEC (T.Bond),A,0.00,-,0.00,0.96,101.32,0.0000,0,,,,,,,,,,,,,,,,,,,,,,-,-,-,-,-,-,-,-,-,-,-,-,100.36,0.96,0,0.0000,0.00%,0.00%,0.00%,0.00%,0.00%,0.00%,-,-,0.00,0.00,-,-,-,-,-,A-GOVDBT,-
TB20Y1031,20Y BGTB 26/10/2031,G-SEC (T.Bond),A,0.00,-,0.00,0.62,109.56,0.0000,0,,,,,,,,,,,,,,,,,,,,,,-,-,-,-,-,-,-,-,-,-,-,-,108.88,0.68,0,0.0000,0.00%,0.00%,0.00%,0.00%,0.00%,0.00%,-,-,0.00,0.00,-,-,-,-,-,A-GOVDBT,-
TB20Y1032,20Y BGTB 25/10/2032,G-SEC (T.Bond),A,0.00,-,0.00,0.19,113.90,0.0000,0,,,,,,,,,,,,,,,,,,,,,,-,-,-,-,-,-,-,-,-,-,-,-,113.68,0.22,0,0.0000,0.00%,0.00%,0.00%,0.00%,0.00%,0.00%,-,-,0.00,0.00,-,-,-,-,-,A-GOVDBT,-
TB20Y1033,20Y BGTB 23/10/2033,G-SEC (T.Bond),A,0.00,-,0.00,0.10,117.18,0.0000,0,,,,,,,,,,,,,,,,,,,,,,-,-,-,-,-,-,-,-,-,-,-,-,117.06,0.12,0,0.0000,0.00%,0.00%,0.00%,0.00%,0.00%,0.00%,-,-,0.00,0.00,-,-,-,-,-,A-GOVDBT,-
TB20Y1034,20Y BGTB 29/10/2034,G-SEC (T.Bond),A,0.00,-,0.00,0.19,116.47,0.0000,0,,,,,,,,,,,,,,,,,,,,,,-,-,-,-,-,-,-,-,-,-,-,-,116.25,0.22,0,0.0000,0.00%,0.00%,0.00%,0.00%,0.00%,0.00%,-,-,0.00,0.00,-,-,-,-,-,A-GOVDBT,-
TB20Y1127,20Y BGTB 28/11/2027,G-SEC (T.Bond),A,0.00,-,0.00,0.00,104.78,0.0000,0,,,,,,,,,,,,,,,,,,,,,,-,-,-,-,-,-,-,-,-,-,-,-,104.78,0.00,0,0.0000,0.00%,0.00%,0.00%,0.00%,0.00%,0.00%,-,-,0.00,0.00,-,-,-,-,-,A-GOVDBT,-
TB20Y1128,20Y BGTB 26/11/2028,G-SEC (T.Bond),A,0.00,-,0.00,0.01,107.81,0.0000,0,,,,,,,,,,,,,,,,,,,,,,-,-,-,-,-,-,-,-,-,-,-,-,107.80,0.01,0,0.0000,0.00%,0.00%,0.00%,0.00%,0.00%,0.00%,-,-,0.00,0.00,-,-,-,-,-,A-GOVDBT,-
TB20Y1130,20Y BGTB 24/11/2030,G-SEC (T.Bond),A,0.00,-,0.00,0.91,101.88,0.0000,0,,,,,,,,,,,,,,,,,,,,,,-,-,-,-,-,-,-,-,-,-,-,-,100.96,0.92,0,0.0000,0.00%,0.00%,0.00%,0.00%,0.00%,0.00%,-,-,0.00,0.00,-,-,-,-,-,A-GOVDBT,-
TB20Y1131,20Y BGTB 23/11/2031,G-SEC (T.Bond),A,0.00,-,0.00,0.92,110.00,0.0000,0,,,,,,,,,,,,,,,,,,,,,,-,-,-,-,-,-,-,-,-,-,-,-,109.00,1.00,0,0.0000,0.00%,0.00%,0.00%,0.00%,0.00%,0.00%,-,-,0.00,0.00,-,-,-,-,-,A-GOVDBT,-
TB20Y1132,20Y BGTB 28/11/2032,G-SEC (T.Bond),A,0.00,-,0.00,-0.45,113.44,0.0000,0,,,,,,,,,,,,,,,,,,,,,,-,-,-,-,-,-,-,-,-,-,-,-,113.95,-0.51,0,0.0000,0.00%,0.00%,0.00%,0.00%,0.00%,0.00%,-,-,0.00,0.00,-,-,-,-,-,A-GOVDBT,-
TB20Y1133,20Y BGTB 27/11/2033,G-SEC (T.Bond),A,0.00,-,0.00,0.15,116.52,0.0000,0,,,,,,,,,,,,,,,,,,,,,,-,-,-,-,-,-,-,-,-,-,-,-,116.34,0.18,0,0.0000,0.00%,0.00%,0.00%,0.00%,0.00%,0.00%,-,-,0.00,0.00,-,-,-,-,-,A-GOVDBT,-
TB20Y1134,20Y BGTB 26/11/2034,G-SEC (T.Bond),A,0.00,-,0.00,0.22,116.68,0.0000,0,,,,,,,,,,,,,,,,,,,,,,-,-,-,-,-,-,-,-,-,-,-,-,116.42,0.26,0,0.0000,0.00%,0.00%,0.00%,0.00%,0.00%,0.00%,-,-,0.00,0.00,-,-,-,-,-,A-GOVDBT,-
TB20Y1135,20Y BGTB 25/11/2035,G-SEC (T.Bond),A,0.00,-,0.00,-0.12,97.53,0.0000,0,,,,,,,,,,,,,,,,,,,,,,-,-,-,-,-,-,-,-,-,-,-,-,97.65,-0.12,0,0.0000,0.00%,0.00%,0.00%,0.00%,0.00%,0.00%,-,-,0.00,0.00,-,-,-,-,-,A-GOVDBT,-
TB20Y1138,20Y BGTB 28/11/2038,G-SEC (T.Bond),A,0.00,-,0.00,0.09,93.70,0.0000,0,,,,,,,,,,,,,,,,,,,,,,-,-,-,-,-,-,-,-,-,-,-,-,93.62,0.08,0,0.0000,0.00%,0.00%,0.00%,0.00%,0.00%,0.00%,-,-,0.00,0.00,-,-,-,-,-,A-GOVDBT,-
TB20Y1227,20Y BGTB 26/12/2027,G-SEC (T.Bond),A,0.00,-,0.00,0.01,104.86,0.0000,0,,,,,,,,,,,,,,,,,,,,,,-,-,-,-,-,-,-,-,-,-,-,-,104.85,0.01,0,0.0000,0.00%,0.00%,0.00%,0.00%,0.00%,0.00%,-,-,0.00,0.00,-,-,-,-,-,A-GOVDBT,-
TB20Y1228,20Y BGTB 24/12/2028,G-SEC (T.Bond),A,0.00,-,0.00,0.02,108.01,0.0000,0,,,,,,,,,,,,,,,,,,,,,,-,-,-,-,-,-,-,-,-,-,-,-,107.99,0.02,0,0.0000,0.00%,0.00%,0.00%,0.00%,0.00%,0.00%,-,-,0.00,0.00,-,-,-,-,-,A-GOVDBT,-
TB20Y1229,20Y BGTB 23/12/2029,G-SEC (T.Bond),A,0.00,-,0.00,0.17,100.25,0.0000,0,,,,,,,,,,,,,,,,,,,,,,-,-,-,-,-,-,-,-,-,-,-,-,100.08,0.17,0,0.0000,0.00%,0.00%,0.00%,0.00%,0.00%,0.00%,-,-,0.00,0.00,-,-,-,-,-,A-GOVDBT,-
TB20Y1230,20Y BGTB 29/12/2030,G-SEC (T.Bond),A,0.00,-,0.00,0.85,102.15,0.0000,0,,,,,,,,,,,,,,,,,,,,,,-,-,-,-,-,-,-,-,-,-,-,-,101.29,0.86,0,0.0000,0.00%,0.00%,0.00%,0.00%,0.00%,0.00%,-,-,0.00,0.00,-,-,-,-,-,A-GOVDBT,-
TB20Y1231,20Y BGTB 28/12/2031,G-SEC (T.Bond),A,0.00,-,0.00,1.28,110.57,0.0000,0,,,,,,,,,,,,,,,,,,,,,,-,-,-,-,-,-,-,-,-,-,-,-,109.17,1.40,0,0.0000,0.00%,0.00%,0.00%,0.00%,0.00%,0.00%,-,-,0.00,0.00,-,-,-,-,-,A-GOVDBT,-
TB20Y1232,20Y BGTB 26/12/2032,G-SEC (T.Bond),A,0.00,-,0.00,-0.85,113.68,0.0000,0,,,,,,,,,,,,,,,,,,,,,,-,-,-,-,-,-,-,-,-,-,-,-,114.65,-0.97,0,0.0000,0.00%,0.00%,0.00%,0.00%,0.00%,0.00%,-,-,0.00,0.00,-,-,-,-,-,A-GOVDBT,-
TB20Y1233,20Y BGTB 26/12/2033,G-SEC (T.Bond),A,0.00,-,0.00,0.21,116.62,0.0000,0,,,,,,,,,,,,,,,,,,,,,,-,-,-,-,-,-,-,-,-,-,-,-,116.38,0.24,0,0.0000,0.00%,0.00%,0.00%,0.00%,0.00%,0.00%,-,-,0.00,0.00,-,-,-,-,-,A-GOVDBT,-
TB20Y1242,20Y BGTB 28/12/2042,G-SEC (T.Bond),A,0.00,-,0.00,-0.12,96.82,0.0000,0,57.7156,-27.1804,99.2095,0.0000,0.0000,95.2213,93.8944,89.9426,3.9519,2.8977,116.8321,81.5869,0.0000,2603.1532,97.4227,98.0762,98.8334,0.5733,0.0000,0.0000,0.0000,-,-,-,-,-,-,-,-,-,-,-,-,96.94,-0.12,0,0.0000,0.00%,0.00%,0.00%,0.00%,0.00%,0.00%,-,-,0.00,0.00,-,-,-,-,-,A-GOVDBT,-
TB2Y0126,,,,,,,,,,,58.6375,-22.5080,0.0000,0.0000,0.0000,100.3720,100.3646,100.3519,0.0128,0.0026,0.0000,0.0000,0.0000,0.0000,100.4411,100.4459,100.4364,0.0627,0.0000,0.0000,0.0000,,,,,,,,,,,,,,,,,,,,,,,,,,,,,,,,,
TB2Y0127,02Y BGTB 08/01/2027,G-SEC (T.Bond),A,0.00,-,0.00,-0.01,100.79,0.0000,0,52.7909,-32.0988,101.0270,0.0000,0.0000,100.7539,100.7947,100.9282,-0.1335,-0.1066,103.0372,99.0168,0.0000,0.0000,100.8858,100.9192,100.9764,0.0170,0.0000,0.0000,0.0000,-,-,-,-,-,-,-,-,-,-,-,-,100.80,-0.01,0,0.0000,0.00%,0.00%,0.00%,0.00%,0.00%,0.00%,-,-,0.00,0.00,-,-,-,-,-,A-GOVDBT,-
TB2Y0227,02 Year BGTB 05/02/2027,G-SEC (T.Bond),A,0.00,-,0.00,0.08,100.72,0.0000,0,46.3956,-13.8298,0.0000,0.0000,0.0000,99.9934,99.9498,99.8551,0.0946,0.0435,0.0000,0.0000,0.0000,0.0000,100.7131,100.7435,100.7644,0.0945,0.0000,0.0000,0.0000,-,-,-,-,-,-,-,-,-,-,-,-,100.64,0.08,0,0.0000,0.00%,0.00%,0.00%,0.00%,0.00%,0.00%,-,-,0.00,0.00,-,-,-,-,-,A-GOVDBT,-
TB2Y0327,02 Year BGTB 05/03/2027,G-SEC (T.Bond),A,0.00,-,0.00,0.09,101.00,0.0000,0,53.7778,-97.3568,0.0000,0.0000,0.0000,100.7700,100.7700,100.7700,0.0000,0.0000,0.0000,0.0000,0.0000,0.0000,101.0864,101.1024,101.1058,-0.0171,0.0000,0.0000,0.0000,-,-,-,-,-,-,-,-,-,-,-,-,100.91,0.09,0,0.0000,0.00%,0.00%,0.00%,0.00%,0.00%,0.00%,-,-,0.00,0.00,-,-,-,-,-,A-GOVDBT,-
TB2Y0427,02Y BGTB 09/04/2027,G-SEC (T.Bond),A,0.00,-,0.00,0.09,101.71,0.0000,0,,,,,,,,,,,,,,,,,,,,,,-,-,-,-,-,-,-,-,-,-,-,-,101.62,0.09,0,0.0000,0.00%,0.00%,0.00%,0.00%,0.00%,0.00%,-,-,0.00,0.00,-,-,-,-,-,A-GOVDBT,-
TB2Y0526,,,,,,,,,,,48.6380,-54.7486,100.3000,0.0000,0.0000,100.2468,100.2368,100.1685,0.0683,0.0784,101.9737,98.6263,0.0000,14217.9795,100.2600,100.2732,100.2894,-0.0246,0.0000,0.0000,0.0000,,,,,,,,,,,,,,,,,,,,,,,,,,,,,,,,,
TB2Y0527,02Y BGTB 07/05/2027,G-SEC (T.Bond),A,0.00,-,0.00,0.08,101.80,0.0000,0,,,,,,,,,,,,,,,,,,,,,,-,-,-,-,-,-,-,-,-,-,-,-,101.72,0.08,0,0.0000,0.00%,0.00%,0.00%,0.00%,0.00%,0.00%,-,-,0.00,0.00,-,-,-,-,-,A-GOVDBT,-
TB2Y0627,02Y BGTB 04/06/2027,G-SEC (T.Bond),A,0.00,-,0.00,0.07,102.19,0.0000,0,52.2340,-13.1455,102.3875,0.0000,0.0000,101.1360,101.1128,101.0556,0.0572,0.0331,103.9913,100.7837,0.0000,-4642.2450,102.3513,102.3537,102.3777,0.0164,0.0000,0.0000,0.0000,-,-,-,-,-,-,-,-,-,-,-,-,102.12,0.07,0,0.0000,0.00%,0.00%,0.00%,0.00%,0.00%,0.00%,-,-,0.00,0.00,-,-,-,-,-,A-GOVDBT,-
TB2Y0727,02Y BGTB 09/07/2027,G-SEC (T.Bond),A,42220.68,-,0.00,0.05,101.97,0.0000,0,,,,,,,,,,,,,,,,,,,,,,-,-,-,-,-,-,-,-,-,-,-,-,101.92,0.05,0,0.0000,0.00%,0.00%,0.00%,0.00%,0.00%,0.00%,-,-,0.00,0.00,-,-,-,-,4140500000.00,A-GOVDBT,414050000
TB2Y0826,,,,,,,,,,,43.6017,-85.6655,100.2005,0.0000,0.0000,100.1312,100.2104,100.3081,-0.0977,0.0302,101.8150,98.5860,0.0000,969.4793,100.0320,100.0751,100.1407,-0.0309,0.0000,0.0000,0.0000,,,,,,,,,,,,,,,,,,,,,,,,,,,,,,,,,
TB2Y0927,02Y BGTB 03/09/2027,G-SEC (T.Bond),A,25267.50,-,0.00,0.34,101.07,0.0000,0,,,,,,,,,,,,,,,,,,,,,,-,-,-,-,-,-,-,-,-,-,-,-,100.73,0.34,0,0.0000,0.00%,0.00%,0.00%,0.00%,0.00%,0.00%,-,-,0.00,0.00,-,-,-,-,2500000000.00,A-GOVDBT,250000000
TB2Y1126,02Y BGTB 06/11/2026,G-SEC (T.Bond),A,0.00,-,0.00,0.00,100.28,0.0000,0,50.4653,-45.9854,100.4420,100.5760,0.0000,100.0982,100.1788,100.2792,-0.1004,0.0293,101.9513,98.9327,0.0000,-87.6994,100.3247,100.3315,100.3776,0.0101,0.0000,0.0000,0.0000,-,-,-,-,-,-,-,-,-,-,-,-,100.28,0.00,0,0.0000,0.00%,0.00%,0.00%,0.00%,0.00%,0.00%,-,-,0.00,0.00,-,-,-,-,-,A-GOVDBT,-
TB2Y1127,02Y BGTB 05/11/2027,G-SEC (T.Bond),A,40444.00,-,0.00,-0.01,101.11,0.0000,0,,,,,,,,,,,,,,,,,,,,,,-,-,-,-,-,-,-,-,-,-,-,-,101.12,-0.01,0,0.0000,0.00%,0.00%,0.00%,0.00%,0.00%,0.00%,-,-,0.00,0.00,-,-,-,-,4000000000.00,A-GOVDBT,400000000
TB5Y0128,5Y BGTB 11/01/2028,G-SEC (T.Bond),A,0.00,-,0.00,0.03,99.17,0.0000,0,,,,,,,,,,,,,,,,,,,,,,-,-,-,-,-,-,-,-,-,-,-,-,99.14,0.03,0,0.0000,0.00%,0.00%,0.00%,0.00%,0.00%,0.00%,-,-,0.00,0.00,-,-,-,-,-,A-GOVDBT,-
TB5Y0230,05Y BGTB 12/02/2030,G-SEC (T.Bond),A,0.00,-,0.00,0.22,104.16,0.0000,0,,,,,,,,,,,,,,,,,,,,,,-,-,-,-,-,-,-,-,-,-,-,-,103.93,0.23,0,0.0000,0.00%,0.00%,0.00%,0.00%,0.00%,0.00%,-,-,0.00,0.00,-,-,-,-,-,A-GOVDBT,-
TB5Y0327,05Y BGTB 16/03/2027,G-SEC (T.Bond),A,0.00,-,0.00,0.10,98.95,0.0000,0,,,,,,,,,,,,,,,,,,,,,,-,-,-,-,-,-,-,-,-,-,-,-,98.85,0.10,0,0.0000,0.00%,0.00%,0.00%,0.00%,0.00%,0.00%,-,-,0.00,0.00,-,-,-,-,-,A-GOVDBT,-
TB5Y0428,5Y BGTB 14/06/2028,G-SEC (T.Bond),A,0.00,-,0.00,0.03,99.03,0.0000,0,,,,,,,,,,,,,,,,,,,,,,-,-,-,-,-,-,-,-,-,-,-,-,99.00,0.03,0,0.0000,0.00%,0.00%,0.00%,0.00%,0.00%,0.00%,-,-,0.00,0.00,-,-,-,-,-,A-GOVDBT,-
TB5Y0429,05Y BGTB 15/04/2029,G-SEC (T.Bond),A,0.00,-,0.00,0.06,106.96,0.0000,0,53.2578,-47.9167,107.2860,0.0000,0.0000,105.2411,105.0238,104.4514,0.5724,0.3647,109.9161,104.6559,0.0000,25.3104,106.9820,107.1906,107.3392,-0.0218,0.0000,0.0000,0.0000,-,-,-,-,-,-,-,-,-,-,-,-,106.90,0.06,0,0.0000,0.00%,0.00%,0.00%,0.00%,0.00%,0.00%,-,-,0.00,0.00,-,-,-,-,-,A-GOVDBT,-
TB5Y0430,05Y BGTB 16/04/2030,G-SEC (T.Bond),A,0.00,-,0.00,0.27,110.06,0.0000,0,,,,,,,,,,,,,,,,,,,,,,-,-,-,-,-,-,-,-,-,-,-,-,109.76,0.30,0,0.0000,0.00%,0.00%,0.00%,0.00%,0.00%,0.00%,-,-,0.00,0.00,-,-,-,-,-,A-GOVDBT,-
TB5Y0527,05Y BGTB 18/05/2027,G-SEC (T.Bond),A,0.00,-,0.00,0.09,99.37,0.0000,0,,,,,,,,,,,,,,,,,,,,,,-,-,-,-,-,-,-,-,-,-,-,-,99.28,0.09,0,0.0000,0.00%,0.00%,0.00%,0.00%,0.00%,0.00%,-,-,0.00,0.00,-,-,-,-,-,A-GOVDBT,-
TB5Y0529,05Y BGTB 15/05/2029,G-SEC (T.Bond),A,0.00,-,0.00,0.07,107.83,0.0000,0,59.1370,-5.4852,108.3175,107.5930,0.0000,106.4917,106.2005,105.3505,0.8500,0.6105,111.2124,105.4226,0.0000,9.6235,107.8887,108.0962,108.2799,0.0821,0.0000,0.0000,0.0000,-,-,-,-,-,-,-,-,-,-,-,-,107.75,0.08,0,0.0000,0.00%,0.00%,0.00%,0.00%,0.00%,0.00%,-,-,0.00,0.00,-,-,-,-,-,A-GOVDBT,-
TB5Y0628,5Y BGTB 14/06/2028,G-SEC (T.Bond),A,0.00,-,0.00,0.02,99.68,0.0000,0,,,,,,,,,,,,,,,,,,,,,,-,-,-,-,-,-,-,-,-,-,-,-,99.66,0.02,0,0.0000,0.00%,0.00%,0.00%,0.00%,0.00%,0.00%,-,-,0.00,0.00,-,-,-,-,-,A-GOVDBT,-
TB5Y0630,05Y BGTB 18/06/2030,G-SEC (T.Bond),A,0.00,-,0.00,0.80,111.03,0.0000,0,70.2367,0.0000,110.7230,0.0000,0.0000,108.7949,108.2442,107.2359,1.0083,0.2734,115.5040,105.9420,0.0000,0.0000,111.3838,111.1545,110.9310,-0.2313,0.0000,0.0000,0.0000,-,-,-,-,-,-,-,-,-,-,-,-,110.15,0.88,0,0.0000,0.00%,0.00%,0.00%,0.00%,0.00%,0.00%,-,-,0.00,0.00,-,-,-,-,-,A-GOVDBT,-
TB5Y0727,5Y BGTB 13/07/2027,G-SEC (T.Bond),A,0.00,-,0.00,0.07,99.29,0.0000,0,,,,,,,,,,,,,,,,,,,,,,-,-,-,-,-,-,-,-,-,-,-,-,99.22,0.07,0,0.0000,0.00%,0.00%,0.00%,0.00%,0.00%,0.00%,-,-,0.00,0.00,-,-,-,-,-,A-GOVDBT,-
TB5Y0828,5Y BGTB 09/08/2028,G-SEC (T.Bond),A,0.00,-,0.00,0.00,100.09,0.0000,0,,,,,,,,,,,,,,,,,,,,,,-,-,-,-,-,-,-,-,-,-,-,-,100.09,0.00,0,0.0000,0.00%,0.00%,0.00%,0.00%,0.00%,0.00%,-,-,0.00,0.00,-,-,-,-,-,A-GOVDBT,-
TB5Y0928,5Y BGTB 13/09/2028,G-SEC (T.Bond),A,0.00,-,0.00,-0.01,100.29,0.0000,0,,,,,,,,,,,,,,,,,,,,,,-,-,-,-,-,-,-,-,-,-,-,-,100.30,-0.01,0,0.0000,0.00%,0.00%,0.00%,0.00%,0.00%,0.00%,-,-,0.00,0.00,-,-,-,-,-,A-GOVDBT,-
TB5Y0930,05Y BGTB 10/09/2030,G-SEC (T.Bond),A,20808.00,-,0.00,1.00,104.04,0.0000,0,,,,,,,,,,,,,,,,,,,,,,-,-,-,-,-,-,-,-,-,-,-,-,103.01,1.03,0,0.0000,0.00%,0.00%,0.00%,0.00%,0.00%,0.00%,-,-,0.00,0.00,-,-,-,-,2000000000.00,A-GOVDBT,200000000
TB5Y1029,05Y BGTB 09/10/2029,G-SEC (T.Bond),A,0.00,-,0.00,0.09,108.53,0.0000,0,54.8007,-50.2525,109.4020,0.0000,0.0000,107.5498,107.1684,106.2702,0.8982,0.4831,113.0751,105.7289,0.0000,-831.5093,109.1251,109.2618,109.3870,0.1033,0.0000,0.0000,0.0000,-,-,-,-,-,-,-,-,-,-,-,-,108.43,0.10,0,0.0000,0.00%,0.00%,0.00%,0.00%,0.00%,0.00%,-,-,0.00,0.00,-,-,-,-,-,A-GOVDBT,-
TB5Y1126,05Y BGTB 10/11/2026,G-SEC (T.Bond),A,0.00,-,0.00,0.01,99.77,0.0000,0,,,,,,,,,,,,,,,,,,,,,,-,-,-,-,-,-,-,-,-,-,-,-,99.76,0.01,0,0.0000,0.00%,0.00%,0.00%,0.00%,0.00%,0.00%,-,-,0.00,0.00,-,-,-,-,-,A-GOVDBT,-
TB5Y1127,5Y BGTB 16/11/2027,G-SEC (T.Bond),A,0.00,-,0.00,0.00,98.80,0.0000,0,,,,,,,,,,,,,,,,,,,,,,-,-,-,-,-,-,-,-,-,-,-,-,98.80,0.00,0,0.0000,0.00%,0.00%,0.00%,0.00%,0.00%,0.00%,-,-,0.00,0.00,-,-,-,-,-,A-GOVDBT,-
TB5Y1128,5Y BGTB 15/11/2028,G-SEC (T.Bond),A,0.00,-,0.00,0.02,103.86,0.0000,0,58.6215,0.0000,103.2760,0.0000,0.0000,102.9672,102.7674,102.1781,0.5894,0.4280,106.1088,100.4432,0.0000,1692.5825,103.8556,103.7899,103.5509,0.1717,0.0000,0.0000,0.0000,-,-,-,-,-,-,-,-,-,-,-,-,103.84,0.02,0,0.0000,0.00%,0.00%,0.00%,0.00%,0.00%,0.00%,-,-,0.00,0.00,-,-,-,-,-,A-GOVDBT,-
TB5Y1130,05Y BGTB 30/11/2030,G-SEC (T.Bond),A,53210.00,-,0.00,0.88,106.42,0.0000,0,,,,,,,,,,,,,,,,,,,,,,-,-,-,-,-,-,-,-,-,-,-,-,105.49,0.93,0,0.0000,0.00%,0.00%,0.00%,0.00%,0.00%,0.00%,-,-,0.00,0.00,-,-,-,-,5000000000.00,A-GOVDBT,500000000
TB5Y1228,5Y BGTB 13/12/2028,G-SEC (T.Bond),A,0.00,-,0.00,0.02,102.72,0.0000,0,61.9564,-14.2857,102.9345,0.0000,0.0000,101.1791,100.9506,100.4051,0.5455,0.3003,107.0773,98.7917,0.0000,14976.2717,103.1891,103.2051,103.0882,0.1943,0.0000,0.0000,0.0000,-,-,-,-,-,-,-,-,-,-,-,-,102.70,0.02,0,0.0000,0.00%,0.00%,0.00%,0.00%,0.00%,0.00%,-,-,0.00,0.00,-,-,-,-,-,A-GOVDBT,-
TB5Y1229,05Y BGTB 11/12/2029,G-SEC (T.Bond),A,32745.00,-,0.00,2.13,109.15,0.0000,0,51.8508,-66.0177,109.7285,0.0000,0.0000,107.5854,107.2855,106.0728,1.2127,1.1248,113.8515,105.6055,0.0000,59466.7839,108.9602,109.1600,109.5073,0.0306,0.0000,0.0000,0.0000,-,-,-,-,-,-,-,-,-,-,-,-,106.87,2.28,0,0.0000,0.00%,0.00%,0.00%,0.00%,0.00%,0.00%,-,-,0.00,0.00,-,-,-,-,3000000000.00,A-GOVDBT,300000000
TECHNODRUG,Techno Drugs Limited,Pharmaceuticals & Chemicals,A,4844.33,23.13,36.70,-9.83,36.70,146.3520,"3,857,984",34.2197,-100.0000,40.3000,43.2260,37.6995,39.7511,39.9839,40.9962,-1.0123,-0.9774,42.8744,37.7256,279.9900,-1848623.9746,39.7289,39.8603,40.0257,1.0223,0.0000,0.0000,0.0000,2.72,2.281,0.386,1.639,-,0.211,0.069,0.436,0.032,0.058,-,-,40.70,-4.00,"4,503",146.3520,37.29%,4.73%,32.56%,62.71%,0.00%,0.00%,-,10.00,1.76,30.58,29 Oct 2025,24 Dec 2025,23.13,25.87,1319981880.00,A-EQ,131998188
TILIL,Trust Islami Life Insurance PLC,Insurance,B,1808.00,230.00,45.20,-1.74,45.20,6.9260,"151,229",47.3587,-50.8197,44.9750,47.4040,47.2250,45.7984,45.6777,45.8560,-0.1783,-0.5271,48.4305,41.5195,123.6200,-67408.6650,46.1622,45.9628,45.3390,1.6428,0.0000,0.0000,0.0000,1.11,-,-,-,-,-,-,-,-,-,-,-,46.00,-0.80,414,6.9260,46.62%,2.73%,43.89%,53.38%,0.00%,0.00%,-,5.00,0.20,12.13,18 Aug 2025,30 Sep 2025,230.00,-,400000000.00,B-EQ,40000000
TITASGAS,Titas Gas Transmission and Distribution  PLC,Fuel & Power,B,16618.93,-,17.20,-4.00,16.80,2.1490,"126,549",34.9069,-90.4762,17.4050,18.4740,17.4110,17.4648,17.4988,17.7206,-0.2217,-0.2514,18.2346,16.5754,4.8600,-99650.3508,17.5111,17.5538,17.4952,1.3718,0.0000,0.0000,0.0000,1.19,1.127,-,1.108,-,-,-,0.001,-,-,-,-,17.50,-0.70,231,2.1490,25.00%,15.16%,9.81%,0.00%,75.00%,0.03%,-,2.00,-7.80,90.13,28 Oct 2025,24 Dec 2025,-,-,9892218310.00,B-EQ,989221831
TOSRIFA,Tosrifa Industries PLC,Textile,B,1284.92,25.73,18.90,-2.07,18.90,3.3790,"177,625",42.7682,-72.7273,19.1450,20.9700,18.9025,19.4103,19.4301,19.7626,-0.3325,-0.4456,20.6339,17.6561,125.6600,-43375.0615,19.5000,19.5231,19.3252,1.2625,0.0000,0.0000,0.0000,2.12,0.900,-,0.411,-,-,-,-,-,-,-,-,19.30,-0.40,167,3.3790,56.98%,22.41%,34.57%,43.02%,0.00%,0.00%,-,4.00,0.75,31.52,27 Oct 2025,28 Dec 2025,25.73,57.90,679851190.00,B-EQ,67985119
TRUSTB1MF,Trust Bank 1st Mutual Fund,Mutual Funds,A,1092.91,-,3.60,0.00,3.60,1.5940,"442,679",44.7175,-80.0000,3.6850,3.7760,3.1210,3.6827,3.6882,3.6952,-0.0070,0.0017,3.8826,3.4874,84.5000,-1133876.0356,3.6889,3.7038,3.6943,1.2847,0.0000,0.0000,0.0000,-,-,-,-,-,-,-,-,-,-,-,-,3.60,0.00,101,1.5940,98.49%,34.01%,64.48%,1.51%,0.00%,0.00%,-,-,-1.96,8.16,15 Sep 2024,-,-,-,3035866750.00,A-MF,303586675
TRUSTBANK,Trust Bank PLC.,Bank,A,13882.32,3.96,13.30,-0.75,13.30,11.2000,"837,510",18.4682,-100.0000,13.8350,14.6460,16.5325,13.5291,13.6099,13.9832,-0.3733,-0.3717,14.6278,13.0422,41.1200,-1035865.8314,13.4600,13.5051,13.6390,0.7018,0.0000,0.0000,0.0000,6.02,-,-,-,-,0.617,0.146,-,0.005,0.119,0.006,-,13.40,-0.10,432,11.2000,40.00%,23.37%,16.63%,60.00%,0.00%,0.00%,5.00,8.00,3.38,28.52,03 May 2026,28 Jul 2025,3.96,5.58,10437834560.00,A-EQ,1043783456
TUNGHAI,Tung Hai Knitting & Dyeing Limited,Textile,Z,490.60,-,4.60,0.00,4.60,1.2010,"258,858",59.8322,-36.3636,4.1950,4.1960,2.9970,4.3572,4.3178,4.2481,0.0697,0.0160,4.6078,3.7822,127.3000,543964.2544,4.3867,4.3192,4.2414,1.3897,0.0000,0.0000,0.0000,-,0.182,-,0.044,-,-,-,-,-,-,-,-,4.60,0.00,104,1.2010,69.96%,7.58%,62.38%,30.04%,0.00%,0.00%,-,-,-0.42,-6.18,31 Oct 2022,12 Dec 2022,-,-,1066530300.00,Z-EQ,106653030
UCB,United Commercial Bank PLC,Bank,Z,19999.85,58.67,8.70,-2.27,8.60,2.1360,"247,888",37.0748,-100.0000,9.0450,9.2780,9.4440,8.8118,8.8595,9.0125,-0.1530,-0.1203,9.6449,8.4451,4.8300,-129862.6462,8.7600,8.7897,8.9143,0.9793,0.0000,0.0000,0.0000,-,-,-,-,-,0.344,0.007,-,0.000,0.006,0.000,-,8.80,-0.20,123,2.1360,88.92%,36.43%,52.03%,10.27%,0.81%,0.46%,-,-,0.15,25.71,03 May 2026,11 Jun 2026,58.67,20.00,23255638470.00,Z-EQ,2325563847
UCB2PBOND,UCB 2nd Perpetual Bond,Corporate Bond,A,282.00,-,0.00,0.00,4700.00,0.0000,0,,,,,,,,,,,,,,,,,,,,,,0.02,-,-,-,-,-,-,-,-,-,-,-,4700.00,0.00,0,0.0000,0.00%,0.00%,0.00%,0.00%,0.00%,0.00%,-,10.00,0.00,0.00,29 Jan 2026,-,-,-,600000.00,A-CB,60000
UNILEVERCL,Unilever Consumer Care Limited,Food & Allied,A,38070.63,47.86,1975.30,0.14,1975.20,0.1440,73,38.0892,-80.7407,1982.6050,2009.8780,2094.8400,1978.8887,1980.3963,1989.3982,-9.0019,-9.9271,1999.3983,1965.8117,0.2100,-101.5395,1978.2778,1979.8077,1980.6695,0.3324,0.0000,0.0000,0.0000,2.13,0.753,5.520,0.509,-,0.178,0.131,0.668,0.070,1.102,-,-,1972.50,2.70,20,0.1440,7.18%,3.45%,3.62%,92.82%,0.00%,0.11%,-,420.00,41.21,116.30,08 Mar 2026,18 May 2026,47.86,95.47,192743180.00,A-EQ,19274318
UNIONBANK,Union Bank PLC.,Bank,Z,1554.42,0.96,0.00,0.00,1.50,0.0000,0,31.6231,-100.0000,1.7050,1.9000,3.0850,1.6132,1.6390,1.7458,-0.1068,-0.1005,1.9248,1.4852,48.5200,-791884.7608,1.5867,1.6077,1.6590,1.0097,0.0000,0.0000,0.0000,-,-,-,-,-,1.265,17.228,-,-,1.048,-,-,1.50,0.00,0,0.0000,45.51%,13.47%,32.03%,54.49%,0.00%,0.01%,-,-,1.58,16.03,28 Apr 2024,12 Aug 2024,0.96,-,10362804480.00,Z-EQ,1036280448
UNIONCAP,Union Capital Limited,Financial Institutions,Z,690.30,-,4.00,-2.44,4.00,0.4160,"103,624",30.9584,-83.3333,4.2500,4.5160,4.4010,4.1552,4.1840,4.2928,-0.1088,-0.0967,4.4794,4.0206,18.3600,-101312.1917,4.1289,4.1564,4.2081,1.7885,0.0000,0.0000,0.0000,-,-,-,-,-,1.360,0.667,-,-,-,-,-,4.10,-0.10,62,0.4160,71.06%,15.15%,55.91%,28.94%,0.00%,0.00%,-,-,-2.46,-65.49,20 May 2026,29 Jul 2026,-,-,1725738430.00,Z-EQ,172573843
UNIONINS,Union Insurance PLC,Insurance,A,2318.47,25.42,48.90,-0.83,47.90,7.8980,"164,635",47.9180,-58.5714,47.7700,49.6180,40.3600,48.2913,48.2187,48.3233,-0.1045,-0.3132,50.0771,45.4629,147.4700,-271422.7195,48.4578,48.3064,47.9533,1.6581,0.0000,0.0000,0.0000,2.09,-,-,-,-,-,-,-,-,-,-,-,48.30,-0.40,365,7.8980,43.02%,12.08%,30.94%,56.98%,0.00%,0.00%,-,10.00,1.90,19.23,12 May 2026,25 Aug 2026,25.42,19.63,484022600.00,A-EQ,48402260
UNIQUEHRL,Unique Hotel & Resorts PLC,Travel & Leisure,A,12423.68,8.03,42.20,1.44,42.20,15.0380,"357,392",50.4420,-56.2500,41.3750,42.8120,40.1710,42.1889,42.0920,42.0919,0.0001,-0.2128,44.6011,38.1489,24.4400,-65607.0423,42.4622,42.3718,41.8129,1.3167,0.0000,0.0000,0.0000,3.79,1.026,0.113,1.008,0.131,0.380,0.095,0.700,0.006,0.009,-,-,41.60,0.60,603,15.0380,47.55%,29.36%,18.03%,52.45%,0.00%,0.16%,-,16.00,5.18,93.91,28 Oct 2025,24 Dec 2025,8.03,10.43,2944000000.00,A-EQ,294400000
UNITEDFIN,United Finance PLC.,Financial Institutions,A,3031.26,15.47,16.20,-1.22,16.20,5.0800,"311,605",39.5652,-93.3333,16.6450,17.4960,14.2210,16.6206,16.6620,16.8561,-0.1941,-0.1946,17.2790,16.0110,92.8000,-615191.8067,16.6533,16.6795,16.6514,1.6381,0.0000,0.0000,0.0000,6.17,-,-,-,-,0.372,0.163,-,-,-,-,0.091,16.40,-0.20,182,5.0800,59.87%,14.49%,45.38%,40.13%,0.00%,0.00%,-,10.00,1.06,17.90,29 Apr 2026,29 Jun 2026,15.47,30.37,1871146140.00,A-EQ,187114614
UNITEDINS,United Insurance Company Ltd.,Insurance,A,2594.35,17.20,58.30,-2.02,58.30,3.4400,"58,661",41.2501,-97.0149,60.9300,61.7680,47.8780,60.9121,61.0731,61.0816,-0.0085,0.3411,64.1003,57.7597,87.5800,-174762.3818,61.1022,61.3423,61.2181,1.0889,0.0000,0.0000,0.0000,2.57,-,-,-,-,-,-,-,-,-,-,-,59.50,-1.20,233,3.4400,40.10%,16.98%,23.12%,59.90%,0.00%,0.00%,-,15.00,3.46,31.04,29 Apr 2026,29 Jun 2026,17.20,14.95,445000000.00,A-EQ,44500000
UPGDCL,United Power Generation & Distribution Company Limited,Fuel & Power,A,65505.57,5.47,113.00,-0.09,113.00,1.4230,"12,592",40.8996,-67.2414,113.3250,117.7440,119.7095,113.6911,113.7809,114.7587,-0.9778,-1.2407,116.4925,110.1575,1.3100,-22819.5322,113.6911,113.8974,113.7533,0.8550,0.0000,0.0000,0.0000,5.75,1.368,-,1.250,0.319,0.337,0.312,0.340,0.158,0.281,-,-,113.10,-0.10,160,1.4230,10.00%,7.42%,2.57%,90.00%,0.00%,0.01%,-,65.00,20.66,73.89,27 Oct 2025,30 Dec 2025,5.47,5.77,5796952700.00,A-EQ,579695270
USMANIAGL,Usmania Glass Sheet Factory Limited,Miscellaneous,Z,929.74,-,53.40,4.09,53.40,1.3140,"25,037",43.0020,-71.7391,54.0250,60.0240,43.9085,53.1556,53.5392,55.4096,-1.8704,-1.9083,58.4134,49.6366,21.1500,-13042.9000,52.5889,53.1179,53.7529,1.2728,0.0000,0.0000,0.0000,-,0.654,-,0.293,-,-,-,-,-,-,-,-,51.30,2.10,159,1.3140,47.00%,14.39%,32.61%,2.00%,51.00%,0.00%,-,-,-5.34,64.73,29 Oct 2025,21 Dec 2025,-,-,174109000.00,Z-EQ,17410900
UTTARABANK,Uttara Bank PLC,Bank,A,24984.42,3.40,20.70,-0.48,20.60,28.6550,"1,390,889",38.5354,-75.0000,20.6950,20.9300,22.9105,20.6520,20.6639,20.7503,-0.0864,-0.1009,20.8724,20.5176,17.6800,-183483.8924,20.6400,20.6397,20.6652,0.6817,0.0000,0.0000,0.0000,2.43,-,-,-,-,0.608,0.298,-,0.018,0.190,0.020,-,20.70,-0.10,505,28.6550,69.34%,24.87%,44.02%,30.66%,0.00%,0.45%,25.00,5.00,6.08,31.95,30 Apr 2026,15 Jun 2026,3.40,4.64,12128360900.00,A-EQ,1212836090
UTTARAFIN,Uttara Finance and Investments Limited,Financial Institutions,Z,1485.74,1.21,11.30,-0.88,11.30,0.3210,"28,376",30.2090,-95.2381,11.9800,12.7260,12.3680,11.6814,11.7723,12.1126,-0.3402,-0.3007,12.6867,11.2733,2.8600,-48099.4855,11.6067,11.6936,11.8371,1.3336,0.0000,0.0000,0.0000,13.27,-,-,-,-,0.983,0.593,-,-,-,-,0.564,11.40,-0.10,56,0.3210,55.56%,31.62%,16.12%,44.44%,0.00%,7.82%,5.00,15.00,9.45,62.45,24 Aug 2020,30 Sep 2020,1.21,5.09,1314815040.00,Z-EQ,131481504
VAMLBDMF1,Vanguard AML BD Finance Mutual Fund One,Mutual Funds,A,740.67,-,0.00,0.00,7.10,0.0000,0,45.8140,-71.4286,7.1600,7.2120,6.8430,7.2057,7.2027,7.1776,0.0250,0.0300,7.4458,6.8742,37.4300,-4593.5110,7.2333,7.2385,7.2100,0.6329,0.0000,0.0000,0.0000,-,-,-,-,-,-,-,-,-,-,-,-,7.10,0.00,0,0.0000,98.08%,81.13%,16.95%,1.92%,0.00%,0.00%,-,-,-0.10,9.55,01 Dec 2025,-,-,-,1043200000.00,A-MF,104320000
VAMLRBBF,Vanguard AML Rupali Bank Balanced Fund,Mutual Funds,A,1333.46,-,0.00,0.00,8.40,0.0000,0,58.1610,-44.4444,8.1750,8.1520,6.5870,8.3002,8.2687,8.1826,0.0861,0.0575,8.5690,7.7810,42.1700,369841.3920,8.3511,8.3026,8.2252,0.8721,0.0000,0.0000,0.0000,-,-,-,-,-,-,-,-,-,-,-,-,8.40,0.00,0,0.0000,74.80%,68.24%,6.56%,25.20%,0.00%,0.00%,-,-,-0.37,8.38,18 Feb 2026,-,-,3.53,1587450000.00,A-MF,158745000
VFSTDL,VFS Thread Dyeing Limited,Textile,B,1288.08,140.00,12.20,-3.17,12.20,4.1620,"335,206",32.8428,-95.2381,13.3650,14.7940,13.5575,12.9870,13.1196,13.6494,-0.5299,-0.4881,14.4416,12.2884,144.9900,-823291.6202,12.8911,13.0487,13.2148,1.5878,0.0000,0.0000,0.0000,0.20,5.475,-,3.946,-,-,-,-,-,-,-,-,12.60,-0.40,273,4.1620,69.23%,10.92%,58.26%,30.77%,0.00%,0.05%,-,0.25,0.09,20.34,29 Oct 2025,30 Dec 2025,140.00,315.00,1055800550.00,B-EQ,105580055
WALTONHIL,Walton Hi-Tech Industries PLC,Engineering,A,121582.41,9.75,331.70,-0.54,331.70,10.5790,"31,813",15.6050,-98.9474,363.1300,380.2020,381.8365,341.4431,346.0618,361.3810,-15.3191,-12.3850,415.5897,310.6703,4.5000,-64394.0039,336.1289,338.3603,350.3638,0.9075,0.0000,0.0000,0.0000,5.43,2.550,0.046,1.513,-,0.209,0.146,0.360,0.066,0.086,-,-,333.50,-1.80,"1,069",10.5790,28.91%,1.04%,27.84%,71.09%,0.00%,0.03%,10.00,180.00,33.75,381.26,30 Aug 2026,15 Oct 2026,9.75,9.88,3665432940.00,A-EQ,366543294
WATACHEM,Wata Chemicals Ltd,Pharmaceuticals & Chemicals,A,1857.27,173.51,125.30,-2.41,125.30,1.1630,"9,197",37.0532,-97.0000,129.6350,135.8760,135.0630,128.2314,128.7602,131.1606,-2.4004,-2.3689,134.6349,124.6351,23.0600,-18929.0652,127.8422,128.2744,128.9410,1.1953,0.0000,0.0000,0.0000,0.80,0.545,0.439,0.490,-,0.249,0.014,0.296,0.004,0.012,-,-,128.40,-3.10,154,1.1630,63.59%,35.65%,27.94%,36.41%,0.00%,0.00%,-,10.00,0.74,61.09,09 Nov 2025,24 Dec 2025,173.51,110.69,148226180.00,A-EQ,14822618
WMSHIPYARD,Western Marine Shipyard Limited,Engineering,Z,1905.15,-,8.10,-3.57,8.10,2.7410,"336,567",24.4916,-80.0000,8.6600,9.3280,8.8270,8.5170,8.5737,8.8078,-0.2341,-0.2197,9.0515,8.2685,20.1900,-114018.3324,8.4933,8.5462,8.6071,1.5900,0.0000,0.0000,0.0000,-,7.577,-,4.239,-,0.363,-,0.374,-,-,-,-,8.40,-0.30,243,2.7410,69.99%,15.39%,54.60%,30.01%,0.00%,0.00%,-,-,-0.02,16.16,16 Nov 2025,28 Dec 2025,-,-,2352037690.00,Z-EQ,235203769
YPL,Yeakin Polymer Limited,Engineering,Z,1429.76,-,19.40,0.00,19.40,2.1480,"110,117",39.9523,-69.0476,20.0300,22.0120,20.2765,20.2401,20.3125,20.7405,-0.4280,-0.4703,22.4510,17.6090,53.0500,-144977.8297,20.3244,20.4821,20.2905,1.4956,0.0000,0.0000,0.0000,-,0.860,-,0.442,-,-,-,-,-,-,-,-,19.40,0.00,167,2.1480,69.90%,17.00%,52.90%,30.10%,0.00%,0.00%,-,-,-0.71,6.16,08 Dec 2022,-,-,-,736988170.00,Z-EQ,73698817
ZAHEENSPIN,Zaheen Spinning Limited,Textile,Z,534.99,-,4.70,-4.08,4.70,0.4510,"96,258",34.3231,-77.7778,5.1200,5.4760,5.2000,4.9509,5.0019,5.1843,-0.1824,-0.1563,5.5435,4.6965,31.5600,-249200.2139,4.9156,4.9590,5.0329,1.4426,0.0000,0.0000,0.0000,-,1.404,-,1.398,-,-,-,-,-,-,-,-,4.90,-0.20,85,0.4510,68.90%,24.15%,44.75%,31.10%,0.00%,0.00%,-,-,-0.55,3.39,28 Oct 2025,30 Dec 2025,-,-,1138283680.00,Z-EQ,113828368
ZAHINTEX,Zahintex Industries Limited,Textile,Z,605.53,-,7.40,-6.33,7.40,0.1290,"17,052",42.1232,-72.7273,7.7800,8.3640,7.4935,7.5591,7.6107,7.8669,-0.2562,-0.2637,8.4955,7.0645,17.2200,-39329.4178,7.4800,7.5244,7.6410,0.9975,0.0000,0.0000,0.0000,-,2.167,-,0.632,-,-,-,-,-,-,-,-,7.90,-0.50,64,0.1290,63.06%,20.93%,42.13%,36.94%,0.00%,0.00%,-,-,-2.58,10.01,29 Oct 2023,24 Dec 2023,-,-,818285490.00,Z-EQ,81828549
ZEALBANGLA,Zeal Bangla Sugar Mills Limited,Food & Allied,Z,1102.20,-,183.70,7.87,183.70,5.1750,"28,445",53.5488,-36.3636,174.2050,189.6320,153.1550,176.8456,176.7614,178.6395,-1.8781,-2.9467,188.8763,159.5337,37.4400,-1566.8193,176.8622,177.5154,176.2267,0.9886,0.0000,0.0000,0.0000,-,0.269,-,0.057,-,-,-,-,-,0.069,-,-,170.30,13.40,400,5.1750,49.00%,11.95%,37.05%,0.00%,51.00%,0.00%,-,-,-78.87,-1139.19,27 Oct 2025,15 Dec 2025,-,-,60000000.00,Z-EQ,6000000
