Symbol,Company,Sector,Category,Market Cap (mn),PE,LTP,%,Close,Value(Turnover) (mn),Volume(Qty),RSI[14],Willams %R[14],SMA[20],SMA[50],SMA[200],EMA[9],EMA[12],EMA[26],"MACD[12,26]",MACD Signal[9],"BB Upper[20,2]","BB Lower[20,2]",TV[22],"CO[3,10]",WMA[9],WMA[12],WMA[20],Beta[5],VWMA[20],VWMA[50],VWMA[200],Dividend Yield,Current Ratio,Quick Ratio,Debt To Equity,EBITDA Margin,Operating Profit Margin,Net Profit Margin,Gross Profit Margin,Return on Assets (ROA),Return on Equity (ROE),Return on Earnings Assets (ROEA),Return on Investment (ROI),YCP,Change,Trade,Value (Turnover)(mn),Free Float,Institute Share %,Public Share %,Sponsor Director Share %,Govt. Share %,Foreign Share %,Stock Dividend,Cash Dividend,EPS,NAV(Year End),Last Dividend Date,Last AGM Date,Audited PE,Forward PE,PaidUp Capital,Quote Bases,Total Shares
1JANATAMF,First Janata Bank Mutual Fund,Mutual Funds,A,1130.70,-,3.90,5.41,3.90,20.9730,"5,403,538",67.6933,-12.5000,3.4200,3.1880,2.8770,3.6817,3.6184,3.4299,0.1885,0.1382,3.9879,2.8521,245.7500,7373686.6669,3.7400,3.6782,3.5557,1.2728,0.0000,0.0000,0.0000,-,-,-,-,-,-,-,-,-,-,-,-,3.70,0.20,526,20.9730,75.00%,28.78%,46.22%,25.00%,0.00%,0.00%,-,-,-2.24,7.54,15 Sep 2024,-,-,-,2899233490.00,A-MF,289923349
1STPRIMFMF,Prime Finance First Mutual Fund,Mutual Funds,A,474.00,-,23.70,0.85,23.70,8.2830,"347,525",54.1263,-75.8621,24.1400,21.4960,19.9335,23.8680,23.8570,23.2837,0.5733,0.8189,25.2227,23.0573,1239.2400,-867524.5454,23.8089,23.8910,24.0424,0.9670,0.0000,0.0000,0.0000,-,-,-,-,-,-,-,-,-,-,-,-,23.50,0.20,329,8.2830,98.00%,31.36%,66.63%,2.00%,0.00%,0.01%,-,-,-0.53,8.60,01 Feb 2026,-,-,11.99,200000000.00,A-MF,20000000
AAMRANET,Aamra Networks Limited.,IT Sector,Z,1971.17,8.46,21.20,1.92,21.20,6.8290,"322,738",60.5326,-58.0645,20.9200,19.0780,17.9330,20.8638,20.8303,20.3798,0.4505,0.5889,21.7423,20.0977,111.3200,-164428.0695,20.8089,20.8385,20.9195,1.3700,0.0000,0.0000,0.0000,4.72,2.957,-,2.304,0.204,0.214,0.188,0.399,0.055,0.067,-,-,20.80,0.40,352,6.8290,66.96%,22.33%,44.63%,33.04%,0.00%,0.00%,-,10.00,2.46,37.01,29 Oct 2024,31 Dec 2024,8.46,20.26,929799120.00,Z-EQ,92979912
AAMRATECH,Aamra Technologies Limited,IT Sector,Z,1242.38,-,19.30,-0.52,19.20,7.9110,"410,180",72.1833,-20.0000,17.5800,15.4520,12.9120,18.0241,17.8254,17.0159,0.8095,0.7541,19.0055,16.1545,129.0700,122077.1239,18.0511,17.8872,17.7490,1.5269,0.0000,0.0000,0.0000,0.52,1.988,-,1.236,-,-,-,0.200,-,-,-,-,19.30,-0.10,516,7.9110,69.99%,33.68%,36.31%,30.01%,0.00%,0.00%,-,-,0.00,0.00,-,-,-,-,647074420.00,Z-EQ,64707442
ABB1STMF,AB BANK 1ST MUTUAL FUND,Mutual Funds,A,980.27,-,4.10,5.13,4.10,18.7140,"4,676,135",67.4002,-30.0000,3.6250,3.3680,3.0155,3.8860,3.8247,3.6276,0.1971,0.1553,4.2263,3.0237,639.1300,1248656.3783,3.9444,3.8936,3.7738,1.2295,0.0000,0.0000,0.0000,-,-,-,-,-,-,-,-,-,-,-,-,3.90,0.20,478,18.7140,84.49%,13.20%,71.29%,15.51%,0.00%,0.00%,-,-,-1.37,8.69,25 Sep 2024,-,-,-,2390903960.00,A-MF,239090396
ABBANK,AB Bank PLC,Bank,Z,4478.47,-,5.00,0.00,5.00,3.3130,"658,458",55.7799,-50.0000,4.9300,4.7060,5.0330,4.9717,4.9588,4.9098,0.0489,0.0436,5.0765,4.7835,20.2500,-1093830.2943,4.9844,4.9705,4.9452,1.7417,0.0000,0.0000,0.0000,-,-,-,-,-,1.242,1.343,-,-,1.199,-,-,5.00,0.00,177,3.3130,80.48%,35.15%,44.79%,18.95%,0.57%,0.54%,-,-,-43.42,-36.24,03 May 2026,18 Jun 2026,-,-,8956947490.00,Z-EQ,895694749
ABBLPBOND,AB Bank Perpetual Bond,Corporate Bond,A,6053.59,-,0.00,0.00,1060.00,0.0000,0,63.0051,-25.0000,1068.0000,1047.2000,0.0000,1048.3281,1041.8432,1008.2701,33.5732,35.1310,1136.8491,999.1509,11.5000,4204.2088,1067.1111,1069.8718,1070.6190,0.0020,0.0000,0.0000,0.0000,0.09,-,-,-,-,-,-,-,-,-,-,-,1060.00,0.00,0,0.0000,100.00%,94.73%,5.27%,0.00%,0.00%,0.00%,-,10.00,0.00,0.00,10 Dec 2025,-,-,-,57109360.00,A-CB,5710936
ACFL,Aman Cotton Fibrous PLC,Textile,A,2299.00,108.10,22.80,0.44,22.80,0.7510,"32,895",42.1591,-84.2105,23.6200,22.9600,19.2975,23.2351,23.3289,23.3489,-0.0200,0.1765,24.4083,22.8317,26.7500,-52286.4330,23.1533,23.2667,23.4490,1.1929,0.0000,0.0000,0.0000,4.39,2.961,-,1.970,-,-,-,-,-,-,-,-,22.70,0.10,119,0.7510,50.42%,11.67%,38.65%,49.58%,0.00%,0.10%,-,10.00,0.21,33.63,27 Oct 2025,29 Dec 2025,108.10,243.21,1008333330.00,A-EQ,100833333
ACI,ACI Limited,Pharmaceuticals & Chemicals,A,17522.45,-,199.50,0.35,199.50,10.0270,"50,203",48.8348,-82.6389,202.2550,195.2440,194.6445,201.7051,201.7504,200.1692,1.5812,2.4247,207.6671,196.8429,30.3400,-110879.2129,201.8578,202.4590,202.5852,1.1419,0.0000,0.0000,0.0000,1.25,0.676,0.568,0.384,-,0.074,-,0.249,-,-,-,-,198.80,0.70,415,10.0270,52.73%,34.59%,18.14%,47.27%,0.00%,0.00%,-,25.00,-7.40,91.64,29 Oct 2025,28 Dec 2025,-,-,878318430.00,A-EQ,87831843
ACIFORMULA,ACI Formulations PLC,Pharmaceuticals & Chemicals,A,8127.00,21.61,172.00,1.42,172.00,45.9040,"265,428",60.3029,-44.4444,164.1050,151.1060,139.5045,172.3291,170.5747,162.9229,7.6518,7.3996,189.0346,139.1754,215.2300,337824.7645,175.7156,174.5756,169.4457,1.2800,0.0000,0.0000,0.0000,1.45,1.236,-,0.925,-,0.142,0.072,0.323,0.043,0.104,-,-,169.60,2.40,"1,155",45.9040,33.98%,24.23%,9.75%,66.02%,0.00%,0.00%,-,25.00,7.85,75.51,29 Oct 2025,28 Dec 2025,21.61,15.40,472500000.00,A-EQ,47250000
ACMELAB,The ACME Laboratories Limited,Pharmaceuticals & Chemicals,A,17478.30,7.18,82.60,0.24,82.60,25.0360,"302,875",47.5600,-89.6552,84.1100,80.8180,76.4780,83.5541,83.6692,83.0684,0.6008,1.1364,87.0814,81.1386,101.7200,-879296.4158,83.3533,83.8128,84.1610,1.2094,0.0000,0.0000,0.0000,4.24,1.154,0.265,0.680,-,0.098,0.068,0.422,0.042,0.091,-,-,82.40,0.20,767,25.0360,59.61%,32.23%,27.37%,40.39%,0.00%,0.01%,-,35.00,11.48,126.37,28 Oct 2025,22 Dec 2025,7.18,6.57,2116017000.00,A-EQ,211601700
ACMEPL,Acme Pesticides Limited,Pharmaceuticals & Chemicals,B,2862.00,-,21.20,0.47,21.20,20.8010,"973,533",31.7693,-93.1034,22.8800,23.5980,19.1390,22.1617,22.3552,22.8774,-0.5222,-0.3432,24.3605,21.3995,411.5600,-3289537.6539,22.0267,22.2115,22.5657,1.4064,0.0000,0.0000,0.0000,-,4.422,0.117,3.222,-,-,-,-,-,-,-,-,21.10,0.10,838,20.8010,68.20%,13.21%,54.99%,31.80%,0.00%,0.00%,-,0.01,-1.14,16.41,02 Nov 2025,29 Dec 2025,-,-,1350000000.00,B-EQ,135000000
ACTIVEFINE,Active Fine Chemicals Limited,Pharmaceuticals & Chemicals,Z,1607.58,60.91,6.70,0.00,6.70,1.0740,"159,643",42.5952,-87.5000,6.8700,6.8960,6.6695,6.7563,6.7849,6.8600,-0.0750,-0.0474,7.1819,6.5581,64.3400,-165514.1255,6.7222,6.7449,6.8076,1.3304,0.0000,0.0000,0.0000,0.37,-,-,-,-,-,-,-,-,-,-,-,6.70,0.00,86,1.0740,87.96%,21.05%,66.64%,12.04%,0.00%,0.27%,-,0.25,0.11,22.07,30 Oct 2022,29 Dec 2022,60.91,41.88,2399365800.00,Z-EQ,239936580
ADNTEL,ADN Telecom Limited,IT Sector,A,4305.80,26.00,66.60,0.45,66.60,8.7030,"130,109",44.0907,-87.6712,68.9450,65.7680,62.1015,67.8520,68.0817,67.8207,0.2610,0.8882,71.8210,66.0690,225.3900,-506237.4802,67.5578,68.0128,68.6300,1.2650,0.0000,0.0000,0.0000,1.50,1.943,-,1.935,0.122,0.152,0.091,0.354,0.049,0.077,-,-,66.30,0.30,479,8.7030,59.24%,17.91%,39.81%,40.76%,0.00%,1.52%,-,10.00,2.55,32.82,28 Oct 2025,15 Dec 2025,26.00,26.73,646516660.00,A-EQ,64651666
ADVENT,Advent Pharma Limited,Pharmaceuticals & Chemicals,Z,1452.87,21.11,15.60,2.63,15.60,7.0470,"454,903",50.8754,-53.8462,15.7650,15.1640,14.2090,15.5953,15.6293,15.5741,0.0551,0.1558,16.2474,15.2826,108.8900,-227872.6034,15.5489,15.6103,15.6976,1.4635,0.0000,0.0000,0.0000,0.32,1.507,0.005,1.157,-,0.200,0.134,0.352,0.035,0.044,-,-,15.20,0.40,222,7.0470,69.98%,12.60%,56.38%,30.02%,0.00%,1.00%,-,0.50,0.72,16.43,27 Oct 2025,31 Dec 2025,21.11,34.55,931327320.00,Z-EQ,93132732
AFCAGRO,AFC Agro Biotech Limited,Pharmaceuticals & Chemicals,Z,829.56,30.91,7.20,5.88,7.20,0.8180,"117,119",44.7247,-66.6667,7.5200,7.4560,6.4870,7.1992,7.2588,7.4089,-0.1501,-0.0898,8.3968,6.6432,55.0600,-332059.1739,7.1422,7.1628,7.3086,1.6576,0.0000,0.0000,0.0000,0.69,5.609,-,4.057,-,0.066,0.036,0.232,0.010,0.012,-,-,6.80,0.40,84,0.8180,72.16%,34.11%,38.05%,27.84%,0.00%,0.00%,-,0.50,0.22,18.19,30 Oct 2022,29 Dec 2022,30.91,30.00,1152162000.00,Z-EQ,115216200
AFTABAUTO,Aftab Automobiles Limited,Engineering,Z,3219.12,-,30.50,1.33,30.50,3.0090,"98,565",45.3891,-73.0769,31.0600,30.6500,31.7570,30.8703,30.9467,30.9461,0.0007,0.1687,32.2729,29.8471,62.9400,-127674.0678,30.8378,30.9974,31.0567,1.3045,0.0000,0.0000,0.0000,3.28,1.931,2.289,1.802,-,-,-,0.254,-,-,-,-,30.10,0.40,183,3.0090,70.68%,32.77%,37.91%,29.32%,0.00%,0.00%,-,10.00,-1.37,47.57,28 Oct 2025,29 Dec 2025,-,-,1055449950.00,Z-EQ,105544995
AGNISYSL,Agni Systems PLC.,IT Sector,B,2358.08,40.12,32.50,0.00,32.50,31.9880,"976,008",54.5790,-59.6491,32.2600,30.0500,24.1055,33.0667,32.8980,31.8375,1.0605,1.1889,35.2317,29.2883,1011.3900,-2015113.5729,33.4200,33.3628,32.8910,1.2270,0.0000,0.0000,0.0000,0.77,3.518,-,3.484,0.174,0.181,0.082,0.383,0.039,0.048,-,-,32.50,0.00,852,31.9880,69.97%,13.44%,56.53%,30.03%,0.00%,0.00%,-,2.50,0.81,16.95,28 Oct 2025,29 Dec 2025,40.12,29.73,725561920.00,B-EQ,72556192
AGRANINS,Agrani Insurance PLC.,Insurance,A,1048.14,162.78,29.30,-0.68,29.10,7.9620,"272,804",54.3965,-73.0769,29.1200,26.9240,24.0105,29.1129,29.1052,28.4794,0.6258,0.9034,32.5033,25.7367,368.8800,-147617.0901,28.9067,29.2705,29.3967,1.4157,0.0000,0.0000,0.0000,-,-,-,-,-,-,-,-,-,-,-,-,29.30,-0.20,377,7.9620,72.25%,17.89%,54.36%,27.75%,0.00%,0.00%,-,-,0.18,19.42,16 Mar 2026,14 May 2026,162.78,29.30,360186980.00,A-EQ,36018698
AIBL1STIMF,AIBL 1st Islamic Mutual Fund,Mutual Funds,A,700.00,130.00,7.00,7.69,7.00,30.5070,"4,446,534",74.2663,-8.3333,5.6000,4.6860,3.9660,6.4217,6.2386,5.5820,0.6566,0.5635,7.5831,3.6169,995.6100,4557690.3533,6.6267,6.5103,6.1090,0.8064,0.0000,0.0000,0.0000,-,-,-,-,-,-,-,-,-,-,-,-,6.50,0.50,616,30.5070,90.00%,40.05%,49.95%,10.00%,0.00%,0.00%,-,0.60,0.05,10.27,16 May 2023,-,130.00,73.86,1000000000.00,A-MF,100000000
AIBLPBOND,AIBL Mudaraba Perpetual Bond,Corporate Bond,A,395.00,-,0.00,0.00,3950.00,0.0000,0,51.1364,-37.3434,3919.6250,3930.7000,3732.9225,3913.9452,3899.0542,3921.4232,-22.3690,-65.5974,4341.0940,3498.1560,0.6900,-3.7578,3919.2444,3925.8397,3924.5500,0.0426,0.0000,0.0000,0.0000,0.03,-,-,-,-,-,-,-,-,-,-,-,3950.00,0.00,0,0.0000,100.00%,87.13%,12.17%,0.00%,0.00%,0.70%,-,-,0.00,0.00,-,-,-,-,1000000.00,A-CB,100000
AIL,Alif Industries Limited,Textile,Z,1883.79,15.93,38.70,2.93,38.70,12.8860,"334,934",67.3433,-26.4706,36.6250,34.3640,36.5610,37.7110,37.4722,36.2975,1.1747,1.2030,40.5393,32.7107,185.2600,-78380.0043,37.8178,37.8859,37.4619,1.1583,0.0000,0.0000,0.0000,2.58,4.992,-,4.235,-,-,-,-,-,-,-,-,37.60,1.10,494,12.8860,69.76%,10.04%,59.72%,30.24%,0.00%,0.00%,10.00,10.00,2.36,24.56,29 Oct 2024,30 Dec 2024,15.93,12.48,486768350.00,Z-EQ,48676835
AL-HAJTEX,Al-Haj Textile Mills Limited,Textile,B,2203.10,9.74,98.80,0.71,98.80,21.8550,"220,697",40.1403,-80.4124,104.8050,101.8400,122.3485,103.5999,104.1134,104.1487,-0.0353,1.0757,113.8073,95.8027,496.9700,-239871.7418,103.6311,104.9115,105.1143,1.0675,0.0000,0.0000,0.0000,0.30,1.616,-,1.134,-,-,-,-,-,-,-,-,98.10,0.70,"1,220",21.8550,69.34%,9.06%,60.23%,30.65%,0.01%,0.05%,-,3.00,-1.64,16.38,23 Jul 2026,14 Sep 2026,9.74,-,222985490.00,B-EQ,22298549
ALARABANK,Al-Arafah Islami Bank PLC.,Bank,Z,20039.44,26.36,17.40,0.00,17.40,1.0780,"61,980",77.0174,-24.0000,16.4050,15.0720,15.4005,17.1554,16.9742,16.2685,0.7057,0.6397,18.1814,14.6286,5.4200,-37989.4690,17.3933,17.2423,16.8514,0.6089,0.0000,0.0000,0.0000,-,-,-,-,-,0.230,0.056,-,0.001,0.033,0.002,-,17.40,0.00,45,1.0780,84.89%,37.88%,46.98%,15.11%,0.00%,0.03%,-,-,0.74,21.16,03 May 2026,29 Jul 2026,26.36,31.07,11516917130.00,Z-EQ,1151691713
ALIF,Alif Manufacturing Company Ltd,Textile,Z,1455.59,16.36,5.60,3.70,5.60,5.0100,"900,709",55.3849,-50.0000,5.5350,5.4260,4.7480,5.5363,5.5356,5.5043,0.0313,0.0446,5.7100,5.3600,67.1200,-349034.1991,5.5333,5.5385,5.5462,1.6479,0.0000,0.0000,0.0000,1.79,15.328,-,13.723,-,-,-,-,-,-,-,-,5.40,0.20,199,5.0100,69.54%,3.72%,65.82%,30.46%,0.00%,0.00%,-,1.00,0.33,15.15,29 Oct 2024,29 Dec 2024,16.36,25.31,2599270220.00,Z-EQ,259927022
ALLTEX,Alltex Industries Limited,Textile,Z,1080.18,-,19.30,0.00,19.30,2.0270,"104,917",67.0806,-22.2222,18.3400,17.4980,14.7705,19.0704,18.9092,18.2835,0.6257,0.5660,20.1481,16.5319,171.3200,-101285.9044,19.2800,19.1667,18.7819,1.4010,0.0000,0.0000,0.0000,-,0.234,-,0.226,-,-,-,-,-,-,-,-,19.30,0.00,91,2.0270,63.75%,13.25%,50.50%,36.25%,0.00%,0.00%,-,-,-0.18,24.77,08 Dec 2025,18 Jun 2026,-,482.50,559680000.00,Z-EQ,55968000
AMANFEED,Aman Feed PLC,Miscellaneous,A,4976.88,168.64,38.00,2.43,38.00,47.1450,"1,247,423",62.5847,-25.7143,35.8050,33.8980,26.4890,37.4427,37.0978,35.7011,1.3967,1.2966,40.0090,31.6010,292.9700,-472070.9279,37.9311,37.7244,36.7895,1.2792,0.0000,0.0000,0.0000,3.03,2.425,-,1.527,0.016,0.066,0.003,0.108,0.003,0.008,-,-,37.10,0.90,977,47.1450,36.74%,10.37%,26.34%,63.26%,0.00%,0.03%,-,11.50,0.22,28.03,27 Oct 2025,29 Dec 2025,168.64,47.97,1309704000.00,A-EQ,130970400
AMBEEPHA,Ambee Pharmaceuticals PLC.,Pharmaceuticals & Chemicals,A,1925.52,358.14,799.00,1.36,802.30,0.6980,870,56.0354,-49.6667,783.8600,775.1680,763.1915,802.2785,798.8189,786.6797,12.1392,10.2541,837.8783,729.8417,28.0800,206.5404,809.3600,806.5641,795.7843,0.8269,0.0000,0.0000,0.0000,0.12,0.828,0.006,0.526,-,0.035,0.023,0.475,0.007,0.164,-,-,791.50,10.80,73,0.6980,22.75%,5.83%,16.92%,77.25%,0.00%,0.00%,-,10.00,2.21,13.47,02 Nov 2025,18 Dec 2025,358.14,262.67,24000000.00,A-EQ,2400000
AMCL(PRAN),Agricultural Marketing Co Ltd.,Food & Allied,A,1819.20,45.01,227.40,0.84,227.40,0.7750,"3,412",50.0629,-88.8889,229.0500,222.2140,214.0210,230.4344,230.2499,227.5530,2.6969,3.5609,240.1550,217.9450,62.7900,-11073.4976,231.2333,231.7692,230.8862,0.9405,0.0000,0.0000,0.0000,1.41,1.559,-,0.623,0.023,0.026,0.011,0.191,0.022,0.054,-,-,225.50,1.90,72,0.7750,59.85%,28.26%,31.59%,40.15%,0.00%,0.00%,-,32.00,5.01,92.88,27 Oct 2025,24 Dec 2025,45.01,35.68,80000000.00,A-EQ,8000000
ANLIMAYARN,Anlima Yarn Dyeing Limited,Textile,Z,589.64,-,33.50,-1.20,33.00,0.6100,"18,452",50.0046,-76.2712,33.9700,30.7160,22.2000,33.7598,33.8201,33.0878,0.7323,1.2092,36.6923,31.2477,130.0900,22647.9672,33.6000,33.9205,34.1181,1.0667,0.0000,0.0000,0.0000,-,0.523,-,0.382,-,-,-,-,-,-,-,-,33.40,-0.40,103,0.6100,55.57%,7.69%,47.88%,44.43%,0.00%,0.00%,-,-,-2.99,5.63,19 Oct 2025,22 Dec 2025,-,-,178678000.00,Z-EQ,17867800
ANWARGALV,Anwar Galvanizing Limited,Engineering,A,3405.10,-,112.80,0.89,112.80,18.2280,"161,196",45.9290,-85.7143,116.0450,111.6680,94.6855,114.2950,114.7112,114.5880,0.1233,1.0954,120.7086,111.3814,375.7600,-473108.2850,113.8311,114.5718,115.3733,1.4837,0.0000,0.0000,0.0000,-,0.720,0.601,0.433,-,-,-,-,-,-,-,-,111.80,1.00,705,18.2280,64.68%,16.07%,48.61%,35.32%,0.00%,0.00%,-,-,-12.32,1.38,27 Oct 2025,08 Feb 2026,-,20.96,301870800.00,A-EQ,30187080
AOL,Associated Oxygen Limited,Fuel & Power,Z,1921.18,10.24,17.50,2.34,17.50,2.6920,"153,772",47.5383,-50.0000,17.6550,17.6920,15.7285,17.4868,17.5350,17.6595,-0.1246,-0.0775,18.6422,16.6678,110.0900,-278912.8313,17.4778,17.4769,17.5090,1.5973,0.0000,0.0000,0.0000,0.57,-,-,-,-,-,-,-,-,-,-,-,17.10,0.40,173,2.6920,69.35%,15.81%,53.47%,30.65%,0.00%,0.07%,-,1.00,1.59,19.33,08 Jan 2024,18 Feb 2024,10.24,10.75,1097820000.00,Z-EQ,109782000
APEXFOODS,Apex Foods Limited,Food & Allied,A,1607.51,43.39,281.90,1.37,281.90,4.6310,"16,408",47.7607,-84.4327,288.9400,281.0900,244.2055,285.5319,286.2609,284.7522,1.5087,3.8197,308.2759,269.6041,281.1800,-46369.4535,284.1089,286.7667,289.1348,1.1660,0.0000,0.0000,0.0000,0.71,1.554,-,1.153,0.038,0.030,0.017,0.104,0.023,0.051,-,-,278.10,3.80,310,4.6310,46.61%,9.47%,37.14%,53.39%,0.00%,0.00%,-,20.00,6.41,126.05,09 Oct 2025,29 Nov 2025,43.39,46.87,57024000.00,A-EQ,5702400
APEXFOOT,Apex Footwear Limited,Tannery Industries,A,4229.34,24.72,215.20,0.99,215.20,17.4910,"81,014",54.7814,-59.0604,214.0800,206.1060,197.7735,216.0616,215.6355,212.3271,3.3084,3.9296,225.0492,203.1108,254.1500,-108978.4741,216.4911,217.0333,216.1438,0.9085,0.0000,0.0000,0.0000,1.16,1.042,-,0.144,0.021,0.096,0.008,0.289,0.004,0.020,-,-,213.10,2.10,739,17.4910,69.92%,23.91%,46.01%,30.08%,0.00%,0.00%,25.00,25.00,8.62,436.68,28 Sep 2025,26 Nov 2025,24.72,35.20,196530460.00,A-EQ,19653046
APEXSPINN,Apex Spinning & Knitting Mills Limited,Textile,A,3148.32,102.06,374.80,2.01,374.80,42.6780,"114,374",48.0279,-70.1205,391.0900,369.2360,240.5840,382.3249,383.7459,380.1678,3.5780,8.3823,419.0103,363.1697,660.3600,4156.5590,380.1756,383.2962,388.8129,1.0301,0.0000,0.0000,0.0000,0.53,1.190,-,1.002,-,-,-,-,0.008,0.021,-,-,367.40,7.40,568,42.6780,49.29%,13.56%,35.48%,50.71%,0.00%,0.25%,-,20.00,3.60,83.11,09 Oct 2025,29 Nov 2025,102.06,107.64,84000000.00,A-EQ,8400000
APEXTANRY,Apex Tannery Limited,Tannery Industries,B,1565.15,-,102.70,0.88,102.70,4.0310,"39,156",47.2776,-83.1169,104.9750,105.9020,77.3495,104.7617,104.9321,104.5543,0.3778,0.9298,112.0805,97.8695,306.5500,-98284.4580,104.8333,105.6051,105.4519,0.9792,0.0000,0.0000,0.0000,-,0.898,-,0.211,-,0.061,-,0.125,-,-,-,-,101.80,0.90,328,4.0310,65.18%,26.76%,38.42%,34.82%,0.00%,0.00%,-,-,-14.62,30.19,15 Oct 2025,30 Dec 2025,-,-,152400000.00,B-EQ,15240000
APOLOISPAT,Appollo Ispat Complex Limited,Engineering,Z,1284.19,-,3.20,3.23,3.20,2.9690,"932,721",52.7714,-25.0000,3.1150,3.2540,2.7375,3.0854,3.0901,3.1502,-0.0600,-0.0778,3.3686,2.8614,47.9100,-635453.7525,3.0711,3.0577,3.0738,1.4687,0.0000,0.0000,0.0000,-,0.749,20.371,0.727,-,-,-,-,-,-,-,-,3.10,0.10,227,2.9690,79.76%,19.22%,60.18%,20.24%,0.00%,0.36%,-,-,-0.82,0.70,21 Nov 2024,19 Dec 2024,-,-,4013086000.00,Z-EQ,401308600
APSCLBOND,APSCL Non-Convertible and Fully Redeemable Coupon Bearing Bond,Corporate Bond,A,223.20,-,1116.00,0.00,1116.00,0.0010,1,28.2459,-100.0000,1116.0000,1154.4000,1886.5400,1154.4409,1172.6940,1359.8161,-187.1221,-235.0943,1205.1949,1026.8051,0.0100,1202.5816,1116.0000,1116.0000,1116.0000,0.2494,0.0000,0.0000,0.0000,0.05,-,-,-,-,-,-,-,-,-,-,-,1116.00,0.00,1,0.0010,0.00%,0.00%,0.00%,0.00%,0.00%,0.00%,-,5.25,0.00,0.00,11 Jun 2026,-,-,-,2000000.00,A-CB,200000
ARAMIT,Aramit Limited,Miscellaneous,A,1245.00,98.56,207.50,0.73,207.50,1.7990,"8,609",56.9838,-51.8987,206.7300,190.9380,184.5520,206.8073,206.3466,202.1441,4.2025,5.1684,213.5365,199.9235,139.8200,2979.4649,206.8022,206.9231,206.6876,1.0199,0.0000,0.0000,0.0000,0.48,3.153,-,2.395,0.057,0.063,0.046,0.073,0.009,0.014,-,-,206.00,1.50,149,1.7990,39.27%,13.57%,25.70%,60.73%,0.00%,0.00%,-,10.00,1.75,128.67,01 Jan 2026,04 Mar 2026,98.56,-,60000000.00,A-EQ,6000000
ARAMITCEM,Aramit Cement Limited,Cement,Z,420.11,-,12.50,4.20,12.40,0.2900,"23,546",53.5796,-37.5000,12.0900,12.0860,10.8530,12.3022,12.2728,12.1676,0.1051,0.0899,12.9080,11.2720,53.2200,29715.8202,12.3822,12.3718,12.2348,1.3942,0.0000,0.0000,0.0000,-,2.410,-,2.363,-,-,-,-,-,0.766,-,-,11.90,0.50,44,0.2900,54.08%,9.99%,44.09%,45.92%,0.00%,0.00%,-,-,-14.47,-18.90,17 Nov 2024,30 Dec 2024,-,-,338800000.00,Z-EQ,33880000
ARGONDENIM,Argon Denims Limited,Textile,A,2930.55,12.44,21.10,0.96,21.10,19.2060,"910,063",57.6528,-66.6667,21.0100,19.5320,18.1835,21.0655,21.0269,20.5791,0.4478,0.5739,22.2133,19.8067,335.5500,-1561526.3649,21.0467,21.0974,21.1433,1.1909,0.0000,0.0000,0.0000,4.74,1.703,-,0.950,-,-,-,-,-,-,-,-,20.90,0.20,511,19.2060,64.13%,34.56%,29.57%,35.87%,0.00%,0.00%,-,10.00,1.68,24.57,23 Oct 2025,18 Dec 2025,12.44,17.42,1388886060.00,A-EQ,138888606
ASIAINS,Asia Insurance PLC.,Insurance,A,1986.35,20.14,42.20,0.24,42.20,9.6030,"226,387",47.0615,-81.8182,43.4900,41.7820,35.1505,42.5441,42.7292,42.7621,-0.0330,0.3579,46.1997,40.7803,384.9800,-752436.5965,42.1800,42.6231,43.1548,1.5956,0.0000,0.0000,0.0000,2.37,-,-,-,-,-,-,-,-,-,-,-,42.10,0.10,412,9.6030,62.12%,9.91%,52.21%,37.88%,0.00%,0.00%,-,10.00,2.09,30.55,23 Apr 2026,29 Jun 2026,20.14,20.64,470698580.00,A-EQ,47069858
ASIAPACINS,Asia Pacific General Insurance PLC,Insurance,A,1859.16,17.25,43.90,1.39,43.90,6.8080,"155,413",44.4436,-80.2469,46.0850,44.7780,37.3030,44.4094,44.7635,45.1586,-0.3951,0.1969,50.4147,41.7553,243.3400,-375174.2882,43.7911,44.4474,45.4438,1.3938,0.0000,0.0000,0.0000,3.19,-,-,-,-,-,-,-,-,-,-,-,43.30,0.60,265,6.8080,66.39%,32.67%,33.72%,33.61%,0.00%,0.00%,-,14.00,2.51,25.29,03 May 2026,09 Jul 2026,17.25,9.33,423500000.00,A-EQ,42350000
ASIATICLAB,Asiatic Laboratories Limited,Pharmaceuticals & Chemicals,A,14858.57,99.19,121.40,-1.30,121.40,76.9730,"624,824",37.9222,-98.0080,133.5800,127.4940,80.4650,128.0085,129.2508,129.7284,-0.4776,2.0257,148.9613,118.1987,208.7400,-595901.6166,126.4044,128.5667,132.0671,0.9282,0.0000,0.0000,0.0000,0.82,4.084,0.157,2.848,-,0.308,0.145,0.434,0.029,0.039,-,-,123.00,-1.60,"1,316",76.9730,59.29%,17.58%,41.71%,40.71%,0.00%,0.00%,-,10.00,2.09,54.08,02 Nov 2025,24 Dec 2025,99.19,23.24,1223934550.00,A-EQ,122393455
ATLASBANG,Atlas Bangladesh Limited,Engineering,Z,3034.44,-,91.80,0.44,91.60,0.5420,"5,904",60.2804,-48.1481,87.8900,77.3620,63.3920,92.3920,91.4481,86.1739,5.2742,5.6834,106.3615,69.4185,31.1300,-28127.1281,93.2511,93.6692,91.8433,0.9898,0.0000,0.0000,0.0000,-,1.732,0.001,1.667,-,-,-,-,-,-,-,-,91.20,0.40,82,0.5420,49.00%,17.00%,32.00%,0.00%,51.00%,0.00%,-,-,-1.23,121.00,06 Nov 2025,24 Dec 2025,-,-,331271080.00,Z-EQ,33127108
AZIZPIPES,Aziz Pipes Limited,Engineering,Z,389.81,-,73.70,0.00,72.90,0.9760,"13,364",45.1911,-80.2083,76.2950,71.9080,53.2445,74.8544,75.1721,74.8159,0.3562,1.2215,80.6553,71.9347,195.0500,-16105.2832,74.6689,75.1090,75.5795,1.4087,0.0000,0.0000,0.0000,-,0.259,-,0.182,-,-,-,-,-,0.214,-,-,72.90,0.00,122,0.9760,88.84%,13.66%,75.18%,11.16%,0.00%,0.00%,-,-,-10.12,-47.37,28 Oct 2025,30 Dec 2025,-,-,53471250.00,Z-EQ,5347125
BANGAS,Bangas Limited,Food & Allied,B,1040.00,482.86,136.50,0.89,136.40,4.6300,"33,928",48.6329,-80.1527,137.9550,135.3660,123.7450,137.2037,137.3745,136.9938,0.3807,0.9349,143.3413,132.5687,447.5000,-107468.5506,136.8711,137.6308,138.0057,1.2102,0.0000,0.0000,0.0000,0.22,2.236,-,1.692,0.020,0.021,0.011,0.200,0.009,0.013,-,-,135.20,1.20,253,4.6300,76.96%,5.30%,71.57%,23.04%,0.00%,0.09%,-,3.00,0.28,21.02,29 Sep 2025,12 Nov 2025,482.86,676.00,76246430.00,B-EQ,7624643
BANKASI1PB,Bank Asia 1st Perpetual Bond,Corporate Bond,N,588.63,-,0.00,0.00,8650.00,0.0000,0,,,,,,,,,,,,,,,,,,,,,,0.01,-,-,-,-,-,-,-,-,-,-,-,8650.00,0.00,0,0.0000,0.00%,0.00%,0.00%,0.00%,0.00%,0.00%,-,10.00,0.00,0.00,21 Dec 2025,-,-,-,680500.00,N-CB,68050
BANKASIA,Bank Asia PLC.,Bank,A,25325.48,5.72,18.20,0.00,18.20,38.4590,"2,111,567",41.7580,-22.7273,18.4150,18.3900,19.2050,18.3933,18.4056,18.4600,-0.0544,-0.0529,18.6999,18.1301,15.6800,-287904.7651,18.4022,18.4244,18.4190,0.7978,0.0000,0.0000,0.0000,4.67,-,-,-,-,0.643,0.146,-,0.007,0.126,0.008,-,18.20,0.00,327,38.4590,49.30%,38.80%,10.50%,50.70%,0.00%,0.00%,8.50,8.50,3.18,27.42,30 Apr 2026,11 Jun 2026,5.72,5.14,13915098370.00,A-EQ,1391509837
BARKAPOWER,Baraka Power Limited,Fuel & Power,Z,1883.73,22.22,8.00,0.00,8.00,2.8750,"356,152",43.3264,-83.3333,8.1550,8.2200,7.6485,8.0426,8.0674,8.1415,-0.0741,-0.0546,8.4694,7.8406,46.6400,-405443.2787,8.0089,8.0256,8.0886,1.3874,0.0000,0.0000,0.0000,-,1.375,-,1.111,-,-,0.011,0.040,0.002,0.003,-,-,8.00,0.00,114,2.8750,77.36%,23.02%,54.34%,22.64%,0.00%,0.00%,-,-,0.36,22.63,29 Oct 2025,24 Dec 2025,22.22,6.90,2354656610.00,Z-EQ,235465661
BATASHOE,Bata Shoe Company (Bangladesh) Limited,Tannery Industries,A,12292.85,1047.65,898.60,0.91,898.60,1.0470,"1,167",61.9298,-32.8000,882.0750,868.4380,842.6225,890.0477,888.0726,880.3477,7.7249,7.0227,901.0962,863.0538,2.2800,-124.1717,892.3844,890.2269,886.1167,0.4073,0.0000,0.0000,0.0000,1.17,1.452,-,0.238,0.060,0.083,0.032,0.472,0.037,0.098,-,-,890.50,8.10,118,1.0470,30.00%,19.69%,9.24%,70.00%,0.00%,1.07%,-,105.00,0.00,0.00,29 Apr 2026,-,1047.65,8.20,136800000.00,A-EQ,13680000
BATBC,British American Tobacco Bangladesh Company Limited,Food & Allied,A,126360.00,20.97,234.00,3.22,234.00,134.6060,"577,406",70.3791,-18.5366,222.3800,217.2760,240.5465,226.3092,225.2290,222.1107,3.1183,2.2134,230.7410,214.0190,9.8700,-805.2936,226.8933,226.1308,224.2090,1.1334,0.0000,0.0000,0.0000,1.28,1.543,-,0.738,0.163,0.192,0.070,0.404,0.052,0.105,-,-,226.70,7.30,"4,297",134.6060,26.45%,14.33%,9.13%,72.91%,0.64%,2.99%,-,30.00,10.81,102.50,03 Mar 2026,30 Apr 2026,20.97,14.82,5400000000.00,A-EQ,540000000
BAYLEASING,Bay Leasing & Investment Limited,Financial Institutions,Z,760.80,-,5.40,1.89,5.40,1.4470,"268,495",70.1182,-23.0769,4.7100,4.5860,4.1835,5.0318,4.9507,4.7770,0.1737,0.0773,5.3553,4.0647,93.8700,1168462.9196,5.1044,4.9987,4.8362,2.0438,0.0000,0.0000,0.0000,-,-,-,-,-,1.293,8.991,-,-,-,-,-,5.30,0.10,102,1.4470,81.70%,20.63%,61.07%,18.30%,0.00%,0.00%,-,-,-6.87,-19.65,02 Jul 2026,27 Sep 2026,-,-,1408884430.00,Z-EQ,140888443
BBS,Bangladesh Building Systems PLC.,Engineering,B,2427.65,-,14.90,2.76,14.90,9.1090,"614,364",48.1670,-69.2308,15.3200,14.5980,11.1525,14.9716,15.0368,15.0356,0.0011,0.1449,16.1601,14.4799,343.9700,-1518756.1731,14.8978,14.9603,15.1138,1.6491,0.0000,0.0000,0.0000,-,2.624,0.324,2.056,-,0.101,-,0.207,-,-,-,-,14.50,0.40,397,9.1090,69.99%,27.76%,42.17%,30.01%,0.00%,0.06%,-,-,-0.59,10.74,28 Oct 2025,23 Dec 2025,-,-,1629297320.00,B-EQ,162929732
BBSCABLES,BBS Cables PLC.,Engineering,B,4721.13,-,22.30,1.83,22.30,21.1660,"952,573",41.2034,-70.5882,22.9100,23.3240,18.1145,22.4809,22.5949,22.8801,-0.2851,-0.1689,23.8297,21.9903,175.3600,-1990614.4951,22.3644,22.4756,22.6867,1.5520,0.0000,0.0000,0.0000,-,2.519,0.074,1.725,-,-,-,0.151,-,-,-,-,21.90,0.40,680,21.1660,69.88%,22.94%,46.85%,30.12%,0.00%,0.09%,-,-,-4.05,28.01,28 Oct 2025,24 Dec 2025,-,-,2117097670.00,B-EQ,211709767
BDAUTOCA,Bangladesh Autocars Limited,Engineering,B,882.51,1132.22,205.80,0.10,204.00,4.5340,"22,150",43.2081,-95.2381,209.4000,215.4720,161.3945,207.9163,208.5247,210.5580,-2.0333,-1.6540,218.6834,200.1166,524.7300,-73535.6925,207.7044,208.8192,209.1257,1.2663,0.0000,0.0000,0.0000,0.10,1.833,0.022,1.744,-,0.020,0.013,0.043,0.023,0.035,-,-,203.80,0.20,395,4.5340,69.94%,10.37%,59.57%,30.06%,0.00%,0.00%,-,2.00,0.18,7.45,28 Oct 2025,28 Dec 2025,1132.22,1698.33,43260130.00,B-EQ,4326013
BDCOM,BDCOM Online Limited,IT Sector,A,2026.60,37.21,32.20,0.63,32.20,25.6150,"793,863",44.9226,-74.1935,33.6150,31.5100,27.7165,33.0923,33.1922,32.9012,0.2910,0.6473,35.0071,32.2229,917.4400,-1399000.4236,33.0489,33.2115,33.4690,1.7029,0.0000,0.0000,0.0000,1.55,2.336,-,2.051,0.136,0.086,0.063,0.550,0.034,0.055,-,-,32.00,0.20,738,25.6150,70.00%,10.16%,59.84%,30.00%,0.00%,0.00%,5.00,5.00,0.86,15.58,27 Oct 2025,18 Dec 2025,37.21,52.17,629378650.00,A-EQ,62937865
BDFINANCE,Bangladesh Finance PLC,Financial Institutions,Z,2560.01,10.76,13.60,6.25,13.60,20.9000,"1,555,475",58.7288,-31.2500,13.0250,12.5940,13.2770,13.0720,13.0446,12.9515,0.0931,0.0767,13.6228,12.4272,62.4900,-111322.7702,13.0889,13.0372,13.0057,1.7367,0.0000,0.0000,0.0000,-,-,-,-,-,1.819,18.372,-,-,-,-,-,12.80,0.80,570,20.9000,81.11%,26.02%,55.09%,18.89%,0.00%,0.00%,-,-,1.19,-29.07,30 Apr 2026,30 Jun 2026,10.76,29.09,1882362670.00,Z-EQ,188236267
BDLAMPS,Bangladesh Lamps PLC.,Engineering,A,1890.81,-,179.60,0.22,179.60,5.8520,"32,655",47.9464,-85.2071,182.0000,181.1680,153.2665,181.0175,181.1923,180.8578,0.3345,0.8758,188.7422,175.2578,146.6500,-57898.2365,180.5711,181.5590,182.1029,1.3767,0.0000,0.0000,0.0000,0.56,0.921,-,0.488,-,0.046,-,0.213,-,-,-,-,179.20,0.40,348,5.8520,38.14%,9.56%,28.55%,61.86%,0.00%,0.03%,-,10.00,-6.22,39.93,13 Oct 2025,11 Dec 2025,-,-,105278770.00,A-EQ,10527877
BDSERVICE,Bangladesh Services Limited,Travel & Leisure,Z,508.50,-,0.00,0.00,5.20,0.0000,0,,,,,,,,,,,,,,,,,,,,,,-,0.353,0.021,0.344,-,-,-,0.532,-,-,-,-,5.20,0.00,0,0.0000,0.32%,0.00%,0.13%,0.00%,99.68%,0.19%,-,-,-8.94,219.74,28 Oct 2025,22 Dec 2025,-,-,977889130.00,Z-EQ,97788913
BDTHAI,Bangladesh Thai Aluminium Limited,Engineering,B,2453.28,-,19.20,0.52,19.20,108.1620,"5,554,885",54.4040,-53.8462,19.1600,17.2460,12.8465,18.9391,18.9740,18.7086,0.2653,0.4667,20.5248,17.7952,1144.1200,-2955426.7533,18.8311,18.8987,18.9714,1.5165,0.0000,0.0000,0.0000,-,2.274,0.238,1.417,-,-,-,-,-,-,-,-,19.10,0.10,"2,952",108.1620,70.82%,20.39%,49.80%,29.18%,0.00%,0.63%,-,-,-2.01,28.60,24 Nov 2025,30 Dec 2025,-,-,1277752500.00,B-EQ,127775250
BDTHAIFOOD,BD Thai Food & Beverage Limited,Food & Allied,B,1923.40,-,23.60,-0.84,23.60,50.8390,"2,121,662",48.5514,-32.3529,23.6200,24.8300,17.4040,23.0297,23.1825,23.8468,-0.6643,-0.6411,25.8410,21.3990,727.6800,-851290.5629,22.7289,22.8205,23.1686,1.3846,0.0000,0.0000,0.0000,-,1.315,-,0.892,-,-,-,0.259,-,-,-,-,23.80,-0.20,"1,840",50.8390,66.79%,24.20%,42.59%,33.21%,0.00%,0.00%,-,-,-1.64,12.41,29 Oct 2025,28 Dec 2025,-,-,815000000.00,B-EQ,81500000
BDWELDING,Bangladesh Welding Electrodes Limited,Fuel & Power,Z,598.22,-,13.80,0.73,13.80,0.6570,"47,309",41.0777,-83.3333,14.1050,15.0520,14.0385,13.9607,14.0215,14.3469,-0.3254,-0.3452,14.8983,13.3117,129.4500,-212944.0864,13.9400,13.9551,14.0143,1.3374,0.0000,0.0000,0.0000,-,1.557,-,1.207,6.501,7.509,2.015,0.193,0.075,0.162,-,-,13.70,0.10,81,0.6570,68.99%,2.88%,65.39%,31.01%,0.00%,0.72%,1.00,-,-0.08,11.61,10 Aug 2020,17 Sep 2020,-,-,433493050.00,Z-EQ,43349305
BEACHHATCH,Beach Hatchery Limited,Food & Allied,Z,1403.49,16.35,33.90,2.11,33.90,5.1980,"153,589",52.2068,-76.3158,34.0000,32.3720,37.8505,34.0768,34.0710,33.6484,0.4226,0.6089,35.6300,32.3700,195.8400,-263192.5596,34.1111,34.2628,34.1714,1.1823,0.0000,0.0000,0.0000,2.95,5.789,-,5.616,0.494,0.534,0.383,0.567,0.138,0.163,-,-,33.20,0.70,273,5.1980,65.03%,18.21%,46.82%,34.97%,0.00%,0.00%,-,10.00,2.03,12.49,26 Nov 2024,31 Dec 2024,16.35,5.44,414010210.00,Z-EQ,41401021
BEACONPHAR,Beacon Pharmaceuticals PLC.,Pharmaceuticals & Chemicals,A,25017.30,26.22,108.60,0.74,108.30,10.1820,"93,918",44.0854,-87.0000,111.5800,107.7480,106.5335,109.7216,110.1018,110.0359,0.0660,0.9321,116.2437,106.9163,49.8600,-403516.1562,109.1889,109.9141,110.9490,1.4043,0.0000,0.0000,0.0000,1.94,1.542,0.479,1.144,-,0.191,0.075,0.520,0.049,0.142,-,-,107.50,0.80,480,10.1820,60.14%,38.15%,21.99%,39.86%,0.00%,0.00%,-,21.00,4.10,28.86,23 Oct 2025,23 Dec 2025,26.22,13.55,2310000000.00,A-EQ,231000000
BENGALWTL,Bengal Windsor Thermoplastics PLC.,Engineering,B,2177.13,42.73,23.80,1.28,23.80,5.7290,"240,801",41.2231,-81.4815,24.7600,25.1860,20.3790,24.1701,24.3073,24.6236,-0.3164,-0.1641,26.0355,23.4845,141.3900,-411826.9026,24.0200,24.1962,24.5052,1.4243,0.0000,0.0000,0.0000,2.10,11.790,0.000,9.087,-,0.092,0.055,0.190,0.019,0.021,-,-,23.50,0.30,243,5.7290,46.77%,26.52%,20.25%,53.23%,0.00%,0.00%,-,5.00,0.55,26.12,27 Oct 2025,18 Dec 2025,42.73,40.06,914760000.00,B-EQ,91476000
BERGERPBL,Berger Paints Bangladesh Limited,Miscellaneous,A,68709.10,19.20,1399.90,0.27,1399.20,3.4960,"2,499",46.1813,-45.4545,1408.1350,1401.6380,1406.9960,1400.2433,1401.6379,1404.3674,-2.7295,-0.9513,1435.7021,1380.5679,5.1400,-4985.9116,1398.9889,1400.0218,1402.7219,0.2004,0.0000,0.0000,0.0000,3.75,1.931,-,1.188,0.155,0.152,0.118,0.319,0.141,0.218,-,-,1395.40,3.80,220,3.4960,10.24%,8.06%,2.17%,89.76%,0.00%,0.01%,-,525.00,76.83,400.24,16 Jun 2026,24 Aug 2026,19.20,18.16,491059910.00,A-EQ,49105991
BESTHLDNG,Best Holdings PLC.,Travel & Leisure,Z,16629.92,10.63,15.70,3.29,15.70,2.9450,"189,727",53.1176,-37.0370,15.5750,14.9600,13.8500,15.7538,15.7441,15.4959,0.2483,0.3438,16.9786,14.1714,23.3000,-161148.2174,15.8089,15.8897,15.7776,1.5442,0.0000,0.0000,0.0000,6.37,4.760,0.016,4.709,0.365,0.380,0.367,0.683,0.018,0.025,-,-,15.20,0.50,230,2.9450,34.66%,20.74%,13.92%,65.34%,0.00%,0.00%,-,-,0.00,0.00,-,-,10.63,45.60,10592303650.00,Z-EQ,1059230365
BEXGSUKUK,Beximco Green Sukuk Al Istisna'a,Corporate Bond,A,20086.08,-,70.50,0.70,71.50,7.7780,"109,125",45.2270,-70.0000,73.6500,71.2800,63.4150,72.5699,72.7589,72.5073,0.2517,0.7852,76.6253,70.6747,2.2300,12065.7175,72.4444,72.7949,73.2762,0.2207,0.0000,0.0000,0.0000,0.64,-,-,-,-,-,-,-,-,-,-,-,71.00,0.50,48,7.7780,100.00%,98.01%,1.99%,0.00%,0.00%,0.00%,-,4.59,0.00,0.00,21 May 2026,-,-,-,2809242630.00,A-CB,280924263
BEXIMCO,BEXIMCO Limited,Miscellaneous,B,21788.76,-,23.10,-1.70,23.10,147.6220,"6,294,200",9.7388,-96.6667,27.1550,61.5460,97.9615,25.3153,26.3409,35.6236,-9.2826,-11.3987,31.2827,23.0273,313.9600,-10376156.2961,24.8156,25.2167,26.1005,0.3203,0.0000,0.0000,0.0000,-,1.885,-,1.568,-,0.190,-,0.245,-,-,-,-,23.50,-0.40,"5,544",147.6220,66.89%,31.79%,34.44%,33.11%,0.00%,0.66%,5.00,-,-0.41,92.58,29 Oct 2024,30 Dec 2024,-,-,9432362620.00,B-EQ,943236262
BGIC,Bangladesh General Insurance Company PLC.,Insurance,A,2123.27,26.03,39.40,0.00,39.30,1.5960,"40,358",42.4525,-88.0000,41.6000,39.9400,34.9525,40.4207,40.7099,40.7983,-0.0883,0.5052,45.5731,37.6269,115.1200,-109787.3650,39.9933,40.6500,41.3762,1.0813,0.0000,0.0000,0.0000,2.80,-,-,-,-,-,-,-,-,-,-,-,39.30,0.00,106,1.5960,66.60%,46.57%,20.03%,33.40%,0.00%,0.00%,-,11.00,1.51,19.54,30 Apr 2026,18 Jun 2026,26.03,15.85,540272550.00,A-EQ,54027255
BIFC,Bangladesh Industrial Fin. Company Limited,Financial Institutions,Z,493.33,-,0.00,2.08,4.90,2.0160,"412,791",60.4860,-25.0000,4.4300,4.4000,3.6429,4.6096,4.5587,4.4723,0.0863,0.0152,4.9160,3.9440,69.7600,159265.1240,4.6422,4.5756,4.4905,1.0228,0.0000,0.0000,0.0000,-,-,-,-,-,1.085,0.993,-,-,-,-,-,4.80,0.10,181,2.0160,61.65%,39.69%,21.96%,38.35%,0.00%,0.00%,-,-,-7.38,-133.58,25 Jun 2026,-,-,-,1006799440.00,Z-EQ,100679944
BNICL,Bangladesh National Insurance Company Limited.,Insurance,A,5199.38,23.41,117.50,4.35,117.50,87.7280,"749,507",58.5352,-16.8367,113.8250,105.7940,66.8135,111.4321,111.6421,110.7740,0.8682,1.7379,123.0375,104.6125,227.9000,211647.7160,110.3511,110.6744,112.0633,1.3315,0.0000,0.0000,0.0000,1.87,-,-,-,-,-,-,-,-,-,-,-,112.60,4.90,"1,505",87.7280,39.87%,9.29%,30.58%,60.13%,0.00%,0.00%,-,22.00,4.81,31.26,19 Apr 2026,23 Jun 2026,23.41,17.48,442500000.00,A-EQ,44250000
BPML,Bashundhara Paper Mills Limited,Paper & Printing,Z,5022.57,-,28.90,0.35,28.90,1.9420,"67,393",52.6839,-76.9231,28.7700,28.1320,27.3665,28.9706,28.9335,28.6908,0.2427,0.2754,29.7217,27.8183,15.1900,-103547.5564,29.0422,29.0436,28.9271,1.7394,0.0000,0.0000,0.0000,-,0.987,-,0.595,-,-,-,0.061,-,-,-,-,28.80,0.10,145,1.9420,33.79%,8.98%,24.81%,66.21%,0.00%,0.00%,-,-,-18.98,57.82,29 Oct 2025,23 Dec 2025,-,-,1737914410.00,Z-EQ,173791441
BPPL,Baraka Patenga Power Limited,Fuel & Power,B,3494.51,14.53,20.20,1.51,20.20,19.6910,"972,917",49.7316,-77.7778,20.6550,19.4920,15.8345,20.4363,20.4725,20.2522,0.2203,0.4034,21.5267,19.7833,409.4100,-2092704.2802,20.3933,20.4692,20.6124,1.4234,0.0000,0.0000,0.0000,0.99,0.792,-,0.596,0.044,0.256,0.039,0.280,0.020,0.075,-,-,19.90,0.30,592,19.6910,64.24%,10.77%,53.47%,35.76%,0.00%,0.00%,-,2.00,1.37,27.72,29 Oct 2025,24 Dec 2025,14.53,5.22,1729954880.00,B-EQ,172995488
BRACBANK,BRAC Bank PLC.,Bank,A,148134.86,7.02,64.70,1.09,64.70,114.0350,"1,768,416",49.9826,-25.0000,63.9750,65.8920,69.5720,64.0834,64.1004,64.6470,-0.5466,-0.7666,66.2745,61.6755,46.9100,-1961244.5027,64.0800,64.1295,63.9329,1.0911,0.0000,0.0000,0.0000,2.32,-,-,-,-,0.479,0.264,-,0.017,0.174,0.019,-,64.00,0.70,"1,567",114.0350,53.83%,12.14%,7.00%,46.17%,0.00%,34.69%,15.00,15.00,9.12,51.56,27 Apr 2026,11 Jun 2026,7.02,5.52,22895650920.00,A-EQ,2289565092
BSC,Bangladesh Shipping Corporation,Miscellaneous,A,17999.13,5.89,118.00,-0.34,118.00,45.5150,"383,155",49.8004,-91.1565,120.4350,111.6400,109.5825,120.8568,120.8243,118.2912,2.5331,3.6537,130.6467,110.2233,264.2100,-432846.1601,120.9044,121.9026,121.8343,1.7518,0.0000,0.0000,0.0000,2.12,3.689,-,3.670,0.773,0.921,0.620,1.195,0.086,0.192,-,-,118.40,-0.40,"1,316",45.5150,47.90%,21.34%,26.56%,0.00%,52.10%,0.00%,-,25.00,20.10,104.84,13 Nov 2025,22 Dec 2025,5.89,6.77,1525350400.00,A-EQ,152535040
BSCPLC,Bangladesh Submarine Cables PLC,Telecommunication,A,29271.58,15.89,157.50,-0.82,156.50,16.5090,"104,915",48.9196,-86.8966,160.0850,150.5740,138.9605,159.7105,159.7229,157.2457,2.4771,3.6701,167.6637,152.5063,39.2700,-157469.6305,159.7556,160.5846,160.7824,1.2395,0.0000,0.0000,0.0000,2.56,5.155,0.014,5.155,0.633,0.564,0.520,0.778,0.086,0.121,-,-,157.80,-1.30,448,16.5090,23.06%,17.87%,5.10%,0.00%,76.94%,0.09%,-,40.00,11.01,90.99,23 Sep 2025,23 Nov 2025,15.89,10.11,1870388430.00,A-EQ,187038843
BSRMLTD,Bangladesh Steel Re-Rolling Mills Limited,Engineering,A,30754.22,4.89,103.00,2.49,103.00,21.9770,"214,085",52.0464,-80.0000,105.3550,96.1460,85.3870,104.1813,104.2792,102.1857,2.0935,3.2939,112.5329,98.1771,46.7200,-348536.3276,104.0533,104.8795,105.3843,0.7024,0.0000,0.0000,0.0000,4.85,1.243,0.029,0.586,-,0.094,0.064,0.118,0.066,0.123,-,-,100.50,2.50,527,21.9770,52.88%,16.69%,19.37%,47.12%,0.00%,16.82%,-,50.00,20.57,166.79,19 Oct 2025,24 Dec 2025,4.89,4.85,2985846260.00,A-EQ,298584626
BSRMSTEEL,BSRM Steels Limited,Engineering,A,35753.08,6.85,95.10,0.85,95.10,33.0880,"348,196",61.5205,-49.6403,93.1900,82.6360,71.3965,95.6131,95.0262,90.8839,4.1423,4.8028,104.0429,82.3371,86.6500,211409.3344,96.3578,96.7141,95.4219,1.0023,0.0000,0.0000,0.0000,5.26,1.496,0.653,0.648,-,0.087,0.050,0.111,0.059,0.152,-,-,94.30,0.80,856,33.0880,27.94%,19.01%,8.33%,72.06%,0.00%,0.60%,-,50.00,13.77,90.52,19 Oct 2025,24 Dec 2025,6.85,6.16,3759525000.00,A-EQ,375952500
BXPHARMA,Beximco Pharmaceuticals PLC,Pharmaceuticals & Chemicals,A,65623.09,11.32,147.10,-0.61,147.10,58.3320,"394,612",51.6265,-95.0000,150.4150,137.3820,119.6740,149.7431,149.7890,146.6504,3.1387,4.7165,159.0596,141.7704,88.6100,-1060160.5266,149.5378,150.3244,151.0248,1.2197,0.0000,0.0000,0.0000,3.23,2.177,0.034,0.910,-,0.195,0.132,0.442,0.085,0.113,-,-,148.00,-0.90,"1,449",58.3320,69.87%,26.18%,16.90%,30.13%,0.00%,26.79%,-,47.50,15.56,119.04,24 Jun 2026,-,11.32,7.13,4461120890.00,A-EQ,446112089
CAPITECGBF,Capitec Grameen Bank Growth Fund,Mutual Funds,A,1478.96,26.76,9.50,4.40,9.50,51.6930,"5,544,493",83.1427,-5.2632,8.2050,7.5920,7.2175,8.7639,8.6162,8.1750,0.4412,0.3242,9.3185,7.0915,454.1200,-2254042.6241,8.8644,8.7385,8.4824,1.2438,0.0000,0.0000,0.0000,-,-,-,-,-,-,-,-,-,-,-,-,9.10,0.40,"1,131",51.6930,35.77%,2.23%,33.54%,64.23%,0.00%,0.00%,-,3.30,0.34,9.61,30 Jul 2025,-,26.76,7.58,1556800000.00,A-MF,155680000
CAPMBDBLMF,CAPM BDBL Mutual Fund 01,Mutual Funds,A,501.31,-,10.00,1.01,10.00,9.5810,"956,615",47.0733,-66.6667,10.0650,10.4740,10.6440,10.0365,10.0432,10.1370,-0.0938,-0.1232,10.5016,9.6284,872.5600,-1598562.3630,10.0178,10.0295,10.0671,0.7825,0.0000,0.0000,0.0000,-,-,-,-,-,-,-,-,-,-,-,-,9.90,0.10,250,9.5810,80.05%,19.10%,60.95%,19.95%,0.00%,0.00%,-,-,-1.15,7.66,18 Aug 2025,-,-,10.76,501310000.00,A-MF,50131000
CAPMIBBLMF,CAPM IBBL Islamic Mutual Fund,Mutual Funds,A,882.47,-,13.20,0.76,13.20,15.9320,"1,221,567",52.9231,-67.5676,13.4600,10.9720,8.7595,14.0113,13.9050,12.9179,0.9871,1.2181,16.9274,9.9926,687.9800,-119294.5594,14.1533,14.3333,14.1114,1.1564,0.0000,0.0000,0.0000,-,-,-,-,-,-,-,-,-,-,-,-,13.10,0.10,601,15.9320,33.44%,2.76%,30.68%,66.56%,0.00%,0.00%,-,-,-0.71,7.96,18 Aug 2025,-,-,-,668535000.00,A-MF,66853500
CBLPBOND,City Bank Perpetual Bond,Corporate Bond,A,4150.00,-,0.00,0.00,1037500.00,0.0000,0,,,,,,,,,,,,,,,,,,,,,,-,-,-,-,-,-,-,-,-,-,-,-,1037500.00,0.00,0,0.0000,100.00%,65.00%,35.00%,0.00%,0.00%,0.00%,-,10.00,0.00,0.00,22 Feb 2026,-,-,-,40000.00,A-CB,4000
CENTRALINS,Central Insurance PLC,Insurance,A,2189.57,22.19,41.20,-0.72,41.20,13.8750,"335,489",42.8145,-82.6087,42.8250,42.0200,40.5340,41.9369,42.1649,42.4050,-0.2400,0.1478,45.8740,39.7760,292.2800,-449533.1875,41.5667,42.0795,42.6019,1.2692,0.0000,0.0000,0.0000,2.91,-,-,-,-,-,-,-,-,-,-,-,41.50,-0.30,575,13.8750,60.63%,15.81%,44.82%,39.33%,0.04%,0.00%,-,12.00,1.87,50.69,19 Apr 2026,18 Jun 2026,22.19,20.15,531448230.00,A-EQ,53144823
CENTRALPHL,Central Pharmaceuticals Limited,Pharmaceuticals & Chemicals,Z,1305.83,-,10.90,3.81,10.90,12.3840,"1,140,863",60.3091,-41.6667,10.6300,9.6820,9.0700,10.6748,10.6353,10.3460,0.2893,0.3387,11.0460,10.2140,339.9900,-1227436.4135,10.6911,10.6821,10.6667,1.4599,0.0000,0.0000,0.0000,-,1.101,0.282,1.071,-,-,-,-,-,-,-,-,10.50,0.40,547,12.3840,92.33%,13.57%,78.76%,7.67%,0.00%,0.00%,-,-,-0.18,6.87,05 Nov 2025,30 Dec 2025,-,-,1198008440.00,Z-EQ,119800844
CITYBANK,City Bank PLC.,Bank,A,55631.09,3.61,31.80,1.27,31.80,49.8490,"1,571,708",58.9827,-11.4286,31.4150,29.9740,27.6785,31.5884,31.5169,31.1260,0.3909,0.4177,32.3171,30.5129,75.6500,-1245812.0425,31.6689,31.6321,31.4762,1.0966,0.0000,0.0000,0.0000,4.72,-,-,-,-,0.558,0.271,-,0.016,0.214,0.018,-,31.40,0.40,731,49.8490,69.63%,19.45%,40.20%,30.37%,0.00%,9.98%,15.00,15.00,8.71,40.67,12 Apr 2026,07 Jun 2026,3.61,4.97,17494053800.00,A-EQ,1749405380
CITYGENINS,City Insurance PLC.,Insurance,A,7355.12,31.74,107.90,0.00,107.90,13.5640,"125,528",69.3295,-36.3636,107.3100,106.2560,89.9400,107.5715,107.4786,106.9953,0.4834,0.5068,107.8827,106.7373,63.0900,2274.4887,107.6333,107.5436,107.4162,0.6354,0.0000,0.0000,0.0000,0.93,-,-,-,-,-,-,-,-,-,-,-,107.90,0.00,292,13.5640,63.94%,37.95%,25.98%,36.06%,0.00%,0.01%,-,10.00,3.40,23.24,10 Feb 2026,30 Mar 2026,31.74,24.52,681661220.00,A-EQ,68166122
CLICL,Chartered Life Insurance PLC,Insurance,B,1886.25,-,50.30,0.40,50.30,2.9490,"58,374",33.9564,-94.3089,53.7750,54.3220,54.8405,51.9834,52.4741,53.5904,-1.1163,-0.5641,58.0277,49.5223,229.4500,-436697.5141,51.1689,51.8679,52.9543,1.1948,0.0000,0.0000,0.0000,0.80,-,-,-,-,-,-,-,-,-,-,-,50.10,0.20,290,2.9490,40.00%,5.78%,34.22%,60.00%,0.00%,0.00%,-,4.00,0.17,11.44,28 Jun 2026,10 Aug 2026,-,-,375000000.00,B-EQ,37500000
CNATEX,C & A Textiles Limited,Textile,Z,765.81,16.84,3.20,0.00,3.20,1.7630,"546,798",55.5373,-28.5714,3.0550,3.1680,2.8800,3.0669,3.0607,3.0916,-0.0309,-0.0589,3.2748,2.8352,102.2200,15797.6897,3.0556,3.0385,3.0367,1.4042,0.0000,0.0000,0.0000,1.56,3.384,-,3.384,-,-,-,-,-,-,-,-,3.20,0.00,176,1.7630,92.90%,10.04%,82.86%,7.10%,0.00%,0.00%,-,0.50,0.19,-3.81,20 Nov 2023,28 Dec 2023,16.84,10.43,2393160000.00,Z-EQ,239316000
CONFIDCEM,Confidence Cement PLC,Cement,A,5899.76,5.94,68.40,2.55,68.40,18.8570,"278,099",51.6903,-66.6667,69.1100,65.0400,58.4405,68.9540,68.9978,68.0144,0.9834,1.5424,73.4376,64.7824,187.5900,-21803.9922,68.8844,69.4205,69.4848,1.4476,0.0000,0.0000,0.0000,1.46,0.589,-,0.519,0.255,0.101,0.237,0.140,0.063,0.127,-,-,66.70,1.70,604,18.8570,69.66%,40.50%,29.01%,30.34%,0.00%,0.15%,-,10.00,11.23,88.68,02 Nov 2025,28 Dec 2025,5.94,7.03,862537900.00,A-EQ,86253790
CONTININS,Continental Insurance PLC.,Insurance,B,1459.10,23.52,33.40,0.00,33.40,12.5830,"376,605",46.2983,-59.5745,34.9750,33.9320,27.5155,33.8243,34.0585,34.1430,-0.0845,0.3903,38.8012,31.1488,689.4900,-722543.1452,33.3467,33.8423,34.6548,1.4477,0.0000,0.0000,0.0000,1.50,-,-,-,-,-,-,-,-,-,-,-,33.40,0.00,477,12.5830,68.46%,9.65%,58.81%,31.54%,0.00%,0.00%,-,5.00,1.50,22.78,03 May 2026,13 Aug 2026,23.52,17.04,436855760.00,B-EQ,43685576
COPPERTECH,Coppertech Industries Ltd.,Engineering,B,1775.59,37.46,27.10,1.88,27.10,22.7920,"845,320",51.9892,-38.0952,27.0150,27.1000,21.6240,26.6962,26.7611,26.9014,-0.1403,-0.0637,28.0818,25.9482,296.2900,-248300.6183,26.5467,26.6282,26.8376,1.5045,0.0000,0.0000,0.0000,0.79,1.288,0.143,0.672,-,0.102,0.028,0.137,0.023,0.050,-,-,26.60,0.50,829,22.7920,72.43%,19.30%,53.13%,27.57%,0.00%,0.00%,-,2.15,0.71,14.32,29 Oct 2025,29 Jan 2026,37.46,44.33,655200000.00,B-EQ,65520000
CROWNCEMNT,Crown Cement PLC,Cement,A,10380.15,15.29,70.00,1.16,69.90,0.9820,"14,137",62.9620,-54.5455,68.1750,59.7340,52.1215,69.5053,69.0219,66.0501,2.9718,3.3088,72.2717,64.0783,14.4800,41090.8381,70.0489,69.8192,69.0924,1.0865,0.0000,0.0000,0.0000,3.00,0.888,-,0.569,0.044,0.097,0.020,0.141,0.025,0.072,-,-,69.10,0.80,148,0.9820,58.98%,18.73%,40.20%,41.02%,0.00%,0.05%,-,21.00,4.52,62.66,20 Oct 2025,22 Dec 2025,15.29,30.49,1485000000.00,A-EQ,148500000
CRYSTALINS,Crystal Insurance Company Limited,Insurance,A,2992.00,20.33,68.00,0.15,68.00,8.6770,"127,100",40.6859,-78.3133,71.1150,71.5000,67.0490,68.7397,69.2484,70.6656,-1.4172,-0.9670,76.4344,65.7956,252.4600,-411358.9034,68.0644,68.6744,69.8538,1.5183,0.0000,0.0000,0.0000,1.76,-,-,-,-,-,-,-,-,-,-,-,67.90,0.10,291,8.6770,42.00%,17.51%,24.48%,58.00%,0.00%,0.01%,-,12.00,3.34,27.65,17 Feb 2026,30 Mar 2026,20.33,17.50,440000000.00,A-EQ,44000000
CVOPRL,CVO Petrochemical Refinery PLC.,Fuel & Power,A,5266.76,45.18,174.00,0.81,174.00,23.8780,"137,122",51.8916,-68.1818,174.7550,168.1300,164.3020,175.5333,175.3586,173.0657,2.2929,2.9883,182.7121,166.7979,308.0200,-358957.9287,175.8711,176.4808,175.8329,1.3949,0.0000,0.0000,0.0000,0.63,0.917,-,0.507,0.101,0.124,0.092,0.156,0.085,0.126,-,-,172.60,1.40,949,23.8780,56.94%,21.10%,35.72%,43.06%,0.00%,0.12%,9.00,11.00,3.82,13.12,28 Sep 2025,10 Dec 2025,45.18,25.48,302687550.00,A-EQ,30268755
DACCADYE,The Dacca Dyeing & Manufacturing Co.Limited,Textile,Z,1507.75,-,17.30,1.17,17.30,1.9120,"110,616",53.2253,-61.1111,17.2900,16.6140,17.5890,17.2894,17.2783,17.1246,0.1537,0.2015,17.7964,16.7836,68.2800,-166069.0995,17.3244,17.3051,17.2990,1.3971,0.0000,0.0000,0.0000,-,0.133,-,0.117,-,-,-,-,-,-,-,-,17.10,0.20,126,1.9120,69.90%,17.15%,52.68%,30.10%,0.00%,0.07%,-,-,-5.82,25.71,08 Dec 2025,16 Jan 2026,-,-,871534530.00,Z-EQ,87153453
DAFODILCOM,Daffodil Computers PLC.,IT Sector,B,8275.45,1042.50,165.80,-0.60,165.80,20.9720,"125,519",58.2708,-38.6076,164.0400,152.5480,80.8900,165.4232,164.8820,160.5052,4.3768,5.2480,172.6145,155.4655,155.5300,198252.0113,165.8200,165.4654,165.2171,0.6918,0.0000,0.0000,0.0000,-,0.716,-,0.661,0.025,0.134,0.015,0.376,0.005,0.013,-,-,166.80,-1.00,611,20.9720,58.60%,36.49%,22.04%,41.40%,0.00%,0.07%,-,-,0.16,12.90,02 Nov 2025,29 Dec 2025,1042.50,500.40,499122620.00,B-EQ,49912262
DBH,DBH Finance PLC,Financial Institutions,A,8804.47,9.10,43.40,1.64,43.40,27.8940,"642,650",59.0479,-36.9565,42.2150,40.3760,37.7490,42.9340,42.7399,41.9403,0.7996,0.7495,44.2435,40.1865,76.4400,339477.5353,43.1289,42.9654,42.5890,1.1698,0.0000,0.0000,0.0000,3.46,-,-,-,-,0.714,0.395,-,-,-,-,0.099,42.70,0.70,615,27.8940,48.68%,32.55%,15.68%,51.32%,0.00%,0.45%,-,15.00,4.69,49.55,11 May 2026,29 Jun 2026,9.10,11.01,2028679740.00,A-EQ,202867974
DBH1STMF,DBH First Mutual Fund,Mutual Funds,A,696.00,19.31,5.80,3.57,5.80,9.9770,"1,719,548",65.9799,-33.3333,5.2400,4.8900,5.3315,5.6249,5.5402,5.2530,0.2872,0.2364,6.1517,4.3283,380.6100,-776562.9587,5.7422,5.6667,5.4662,0.9183,0.0000,0.0000,0.0000,-,-,-,-,-,-,-,-,-,-,-,-,5.60,0.20,316,9.9770,83.33%,38.93%,44.40%,16.67%,0.00%,0.00%,-,3.00,0.29,10.32,16 Aug 2023,-,19.31,-,1200000000.00,A-MF,120000000
DBLPBOND,Dhaka Bank Perpetual Bond,Corporate Bond,A,249.00,-,0.00,0.00,6225.00,0.0000,0,77.6658,0.0000,6011.2500,0.0000,0.0000,5876.3137,5790.1395,5570.2802,219.8593,134.0774,6733.7165,5288.7835,0.0900,0.9545,6045.0000,6034.6154,6021.4286,0.1145,0.0000,0.0000,0.0000,0.02,-,-,-,-,-,-,-,-,-,-,-,6225.00,0.00,0,0.0000,0.00%,0.00%,0.00%,0.00%,0.00%,0.00%,-,10.00,0.00,0.00,27 Jan 2026,-,-,-,400000.00,A-CB,40000
DELTALIFE,Delta Life Insurance Limited,Insurance,A,9862.88,-,79.70,0.00,79.70,5.0870,"63,755",45.9785,-73.3813,82.2700,79.4000,74.1220,80.9517,81.2658,81.1356,0.1301,0.8812,87.3305,77.2095,53.1500,-150145.9747,80.4289,81.2244,82.0243,1.4135,0.0000,0.0000,0.0000,4.39,-,-,-,-,-,-,-,-,-,-,-,79.70,0.00,290,5.0870,51.16%,12.61%,38.55%,48.84%,0.00%,0.00%,-,35.00,0.00,0.00,12 May 2026,29 Jun 2026,-,-,1237500000.00,A-EQ,123750000
DELTASPINN,Delta Spinners Limited,Textile,Z,1331.86,26.90,8.00,2.56,8.00,12.0870,"1,518,414",69.8976,-16.6667,7.2600,6.9400,5.6995,7.5959,7.5118,7.2561,0.2557,0.1914,7.9750,6.5450,170.1700,-771641.4262,7.6667,7.5821,7.4338,1.4414,0.0000,0.0000,0.0000,1.25,1.821,-,0.910,-,-,-,-,-,-,-,-,7.80,0.20,430,12.0870,79.40%,5.15%,74.25%,20.60%,0.00%,0.00%,-,1.00,0.00,0.00,31 Jan 2021,-,26.90,195.00,1664819640.00,Z-EQ,166481964
DESCO,Dhaka Electric Supply Company Limited,Fuel & Power,Z,10257.30,-,25.80,0.39,25.80,0.7320,"28,458",53.1846,-90.9091,26.1500,24.2020,22.2275,26.0256,26.0159,25.5657,0.4501,0.6407,27.3171,24.9829,9.0500,-75785.9537,25.9733,26.0859,26.1957,1.0955,0.0000,0.0000,0.0000,-,0.929,-,0.929,-,0.016,-,0.088,-,-,-,-,25.70,0.10,87,0.7320,32.34%,23.72%,8.58%,0.00%,67.66%,0.04%,-,-,-3.15,35.33,12 Oct 2025,17 Jan 2026,-,13.20,3975698040.00,Z-EQ,397569804
DESHBANDHU,Deshbandhu Polymer Limited,Engineering,B,1435.94,-,23.40,9.86,23.40,139.9220,"6,033,567",70.5977,0.0000,21.3500,20.5660,17.7005,21.5947,21.4978,21.1719,0.3259,0.2665,22.4673,20.2327,450.3100,1183070.1442,21.5400,21.4897,21.4076,1.6982,0.0000,0.0000,0.0000,-,2.280,0.870,1.509,-,-,-,-,-,-,-,-,21.30,2.10,"2,697",139.9220,66.46%,17.38%,49.08%,33.54%,0.00%,0.00%,-,-,-3.93,14.54,28 Oct 2025,22 Dec 2025,-,-,613651500.00,B-EQ,61365150
DGIC,Desh General Insurance Company Limited,Insurance,B,1348.00,-,33.70,4.33,33.70,12.8240,"384,330",59.7427,-46.1538,32.2700,28.8320,22.9820,32.9064,32.7624,31.4509,1.3115,1.6125,37.1439,27.3961,453.9300,-8712.3999,32.8400,33.1923,32.9948,1.5652,0.0000,0.0000,0.0000,0.59,-,-,-,-,-,-,-,-,-,-,-,32.30,1.40,535,12.8240,48.52%,6.12%,42.40%,51.48%,0.00%,0.00%,-,2.00,0.16,11.35,21 May 2026,09 Sep 2026,-,73.41,400000000.00,B-EQ,40000000
DHAKABANK,Dhaka Bank PLC.,Bank,A,12894.57,4.57,12.20,0.83,12.20,9.0590,"742,455",50.2454,-71.4286,12.2650,11.9620,11.9780,12.2593,12.2573,12.1968,0.0605,0.0846,12.5499,11.9801,49.3200,-1775459.6008,12.2733,12.2859,12.2671,1.0902,0.0000,0.0000,0.0000,8.20,-,-,-,-,0.601,0.139,-,0.006,0.112,0.007,-,12.10,0.10,269,9.0590,55.80%,11.72%,44.08%,44.20%,0.00%,0.00%,-,10.00,2.65,23.64,29 Apr 2026,25 Jun 2026,4.57,5.40,10569323490.00,A-EQ,1056932349
DHAKAINS,Dhaka Insurance Limited,Insurance,A,1673.21,24.48,41.90,-0.95,41.70,1.9330,"46,121",42.2709,-90.6667,43.7800,42.8800,38.9025,42.6820,42.9640,43.2504,-0.2864,0.1980,47.2554,40.3046,148.8900,-282781.7457,42.2489,42.8449,43.5029,1.4255,0.0000,0.0000,0.0000,2.40,-,-,-,-,-,-,-,-,-,-,-,42.10,-0.40,141,1.9330,45.19%,13.46%,31.67%,54.81%,0.00%,0.06%,-,10.00,1.72,36.70,14 May 2026,20 Jul 2026,24.48,19.86,401250000.00,A-EQ,40125000
DOMINAGE,Dominage Steel Building Systems Limited,Engineering,B,8043.84,1512.00,78.40,3.70,78.40,181.9920,"2,327,040",54.9710,-40.3846,77.8250,77.4000,44.5225,76.7201,76.8416,76.9508,-0.1092,0.1064,82.0217,73.6283,422.9200,958437.6850,76.3467,76.3308,77.0219,1.4615,0.0000,0.0000,0.0000,0.04,6.171,0.004,3.379,-,0.105,0.027,0.205,0.003,0.003,-,-,75.60,2.80,"1,929",181.9920,69.80%,12.84%,56.91%,30.20%,0.00%,0.05%,-,0.35,0.05,17.16,29 Oct 2025,24 Dec 2025,1512.00,-,1026000000.00,B-EQ,102600000
DOREENPWR,Doreen Power Generations and Systems Limited,Fuel & Power,A,5632.80,9.69,31.10,0.65,31.10,9.0870,"291,499",49.6573,-79.1667,31.3050,30.7600,28.8440,31.2776,31.2919,31.1539,0.1380,0.2342,32.4166,30.1934,100.0100,-428400.0479,31.2511,31.3538,31.3848,1.3715,0.0000,0.0000,0.0000,3.22,1.281,-,1.119,0.039,0.197,0.039,0.212,0.023,0.061,-,-,30.90,0.20,398,9.0870,33.39%,18.35%,15.04%,66.61%,0.00%,0.00%,-,10.00,3.19,52.43,26 Oct 2025,31 Dec 2025,9.69,5.57,1811189010.00,A-EQ,181118901
DSHGARME,Desh Garmants Limited,Textile,B,1351.00,223.01,163.00,0.12,163.00,12.3610,"75,206",56.0132,-52.2388,159.6350,145.8360,120.2045,164.3545,163.2456,157.3195,5.9261,6.2795,175.4439,143.8261,641.5300,-161555.8327,166.0022,165.7449,162.6514,1.3389,0.0000,0.0000,0.0000,0.18,1.866,-,0.947,-,-,-,-,-,-,-,-,162.80,0.20,873,12.3610,45.01%,9.16%,35.85%,54.99%,0.00%,0.00%,-,3.00,0.73,157.02,29 Oct 2025,18 Dec 2025,223.01,436.07,82883420.00,B-EQ,8288342
DSSL,Dragon Sweater and Spinning Limited,Textile,B,2993.26,99.29,14.20,2.16,14.20,168.4760,"11,872,881",72.8979,-10.0000,12.9450,11.1840,9.4410,13.5171,13.3486,12.5794,0.7691,0.7609,14.8473,11.0427,1041.1200,-1076514.8352,13.6111,13.5115,13.3281,1.6837,0.0000,0.0000,0.0000,0.35,16.911,-,12.803,-,-,-,-,-,-,-,-,13.90,0.30,"3,724",168.4760,67.83%,13.08%,54.75%,32.17%,0.00%,0.00%,-,0.50,0.14,18.18,28 Oct 2025,30 Dec 2025,99.29,-,2107932750.00,B-EQ,210793275
DULAMIACOT,Dulamia Cotton Spinning Mills Limited,Textile,Z,1604.27,817.20,212.30,3.92,212.30,22.5750,"109,795",62.4963,-28.1627,198.8900,174.0620,141.1330,207.7434,205.1854,194.3711,10.8143,10.2858,225.5082,172.2718,150.4100,18417.9188,211.7489,208.4333,202.4276,0.9734,0.0000,0.0000,0.0000,0.14,0.072,-,0.068,-,-,-,-,-,-,-,-,204.30,8.00,417,22.5750,66.99%,6.57%,60.42%,33.01%,0.00%,0.00%,-,3.00,0.25,-39.83,29 Sep 2025,03 Dec 2025,817.20,766.13,75566000.00,Z-EQ,7556600
DUTCHBANGL,Dutch-Bangla Bank PLC.,Bank,A,49533.77,4.75,49.10,2.95,48.80,24.0630,"494,287",59.6611,-50.8772,47.5000,43.9160,41.1430,48.6495,48.4125,46.9194,1.4931,1.6751,51.9570,43.0430,31.1400,-350234.4141,49.0089,49.0615,48.4538,0.8029,0.0000,0.0000,0.0000,5.12,-,-,-,-,0.503,0.186,-,0.012,0.161,0.013,-,47.40,1.40,749,24.0630,16.44%,8.00%,8.40%,83.56%,0.00%,0.04%,5.00,25.00,9.98,62.14,29 Apr 2026,16 Jun 2026,4.75,4.39,10150361950.00,A-EQ,1015036195
EASTERNINS,Eastern Insurance PLC,Insurance,A,2470.21,19.62,57.30,1.42,57.30,2.7240,"47,371",43.4847,-83.1169,59.4250,58.6740,53.5495,57.9581,58.3057,58.8092,-0.5035,0.0230,63.3783,55.4717,111.2000,-158785.9525,57.4533,58.1346,58.8757,1.5530,0.0000,0.0000,0.0000,2.62,-,-,-,-,-,-,-,-,-,-,-,56.50,0.80,118,2.7240,55.14%,28.38%,26.76%,44.86%,0.00%,0.00%,-,15.00,2.88,50.13,03 May 2026,14 Jul 2026,19.62,19.09,431101440.00,A-EQ,43110144
EASTLAND,Eastland Insurance PLC.,Insurance,A,2273.16,24.64,27.10,0.00,27.10,6.6390,"243,219",48.1207,-87.0370,27.9250,26.6380,21.8320,27.5870,27.6853,27.3991,0.2862,0.6368,31.2854,24.5646,275.2000,-442366.4133,27.3222,27.7808,28.0662,1.1808,0.0000,0.0000,0.0000,3.69,-,-,-,-,-,-,-,-,-,-,-,27.10,0.00,214,6.6390,58.89%,23.77%,35.12%,41.11%,0.00%,0.00%,-,10.00,1.10,21.58,23 Apr 2026,29 Jun 2026,24.64,25.09,838805810.00,A-EQ,83880581
EASTRNLUB,Eastern Lubricants Blenders PLC.,Fuel & Power,A,4928.36,47.08,2069.50,1.78,2069.50,25.0100,"12,159",65.8815,-36.5305,1966.3050,1887.8440,1956.9965,2042.6029,2025.3601,1959.7551,65.6051,58.6115,2156.1934,1776.4166,207.1200,-18809.0297,2065.6200,2053.8051,2012.4671,0.7868,0.0000,0.0000,0.0000,0.39,1.609,-,1.050,0.115,0.050,0.091,0.074,0.083,0.206,-,-,2033.30,36.20,"1,204",25.0100,33.96%,8.16%,25.80%,15.04%,51.00%,0.00%,50.00,80.00,43.18,209.35,23 Nov 2025,31 Jan 2026,47.08,53.25,23814240.00,A-EQ,2381424
EBL,Eastern Bank PLC.,Bank,A,39941.61,4.63,24.30,0.41,24.30,80.9440,"3,331,803",40.1250,-83.3333,24.5150,24.5720,24.8510,24.3542,24.3921,24.5468,-0.1548,-0.1444,24.8949,24.1351,46.3900,-3154678.7195,24.3178,24.3462,24.4186,0.6183,0.0000,0.0000,0.0000,10.29,-,-,-,-,0.583,0.272,-,0.011,0.167,0.012,-,24.20,0.10,710,80.9440,70.56%,44.42%,25.47%,29.44%,0.00%,0.67%,3.00,25.00,5.23,31.38,16 Apr 2026,11 Jun 2026,4.63,4.88,16436877890.00,A-EQ,1643687789
EBL1STMF,EBL First Mutual Fund,Mutual Funds,A,709.30,-,4.90,2.08,4.90,3.7320,"765,121",69.3912,-30.0000,4.4550,4.0800,3.7315,4.7362,4.6693,4.4275,0.2418,0.2086,5.1182,3.7918,101.7900,42369.9432,4.8022,4.7564,4.6233,0.9948,0.0000,0.0000,0.0000,-,-,-,-,-,-,-,-,-,-,-,-,4.80,0.10,244,3.7320,98.62%,61.93%,36.69%,1.38%,0.00%,0.00%,-,-,-1.89,7.88,15 Sep 2024,-,-,-,1447542220.00,A-MF,144754222
EBLNRBMF,EBL NRB Mutual Fund,Mutual Funds,A,874.62,-,3.90,8.33,3.90,19.5980,"5,166,695",66.6569,-11.1111,3.3850,3.2080,2.8355,3.6441,3.5837,3.4097,0.1740,0.1234,3.9480,2.8220,319.9800,1631676.1157,3.7044,3.6462,3.5233,1.2091,0.0000,0.0000,0.0000,-,-,-,-,-,-,-,-,-,-,-,-,3.60,0.30,521,19.5980,91.11%,37.93%,53.18%,8.89%,0.00%,0.00%,-,-,-1.93,8.25,25 Sep 2024,-,-,-,2242613030.00,A-MF,224261303
ECABLES,Eastern Cables Limited,Engineering,B,3756.72,-,142.30,1.86,142.30,1.7710,"12,445",54.6895,-67.8414,141.8250,130.2740,121.0570,143.8921,143.4254,139.1908,4.2346,5.2026,157.9559,125.6941,49.4600,-40038.2049,144.1800,144.9590,144.5071,1.3396,0.0000,0.0000,0.0000,-,1.179,0.009,0.945,-,-,-,0.082,-,-,-,-,139.70,2.60,162,1.7710,40.92%,13.30%,27.62%,8.08%,51.00%,0.00%,-,-,-4.43,339.32,12 Nov 2025,24 Jan 2026,-,-,264000000.00,B-EQ,26400000
EGEN,eGeneration PLC.,IT Sector,B,1965.00,34.80,26.20,0.38,26.20,16.6310,"631,519",44.5938,-89.2857,27.1000,26.0440,22.5390,26.7977,26.8714,26.7166,0.1548,0.3896,28.2626,25.9374,647.3600,-1827524.1686,26.7533,26.8949,27.0743,1.4569,0.0000,0.0000,0.0000,0.86,2.176,-,2.168,0.132,0.122,0.132,0.274,0.028,0.033,-,-,26.10,0.10,516,16.6310,69.93%,16.35%,53.05%,30.07%,0.00%,0.53%,-,2.25,0.75,23.38,30 Oct 2025,29 Dec 2025,34.80,34.34,750000000.00,B-EQ,75000000
EHL,Eastern Housing Limited,Services & Real Estate,A,8671.76,11.17,92.90,0.54,92.90,66.8970,"718,986",47.5006,-92.9688,95.7250,90.2800,80.1760,94.9252,95.1108,93.9060,1.2048,2.1794,102.7455,88.7045,367.2600,-934823.1304,94.6289,95.4179,96.1005,1.7268,0.0000,0.0000,0.0000,2.69,1.228,-,0.380,0.351,0.224,0.255,0.363,0.032,0.092,-,-,92.40,0.50,"1,034",66.8970,49.56%,29.04%,20.49%,50.44%,0.00%,0.03%,-,25.00,8.27,89.99,10 Sep 2025,30 Oct 2025,11.17,10.42,933451530.00,A-EQ,93345153
EIL,Express Insurance Limited,Insurance,B,2014.60,26.27,30.90,-0.32,30.90,12.6920,"408,826",45.9807,-83.9286,32.1900,30.3700,28.9470,31.4332,31.5882,31.4602,0.1280,0.5284,34.9627,29.4173,539.8600,-1144966.8538,31.1111,31.5205,32.0367,1.1010,0.0000,0.0000,0.0000,1.62,-,-,-,-,-,-,-,-,-,-,-,31.00,-0.10,565,12.6920,40.00%,5.82%,34.18%,60.00%,0.00%,0.00%,-,5.00,1.18,19.91,03 May 2026,01 Jul 2026,26.27,22.79,651974640.00,B-EQ,65197464
EMERALDOIL,Emerald Oil Industries Limited,Food & Allied,Z,2473.47,37.26,27.10,-0.37,27.10,9.2140,"336,525",57.7318,-63.0137,26.1000,22.9500,16.7825,27.4654,27.2213,25.6899,1.5314,1.7159,31.8334,20.3666,186.6500,-764158.8783,27.6978,27.8077,27.2790,1.4100,0.0000,0.0000,0.0000,1.85,0.874,-,0.739,0.066,0.066,0.059,0.097,0.081,-,-,-,27.20,-0.10,378,9.2140,45.50%,4.42%,41.08%,54.50%,0.00%,0.00%,-,5.00,0.00,0.00,02 Nov 2023,-,37.26,8.14,912720040.00,Z-EQ,91272004
ENVOYTEX,Envoy Textiles Limited,Textile,A,9393.15,6.60,56.00,1.08,56.00,12.8120,"228,942",50.2151,-81.9672,57.6250,53.1140,51.0890,56.8936,56.9638,56.0481,0.9157,1.5010,60.5471,54.7029,121.7700,-497378.0615,56.7600,57.0987,57.5581,0.9996,0.0000,0.0000,0.0000,5.36,1.215,-,0.723,-,-,-,-,-,-,-,-,55.40,0.60,412,12.8120,34.59%,23.72%,10.64%,65.41%,0.00%,0.23%,-,30.00,8.40,58.32,28 Sep 2025,06 Dec 2025,6.60,7.05,1677347670.00,A-EQ,167734767
EPGL,Energypac Power Generation PLC.,Fuel & Power,B,3860.31,-,20.60,5.73,20.30,12.4340,"621,689",55.0156,-48.1481,20.1400,19.4100,17.2040,19.9449,19.9777,19.8682,0.1096,0.2332,21.1207,19.1593,98.9300,-552292.6556,19.8533,19.9346,20.0981,1.7062,0.0000,0.0000,0.0000,0.99,-,-,-,-,-,-,-,-,-,-,-,19.20,1.10,669,12.4340,45.86%,16.53%,29.33%,54.14%,0.00%,0.00%,-,2.00,-5.50,32.86,16 Nov 2025,15 Dec 2025,-,-,1901632160.00,B-EQ,190163216
ESQUIRENIT,Esquire Knit Composite PLC,Textile,A,3426.35,56.59,25.60,2.01,25.40,3.8430,"152,190",49.1542,-78.7879,26.0000,24.7040,22.2460,25.7202,25.7736,25.5020,0.2716,0.5165,27.4797,24.5203,86.1600,-518678.9775,25.6467,25.8026,26.0167,1.2474,0.0000,0.0000,0.0000,3.94,1.236,-,0.438,-,-,-,-,-,-,-,-,24.90,0.50,201,3.8430,53.05%,40.97%,12.08%,46.95%,0.00%,0.00%,-,10.00,0.44,65.10,27 Oct 2025,25 Jan 2026,56.59,-,1348958330.00,A-EQ,134895833
ETL,Evince Textiles Limited,Textile,B,2645.91,49.31,14.40,0.70,14.40,61.0070,"4,223,843",63.0379,-45.4545,14.1050,12.8320,10.5685,14.2517,14.1885,13.7645,0.4239,0.4846,14.6380,13.5720,842.0100,-3745691.0869,14.2956,14.2628,14.1976,1.4045,0.0000,0.0000,0.0000,1.74,0.945,-,0.426,-,-,-,-,-,-,-,-,14.30,0.10,"1,325",61.0070,67.06%,18.04%,49.02%,32.94%,0.00%,0.00%,-,2.50,0.29,12.83,23 Oct 2025,18 Dec 2025,49.31,46.63,1837440000.00,B-EQ,183744000
EXIM1STMF,EXIM Bank 1st Mutual Fund,Mutual Funds,A,759.26,-,5.30,8.16,5.30,23.9210,"4,552,820",80.9406,0.0000,4.1050,3.7440,3.3930,4.6870,4.5472,4.1656,0.3816,0.2543,5.2612,2.9488,374.7500,3976425.0639,4.8111,4.6859,4.4014,1.2751,0.0000,0.0000,0.0000,-,-,-,-,-,-,-,-,-,-,-,-,4.90,0.40,325,23.9210,78.03%,25.91%,52.12%,21.97%,0.00%,0.00%,-,-,-1.91,8.16,15 Sep 2024,-,-,-,1432563430.00,A-MF,143256343
EXIMBANK,Export Import Bank of Bangladesh PLC.,Bank,A,4342.67,16.67,0.00,0.00,3.00,0.0000,0,35.3827,-100.0000,3.4350,3.8100,5.5645,3.1910,3.2550,3.5011,-0.2461,-0.2212,4.0054,2.8646,70.5700,-721052.8574,3.1222,3.1744,3.2990,1.0093,0.0000,0.0000,0.0000,-,-,-,-,-,0.465,0.016,-,0.000,0.008,0.000,-,3.00,0.00,0,0.0000,69.56%,27.45%,41.65%,30.44%,0.00%,0.46%,-,-,0.18,21.82,29 May 2025,28 Aug 2025,16.67,-,14475573440.00,A-EQ,1447557344
FAMILYTEX,Familytex (BD) Limited,Textile,Z,1027.07,-,2.90,7.41,2.90,21.2570,"7,388,471",66.7993,0.0000,2.4350,2.6360,2.0991,2.5245,2.4988,2.5174,-0.0186,-0.0837,2.7739,2.0961,95.9200,3741374.1800,2.5222,2.4756,2.4400,1.2835,0.0000,0.0000,0.0000,-,9.943,-,5.485,-,-,-,-,-,-,-,-,2.70,0.20,774,21.2570,95.98%,18.41%,77.57%,4.02%,0.00%,0.00%,-,-,-0.15,11.48,01 Nov 2020,24 Dec 2020,-,-,3541603880.00,Z-EQ,354160388
FARCHEM,Far Chemicals Industries Limited,Pharmaceuticals & Chemicals,B,4011.15,265.56,26.20,9.62,26.20,129.5570,"5,014,120",73.4639,0.0000,21.7250,19.8900,16.7420,24.0072,23.4807,21.7971,1.6836,1.3195,26.6977,16.7523,204.4400,2375098.3864,24.6178,24.1603,22.9829,1.4815,0.0000,0.0000,0.0000,-,1.151,0.045,0.520,-,0.068,0.004,0.079,0.002,0.003,-,-,23.90,2.30,"2,003",129.5570,67.37%,32.08%,35.29%,32.63%,0.00%,0.00%,-,-,0.09,32.52,29 Oct 2025,24 Dec 2025,265.56,-,1530973330.00,B-EQ,153097333
FAREASTFIN,Fareast Finance & Investment Limited,Financial Institutions,Z,311.72,-,1.90,5.56,1.90,0.6560,"345,128",73.8095,0.0000,1.3600,1.4480,1.4196,1.5855,1.5268,1.4450,0.0819,-0.0085,1.8114,0.9086,77.4300,2122502.0387,1.6356,1.5564,1.4457,1.3257,0.0000,0.0000,0.0000,-,-,-,-,-,1.071,1.324,-,-,-,-,-,1.80,0.10,33,0.6560,60.26%,11.51%,48.75%,39.74%,0.00%,0.00%,-,-,-5.13,-50.48,12 May 2025,26 Jun 2025,-,-,1640633300.00,Z-EQ,164063330
FAREASTLIF,Fareast Islami Life Insurance Company Limited,Insurance,Z,1569.60,-,21.50,2.94,21.00,0.5980,"27,874",36.7634,-76.9231,22.5350,22.3100,22.0650,21.9123,22.0952,22.3940,-0.2988,-0.0378,24.0122,21.0578,21.3400,-112364.4348,21.7956,22.0308,22.3248,1.6247,0.0000,0.0000,0.0000,-,-,-,-,-,-,-,-,-,-,-,-,20.40,0.60,93,0.5980,79.92%,43.20%,36.72%,20.08%,0.00%,0.00%,-,-,0.00,0.00,01 Nov 2021,22 Dec 2021,-,-,747427510.00,Z-EQ,74742751
FASFIN,FAS Finance & Investment Limited,Financial Institutions,Z,298.15,-,0.00,5.26,2.00,0.8480,"423,857",77.2800,0.0000,1.4500,1.5080,1.4939,1.6828,1.6215,1.5291,0.0924,0.0011,1.9111,0.9889,104.5100,2210282.1421,1.7356,1.6577,1.5386,1.2853,0.0000,0.0000,0.0000,-,-,-,-,-,1.038,1.660,-,-,-,-,-,1.90,0.10,34,0.8480,86.80%,8.69%,78.11%,13.20%,0.00%,0.00%,-,-,-22.65,-148.05,28 Jun 2026,-,-,-,1490773640.00,Z-EQ,149077364
FBFIF,First Bangladesh Fixed Income Fund,Mutual Funds,A,2949.36,-,3.80,2.70,3.80,7.5640,"1,992,412",66.6441,-25.0000,3.3950,3.2100,2.9210,3.6169,3.5634,3.4051,0.1583,0.1151,3.8826,2.9074,51.0200,3446586.8443,3.6644,3.6154,3.5114,1.1424,0.0000,0.0000,0.0000,-,-,-,-,-,-,-,-,-,-,-,-,3.70,0.10,318,7.5640,46.03%,28.69%,17.34%,53.97%,0.00%,0.00%,-,-,-1.82,8.32,15 Sep 2024,-,-,-,7761470280.00,A-MF,776147028
FEDERALINS,Federal Insurance  PLC.,Insurance,A,1918.07,26.73,27.00,0.00,27.00,7.1060,"262,370",47.4633,-81.2500,27.7050,26.9520,22.0905,27.3532,27.4633,27.3554,0.1079,0.4004,30.1720,25.2380,518.8900,-1016751.2638,27.1289,27.5051,27.7462,1.2705,0.0000,0.0000,0.0000,3.70,-,-,-,-,-,-,-,-,-,-,-,27.00,0.00,294,7.1060,63.96%,2.02%,61.94%,36.04%,0.00%,0.00%,-,10.00,1.10,13.04,03 May 2026,17 Aug 2026,26.73,14.67,710396430.00,A-EQ,71039643
FEKDIL,Far East Knitting & Dyeing Industries PLC,Textile,A,6037.34,15.61,27.60,3.37,27.60,317.8290,"11,631,785",89.2181,-4.4776,23.6600,18.7740,16.2840,25.9198,25.3245,22.8481,2.4764,2.3346,29.1635,18.1565,811.6600,7462277.5468,26.4222,26.1077,25.0867,1.3053,0.0000,0.0000,0.0000,4.35,1.853,-,1.186,-,-,-,-,-,-,-,-,26.70,0.90,"2,506",317.8290,32.80%,12.83%,19.97%,67.20%,0.00%,0.00%,-,12.00,1.71,21.37,15 Oct 2025,14 Dec 2025,15.61,-,2187441710.00,A-EQ,218744171
FINEFOODS,Fine Foods Limited,Food & Allied,A,6727.04,114.35,481.40,0.71,481.40,54.7480,"113,849",28.4599,-71.5976,501.3450,533.0880,435.6035,491.2221,494.1362,505.9306,-11.7944,-10.9451,522.3108,480.3792,174.3100,136629.1104,489.1533,491.3590,496.2429,0.6922,0.0000,0.0000,0.0000,0.29,8.739,-,2.251,0.572,0.601,0.492,0.641,0.263,0.286,-,-,478.00,3.40,371,54.7480,86.08%,18.69%,67.39%,13.92%,0.00%,0.00%,-,14.00,4.18,14.65,29 Oct 2025,20 Dec 2025,114.35,46.08,139739180.00,A-EQ,13973918
FIRSTFIN,First Finance Limited,Financial Institutions,Z,533.45,-,4.50,4.65,4.50,0.8940,"200,367",59.9105,0.0000,4.1350,4.1880,3.6320,4.2056,4.1803,4.1731,0.0072,-0.0449,4.5194,3.7506,37.5900,61911.7755,4.2333,4.1821,4.1467,1.4430,0.0000,0.0000,0.0000,-,-,-,-,-,1.343,1.626,-,-,-,-,-,4.30,0.20,90,0.8940,58.69%,18.10%,40.59%,41.31%,0.00%,0.00%,-,-,-6.66,-46.01,29 Jun 2026,17 Sep 2026,-,-,1185446630.00,Z-EQ,118544663
FIRSTSBANK,First Security Islami Bank PLC.,Bank,Z,2295.46,0.67,0.00,0.00,1.90,0.0000,0,32.9434,-91.6667,2.4900,2.5900,3.9140,2.1778,2.2479,2.4402,-0.1923,-0.1289,3.1450,1.8350,146.6500,-4143929.6253,2.1044,2.1705,2.3310,1.3109,0.0000,0.0000,0.0000,-,-,-,-,-,-,-,-,-,-,-,-,1.90,0.00,0,0.0000,94.10%,28.21%,65.74%,5.90%,0.00%,0.15%,-,-,-3.35,16.40,01 Jun 2025,15 Sep 2025,0.67,-,12081393790.00,Z-EQ,1208139379
FORTUNE,Fortune Shoes Limited,Tannery Industries,Z,3515.64,177.27,20.60,5.64,20.60,17.1550,"830,861",65.3985,-25.0000,19.1150,16.5960,14.6470,20.1317,19.9194,18.7736,1.1458,1.2186,22.4725,15.7575,178.9100,-73053.2034,20.3778,20.4090,19.8571,1.6071,0.0000,0.0000,0.0000,0.24,3.496,-,1.891,0.021,0.116,0.007,0.161,0.005,0.007,-,-,19.50,1.10,845,17.1550,69.07%,18.86%,50.21%,30.93%,0.00%,0.00%,-,0.50,0.11,14.70,25 Nov 2025,30 Dec 2025,177.27,-,1706622630.00,Z-EQ,170662263
FUWANGCER,Fu-Wang Ceramic Industries Ltd.,Ceramics Sector,B,2262.07,144.55,16.60,4.40,16.60,63.2930,"3,862,644",60.6682,-40.9091,15.9150,14.8380,12.5220,16.1407,16.0627,15.6757,0.3870,0.3978,16.7210,15.1090,726.6500,-3916245.8786,16.2022,16.1436,15.9967,1.5301,0.0000,0.0000,0.0000,0.60,-,-,-,-,-,-,0.262,-,-,-,-,15.90,0.70,"1,506",63.2930,70.00%,5.71%,63.89%,30.00%,0.00%,0.40%,-,1.00,0.11,12.00,05 Nov 2025,30 Dec 2025,144.55,1192.50,1362690930.00,B-EQ,136269093
FUWANGFOOD,Fu Wang Food Limited,Food & Allied,Z,1418.74,-,12.80,2.40,12.80,6.0540,"474,064",59.0930,-60.0000,12.4900,11.5820,10.9790,12.7426,12.6791,12.3182,0.3609,0.3914,13.2324,11.7476,182.0200,-1238619.8106,12.8400,12.7987,12.6505,1.6241,0.0000,0.0000,0.0000,-,0.648,-,0.546,-,-,-,0.181,-,-,-,-,12.50,0.30,294,6.0540,92.15%,9.57%,82.57%,7.85%,0.00%,0.01%,-,-,-0.31,2.03,12 Nov 2024,26 Dec 2024,-,-,1108392840.00,Z-EQ,110839284
GBBPOWER,GBB Power Limited,Fuel & Power,Z,834.79,74.55,8.30,0.00,8.20,0.4150,"50,662",46.7903,-62.5000,8.2750,8.3840,7.4255,8.2299,8.2406,8.2924,-0.0518,-0.0526,8.5986,7.9514,58.6400,22994.0700,8.2200,8.2167,8.2500,1.4631,0.0000,0.0000,0.0000,-,11.783,-,11.257,-,-,-,-,0.005,0.005,-,-,8.20,0.00,41,0.4150,67.99%,13.35%,54.64%,32.01%,0.00%,0.00%,-,-,0.11,20.31,29 Oct 2025,22 Dec 2025,74.55,68.33,1018035480.00,Z-EQ,101803548
GEMINISEA,Gemini Sea Food PLC,Food & Allied,Z,1426.49,26.17,124.20,1.64,124.20,3.1890,"25,690",50.6341,-64.0719,124.7700,119.8600,127.8350,126.1943,126.0404,124.0177,2.0226,2.6363,134.8891,114.6509,105.1100,-36983.7104,126.6978,127.3936,126.4438,1.3687,0.0000,0.0000,0.0000,0.60,1.175,-,0.604,0.095,0.078,0.076,0.258,0.049,0.237,-,-,122.20,2.00,331,3.1890,69.99%,7.81%,61.95%,30.01%,0.00%,0.23%,7.50,7.50,4.67,19.69,14 Nov 2024,29 Dec 2024,26.17,-,114854180.00,Z-EQ,11485418
GENEXIL,Genex Infosys PLC.,IT Sector,B,4745.73,17.83,39.40,1.81,39.40,41.0470,"1,042,482",54.2917,-59.2593,39.4650,34.8740,28.5450,40.2729,40.1269,38.5470,1.5799,2.0028,44.3662,34.5638,717.6000,-3158978.6092,40.5378,40.6795,40.3710,1.7345,0.0000,0.0000,0.0000,0.25,0.634,-,0.603,0.139,0.381,0.137,0.450,0.040,0.098,-,-,38.70,0.70,"1,407",41.0470,73.93%,20.49%,53.38%,26.07%,0.00%,0.06%,-,1.00,2.17,22.11,07 Dec 2025,30 Dec 2025,17.83,13.69,1204500210.00,B-EQ,120450021
GENNEXT,Generation Next Fashions Limited,Textile,Z,1534.42,42.86,3.10,3.33,3.10,5.0090,"1,617,319",58.0968,-20.0000,2.9100,3.0040,2.8320,2.9271,2.9172,2.9387,-0.0215,-0.0534,3.1687,2.6513,69.4400,1384502.7732,2.9222,2.8962,2.8876,1.4574,0.0000,0.0000,0.0000,3.23,2.920,-,1.339,-,-,-,-,-,-,-,-,3.00,0.10,194,5.0090,83.74%,22.10%,61.64%,16.26%,0.00%,0.00%,-,1.00,0.07,11.88,29 Oct 2023,23 Dec 2023,42.86,-,4949745550.00,Z-EQ,494974555
GHAIL,Golden Harvest Agro Industries Limited,Food & Allied,B,3345.48,-,15.50,2.65,15.50,12.6550,"822,375",53.2196,-50.0000,15.5550,14.7760,12.3265,15.4366,15.4501,15.3204,0.1297,0.2204,16.0339,15.0761,242.2200,-1409406.0568,15.4133,15.4295,15.4738,1.5036,0.0000,0.0000,0.0000,0.65,1.739,-,1.329,-,-,-,0.420,-,-,-,-,15.10,0.40,426,12.6550,69.58%,39.28%,30.08%,30.42%,0.00%,0.22%,-,1.00,-0.24,12.33,28 Oct 2025,29 Dec 2025,-,-,2158376210.00,B-EQ,215837621
GHCL,Global Heavy Chemicals Limited,Pharmaceuticals & Chemicals,Z,1814.40,-,25.20,8.62,25.20,27.7260,"1,100,320",75.1155,-5.7692,21.6100,20.8960,20.2800,23.1818,22.8160,21.8024,1.0136,0.6873,25.0009,18.2191,81.7600,233215.0915,23.6044,23.2410,22.4252,1.1465,0.0000,0.0000,0.0000,-,0.123,-,0.102,-,-,-,-,-,-,-,-,23.20,2.00,870,27.7260,31.40%,10.59%,20.81%,68.60%,0.00%,0.00%,-,-,-2.19,71.89,07 Dec 2025,-,-,-,720000000.00,Z-EQ,72000000
GIB,Global Islami Bank PLC,Bank,Z,1678.65,-,0.00,0.00,1.70,0.0000,0,39.3150,-75.0000,1.8300,1.9440,3.1450,1.7469,1.7665,1.8431,-0.0767,-0.0699,2.0362,1.6238,50.4600,-1277163.4522,1.7200,1.7423,1.7910,1.1715,0.0000,0.0000,0.0000,-,-,-,-,-,2.014,3.128,-,-,0.580,-,-,1.70,0.00,0,0.0000,84.57%,53.15%,31.42%,15.43%,0.00%,0.00%,-,-,-12.62,-21.77,10 Jul 2025,21 Sep 2025,-,-,9874396880.00,Z-EQ,987439688
GLDNJMF,ICB AMCL CMSF Golden Jubilee Mutual Fund,Mutual Funds,A,840.00,23.14,8.40,3.70,8.40,13.0230,"1,553,545",69.8004,-26.0870,7.5200,6.8120,6.4475,8.1089,7.9764,7.4918,0.4846,0.4217,8.9321,6.1079,398.1300,-1297811.5543,8.2556,8.1821,7.8819,1.0986,0.0000,0.0000,0.0000,-,-,-,-,-,-,-,-,-,-,-,-,8.10,0.30,357,13.0230,39.00%,12.64%,26.36%,61.00%,0.00%,0.00%,-,-,0.35,9.39,16 Feb 2026,-,23.14,7.50,1000000000.00,A-MF,100000000
GLOBALINS,Global Insurance PLC,Insurance,A,1678.84,26.46,41.40,-0.96,41.40,19.0020,"456,239",51.9734,-75.0000,42.2900,38.2260,30.1530,41.8349,41.8997,40.8933,1.0064,1.6222,47.6430,36.9370,796.4900,-1244857.6306,41.3044,41.9449,42.4533,1.4721,0.0000,0.0000,0.0000,2.42,-,-,-,-,-,-,-,-,-,-,-,41.80,-0.40,833,19.0020,64.68%,13.04%,51.64%,35.32%,0.00%,0.00%,-,10.00,1.29,14.83,14 Jun 2026,18 Aug 2026,26.46,14.12,405517630.00,A-EQ,40551763
GOLDENSON,Golden Son Limited,Engineering,B,2885.06,-,16.80,4.35,16.80,43.3270,"2,609,353",54.4077,-38.4615,16.7100,16.3080,12.3855,16.5092,16.5337,16.5068,0.0269,0.0932,17.4802,15.9398,387.6200,-1796283.7859,16.4511,16.4692,16.5833,1.5204,0.0000,0.0000,0.0000,-,1.628,0.945,0.943,-,-,-,-,-,-,-,-,16.10,0.70,"1,047",43.3270,69.71%,23.04%,46.67%,30.29%,0.00%,0.00%,-,-,-1.83,16.06,26 Nov 2025,31 Dec 2025,-,-,1717297720.00,B-EQ,171729772
GP,Grameenphone Limited,Telecommunication,A,350942.98,11.85,259.90,0.15,259.90,45.1790,"173,789",62.5561,-8.6957,258.4300,251.0800,261.3650,258.5919,258.3548,256.5609,1.7939,2.1175,260.6411,256.2189,3.5100,37365.9546,258.5867,258.4192,258.3295,0.7028,0.0000,0.0000,0.0000,4.04,0.159,0.125,0.155,0.311,0.357,0.187,1.000,0.155,0.528,-,-,259.50,0.40,961,45.1790,10.00%,6.76%,2.91%,90.00%,0.00%,0.33%,-,105.00,10.52,41.51,15 Jul 2026,-,11.85,12.33,13503000220.00,A-EQ,1350300022
GPHISPAT,GPH Ispat Limited,Engineering,B,9290.56,-,19.20,2.13,19.20,21.5880,"1,133,968",54.9957,-75.0000,19.1550,17.8160,17.0795,19.2460,19.2253,18.8321,0.3932,0.5326,20.6023,17.7077,139.6000,-1158867.8054,19.2356,19.3410,19.3552,1.5149,0.0000,0.0000,0.0000,2.60,1.024,1.164,0.595,-,0.112,-,0.140,-,-,-,-,18.80,0.40,557,21.5880,69.78%,19.30%,50.48%,30.22%,0.00%,0.00%,-,5.00,-0.51,51.72,02 Dec 2025,31 Dec 2025,-,-,4838834560.00,B-EQ,483883456
GQBALLPEN,GQ Ball Pen Industries Limited,Miscellaneous,A,5383.64,-,603.00,1.81,603.00,15.8740,"26,436",45.2988,-60.9375,610.3200,643.5420,547.1580,602.3620,604.5120,615.4146,-10.9026,-11.3116,640.1400,580.5000,137.5700,35035.1135,599.3667,601.2256,605.7129,0.9635,0.0000,0.0000,0.0000,0.17,2.247,-,2.213,-,-,-,-,-,-,-,-,592.30,10.70,568,15.8740,62.23%,1.47%,60.71%,37.77%,0.00%,0.05%,-,10.00,-1.83,135.81,29 Oct 2025,15 Dec 2025,-,-,89280910.00,A-EQ,8928091
GRAMEENS2,Grameen One : Scheme Two,Mutual Funds,A,2444.13,16.42,13.40,0.75,13.40,5.9190,"441,270",57.5242,-45.4545,13.1100,12.6820,12.0380,13.3263,13.2703,13.0583,0.2120,0.1888,13.6864,12.5336,81.2600,204225.3696,13.3933,13.3282,13.2214,0.9089,0.0000,0.0000,0.0000,-,-,-,-,-,-,-,-,-,-,-,-,13.30,0.10,199,5.9190,79.48%,56.08%,23.40%,20.52%,0.00%,0.00%,-,7.50,0.81,15.89,14 Aug 2025,-,16.42,18.47,1823979020.00,A-MF,182397902
GREENDELMF,Green Delta Mutual Fund,Mutual Funds,A,765.00,34.29,5.10,6.25,5.10,17.5330,"3,517,167",68.3594,-29.4118,4.2900,3.8140,3.3570,4.7718,4.6556,4.2875,0.3682,0.2863,5.3501,3.2299,281.0500,2807562.9781,4.9111,4.7859,4.5448,1.1509,0.0000,0.0000,0.0000,-,-,-,-,-,-,-,-,-,-,-,-,4.80,0.30,480,17.5330,91.67%,43.56%,48.11%,8.33%,0.00%,0.00%,-,1.50,0.14,10.16,16 Aug 2023,-,34.29,-,1500000000.00,A-MF,150000000
GREENDELT,Green Delta Insurance Company PLC.,Insurance,A,6652.50,12.04,66.40,1.37,66.40,5.9510,"89,791",50.6278,-67.0732,67.7900,63.9800,56.9650,66.4179,66.6209,66.3033,0.3176,0.9129,71.5322,64.0478,73.1000,-156007.2077,65.9244,66.4436,67.2229,1.2448,0.0000,0.0000,0.0000,4.07,-,-,-,-,-,-,-,-,-,-,-,65.50,0.90,153,5.9510,69.42%,23.25%,41.57%,30.58%,0.00%,4.60%,-,27.00,5.44,70.53,16 Feb 2026,31 Mar 2026,12.04,22.43,1001881940.00,A-EQ,100188194
GSPFINANCE,GSP Finance Company (Bangladesh) PLC,Financial Institutions,Z,643.98,-,4.10,2.50,4.10,2.6660,"646,324",64.0355,-12.5000,3.6950,3.6700,3.1735,3.8802,3.8317,3.7439,0.0877,0.0226,4.1421,3.2479,61.9200,241543.6370,3.9267,3.8641,3.7719,1.9406,0.0000,0.0000,0.0000,-,-,-,-,-,1.171,5.228,-,-,-,-,-,4.00,0.10,139,2.6660,87.98%,34.62%,53.36%,12.02%,0.00%,0.00%,-,-,-11.79,4.60,03 Sep 2025,14 Dec 2025,-,-,1570685850.00,Z-EQ,157068585
HAKKANIPUL,Hakkani Pulp & Paper Mills PLC.,Paper & Printing,B,1514.30,1128.57,79.70,0.89,79.70,10.6820,"133,718",45.4152,-90.7216,81.6950,79.8620,73.9025,81.2619,81.4331,81.1221,0.3110,0.8335,86.7777,76.6123,612.3000,-475078.0705,81.0711,81.7205,82.0114,1.4027,0.0000,0.0000,0.0000,0.63,1.776,-,0.853,0.017,0.080,0.001,0.153,0.001,0.003,-,-,79.00,0.70,588,10.6820,52.72%,5.58%,47.14%,47.28%,0.00%,0.00%,-,5.00,0.07,24.24,28 Oct 2025,20 Dec 2025,1128.57,191.13,190000000.00,B-EQ,19000000
HAMI,Hami Industries PLC.,Miscellaneous,Z,1198.89,-,155.70,0.00,155.70,2.0060,"12,964",47.5506,-54.6729,154.6000,162.6940,139.7920,156.4614,156.2425,157.0566,-0.8141,-1.6781,164.6328,144.5672,97.6300,-7245.0357,157.5489,157.1987,155.5700,0.9605,0.0000,0.0000,0.0000,0.06,0.508,-,0.360,-,-,-,0.020,-,-,-,-,155.70,0.00,171,2.0060,67.48%,12.68%,53.62%,32.52%,0.00%,1.18%,-,1.00,0.00,0.00,02 Jun 2024,-,-,556.07,77000000.00,Z-EQ,7700000
HEIDELBCEM,Heidelberg Materials Bangladesh PLC.,Cement,A,12430.79,63.04,222.00,-1.70,220.00,13.5090,"61,273",38.9264,-95.1087,233.8650,228.4880,226.6235,230.3481,231.3602,231.8529,-0.4928,1.4979,247.0128,220.7172,23.0500,-104277.9336,230.1822,232.1179,233.0214,1.0336,0.0000,0.0000,0.0000,0.50,0.885,-,0.559,0.049,0.048,0.031,0.122,0.042,0.112,-,-,223.80,-3.80,781,13.5090,39.33%,28.75%,10.54%,60.67%,0.00%,0.04%,-,11.00,3.55,73.92,26 Apr 2026,18 Jun 2026,63.04,-,565035800.00,A-EQ,56503580
HFL,Hamid Fabrics PLC.,Textile,Z,1429.60,83.68,15.80,-1.26,15.70,2.8570,"180,217",59.0430,-16.6667,14.7200,15.1960,9.8230,15.0403,14.9357,14.8684,0.0672,-0.1309,16.1291,13.3109,42.6000,44293.1355,15.0956,14.9026,14.7143,1.4900,0.0000,0.0000,0.0000,-,1.653,-,0.845,-,-,-,-,-,-,-,-,15.90,-0.20,155,2.8570,48.62%,18.73%,29.89%,51.38%,0.00%,0.00%,-,-,-4.06,33.66,29 Oct 2024,26 Dec 2024,83.68,-,910573120.00,Z-EQ,91057312
HRTEX,H.R.Textile Limited,Textile,Z,610.73,-,20.90,2.96,20.90,0.8970,"43,003",47.7102,-66.6667,21.3200,20.7700,18.8550,21.0456,21.1109,21.0849,0.0260,0.1816,22.2344,20.4056,88.0100,-106750.7308,20.9844,21.1231,21.2462,1.4996,0.0000,0.0000,0.0000,-,1.843,-,1.404,-,-,-,-,-,-,-,-,20.30,0.60,86,0.8970,65.46%,16.98%,48.48%,34.54%,0.00%,0.00%,-,-,-19.67,21.43,24 Dec 2024,19 Mar 2025,-,-,292215000.00,Z-EQ,29221500
HWAWELLTEX,Hwa Well Textiles (BD) PLC,Textile,A,2671.20,13.02,47.70,0.63,47.70,5.0310,"105,388",60.9012,-60.0000,47.4400,44.9380,42.9445,47.4672,47.3902,46.6714,0.7188,0.8881,48.6015,46.2785,116.1600,-179215.8686,47.4578,47.4962,47.5310,0.9027,0.0000,0.0000,0.0000,4.19,5.768,-,5.134,-,-,-,-,-,-,-,-,47.40,0.30,283,5.0310,49.17%,9.57%,39.51%,50.83%,0.00%,0.09%,-,20.00,3.64,40.16,28 Oct 2025,11 Dec 2025,13.02,12.97,560000000.00,A-EQ,56000000
IBBL2PBOND,IBBL 2nd Mudaraba Perpetual Bond,Corporate Bond,N,624.00,-,3900.00,-1.25,3900.00,0.0040,1,43.3970,-100.0000,4026.6500,4052.9300,0.0000,3992.5504,4005.3687,4018.6255,-13.2568,8.6546,4218.6588,3834.6412,0.1400,-5.8683,3936.6667,3948.3077,3987.3714,0.1493,0.0000,0.0000,0.0000,0.03,-,-,-,-,-,-,-,-,-,-,-,3949.50,-49.50,1,0.0040,0.00%,0.00%,0.00%,0.00%,0.00%,0.00%,-,10.00,0.00,0.00,18 Nov 2025,-,-,-,1600000.00,N-CB,160000
IBBLPBOND,IBBL Mudaraba Perpetual Bond,Corporate Bond,A,2056.50,-,700.00,3.77,685.50,0.0340,50,52.0933,-17.0588,671.9000,683.2400,671.9350,672.4404,672.5941,676.0095,-3.4154,-4.6852,697.7605,646.0395,0.9800,-1.8853,671.9889,672.3462,671.4952,0.1949,0.0000,0.0000,0.0000,-,-,-,-,-,-,-,-,-,-,-,-,660.60,24.90,4,0.0340,100.00%,79.51%,19.83%,0.00%,0.00%,0.66%,-,-,0.00,0.00,30 Apr 2026,-,-,-,30000000.00,A-CB,3000000
IBNSINA,The Ibn Sina Pharmaceutical Industry PLC,Pharmaceuticals & Chemicals,A,10010.46,15.67,320.40,0.85,320.40,6.3520,"19,808",48.1249,-86.3158,323.3550,317.2440,315.0835,322.7482,323.0235,321.7376,1.2860,2.4958,334.0570,312.6530,48.9900,-29060.7704,322.5867,323.9590,324.1019,0.7892,0.0000,0.0000,0.0000,2.00,1.149,0.244,0.419,-,0.080,0.053,0.404,0.084,0.158,-,-,317.70,2.70,140,6.3520,55.32%,25.77%,29.55%,44.68%,0.00%,0.00%,-,64.00,20.27,125.69,05 Oct 2025,23 Nov 2025,15.67,11.95,312436270.00,A-EQ,31243627
IBP,Indo-Bangla Pharmaceuticals Limited,Pharmaceuticals & Chemicals,B,2335.72,-,20.10,6.35,20.10,147.1420,"7,447,228",72.7740,-11.7647,18.3000,16.2640,13.3410,19.0059,18.7802,17.8385,0.9417,0.8891,19.8681,16.7319,1117.7900,-1622984.1692,19.1711,19.0256,18.6695,1.6546,0.0000,0.0000,0.0000,0.07,3.622,-,2.741,-,-,-,0.114,-,-,-,-,18.90,1.20,"2,116",147.1420,75.57%,31.30%,44.27%,24.43%,0.00%,0.00%,-,0.15,-0.32,12.53,16 Nov 2025,30 Dec 2025,-,708.75,1162051780.00,B-EQ,116205178
ICB,Investment Corporation of Bangladesh,Financial Institutions,B,40414.27,-,46.60,-0.21,46.60,3.4960,"74,644",52.7044,-72.9167,46.8600,44.5340,40.6490,47.0949,47.0479,46.2493,0.7986,1.0713,48.6411,45.0789,10.0700,-351415.2953,47.1778,47.2910,47.1400,1.5156,0.0000,0.0000,0.0000,-,-,-,-,-,0.182,0.174,-,-,-,-,0.002,46.70,-0.10,197,3.4960,3.80%,1.61%,2.19%,69.20%,27.00%,0.00%,-,-,-14.00,37.45,29 Oct 2025,13 Dec 2025,-,-,8672589610.00,B-EQ,867258961
ICB3RDNRB,ICB AMCL Third NRB Mutual Fund,Mutual Funds,A,610.00,-,6.10,3.39,6.10,6.6770,"1,099,277",69.2425,-23.0769,5.5000,4.9620,4.4540,5.8706,5.7812,5.4494,0.3318,0.2918,6.3802,4.6198,189.4900,-349134.0965,5.9600,5.9000,5.7257,0.8476,0.0000,0.0000,0.0000,-,-,-,-,-,-,-,-,-,-,-,-,5.90,0.20,167,6.6770,89.97%,40.67%,49.26%,10.03%,0.00%,0.04%,-,-,-0.02,7.26,07 Aug 2025,-,-,6.60,1000000000.00,A-MF,100000000
ICBAGRANI1,ICB AMCL First Agrani Bank Mutual Fund,Mutual Funds,A,824.47,23.33,8.40,0.00,8.40,2.2850,"270,217",61.7390,-42.1053,8.1050,7.2840,6.7285,8.4653,8.3897,7.9849,0.4048,0.4293,9.4229,6.7871,142.1800,3013.0462,8.5444,8.5744,8.3943,0.6281,0.0000,0.0000,0.0000,-,-,-,-,-,-,-,-,-,-,-,-,8.40,0.00,101,2.2850,49.06%,38.60%,10.46%,50.94%,0.00%,0.00%,-,-,0.36,9.00,07 Aug 2025,-,23.33,8.87,981510000.00,A-MF,98151000
ICBAMCL2ND,ICB AMCL Second Mutual Fund,Mutual Funds,A,390.00,-,7.90,2.63,7.80,1.6380,"210,319",69.8384,-23.5294,7.1350,6.5160,5.8980,7.5594,7.4570,7.0765,0.3804,0.3346,8.1282,6.1418,129.8000,10747.6419,7.6622,7.6013,7.3876,0.9138,0.0000,0.0000,0.0000,-,-,-,-,-,-,-,-,-,-,-,-,7.60,0.20,70,1.6380,100.00%,56.23%,43.77%,0.00%,0.00%,0.00%,-,-,-0.15,8.08,07 Aug 2025,-,-,8.51,500000000.00,A-MF,50000000
ICBEPMF1S1,ICB Employees Provident MF 1: Scheme 1,Mutual Funds,A,487.50,-,6.50,3.17,6.50,5.2980,"813,586",52.3608,-55.5556,6.3700,6.4320,4.8915,6.4702,6.4532,6.4080,0.0452,0.0291,6.7544,5.9856,455.4900,-650459.2960,6.5000,6.4731,6.4305,0.8407,0.0000,0.0000,0.0000,-,-,-,-,-,-,-,-,-,-,-,-,6.30,0.20,145,5.2980,90.00%,46.46%,43.41%,10.00%,0.00%,0.13%,-,-,-0.23,7.38,07 Aug 2025,-,-,8.92,750000000.00,A-MF,75000000
ICBIBANK,ICB Islamic Bank Limited,Bank,Z,1794.70,-,0.00,0.00,2.70,0.9330,"345,678",46.4271,-66.6667,2.7300,2.7260,2.6815,2.7177,2.7220,2.7359,-0.0139,-0.0110,2.8240,2.6360,18.0700,-1106273.2369,2.7133,2.7154,2.7238,0.9387,0.0000,0.0000,0.0000,-,-,-,-,-,3.183,4.053,-,-,0.068,-,-,2.70,0.00,102,0.9330,47.07%,20.39%,26.68%,52.76%,0.17%,0.00%,-,-,-1.22,-22.00,08 Jul 2026,21 Sep 2026,-,-,6647023000.00,Z-EQ,664702300
ICBSONALI1,ICB AMCL Sonali Bank Limited 1st Mutual Fund,Mutual Funds,A,630.00,-,6.30,1.61,6.30,8.2020,"1,292,190",64.0272,-54.5455,6.0250,5.3580,4.7385,6.2753,6.2164,5.9034,0.3129,0.3308,6.9049,5.1451,549.2100,-2745302.3315,6.3311,6.3295,6.2233,0.9580,0.0000,0.0000,0.0000,-,-,-,-,-,-,-,-,-,-,-,-,6.20,0.10,298,8.2020,75.00%,34.05%,40.95%,25.00%,0.00%,0.00%,-,-,-0.04,8.23,07 Aug 2025,-,-,12.24,1000000000.00,A-MF,100000000
ICICL,Islami Commercial Insurance PLC,Insurance,A,1590.50,27.05,31.40,3.63,31.40,16.9470,"543,757",57.7709,-49.0196,30.9150,29.7000,24.3395,30.7557,30.7680,30.3555,0.4125,0.6336,33.3501,28.4799,390.4900,-199288.2902,30.5489,30.7692,31.0210,1.4653,0.0000,0.0000,0.0000,3.18,-,-,-,-,-,-,-,-,-,-,-,30.30,1.10,592,16.9470,58.70%,5.64%,53.06%,41.30%,0.00%,0.00%,-,10.00,1.13,17.36,30 Apr 2026,06 Aug 2026,27.05,24.44,506527660.00,A-EQ,50652766
IDLC,IDLC Finance PLC.,Financial Institutions,A,21586.29,8.26,47.40,2.17,47.10,43.0990,"919,892",70.1034,-15.3846,43.9750,41.1400,39.1205,45.7648,45.3149,43.7230,1.5919,1.3531,47.9230,40.0270,57.3600,-20709.5876,46.1822,45.8205,44.9429,1.3371,0.0000,0.0000,0.0000,3.18,-,-,-,-,0.580,0.276,-,-,-,-,0.108,46.10,1.00,767,43.0990,64.88%,51.37%,12.92%,35.12%,0.00%,0.59%,5.00,15.00,5.58,49.96,24 Mar 2026,14 May 2026,8.26,8.06,4583075790.00,A-EQ,458307579
IFADAUTOS,IFAD Autos PLC.,Engineering,B,6840.47,-,25.50,1.19,25.50,8.2590,"322,959",45.5508,-62.5000,26.3900,25.2460,22.5235,26.0115,26.0849,25.9300,0.1550,0.3892,27.3971,25.3829,121.0500,-497095.7393,25.9511,26.0910,26.2833,1.4481,0.0000,0.0000,0.0000,0.78,3.428,2.164,3.214,-,0.054,-,0.126,-,-,-,-,25.20,0.30,312,8.2590,45.13%,25.97%,19.16%,54.87%,0.00%,0.00%,-,2.00,-0.27,35.56,27 Oct 2025,28 Dec 2025,-,59.06,2682539110.00,B-EQ,268253911
IFIC,IFIC Bank PLC,Bank,Z,9610.43,-,5.00,2.04,5.00,7.2410,"1,447,522",55.1056,-33.3333,4.9650,4.7600,5.0170,4.9760,4.9737,4.9407,0.0330,0.0433,5.0824,4.8476,19.4100,-2212065.3975,4.9822,4.9821,4.9686,1.6213,0.0000,0.0000,0.0000,-,-,-,-,-,2.013,2.183,-,-,-,-,-,4.90,0.10,203,7.2410,67.25%,21.23%,45.38%,0.00%,32.75%,0.64%,-,-,-13.32,4.96,03 May 2026,29 Jun 2026,-,-,19220866470.00,Z-EQ,1922086647
IFIC1STMF,IFIC Bank 1st Mutual Fund,Mutual Funds,A,837.97,-,4.60,4.55,4.60,40.4390,"8,773,876",68.8168,-23.0769,3.9600,3.6980,3.1905,4.3407,4.2520,3.9994,0.2526,0.1766,4.7584,3.1616,390.1300,2408835.8928,4.4400,4.3500,4.1562,1.0788,0.0000,0.0000,0.0000,-,-,-,-,-,-,-,-,-,-,-,-,4.40,0.20,790,40.4390,79.17%,9.51%,69.66%,20.83%,0.00%,0.00%,-,-,-1.79,8.19,15 Sep 2024,-,-,-,1821679650.00,A-MF,182167965
IFILISLMF1,IFIL Islamic Mutual Fund-1,Mutual Funds,A,560.00,-,5.60,1.82,5.60,6.3840,"1,129,970",72.2378,-26.6667,4.9850,4.4900,3.9760,5.4086,5.3110,4.9667,0.3442,0.2917,5.9415,4.0285,197.5800,-619848.7130,5.5200,5.4474,5.2338,0.9792,0.0000,0.0000,0.0000,-,-,-,-,-,-,-,-,-,-,-,-,5.50,0.10,179,6.3840,99.00%,54.65%,44.34%,1.00%,0.00%,0.01%,-,-,-0.32,6.80,07 Aug 2025,-,-,12.89,1000000000.00,A-MF,100000000
ILFSL,International Leasing & Financial Services Limited,Financial Institutions,Z,421.44,-,1.90,5.56,1.90,2.3950,"1,260,461",71.5085,0.0000,1.3450,1.4520,1.4506,1.5790,1.5183,1.4378,0.0805,-0.0148,1.8195,0.8705,129.9200,5108870.5147,1.6333,1.5487,1.4324,1.4776,0.0000,0.0000,0.0000,-,-,-,-,-,1.065,2.866,-,-,-,-,-,1.80,0.10,65,2.3950,58.45%,14.03%,44.42%,41.55%,0.00%,0.00%,-,-,-39.01,-212.32,25 May 2025,30 Jun 2025,-,-,2218102460.00,Z-EQ,221810246
INDEXAGRO,Index Agro Industries Limited,Miscellaneous,A,3612.07,13.03,73.00,1.25,72.80,8.0600,"110,781",44.5523,-86.1702,75.2600,73.4220,69.6605,74.1525,74.4116,74.3556,0.0560,0.6513,79.4313,71.0887,191.0200,-209074.1924,73.8467,74.4141,75.1105,1.1938,0.0000,0.0000,0.0000,1.65,1.663,-,0.676,0.078,0.166,0.059,0.204,0.036,0.064,-,-,71.90,0.90,353,8.0600,42.23%,21.82%,20.41%,57.77%,0.00%,0.00%,5.00,12.00,5.52,85.74,19 Oct 2025,15 Dec 2025,13.03,18.59,496163310.00,A-EQ,49616331
INTECH,Intech Limited,IT Sector,Z,817.48,-,26.10,0.77,26.10,3.6800,"140,452",28.2307,-94.6429,29.4950,33.0960,31.9995,27.1185,27.6461,29.8180,-2.1719,-2.0353,36.2644,22.7256,415.2300,-332322.6075,26.6778,26.8244,27.9081,1.4227,0.0000,0.0000,0.0000,-,0.408,-,0.408,-,-,-,0.199,-,0.850,-,-,25.90,0.20,256,3.6800,70.00%,7.52%,62.35%,30.00%,0.00%,0.13%,-,-,-0.38,-0.45,02 Nov 2025,18 Dec 2025,-,-,313212260.00,Z-EQ,31321226
INTRACO,Intraco Refueling Station PLC,Fuel & Power,Z,2109.42,24.77,21.40,0.47,21.40,8.3240,"389,424",56.0115,-53.5714,21.4300,19.8620,20.6440,21.5767,21.5420,21.0832,0.4588,0.5986,22.6749,20.1851,140.1400,-514742.8747,21.6022,21.6449,21.6271,1.6297,0.0000,0.0000,0.0000,0.58,1.114,-,1.106,0.080,0.097,0.063,0.149,0.028,0.065,-,-,21.30,0.10,266,8.3240,69.70%,22.22%,47.44%,30.30%,0.00%,0.04%,-,1.25,0.86,13.24,19 Nov 2025,30 Dec 2025,24.77,106.50,985712360.00,Z-EQ,98571236
IPDC,IPDC Finance PLC.,Financial Institutions,A,13746.72,27.84,32.50,3.56,32.00,195.7890,"6,161,137",54.7516,-66.6667,33.1850,27.0760,21.5445,32.2774,32.3291,31.1925,1.1367,1.7852,35.5588,30.8112,449.8300,-3221948.0816,32.1511,32.2846,32.7886,1.8454,0.0000,0.0000,0.0000,1.56,-,-,-,-,0.544,0.112,-,-,-,-,0.038,30.90,1.10,"1,529",195.7890,38.12%,23.95%,14.11%,40.00%,21.88%,0.06%,5.00,5.00,1.11,17.85,29 Apr 2026,25 Jun 2026,27.84,48.28,4295848510.00,A-EQ,429584851
ISLAMIBANK,Islami Bank Bangladesh PLC,Bank,Z,51197.70,46.76,31.80,0.00,31.80,2.1490,"67,382",46.1792,-58.8235,31.8150,32.2460,37.1185,31.9862,32.0045,32.1591,-0.1545,-0.1871,32.7264,30.9036,3.3800,-129291.3678,32.0222,32.0679,31.9610,1.0573,0.0000,0.0000,0.0000,-,-,-,-,-,0.129,0.034,-,0.001,0.019,0.001,-,31.80,0.00,195,2.1490,99.81%,75.08%,6.82%,0.18%,0.01%,17.91%,-,-,0.85,44.52,30 Apr 2026,25 Jun 2026,46.76,-,16099906680.00,Z-EQ,1609990668
ISLAMICFIN,Islamic Finance & Investment PLC.,Financial Institutions,Z,1726.02,-,12.30,3.36,12.30,4.0640,"333,723",65.2791,-18.7500,11.4700,11.0320,9.6455,11.9664,11.8602,11.5008,0.3594,0.2954,12.7200,10.2200,109.3900,-304406.0757,12.1067,12.0167,11.7790,1.8034,0.0000,0.0000,0.0000,-,-,-,-,-,-,-,-,-,-,-,-,11.90,0.40,193,4.0640,69.18%,23.42%,45.76%,30.82%,0.00%,0.00%,-,-,0.39,2.38,28 Jun 2026,24 Sep 2026,-,-,1403266700.00,Z-EQ,140326670
ISLAMIINS,Islami Insurance Bangladesh Limited,Insurance,A,2395.82,16.95,58.60,0.69,58.20,4.6200,"79,229",44.8012,-78.7879,62.0950,57.0040,43.5085,59.7100,60.1777,59.7966,0.3812,1.5878,67.6820,56.5080,231.6100,-205797.6265,59.0111,59.9103,61.2100,1.3019,0.0000,0.0000,0.0000,2.75,-,-,-,-,-,-,-,-,-,-,-,57.80,0.40,94,4.6200,54.39%,9.04%,45.35%,45.61%,0.00%,0.00%,-,16.00,3.04,23.62,25 Jun 2026,27 Aug 2026,16.95,14.17,411652150.00,A-EQ,41165215
ISNLTD,Information Services Network Limited,IT Sector,B,643.19,-,58.90,0.86,58.90,2.9560,"50,132",41.1576,-88.5246,61.3300,60.8940,75.2475,60.2581,60.5109,61.0660,-0.5551,-0.2612,64.0938,58.5662,586.7000,-267994.2317,60.0956,60.4359,60.9476,1.2571,0.0000,0.0000,0.0000,-,1.739,-,1.739,-,-,-,0.373,-,-,-,-,58.40,0.50,195,2.9560,78.52%,12.29%,66.23%,21.48%,0.00%,0.00%,-,-,-0.43,2.42,22 Oct 2025,14 Dec 2025,-,-,109200030.00,B-EQ,10920003
ITC,IT Consultants PLC.,IT Sector,A,6828.27,14.45,53.10,1.53,53.10,158.8480,"2,990,679",70.4229,-20.0000,50.9750,45.2000,40.7270,51.9018,51.5091,49.4072,2.1019,2.2286,53.7049,48.2451,878.8900,678353.0442,52.1422,51.8897,51.5410,1.3652,0.0000,0.0000,0.0000,2.26,2.542,-,2.464,0.309,0.364,0.297,0.525,0.103,0.155,-,-,52.30,0.80,"1,923",158.8480,48.91%,12.93%,35.78%,51.09%,0.00%,0.20%,-,12.00,3.62,23.25,27 Oct 2025,07 Dec 2025,14.45,14.53,1285926640.00,A-EQ,128592664
JAMUNABANK,Jamuna Bank PLC.,Bank,A,22638.04,7.57,24.10,0.42,24.10,26.3260,"1,095,768",53.8180,-38.4615,23.8350,24.2800,22.9020,23.9269,23.9038,23.9354,-0.0316,-0.0971,24.2204,23.4496,46.3900,-1812122.9361,23.9489,23.9128,23.8481,0.8959,0.0000,0.0000,0.0000,12.03,-,-,-,-,0.477,0.291,-,0.013,0.216,0.014,-,24.00,0.10,400,26.3260,63.02%,2.96%,59.93%,36.98%,0.00%,0.13%,-,29.00,5.92,27.43,30 Apr 2026,27 Jul 2026,7.57,2.98,9393376300.00,A-EQ,939337630
JAMUNAOIL,Jamuna Oil PLC,Fuel & Power,A,20053.11,3.09,181.40,0.11,181.60,2.6050,"14,322",51.3198,-84.3750,183.6350,176.5200,177.5195,182.9092,182.9172,181.3756,1.5416,2.2847,186.4487,180.8213,14.4400,4746.8822,182.8933,183.2474,183.5095,0.4989,0.0000,0.0000,0.0000,9.91,1.174,-,1.006,4.721,0.479,3.777,1.000,0.057,0.214,-,-,181.40,0.20,185,2.6050,39.92%,31.22%,8.57%,0.00%,60.08%,0.13%,-,180.00,58.70,274.03,13 Nov 2025,31 Jan 2026,3.09,5.12,1104246000.00,A-EQ,110424600
JANATAINS,Janata Insurance PLC.,Insurance,A,1585.38,29.82,32.70,-0.30,32.70,5.2410,"159,683",36.3071,-94.5455,34.8350,35.1060,28.8500,33.7243,34.0231,34.6191,-0.5960,-0.2203,37.7277,31.9423,307.6400,-365046.1942,33.3467,33.8474,34.4824,1.3154,0.0000,0.0000,0.0000,3.06,-,-,-,-,-,-,-,-,-,-,-,32.80,-0.10,294,5.2410,60.13%,7.22%,52.91%,39.87%,0.00%,0.00%,-,10.00,1.10,15.07,07 May 2026,19 Jul 2026,29.82,28.28,484826280.00,A-EQ,48482628
JHRML,JMI Hospital Requisite Manufacturing Limited,Pharmaceuticals & Chemicals,B,6151.94,26.08,49.10,1.24,49.10,8.5490,"174,151",38.1927,-89.8551,51.8700,50.5700,46.5485,50.5810,50.8945,51.1266,-0.2321,0.3472,54.7734,48.9666,85.8400,-507806.4013,50.2956,50.7692,51.4638,1.5365,0.0000,0.0000,0.0000,1.02,-,-,-,-,-,-,-,-,-,-,-,48.50,0.60,447,8.5490,67.70%,44.01%,23.69%,32.30%,0.00%,0.00%,-,5.00,1.86,35.14,27 Oct 2025,22 Jan 2026,26.08,54.29,1252941200.00,B-EQ,125294120
JMISMDL,JMI Syringes & Medical Devices Ltd,Pharmaceuticals & Chemicals,A,4258.94,96.17,141.70,-1.12,141.70,3.1250,"21,903",43.5880,-99.0868,150.5100,137.0940,127.0285,146.4526,147.0721,145.3016,1.7705,3.9643,161.6093,139.4107,54.9000,-16295.2787,145.4844,146.7987,149.3410,1.2197,0.0000,0.0000,0.0000,0.71,5.676,0.000,3.472,-,0.075,0.024,0.156,0.015,0.017,-,-,143.30,-1.60,261,3.1250,20.35%,6.76%,13.59%,79.65%,0.00%,0.00%,-,10.00,1.49,87.23,28 Oct 2025,23 Dec 2025,96.17,-,300560000.00,A-EQ,30056000
JUTESPINN,Jute Spinners Limited,Jute,Z,373.66,-,222.00,0.92,219.80,0.1560,711,50.3136,-74.4444,219.8000,218.4760,209.0150,221.5517,221.4185,219.5451,1.8734,2.4623,239.2474,200.3526,113.4700,-3837.8020,221.7044,223.4308,222.1495,0.8117,0.0000,0.0000,0.0000,-,-,-,-,-,-,-,-,-,-,-,-,217.80,2.00,30,0.1560,60.18%,23.20%,36.98%,39.82%,0.00%,0.00%,-,-,-36.32,-624.19,29 Oct 2025,-,-,-,17000000.00,Z-EQ,1700000
KARNAPHULI,Karnaphuli Insurance PLC.,Insurance,A,2082.25,21.74,46.40,0.22,46.40,39.3600,"843,857",63.3482,-48.6842,44.1250,38.8160,32.1000,45.4237,45.0959,42.9456,2.1503,2.4423,50.6018,37.6482,1028.2800,-912527.3614,45.5000,45.7397,45.3467,1.3439,0.0000,0.0000,0.0000,2.16,-,-,-,-,-,-,-,-,-,-,-,46.30,0.10,"1,041",39.3600,67.26%,9.40%,57.86%,32.74%,0.00%,0.00%,-,10.00,2.13,23.79,26 Apr 2026,09 Jul 2026,21.74,17.02,448761130.00,A-EQ,44876113
KAY&QUE,Kay and Que Bangladesh Limited,Engineering,B,2961.56,44.18,423.50,1.00,423.50,7.8980,"18,706",42.9217,-83.5484,430.2750,444.3120,425.4040,426.2732,427.4421,432.6685,-5.2264,-5.1191,444.6498,415.9002,171.2000,-48058.0950,425.3356,427.2462,428.5495,1.2044,0.0000,0.0000,0.0000,0.09,0.869,-,0.855,-,0.161,0.171,0.275,0.061,0.093,-,-,419.30,4.20,367,7.8980,64.76%,15.22%,49.54%,35.24%,0.00%,0.00%,-,4.00,9.49,101.72,29 Oct 2025,11 Dec 2025,44.18,31.80,69930490.00,B-EQ,6993049
KBPPWBIL,Khan Brothers PP Woven Bag Industries Ltd.,Miscellaneous,A,3844.73,144.44,39.20,0.51,39.20,17.8300,"453,049",39.2052,-67.7419,40.1700,44.0820,60.1815,39.9334,40.1373,41.3475,-1.2101,-1.3318,42.4952,37.8448,442.3100,-1632453.0013,39.8622,40.0321,40.1429,1.2280,0.0000,0.0000,0.0000,2.55,21.510,-,5.814,0.375,0.400,0.254,0.479,0.021,0.022,-,-,39.00,0.20,819,17.8300,69.87%,19.46%,50.25%,30.13%,0.00%,0.16%,-,10.00,0.27,12.07,22 Oct 2025,24 Dec 2025,144.44,51.32,980798770.00,A-EQ,98079877
KDSALTD,KDS Accessories Limited,Engineering,A,3766.97,22.65,51.00,1.61,50.40,14.8700,"295,384",41.7636,-82.3529,52.7800,50.8760,44.4495,51.7287,51.9623,51.9351,0.0271,0.5528,55.0340,50.5260,347.8700,-1077730.3469,51.5933,51.9103,52.3933,1.5232,0.0000,0.0000,0.0000,1.98,1.517,0.013,1.194,-,0.075,0.057,0.172,0.035,0.079,-,-,49.60,0.80,554,14.8700,36.03%,14.59%,21.44%,63.97%,0.00%,0.00%,-,10.00,2.19,27.71,22 Oct 2025,10 Dec 2025,22.65,24.47,747414790.00,A-EQ,74741479
KEYACOSMET,Keya Cosmetics Limited,Pharmaceuticals & Chemicals,Z,5952.51,24.76,5.40,3.85,5.40,20.7970,"3,880,392",69.8269,-25.0000,5.1850,4.9260,4.7020,5.2278,5.2089,5.1259,0.0830,0.0806,5.3600,5.0100,31.7400,352512.9203,5.2378,5.2192,5.1995,1.3856,0.0000,0.0000,0.0000,-,1.465,44.309,0.868,-,0.169,0.026,0.209,0.009,0.927,-,-,5.20,0.20,860,20.7970,53.95%,9.04%,44.91%,46.05%,0.00%,0.00%,-,1.00,0.24,0.25,13 Dec 2020,19 Jan 2021,24.76,21.67,11023173240.00,Z-EQ,1102317324
KEYACOSMET,Keya Cosmetics Limited,Pharmaceuticals & Chemicals,Z,5952.51,24.76,5.40,3.85,5.40,20.7970,"3,880,392",69.8269,-25.0000,5.1850,4.9260,4.7020,5.2278,5.2089,5.1259,0.0830,0.0806,5.3600,5.0100,31.7400,352512.9203,5.2378,5.2192,5.1995,1.3856,0.0000,0.0000,0.0000,1.85,1.465,44.309,0.868,-,0.169,0.026,0.209,0.009,0.927,-,-,5.20,0.20,860,20.7970,53.95%,9.04%,44.91%,46.05%,0.00%,0.00%,-,1.00,0.24,0.25,13 Dec 2020,19 Jan 2021,24.76,21.67,11023173240.00,Z-EQ,1102317324
KOHINOOR,Kohinoor Chemicals Company (Bangladesh) PLC.,Pharmaceuticals & Chemicals,A,21657.14,30.40,531.10,2.45,531.10,4.9070,"9,259",60.0227,-42.8916,518.8650,510.9060,518.8110,526.0837,524.6867,519.0937,5.5930,5.1573,542.7148,495.0152,10.0900,-12383.7859,528.6289,528.0346,523.5624,0.7422,0.0000,0.0000,0.0000,1.22,4.768,0.135,2.500,-,0.136,0.098,0.282,0.184,0.262,-,-,518.40,12.70,210,4.9070,49.43%,14.72%,34.70%,50.57%,0.00%,0.01%,10.00,65.00,17.05,65.16,26 Oct 2025,07 Dec 2025,30.40,31.66,407778930.00,A-EQ,40777893
KPCL,Khulna Power Company Limited,Fuel & Power,Z,4093.36,35.52,10.30,0.00,10.30,1.2560,"121,881",41.7017,-71.4286,10.4450,10.6660,10.5465,10.3312,10.3567,10.4739,-0.1172,-0.1163,10.8032,10.0868,23.6000,-409216.4826,10.3044,10.3090,10.3657,0.8413,0.0000,0.0000,0.0000,4.85,6.513,-,5.308,0.153,-,0.140,-,0.015,0.015,-,-,10.30,0.00,109,1.2560,30.01%,9.28%,20.73%,69.99%,0.00%,0.00%,-,5.00,0.29,19.03,28 Oct 2025,28 Dec 2025,35.52,10.58,3974131790.00,Z-EQ,397413179
KPPL,Khulna Printing & Packaging Limited,Paper & Printing,Z,1110.21,-,15.20,0.66,15.20,1.7230,"112,964",48.4148,-63.1579,15.2550,15.4640,14.7900,15.2352,15.2428,15.3081,-0.0653,-0.0791,16.0295,14.4805,143.9600,-359796.9331,15.2778,15.2449,15.2119,1.4834,0.0000,0.0000,0.0000,-,0.693,-,0.692,-,-,-,-,-,1.662,-,-,15.10,0.10,201,1.7230,60.24%,1.11%,59.13%,39.76%,0.00%,0.00%,-,-,-3.10,-1.86,30 Oct 2022,29 Dec 2022,-,-,730400000.00,Z-EQ,73040000
KTL,Kattali Textile Limited,Textile,Z,1337.51,-,11.50,2.68,11.50,14.6110,"1,278,891",66.5242,-7.1429,10.7550,10.1840,10.1570,10.9557,10.8806,10.6322,0.2485,0.2006,11.3514,10.1586,127.2100,77060.6747,10.9778,10.8962,10.8224,1.4264,0.0000,0.0000,0.0000,0.09,5.749,-,4.046,-,-,-,-,-,-,-,-,11.20,0.30,589,14.6110,69.68%,18.62%,50.95%,30.32%,0.00%,0.11%,-,0.10,0.08,15.10,28 Dec 2025,-,-,140.00,1163052000.00,Z-EQ,116305200
LANKABAFIN,LankaBangla Finance PLC,Financial Institutions,A,9699.10,34.90,18.00,1.12,18.00,67.1250,"3,724,416",61.7698,-46.8750,17.2450,15.7260,14.3990,17.8606,17.7045,17.0401,0.6643,0.6341,18.8244,15.6656,226.3300,-4500924.8343,18.1000,17.9282,17.5748,1.9109,0.0000,0.0000,0.0000,-,-,-,-,-,0.352,0.064,-,-,-,-,0.027,17.80,0.20,"1,506",67.1250,66.23%,23.85%,41.93%,33.77%,0.00%,0.45%,-,-,0.51,18.52,15 Oct 2025,11 Dec 2025,34.90,24.72,5388386230.00,A-EQ,538838623
LBS,LankaBangla Securities PLC.,Stock Brokers,P,3416.69,-,12.70,4.96,12.70,0.0540,"4,240",74.4997,0.0000,11.5450,48.4540,20.3755,11.8479,11.7320,11.3453,0.3867,0.3142,12.2833,10.8067,1.2100,23292.7003,11.8889,11.7782,11.6424,0.4386,0.0000,0.0000,0.0000,-,-,-,-,-,-,-,-,-,-,-,-,12.10,0.60,19,0.0540,17.42%,11.81%,5.61%,82.58%,0.00%,0.00%,-,-,0.50,16.91,20 May 2026,23 Jul 2026,-,-,2690303320.00,-,269030332
LEGACYFOOT,Legacy Footwear Limited,Tannery Industries,B,3162.07,1450.00,73.40,1.24,73.40,21.2270,"289,598",58.4022,-21.7949,70.5350,69.9000,61.6705,71.9748,71.6104,70.7302,0.8802,0.4940,74.3850,66.6850,217.9900,-1357.1415,72.2556,72.0205,71.2552,1.3208,0.0000,0.0000,0.0000,0.07,7.339,-,5.939,0.068,-,0.039,0.223,0.004,0.004,-,-,72.50,0.90,632,21.2270,67.36%,32.25%,35.11%,32.64%,0.00%,0.00%,-,0.50,0.05,11.21,29 Oct 2025,20 Dec 2025,1450.00,1359.38,430799800.00,B-EQ,43079980
LHB,LafargeHolcim Bangladesh PLC.,Cement,A,67940.35,13.25,58.50,0.34,58.50,70.7250,"1,206,912",55.1088,-55.7143,58.1550,54.7940,51.8880,59.1460,58.9568,57.6055,1.3513,1.5717,62.4472,53.8628,46.8000,-206032.7855,59.5178,59.6256,58.9976,1.3099,0.0000,0.0000,0.0000,3.76,1.166,-,0.917,0.202,0.213,0.139,0.299,0.104,0.205,-,-,58.30,0.20,"1,161",70.7250,36.61%,22.86%,12.96%,63.39%,0.00%,0.79%,-,22.00,0.00,0.00,12 Mar 2026,-,13.25,15.03,11613735000.00,A-EQ,1161373500
LIBRAINFU,Libra Infusions Limited,Pharmaceuticals & Chemicals,Z,1442.97,4276.00,640.50,-0.14,640.50,1.3160,"2,051",47.3187,-94.0476,645.8950,637.4900,654.2460,644.1351,644.5420,643.6572,0.8849,2.1948,659.6065,632.1835,71.7900,-9611.8488,644.3844,645.3205,645.3767,0.8447,0.0000,0.0000,0.0000,0.47,1.468,0.040,0.897,-,0.160,0.001,0.437,0.000,0.000,-,-,641.40,-0.90,129,1.3160,65.58%,4.24%,61.34%,34.42%,0.00%,0.00%,50.00,30.00,0.15,1261.00,22 Oct 2023,21 Dec 2023,4276.00,120.26,22528800.00,Z-EQ,2252880
LINDEBD,Linde Bangladesh Limited,Fuel & Power,A,11229.57,32.14,736.00,1.60,737.90,3.6120,"4,921",60.1390,-48.0435,730.3550,698.4780,757.4625,736.5286,735.1446,724.3823,10.7623,12.7874,761.0553,699.6547,17.2800,-4936.2895,738.1689,739.7974,736.0481,0.8513,0.0000,0.0000,0.0000,1.36,1.701,-,1.489,3.445,0.121,2.900,0.471,1.081,1.840,-,-,726.30,11.60,254,3.6120,40.00%,22.00%,18.00%,60.00%,0.00%,0.00%,-,100.00,22.60,210.31,09 Apr 2026,10 Jun 2026,32.14,25.15,152182800.00,A-EQ,15218280
LOVELLO,Taufika Foods and Lovello Ice-cream PLC.,Food & Allied,A,6852.62,42.24,69.80,0.14,69.80,95.8970,"1,368,605",41.1957,-97.0874,72.2100,72.9540,76.2220,71.5615,71.7991,72.2366,-0.4376,-0.1218,76.6703,67.7497,715.8000,-4264583.5205,71.3089,71.9641,72.3038,1.1045,0.0000,0.0000,0.0000,1.58,2.497,-,1.800,0.167,0.278,0.134,0.423,0.040,0.137,-,-,69.70,0.10,"2,950",95.8970,68.17%,19.56%,48.61%,31.83%,0.00%,0.00%,5.00,11.00,1.65,12.01,12 Oct 2025,28 Dec 2025,42.24,17.08,981750000.00,A-EQ,98175000
LRBDL,Lub-rref (Bangladesh) Limited,Fuel & Power,Z,2280.32,-,15.70,8.28,15.70,35.9600,"2,307,166",71.1835,-27.2727,14.6650,12.5480,11.1280,14.9021,14.7974,14.0721,0.7252,0.8365,16.2431,13.0869,159.0800,372937.8437,14.9089,14.9372,14.9043,1.7270,0.0000,0.0000,0.0000,-,0.872,-,0.689,-,-,-,0.047,-,-,-,-,14.50,1.20,"1,217",35.9600,64.27%,9.66%,54.61%,35.73%,0.00%,0.00%,-,-,-4.56,32.72,30 Nov 2025,28 Dec 2025,-,-,1452431440.00,Z-EQ,145243144
LRGLOBMF1,LR Global Bangladesh Mutual Fund One,Mutual Funds,A,1462.08,15.17,4.70,6.82,4.70,4.5760,"984,953",70.1803,-21.4286,3.9650,3.5900,3.1975,4.3837,4.2821,3.9693,0.3128,0.2369,4.8601,3.0699,102.8000,1857852.3743,4.5000,4.3936,4.1843,1.2245,0.0000,0.0000,0.0000,-,-,-,-,-,-,-,-,-,-,-,-,4.40,0.30,183,4.5760,86.43%,59.14%,27.29%,13.57%,0.00%,0.00%,-,3.00,0.29,10.47,15 Nov 2023,-,15.17,-,3110803320.00,A-MF,311080332
MAGURAPLEX,Magura Multiplex PLC.,Paper & Printing,A,2702.79,25.00,91.30,1.44,91.30,4.7020,"51,614",50.0005,-80.2198,92.6800,88.2920,87.3890,92.2678,92.3531,91.3924,0.9607,1.6002,97.2791,88.0809,226.0400,-209675.8447,92.0756,92.6551,92.9376,1.7160,0.0000,0.0000,0.0000,1.20,2.971,-,2.161,0.056,0.245,0.066,0.282,0.019,0.048,-,-,90.00,1.30,254,4.7020,54.19%,5.84%,48.35%,45.81%,0.00%,0.00%,-,11.00,3.60,74.79,02 Nov 2025,29 Dec 2025,25.00,33.09,296033780.00,A-EQ,29603378
MAKSONSPIN,Maksons Spinning Mills PLC.,Textile,Z,1453.22,-,6.10,1.67,6.10,2.1150,"351,624",59.0990,0.0000,5.8850,5.8200,5.6225,5.9480,5.9282,5.8840,0.0443,0.0218,6.0930,5.6770,47.4900,-48332.1155,5.9622,5.9308,5.9033,1.7164,0.0000,0.0000,0.0000,-,0.967,-,0.170,-,-,-,-,-,-,-,-,6.00,0.10,108,2.1150,70.00%,6.39%,63.61%,30.00%,0.00%,0.00%,-,-,-9.42,2.84,15 Dec 2025,-,-,-,2382325380.00,Z-EQ,238232538
MALEKSPIN,Malek Spinning Mills PLC.,Textile,A,8479.68,5.86,43.80,0.92,43.80,122.0390,"2,794,501",67.0781,-50.8197,42.7400,34.7300,29.8965,43.6409,43.2706,40.4846,2.7859,3.2837,48.6157,36.8643,1047.0800,-215225.7839,43.8178,43.9974,43.7824,1.5559,0.0000,0.0000,0.0000,2.28,1.131,-,0.454,-,-,-,-,-,-,-,-,43.40,0.40,"1,560",122.0390,52.66%,24.73%,27.93%,47.34%,0.00%,0.00%,-,10.00,7.41,60.63,27 Oct 2025,15 Dec 2025,5.86,8.06,1936000000.00,A-EQ,193600000
MARICO,Marico Bangladesh Limited,Pharmaceuticals & Chemicals,A,86517.90,13.32,2746.60,0.03,2746.60,20.7480,"7,546",50.9345,-32.9975,2742.8950,2746.7020,2758.5755,2744.6113,2744.3201,2745.1552,-0.8351,-1.8675,2766.2269,2719.5631,6.0700,-7833.0721,2745.9000,2744.8885,2742.3029,0.3063,0.0000,0.0000,0.0000,1.82,1.990,-,1.506,-,0.435,0.362,0.595,0.427,0.784,-,-,2745.70,0.90,460,20.7480,10.00%,6.30%,2.17%,90.00%,0.00%,1.53%,-,500.00,0.00,0.00,30 Apr 2026,14 Jul 2026,13.32,13.32,315000000.00,A-EQ,31500000
MATINSPINN,Matin Spinning Mills PLC,Textile,A,5381.45,11.79,55.60,-0.36,55.20,15.4020,"278,434",45.4566,-97.4684,57.7050,53.0240,49.3130,56.8275,56.9532,56.0713,0.8819,1.5731,60.6853,54.7247,72.1700,-333069.6627,56.7111,57.0744,57.5814,1.1426,0.0000,0.0000,0.0000,6.34,1.116,-,0.687,-,-,-,-,-,-,-,-,55.40,-0.20,535,15.4020,67.28%,47.09%,20.19%,32.72%,0.00%,0.00%,-,35.00,4.70,69.89,26 Oct 2025,09 Dec 2025,11.79,12.40,974900000.00,A-EQ,97490000
MBL1STMF,MBL 1st Mutual Fund,Mutual Funds,A,710.00,16.43,7.10,2.90,7.10,30.8070,"4,290,602",89.0693,-9.0909,4.9850,4.2860,3.9485,6.1149,5.8346,5.0966,0.7380,0.4698,7.1607,2.8093,373.1500,4785208.9693,6.3822,6.0756,5.5167,0.8359,0.0000,0.0000,0.0000,-,-,-,-,-,-,-,-,-,-,-,-,6.90,0.20,459,30.8070,90.00%,48.54%,41.46%,10.00%,0.00%,0.00%,-,4.25,0.42,10.44,16 May 2023,-,16.43,48.36,1000000000.00,A-MF,100000000
MBPLCPBOND,Mercantile Bank Perpetual Bond,Corporate Bond,A,485.00,-,0.00,0.00,4850.00,0.0000,0,,,,,,,,,,,,,,,,,,,,,,0.02,-,-,-,-,-,-,-,-,-,-,-,4850.00,0.00,0,0.0000,0.00%,0.00%,0.00%,0.00%,0.00%,0.00%,-,10.00,0.00,0.00,19 Nov 2025,-,-,-,1000000.00,A-CB,100000
MEGCONMILK,Meghna Condensed Milk Industries Limited,Food & Allied,Z,582.40,-,36.40,0.28,36.40,5.2550,"143,990",43.9264,-84.6154,38.5300,39.4060,26.1060,37.6644,37.8213,38.2429,-0.4216,-0.2755,42.0604,34.9996,313.4400,-279325.3798,37.7267,37.6654,37.9957,0.9752,0.0000,0.0000,0.0000,-,0.193,-,0.122,-,-,-,-,-,0.526,-,-,36.30,0.10,260,5.2550,62.57%,6.75%,55.82%,37.43%,0.00%,0.00%,-,-,-10.05,-16.15,29 Oct 2025,24 Dec 2025,-,-,160000000.00,Z-EQ,16000000
MEGHNACEM,Meghna Cement Mills PLC.,Cement,Z,1029.79,-,32.90,1.88,32.60,0.1370,"4,195",52.9007,-65.2174,32.3850,31.7980,33.4490,32.5152,32.4915,32.2904,0.2011,0.2439,33.3568,31.4132,14.3800,-22715.3718,32.5689,32.6154,32.5176,0.8503,0.0000,0.0000,0.0000,-,0.774,-,0.546,-,-,-,0.047,-,21.524,-,-,32.00,0.60,28,0.1370,58.10%,34.61%,23.49%,41.90%,0.00%,0.00%,-,-,-36.58,-1.70,29 Oct 2025,22 Dec 2025,-,-,315885290.00,Z-EQ,31588529
MEGHNAINS,Meghna Insurance PLC.,Insurance,A,1512.00,28.37,37.80,-1.31,37.80,55.9020,"1,457,909",52.6269,-69.0265,37.7950,34.8440,29.7355,38.1954,38.1585,37.0882,1.0703,1.4930,44.5186,31.0714,1638.4100,-1400688.6521,37.9733,38.6346,38.5824,1.4764,0.0000,0.0000,0.0000,2.65,-,-,-,-,-,-,-,-,-,-,-,38.30,-0.50,"1,567",55.9020,73.34%,12.89%,60.45%,26.66%,0.00%,0.00%,-,10.00,1.35,14.29,28 Apr 2026,23 Jun 2026,28.37,20.37,400000000.00,A-EQ,40000000
MEGHNALIFE,Meghna Life Insurance PLC,Insurance,A,2527.35,37.27,59.60,-0.67,59.60,4.3670,"73,220",41.2092,-83.1579,62.8800,60.1860,55.1740,62.0668,62.3138,61.9719,0.3420,1.0455,67.4254,58.3346,228.2600,9898.1223,61.6356,62.3295,62.8943,1.3782,0.0000,0.0000,0.0000,2.52,-,-,-,-,-,-,-,-,-,-,-,60.00,-0.40,350,4.3670,69.89%,21.39%,48.50%,30.11%,0.00%,0.00%,-,15.00,0.00,0.00,29 Jun 2026,20 Aug 2026,37.27,-,424052180.00,A-EQ,42405218
MEGHNAPET,Meghna Pet Industries Limited,Food & Allied,Z,1060.80,-,88.40,-1.23,88.40,8.3210,"95,570",54.3632,-63.6792,87.9600,77.9720,38.5730,91.6006,90.6518,85.4874,5.1644,5.5111,100.5319,75.3881,439.5700,62607.8700,93.4178,92.4295,90.4771,1.1268,0.0000,0.0000,0.0000,-,2.775,-,1.426,-,-,-,-,-,-,-,-,89.50,-1.10,516,8.3210,56.45%,6.35%,50.10%,43.55%,0.00%,0.00%,-,-,-2.75,70.43,29 Oct 2025,24 Dec 2025,-,-,120000000.00,Z-EQ,12000000
MERCANBANK,Mercantile Bank PLC.,Bank,Z,8299.32,6.82,7.50,0.00,7.50,2.0750,"274,695",50.1947,-60.0000,7.5250,7.2820,7.9810,7.5536,7.5479,7.4992,0.0487,0.0591,7.7486,7.3014,13.0900,-259672.6595,7.5622,7.5705,7.5581,1.1245,0.0000,0.0000,0.0000,-,-,-,-,-,0.419,0.087,-,0.003,0.045,0.003,-,7.50,0.00,93,2.0750,66.38%,27.85%,37.89%,33.62%,0.00%,0.64%,-,-,1.10,24.35,03 May 2026,24 Jun 2026,6.82,6.47,11065754350.00,Z-EQ,1106575435
MERCINS,Mercantile Islami Insurance PLC,Insurance,A,1848.79,25.39,42.90,2.39,42.90,16.3380,"384,128",54.9445,-48.6111,43.7600,38.1460,28.0940,42.6749,42.8185,41.8915,0.9270,1.6787,46.9923,40.5277,532.0300,210321.6484,42.2667,42.7423,43.3476,1.0000,0.0000,0.0000,0.0000,2.33,-,-,-,-,-,-,-,-,-,-,-,41.90,1.00,419,16.3380,68.57%,29.95%,38.62%,31.43%,0.00%,0.00%,-,10.00,1.65,21.70,03 May 2026,30 Jun 2026,25.39,30.81,430953600.00,A-EQ,43095360
METROSPIN,Metro Spinning Limited,Textile,Z,567.62,-,9.20,1.10,9.20,0.1480,"16,077",47.5523,-75.0000,9.3150,9.3140,8.9850,9.2085,9.2301,9.2797,-0.0496,-0.0255,9.6720,8.9580,36.4100,-100411.1427,9.1844,9.2000,9.2619,1.7295,0.0000,0.0000,0.0000,-,1.034,-,1.014,-,-,-,-,-,-,-,-,9.10,0.10,49,0.1480,69.91%,13.73%,56.18%,30.09%,0.00%,0.00%,-,-,-1.98,3.96,12 Nov 2025,29 Dec 2025,-,-,616982750.00,Z-EQ,61698275
MHSML,Mozaffar Hossain Spinning Mills Limited,Textile,B,2302.65,31.39,22.80,0.88,22.80,13.0630,"570,774",48.0837,-61.5385,23.2400,22.9280,17.8870,22.9968,23.0321,22.9651,0.0670,0.1760,23.9218,22.5582,545.4900,-2031548.6739,22.9689,23.0167,23.1376,1.3385,0.0000,0.0000,0.0000,1.32,1.411,-,0.666,-,-,-,-,-,-,-,-,22.60,0.20,436,13.0630,60.39%,24.12%,36.21%,39.61%,0.00%,0.06%,-,3.00,0.72,20.41,28 Oct 2025,30 Dec 2025,31.39,20.93,1009933740.00,B-EQ,100993374
MIDASFIN,MIDAS Financing PLC.,Financial Institutions,Z,877.74,-,6.10,1.67,6.10,0.2870,"47,539",53.6901,-37.5000,6.0150,5.8380,5.5770,6.0074,5.9965,5.9607,0.0358,0.0288,6.4058,5.6242,18.5500,-60222.9765,6.0133,5.9897,5.9838,1.8177,0.0000,0.0000,0.0000,-,-,-,-,-,3.217,3.201,-,-,-,-,-,6.00,0.10,42,0.2870,61.64%,26.24%,34.99%,38.36%,0.00%,0.41%,-,-,-2.24,4.73,13 May 2025,24 Jun 2025,-,-,1438925070.00,Z-EQ,143892507
MIDLANDBNK,Midland Bank PLC.,Bank,B,12690.30,14.56,18.70,2.75,18.70,25.6500,"1,376,970",61.9205,-31.5789,17.5550,16.3440,17.3420,18.4460,18.2546,17.5202,0.7344,0.6596,19.8869,15.2231,114.1200,-121288.0764,18.7156,18.6141,18.0919,1.0044,0.0000,0.0000,0.0000,1.60,-,-,-,-,0.599,0.182,-,0.006,0.079,0.007,-,18.20,0.50,763,25.6500,19.40%,3.66%,15.74%,80.60%,0.00%,0.00%,3.00,3.00,1.25,15.90,29 Apr 2026,24 Jun 2026,14.56,26.76,6786256400.00,B-EQ,678625640
MIRACLEIND,Miracle Industries Limited,Miscellaneous,Z,1045.98,-,29.60,2.77,29.70,5.4230,"183,672",55.8561,-55.2632,29.1500,28.5360,29.9860,29.4537,29.3806,29.0151,0.3655,0.3772,30.7295,27.5705,196.9400,-117854.3299,29.6400,29.5885,29.3471,1.3768,0.0000,0.0000,0.0000,-,0.256,-,0.234,-,-,-,-,-,-,-,-,28.90,0.80,296,5.4230,69.74%,4.89%,64.65%,30.26%,0.00%,0.20%,-,-,-2.30,11.32,29 Oct 2025,23 Dec 2025,-,-,352180550.00,Z-EQ,35218055
MIRAKHTER,Mir Akhter Hossain Limited,Engineering,A,5048.25,23.60,41.80,2.96,41.80,18.6470,"448,865",50.2558,-65.9091,41.6950,41.9640,32.7150,41.7858,41.8139,41.7674,0.0465,0.1303,43.3448,40.0452,218.2600,-897271.7472,41.9022,41.8885,41.8233,1.4815,0.0000,0.0000,0.0000,2.51,1.160,2.507,0.309,-,0.205,0.160,0.324,0.008,0.033,-,-,40.60,1.20,714,18.6470,51.42%,7.40%,44.02%,48.58%,0.00%,0.00%,-,10.50,1.72,51.51,28 Oct 2025,22 Dec 2025,23.60,46.14,1207715470.00,A-EQ,120771547
MITHUNKNIT,Mithun Knitting and Dyeing Limited,Textile,Z,474.37,-,14.50,1.39,14.60,0.4540,"31,346",47.0250,-54.5455,14.6300,15.1780,14.8400,14.4713,14.5074,14.7349,-0.2275,-0.2553,15.2727,13.9873,66.8500,-154617.8601,14.4244,14.4231,14.5010,1.1419,0.0000,0.0000,0.0000,-,1.648,-,1.648,-,-,-,-,-,-,-,-,14.40,0.20,67,0.4540,83.23%,10.09%,71.84%,16.77%,0.00%,1.30%,-,-,0.00,0.00,29 Sep 2025,12 Nov 2025,-,-,324911620.00,Z-EQ,32491162
MJLBD,MJL Bangladesh PLC.,Fuel & Power,A,29647.99,8.18,93.60,0.75,93.60,3.1190,"33,263",47.0044,-78.7234,95.1100,92.3680,91.2565,94.4311,94.5551,94.1369,0.4182,0.8872,97.2433,92.9767,15.6800,-119090.0693,94.2956,94.6218,94.9886,0.8611,0.0000,0.0000,0.0000,5.56,0.614,-,0.445,0.118,0.179,0.086,0.162,0.075,0.188,-,-,92.90,0.70,212,3.1190,28.48%,22.80%,5.66%,71.52%,0.00%,0.02%,-,52.00,11.36,54.06,28 Oct 2025,22 Dec 2025,8.18,11.79,3167520270.00,A-EQ,316752027
MLDYEING,M.L. Dyeing Limited,Textile,B,4183.81,900.00,18.00,0.00,18.00,181.2180,"9,972,176",81.9679,-16.4384,13.6350,11.5140,9.2095,15.8476,15.2786,13.5990,1.6797,1.2207,17.9369,9.3331,483.9000,8617031.6646,16.3444,15.7667,14.7090,1.5427,0.0000,0.0000,0.0000,0.28,2.557,-,1.476,-,-,-,-,-,-,-,-,18.00,0.00,"3,972",181.2180,69.43%,13.58%,55.85%,30.57%,0.00%,0.00%,-,0.50,0.02,13.30,28 Oct 2025,21 Dec 2025,900.00,-,2324340900.00,B-EQ,232434090
MONNOAGML,Monno Agro & General Machinery Limited,Engineering,B,1526.45,345.20,348.70,0.49,346.90,2.7350,"7,898",42.7629,-91.5094,354.3700,351.6260,343.3775,351.8003,352.5689,353.0830,-0.5140,0.9322,364.5294,344.2106,166.8500,-42338.1577,351.2222,352.7897,354.0971,1.3303,0.0000,0.0000,0.0000,0.14,1.376,-,0.985,-,0.067,0.039,0.185,0.008,0.009,-,-,345.20,1.70,242,2.7350,70.00%,8.72%,61.22%,30.00%,0.00%,0.06%,-,5.00,1.00,110.86,19 Oct 2025,11 Dec 2025,345.20,1522.94,44002560.00,B-EQ,4400256
MONNOCERA,Monno Ceramic Industries Limited,Ceramics Sector,B,3527.22,421.36,93.50,0.86,93.50,23.3460,"249,708",41.7840,-84.4828,96.5700,96.8980,85.6070,94.8915,95.2935,95.9220,-0.6285,-0.0412,100.9084,92.2316,406.6200,-667639.4775,94.3689,95.0628,96.0252,1.4853,0.0000,0.0000,0.0000,0.21,-,10.344,-,-,-,-,0.240,-,-,-,-,92.70,0.80,744,23.3460,69.46%,10.97%,58.33%,30.54%,0.00%,0.16%,-,2.00,0.22,80.14,25 Sep 2025,11 Dec 2025,421.36,289.69,377243170.00,B-EQ,37724317
MONNOFABR,Monno Fabrics Limited,Textile,B,2541.50,552.50,22.10,0.00,22.10,23.6530,"1,062,840",39.5200,-93.3333,22.6350,22.8080,21.1855,22.3919,22.4461,22.5784,-0.1323,-0.0754,23.2750,21.9950,347.1800,-2242708.2653,22.3422,22.3962,22.5329,1.6613,0.0000,0.0000,0.0000,0.11,1.615,-,1.446,-,-,-,-,-,-,-,-,22.10,0.00,713,23.6530,69.10%,6.18%,61.20%,30.90%,0.00%,1.72%,-,0.25,0.04,25.39,26 Oct 2025,14 Dec 2025,552.50,1657.50,1150000000.00,B-EQ,115000000
MONOSPOOL,Monospool Bangladesh PLC,Paper & Printing,A,4714.35,31.70,120.20,0.84,120.20,30.9610,"257,423",56.0543,-63.4146,120.1000,112.0420,102.7500,120.3594,120.1492,117.7824,2.3668,3.0192,125.0273,115.1727,397.5200,-475092.3050,120.3378,120.5615,120.6295,1.6601,0.0000,0.0000,0.0000,0.42,1.484,-,0.975,0.091,0.242,0.073,0.276,0.019,0.084,-,-,119.20,1.00,"1,059",30.9610,61.21%,5.01%,56.20%,38.79%,0.00%,0.00%,15.00,5.00,3.76,45.05,02 Nov 2025,29 Dec 2025,31.70,28.93,392208660.00,A-EQ,39220866
MPETROLEUM,Meghna Petroleum PLC,Fuel & Power,A,23266.46,3.48,215.80,0.70,215.00,3.5350,"16,458",56.2523,-40.0000,215.1950,209.7760,204.9300,214.8339,214.7897,213.5478,1.2419,1.7293,217.0136,213.3764,9.3500,-9555.9743,214.8378,214.9962,215.0662,0.3538,0.0000,0.0000,0.0000,9.30,1.200,-,0.992,2.630,0.673,2.087,1.000,0.060,0.220,-,-,213.50,1.50,149,3.5350,41.33%,33.53%,7.70%,0.00%,58.67%,0.10%,-,200.00,61.39,278.51,10 Nov 2025,24 Jan 2026,3.48,3.86,1082161080.00,A-EQ,108216108
MTB,Mutual Trust Bank PLC.,Bank,A,16472.37,4.30,13.60,0.74,13.60,5.6630,"416,265",51.9411,-66.6667,13.6700,13.1040,12.7885,13.6690,13.6642,13.5182,0.1459,0.2041,14.1772,13.1628,34.2300,-1800729.2423,13.6644,13.7090,13.7138,0.9145,0.0000,0.0000,0.0000,-,-,-,-,-,0.462,0.151,-,0.007,0.112,0.007,-,13.50,0.10,152,5.6630,66.74%,31.68%,35.06%,33.26%,0.00%,0.00%,12.00,-,3.14,28.11,30 Apr 2026,16 Jul 2026,4.30,4.17,12112035260.00,A-EQ,1211203526
MTBPBOND,Mutual Trust Bank Perpetual Bond,Corporate Bond,A,4000.00,-,0.00,0.00,1000000.00,0.0000,0,,,,,,,,,,,,,,,,,,,,,,-,-,-,-,-,-,-,-,-,-,-,-,1000000.00,0.00,0,0.0000,0.00%,0.00%,0.00%,0.00%,0.00%,0.00%,-,10.00,0.00,0.00,01 Dec 2025,-,-,-,40000.00,A-CB,4000
NAHEEACP,Nahee Aluminum Composite Panel PLC,Engineering,B,2590.85,-,37.90,4.99,37.90,33.4090,"892,333",54.4203,-66.1290,37.8250,35.2840,23.6090,37.2997,37.3745,36.8542,0.5203,0.9294,41.2518,34.3982,503.1500,-156589.5275,36.9644,37.2692,37.7643,1.4855,0.0000,0.0000,0.0000,0.26,7.608,0.112,5.160,-,0.126,-,0.191,-,-,-,-,36.10,1.80,"1,130",33.4090,67.71%,23.13%,44.58%,32.29%,0.00%,0.00%,-,1.00,-7.18,11.91,28 Oct 2025,18 Dec 2025,-,159.26,683601600.00,B-EQ,68360160
NATLIFEINS,National Life Insurance PLC,Insurance,A,11025.83,27.59,101.60,-0.49,101.60,3.9210,"38,453",41.5930,-99.2000,105.4700,102.8780,99.7465,103.6394,104.0871,104.3321,-0.2449,0.6231,111.7776,99.1624,24.9900,-172726.9274,102.8978,103.8641,105.0543,1.0069,0.0000,0.0000,0.0000,3.64,-,-,-,-,-,-,-,-,-,-,-,102.10,-0.50,179,3.9210,40.94%,18.31%,22.63%,59.06%,0.00%,0.00%,-,37.00,3.70,59.87,13 May 2026,30 Jun 2026,27.59,26.11,1085219810.00,A-EQ,108521981
NAVANACNG,Navana CNG Limited,Engineering,Z,1699.94,221.00,22.50,1.81,22.50,1.3330,"59,198",53.7669,-50.0000,22.5050,21.7680,21.3665,22.5005,22.5028,22.3123,0.1905,0.2852,23.2822,21.7278,36.3200,-126573.3492,22.4867,22.5564,22.5852,1.2994,0.0000,0.0000,0.0000,4.44,2.226,4.010,1.346,-,-,0.002,0.179,0.001,0.003,-,-,22.10,0.40,101,1.3330,57.51%,26.19%,31.32%,42.49%,0.00%,0.00%,-,10.00,0.10,30.79,28 Oct 2025,29 Dec 2025,221.00,1657.50,755527720.00,Z-EQ,75552772
NAVANAPHAR,Navana Pharmaceuticals PLC.,Pharmaceuticals & Chemicals,A,7583.58,15.42,70.60,0.86,70.60,20.4750,"289,798",44.9261,-87.3418,72.5800,70.4960,58.9180,71.9703,72.1378,71.7601,0.3777,0.9234,75.0878,70.0722,215.6100,-991362.9228,71.9622,72.3013,72.5662,1.5778,0.0000,0.0000,0.0000,1.98,0.857,0.018,0.601,-,0.167,0.055,0.442,0.043,0.100,-,-,70.00,0.60,793,20.4750,68.36%,10.91%,37.82%,31.64%,0.00%,19.63%,-,14.00,4.54,45.29,29 Oct 2025,31 Dec 2025,15.42,11.44,1074162170.00,A-EQ,107416217
NBL,National Bank PLC,Bank,Z,12235.01,-,3.80,0.00,3.80,4.2170,"1,107,014",45.3372,-50.0000,3.8100,3.8640,3.8025,3.7990,3.8020,3.8317,-0.0298,-0.0371,3.8994,3.7206,9.1400,-2351238.6197,3.7978,3.7949,3.7976,1.0605,0.0000,0.0000,0.0000,-,-,-,-,-,1.537,1.164,-,-,1.025,-,-,3.80,0.00,258,4.2170,82.60%,38.57%,43.52%,17.40%,0.00%,0.51%,-,-,-7.55,-7.37,03 May 2026,13 Aug 2026,-,-,32197395700.00,Z-EQ,3219739570
NCCBANK,National Credit and Commerce Bank PLC,Bank,A,18130.99,3.59,15.70,1.95,15.70,40.2860,"2,586,002",50.2073,-35.7143,15.6050,15.8820,13.3860,15.6426,15.6438,15.6878,-0.0440,-0.0621,16.2222,14.9878,206.1500,-4022713.1937,15.6800,15.6628,15.5952,0.9699,0.0000,0.0000,0.0000,10.83,-,-,-,-,0.652,0.234,-,0.012,0.158,0.013,-,15.40,0.30,725,40.2860,57.90%,23.27%,34.60%,42.10%,0.00%,0.03%,4.00,17.00,4.29,27.20,28 Apr 2026,24 Jun 2026,3.59,3.47,11548400180.00,A-EQ,1154840018
NCCBLMF1,NCCBL MUTUAL FUND-1,Mutual Funds,A,737.82,11.15,6.80,0.00,6.80,4.6450,"671,290",72.0934,-35.4839,5.6250,4.8240,4.3465,6.5519,6.3445,5.6631,0.6813,0.5464,7.7215,3.5285,146.1800,574237.0861,6.8178,6.6359,6.1595,1.0134,0.0000,0.0000,0.0000,-,-,-,-,-,-,-,-,-,-,-,-,6.80,0.00,147,4.6450,85.00%,66.36%,18.64%,15.00%,0.00%,0.00%,-,4.50,0.61,10.97,15 Feb 2024,-,11.15,-,1085034010.00,A-MF,108503401
NEWLINE,New Line Clothings Limited,Textile,Z,471.20,3.37,6.00,9.09,6.00,6.1660,"1,032,045",59.4492,-15.3846,5.5650,5.5040,4.8485,5.7070,5.6782,5.6096,0.0685,0.0374,6.0812,5.0488,125.9400,94197.8434,5.7644,5.7167,5.6238,0.8916,0.0000,0.0000,0.0000,20.42,2.989,-,1.866,-,-,-,-,-,-,-,-,5.50,0.50,246,6.1660,69.39%,18.33%,51.06%,30.61%,0.00%,0.00%,-,12.25,1.63,24.02,31 Oct 2021,27 Jan 2022,3.37,2.58,785326500.00,Z-EQ,78532650
NFML,National Feed Mill Limited,Miscellaneous,B,1895.23,660.00,20.30,2.53,20.30,36.4270,"1,804,618",49.5297,-75.0000,20.9950,19.2820,15.2595,20.4358,20.5286,20.3971,0.1315,0.3972,22.8995,19.0905,1247.7200,-1726968.8489,20.3111,20.4231,20.6238,1.2564,0.0000,0.0000,0.0000,0.05,4.356,-,2.722,-,0.118,0.017,0.181,0.001,0.002,-,-,19.80,0.50,"1,078",36.4270,69.60%,22.62%,46.98%,30.40%,0.00%,0.00%,-,0.10,0.03,11.09,10 Feb 2026,01 Mar 2026,660.00,-,933613240.00,B-EQ,93361324
NHFIL,National Housing Finance PLC,Financial Institutions,A,3913.52,1010.00,30.40,0.33,30.40,18.8710,"618,480",51.3021,-86.2069,31.4400,28.0120,24.8485,31.3212,31.2642,30.2922,0.9720,1.3042,34.3013,28.5787,361.0700,-1583720.3616,31.4800,31.5679,31.6248,1.9004,0.0000,0.0000,0.0000,3.29,-,-,-,-,0.556,0.006,-,-,-,-,0.002,30.30,0.10,577,18.8710,45.09%,16.88%,28.21%,45.57%,9.34%,0.00%,-,10.00,0.74,17.06,24 Jun 2026,15 Sep 2026,1010.00,32.93,1287343200.00,A-EQ,128734320
NITOLINS,Nitol Insurance PLC,Insurance,A,1456.52,17.98,34.50,-0.58,34.50,1.9420,"56,069",44.3269,-83.8710,36.4150,34.4100,29.5235,35.4787,35.6851,35.5496,0.1355,0.6527,39.6046,33.2254,145.7400,-300927.0990,35.1844,35.6808,36.2490,1.0564,0.0000,0.0000,0.0000,2.90,-,-,-,-,-,-,-,-,-,-,-,34.70,-0.20,120,1.9420,65.00%,26.27%,38.73%,35.00%,0.00%,0.00%,-,10.00,1.93,31.30,01 Apr 2026,12 Jul 2026,17.98,27.98,422180200.00,A-EQ,42218020
NORTHERN,Northern Jute Manufacturing Company Limited,Jute,Z,247.62,10.20,115.80,0.00,115.60,0.5060,"4,430",50.2251,-60.1173,115.6100,113.1600,102.3730,117.6596,117.3772,115.5375,1.8397,2.0853,127.9789,103.2411,160.8900,-4916.7509,118.3267,118.9295,117.5224,1.1167,0.0000,0.0000,0.0000,0.43,0.695,-,0.392,0.056,0.051,0.044,0.261,0.026,0.139,-,-,115.60,0.00,126,0.5060,84.91%,0.00%,84.91%,15.09%,0.00%,0.00%,-,5.00,11.33,81.66,29 Oct 2020,27 Dec 2020,10.20,-,21420000.00,Z-EQ,2142000
NORTHRNINS,Northern Islami Insurance PLC.,Insurance,A,1684.20,20.72,37.60,0.27,37.60,3.5080,"92,922",41.1836,-86.6667,39.7450,39.4660,32.1780,38.6081,38.9473,39.4036,-0.4563,0.0738,43.3412,36.1488,225.3400,-174520.3603,38.1644,38.7962,39.4038,1.0789,0.0000,0.0000,0.0000,1.33,-,-,-,-,-,-,-,-,-,-,-,37.50,0.10,182,3.5080,69.18%,31.14%,38.04%,30.82%,0.00%,0.00%,5.00,5.00,1.68,25.48,13 May 2026,29 Aug 2026,20.72,15.89,447925920.00,A-EQ,44792592
NPOLYMER,National Polymer Industries PLC,Engineering,B,2642.01,501.43,36.20,3.13,36.20,37.3180,"1,045,526",59.1967,-52.9412,34.9000,33.3360,29.0910,35.5843,35.3918,34.5655,0.8263,0.7925,37.0822,32.7178,261.4900,324785.7758,35.8000,35.6282,35.2886,1.4277,0.0000,0.0000,0.0000,1.38,1.056,0.661,0.687,-,0.082,0.001,0.140,0.001,0.002,-,-,35.10,1.10,954,37.3180,67.78%,14.57%,53.21%,32.22%,0.00%,0.00%,-,5.00,0.07,29.65,26 Oct 2025,31 Dec 2025,501.43,105.30,729836680.00,B-EQ,72983668
NRBBANK,NRB Bank PLC.,Bank,Z,4488.82,58.18,6.50,1.56,6.50,3.4700,"534,054",69.9306,-14.2857,6.0950,5.9420,6.5355,6.2725,6.2238,6.1127,0.1111,0.0565,6.4532,5.7368,13.7900,-309507.6484,6.3089,6.2513,6.1643,1.1162,0.0000,0.0000,0.0000,-,-,-,-,-,0.230,0.042,-,0.001,0.015,0.001,-,6.40,0.10,101,3.4700,44.01%,3.06%,40.95%,55.99%,0.00%,0.00%,-,-,0.20,12.89,03 May 2026,20 Aug 2026,58.18,13.33,6905872000.00,Z-EQ,690587200
NRBCBANK,NRBC Bank PLC.,Bank,Z,6712.06,48.75,8.10,3.85,8.10,2.9600,"368,254",72.3424,-10.0000,7.4900,7.4520,6.4165,7.7699,7.7050,7.5543,0.1507,0.0790,8.0440,6.9360,6.2500,-1715.3094,7.8400,7.7577,7.6152,1.1919,0.0000,0.0000,0.0000,-,-,-,-,-,0.439,0.013,-,0.001,0.010,0.001,-,7.80,0.30,103,2.9600,40.93%,4.81%,36.12%,59.07%,0.00%,0.00%,-,-,0.16,16.74,03 May 2026,25 Jun 2026,48.75,15.00,8286495340.00,Z-EQ,828649534
NTC,National Tea Company Limited,Food & Allied,Z,5087.25,-,171.00,0.41,171.00,0.3320,"1,940",53.5827,-72.3514,168.9600,162.1100,163.4545,172.4229,171.8837,168.3305,3.5533,4.0414,186.3877,151.5323,11.5300,-8728.7995,173.1333,174.0256,172.2543,1.0023,0.0000,0.0000,0.0000,-,0.236,-,0.081,-,-,-,-,-,0.691,-,-,170.30,0.70,69,0.3320,55.35%,31.49%,23.86%,39.43%,5.22%,0.00%,-,-,0.00,0.00,-,-,-,-,297500000.00,Z-EQ,29750000
NTLTUBES,National Tubes Limited,Engineering,B,2406.19,39.77,69.10,1.02,69.10,8.1120,"117,241",48.8706,-87.7778,71.0900,66.1440,64.2910,70.3122,70.4485,69.4895,0.9590,1.7097,75.9949,66.1851,242.2800,-340559.3471,70.0444,70.5923,71.2300,1.1346,0.0000,0.0000,0.0000,0.14,1.788,0.012,0.892,-,0.251,0.123,0.385,0.009,0.013,-,-,68.40,0.70,326,8.1120,48.95%,6.42%,42.53%,0.05%,51.00%,0.00%,-,1.00,1.72,137.61,09 Nov 2025,20 Dec 2025,39.77,-,348218030.00,B-EQ,34821803
NURANI,Nurani Dyeing & Sweater Limited,Textile,Z,367.88,-,3.00,-3.23,3.00,0.9800,"320,396",54.4693,-40.0000,2.8550,2.9540,2.5760,2.8889,2.8784,2.8977,-0.0193,-0.0513,3.0748,2.6352,45.7000,260449.7052,2.8867,2.8603,2.8481,1.2238,0.0000,0.0000,0.0000,-,3.400,-,1.821,-,-,-,-,-,-,-,-,3.10,-0.10,109,0.9800,69.07%,17.28%,51.79%,30.93%,0.00%,0.00%,10.00,-,-0.41,11.23,28 Oct 2020,24 Dec 2020,-,-,1226250300.00,Z-EQ,122625030
OAL,Olympic Accessories Limited,Engineering,Z,1118.88,-,6.60,1.54,6.60,1.2950,"195,942",49.5694,-80.0000,6.7400,6.4180,5.9855,6.6269,6.6409,6.6159,0.0250,0.0676,7.0539,6.4261,75.1100,-348913.2362,6.6111,6.6256,6.6695,1.7055,0.0000,0.0000,0.0000,-,2.807,0.180,2.584,-,-,-,-,-,-,-,-,6.50,0.10,109,1.2950,74.19%,17.45%,56.74%,25.81%,0.00%,0.00%,-,-,-0.75,9.50,28 Oct 2025,24 Dec 2025,-,-,1695269820.00,Z-EQ,169526982
OIMEX,Oimex Electrode Limited,Engineering,Z,1198.59,20.51,16.40,2.50,16.40,2.3250,"141,248",53.2207,-57.8947,16.3650,15.6560,15.3665,16.4518,16.4434,16.2056,0.2377,0.3312,17.3603,15.3697,129.5800,-295894.8271,16.4733,16.5500,16.4905,1.3697,0.0000,0.0000,0.0000,-,0.959,-,0.550,-,0.040,0.000,0.064,0.000,0.008,-,-,16.00,0.40,136,2.3250,64.24%,20.03%,44.21%,35.76%,0.00%,0.00%,-,-,0.03,3.27,05 Nov 2025,30 Dec 2025,20.51,80.00,730847810.00,Z-EQ,73084781
OLYMPIC,Olympic Industries PLC,Food & Allied,A,30850.57,15.32,154.30,0.13,154.30,11.4070,"73,979",48.5576,-73.1092,156.8350,150.8160,147.0425,155.4437,155.7278,154.8898,0.8380,1.8563,162.2614,151.4086,27.2700,-135124.0672,154.9378,155.8385,156.6676,1.1143,0.0000,0.0000,0.0000,1.94,2.636,-,2.042,0.097,0.083,0.072,0.239,0.124,0.161,-,-,154.10,0.20,784,11.4070,62.62%,22.48%,12.52%,37.38%,0.00%,27.62%,-,30.00,10.06,62.35,28 Oct 2025,11 Dec 2025,15.32,15.60,1999388860.00,A-EQ,199938886
ONEBANKPLC,One Bank PLC.,Bank,Z,8419.99,6.29,7.90,1.28,7.90,2.2520,"286,316",50.5535,-60.0000,7.8800,7.8860,7.3890,7.8896,7.8920,7.8905,0.0015,0.0075,8.0913,7.6687,10.8900,-280078.9490,7.8978,7.8936,7.8810,1.2728,0.0000,0.0000,0.0000,-,-,-,-,-,0.400,0.025,-,0.001,0.012,0.001,-,7.80,0.10,75,2.2520,69.06%,43.13%,25.88%,30.94%,0.00%,0.05%,-,-,0.28,22.46,03 May 2026,13 Aug 2026,6.29,5.74,10658218870.00,Z-EQ,1065821887
ORIONINFU,Orion Infusion Limited,Pharmaceuticals & Chemicals,A,5745.52,163.08,282.20,0.61,282.20,26.2720,"92,903",35.9207,-90.5882,295.2700,305.0240,363.0140,289.4833,291.2322,297.1372,-5.9050,-4.8433,313.2070,277.3330,265.0600,-259787.9671,288.6378,290.3500,292.3343,1.4245,0.0000,0.0000,0.0000,0.71,0.943,0.028,0.681,-,0.130,0.053,0.420,0.041,0.107,-,-,280.50,1.70,"1,324",26.2720,59.39%,12.96%,46.37%,40.61%,0.00%,0.06%,-,20.00,1.72,16.02,10 Nov 2025,23 Dec 2025,163.08,148.15,203597600.00,A-EQ,20359760
ORIONPHARM,Orion Pharma Limited,Pharmaceuticals & Chemicals,Z,6739.20,-,28.80,0.35,28.80,5.5360,"191,312",47.3659,-79.3103,29.3850,27.9860,28.8665,29.2556,29.2991,29.0371,0.2619,0.4807,30.9748,27.7952,53.2900,-222796.1556,29.2044,29.3692,29.4900,1.7111,0.0000,0.0000,0.0000,-,2.072,1.164,1.894,-,0.014,-,0.339,-,-,-,-,28.70,0.10,241,5.5360,68.02%,21.54%,46.35%,31.98%,0.00%,0.13%,-,-,-1.77,86.09,12 Nov 2025,23 Dec 2025,-,-,2340000000.00,Z-EQ,234000000
PADMALIFE,Padma Islami Life Insurance Limited,Insurance,Z,684.29,-,17.60,3.53,17.60,0.5230,"29,892",43.5196,-69.6970,18.2850,18.1840,17.5625,17.7728,17.9018,18.1359,-0.2341,-0.0611,19.6073,16.9627,49.9200,-140745.1316,17.6022,17.8141,18.1081,1.4147,0.0000,0.0000,0.0000,-,-,-,-,-,-,-,-,-,-,-,-,17.00,0.60,87,0.5230,68.44%,17.79%,50.65%,31.56%,0.00%,0.00%,-,-,0.00,0.00,15 Jul 2026,17 Sep 2026,-,-,388800000.00,Z-EQ,38880000
PADMAOIL,Padma Oil PLC,Fuel & Power,A,19774.25,3.50,201.50,0.45,201.30,2.0290,"10,068",58.7099,-50.6173,201.7850,189.0020,182.4890,201.8090,201.4701,197.8772,3.5929,4.5394,207.5262,196.0438,31.7300,89978.8881,202.1689,202.1218,202.2248,0.5502,0.0000,0.0000,0.0000,7.95,1.171,-,0.977,2.203,0.532,1.762,0.962,0.044,0.208,-,-,200.40,0.90,138,2.0290,47.59%,31.49%,16.08%,2.06%,50.35%,0.02%,-,160.00,57.30,274.86,06 Nov 2025,03 Jan 2026,3.50,3.41,982327500.00,A-EQ,98232750
PARAMOUNT,Paramount Insurance PLC,Insurance,A,2578.16,28.31,63.90,2.26,63.40,13.8740,"220,121",53.8535,-49.0385,62.9250,59.6940,50.5430,61.9332,62.1023,61.9292,0.1731,0.6261,67.0580,58.7920,307.4600,-376961.9143,61.4422,61.8423,62.4076,1.4058,0.0000,0.0000,0.0000,1.58,-,-,-,-,-,-,-,-,-,-,-,62.00,1.40,675,13.8740,51.52%,20.80%,30.68%,48.48%,0.00%,0.04%,-,10.00,2.19,28.16,11 Mar 2026,18 May 2026,28.31,14.16,406649660.00,A-EQ,40664966
PBLPBOND,Pubali Bank Perpetual Bond,Corporate Bond,A,470.00,-,0.00,0.00,4700.00,0.0000,0,52.4577,-8.4746,4652.5000,4652.2000,0.0000,4647.8049,4647.5120,4661.3778,-13.8657,-21.0341,4818.2623,4486.7377,0.0100,0.4224,4660.0000,4657.6923,4654.7619,-0.0693,0.0000,0.0000,0.0000,0.02,-,-,-,-,-,-,-,-,-,-,-,4700.00,0.00,0,0.0000,100.00%,99.33%,0.67%,0.00%,0.00%,0.00%,-,10.00,0.00,0.00,16 Sep 2025,-,-,-,1000000.00,A-CB,100000
PDL,Pacific Denims Limited,Textile,Z,1027.88,45.83,5.60,1.82,5.60,0.8850,"159,244",51.1064,-50.0000,5.6050,5.5440,5.0120,5.5226,5.5336,5.5733,-0.0396,-0.0340,5.9915,5.2185,47.8600,-148955.9624,5.5044,5.4949,5.5286,1.5462,0.0000,0.0000,0.0000,1.79,3.648,-,2.501,-,-,-,-,-,-,-,-,5.50,0.10,92,0.8850,69.88%,9.52%,60.35%,30.12%,0.00%,0.01%,-,1.00,0.12,13.58,29 Oct 2023,31 Dec 2023,45.83,206.25,1835501430.00,Z-EQ,183550143
PENINSULA,The Peninsula Chittagong PLC.,Travel & Leisure,B,2954.80,413.33,24.90,0.40,24.90,8.0400,"321,691",54.1711,-55.0000,24.8000,23.7440,19.5305,25.0055,24.9601,24.5393,0.4208,0.5191,26.2553,23.3447,238.9100,-314416.4518,25.0978,25.0923,25.0267,1.4738,0.0000,0.0000,0.0000,0.20,1.341,0.093,1.256,0.080,0.072,0.020,0.265,0.001,0.002,-,-,24.80,0.10,250,8.0400,43.14%,6.57%,36.50%,56.86%,0.00%,0.07%,-,0.50,0.06,27.90,28 Oct 2025,30 Dec 2025,413.33,-,1186668000.00,B-EQ,118666800
PEOPLESINS,Peoples Insurance PLC,Insurance,A,2767.38,13.63,59.90,4.90,59.90,90.1690,"1,503,887",54.4678,-28.8288,59.7050,56.7260,43.4940,57.4652,57.8339,58.2830,-0.4491,0.1491,66.1203,53.2897,608.8000,-350795.3468,56.5378,57.1231,58.3881,1.2854,0.0000,0.0000,0.0000,1.75,-,-,-,-,-,-,-,-,-,-,-,57.10,2.80,"2,020",90.1690,65.51%,12.07%,53.44%,34.49%,0.00%,0.00%,-,10.50,4.19,37.95,26 Apr 2026,24 Jun 2026,13.63,11.07,462000000.00,A-EQ,46200000
PF1STMF,Phoenix Finance 1st Mutual Fund,Mutual Funds,A,768.00,-,12.80,1.59,12.80,28.3900,"2,226,612",80.3285,-12.0000,11.2050,9.3080,6.3280,12.2486,11.9950,10.9498,1.0452,0.9802,13.8531,8.5569,1058.4500,1184357.0282,12.4756,12.3423,11.8800,0.8949,0.0000,0.0000,0.0000,-,-,-,-,-,-,-,-,-,-,-,-,12.60,0.20,479,28.3900,76.67%,29.58%,47.08%,23.33%,0.00%,0.01%,-,-,-0.17,7.20,07 Aug 2025,-,-,12.43,600000000.00,A-MF,60000000
PHARMAID,Pharma Aids,Pharmaceuticals & Chemicals,A,1921.92,30.07,616.00,0.18,616.00,8.2140,"13,322",56.1688,-60.9524,608.1600,588.0720,549.9415,618.6763,616.6470,604.9860,11.6610,12.6918,655.8840,560.4360,250.6500,-21005.1071,621.9378,623.5808,616.6795,0.9444,0.0000,0.0000,0.0000,0.49,3.328,-,2.894,-,0.200,0.146,0.303,0.110,0.148,-,-,614.90,1.10,316,8.2140,80.61%,24.21%,56.40%,19.39%,0.00%,0.00%,-,30.00,20.45,138.58,09 Nov 2025,24 Dec 2025,30.07,22.83,31200000.00,A-EQ,3120000
PHENIXINS,Phoenix Insurance PLC,Insurance,A,1775.03,29.27,44.00,-0.45,44.00,6.0060,"135,454",50.1664,-82.4561,44.5700,43.1980,33.1630,44.2397,44.3086,44.0173,0.2913,0.5796,47.3436,41.7964,334.4200,-447684.6656,43.9778,44.3103,44.5867,1.3384,0.0000,0.0000,0.0000,2.73,-,-,-,-,-,-,-,-,-,-,-,44.20,-0.20,259,6.0060,61.83%,12.54%,49.29%,38.17%,0.00%,0.00%,-,12.00,2.02,33.85,30 Apr 2026,29 Jul 2026,29.27,15.24,403415720.00,A-EQ,40341572
PHOENIXFIN,Phoenix Finance and Investments Limited,Financial Institutions,Z,680.08,-,4.10,7.89,4.10,2.9370,"743,320",64.4698,0.0000,3.7100,3.6400,3.3970,3.7646,3.7396,3.7076,0.0320,-0.0077,4.0279,3.3921,37.2400,636939.1978,3.8067,3.7590,3.7214,1.7887,0.0000,0.0000,0.0000,-,-,-,-,-,1.141,3.873,-,-,-,-,-,3.80,0.30,125,2.9370,73.99%,17.94%,56.05%,26.01%,0.00%,0.00%,-,-,-20.45,-102.46,30 Jun 2026,27 Aug 2026,-,-,1658741950.00,Z-EQ,165874195
PHPMF1,PHP First Mutual Fund,Mutual Funds,A,1099.38,-,3.90,2.63,3.90,6.6070,"1,691,045",64.5993,-30.0000,3.5250,3.2640,2.9085,3.7831,3.7247,3.5281,0.1966,0.1608,4.1333,2.9167,216.7200,3070590.4263,3.8467,3.8038,3.6776,1.2610,0.0000,0.0000,0.0000,-,-,-,-,-,-,-,-,-,-,-,-,3.80,0.10,267,6.6070,88.28%,40.34%,47.94%,11.72%,0.00%,0.00%,-,-,-1.87,8.15,25 Sep 2024,-,-,-,2818932640.00,A-MF,281893264
PIONEERINS,Pioneer Insurance PLC,Insurance,A,6880.33,14.55,67.00,0.75,67.00,13.8570,"206,533",46.7496,-71.5789,69.7350,66.1960,54.9660,67.2086,67.6410,67.9817,-0.3407,0.4485,75.4416,64.0284,188.3900,-577532.5668,66.4222,67.0872,68.4233,1.3064,0.0000,0.0000,0.0000,3.73,-,-,-,-,-,-,-,-,-,-,-,66.50,0.50,385,13.8570,60.06%,30.40%,29.66%,39.94%,0.00%,0.00%,5.00,25.00,4.57,46.97,03 Mar 2026,04 May 2026,14.55,11.05,1026914910.00,A-EQ,102691491
PLFSL,Peoples Leasing and Financial Services Limited,Financial Institutions,Z,542.34,-,1.90,5.56,1.90,2.2160,"1,166,786",70.8706,0.0000,1.4200,1.4800,1.4216,1.5971,1.5439,1.4757,0.0683,-0.0164,1.8328,1.0072,116.9800,4198390.3974,1.6956,1.6205,1.5114,1.1794,0.0000,0.0000,0.0000,-,-,-,-,-,1.019,1.026,-,-,-,-,-,1.80,0.10,87,2.2160,81.85%,10.76%,70.84%,18.15%,0.00%,0.25%,-,-,-12.81,-155.15,02 Jul 2026,17 Aug 2026,-,-,2854405970.00,Z-EQ,285440597
POPULAR1MF,Popular Life First Mutual Fund,Mutual Funds,A,1166.45,-,3.90,5.41,3.90,9.1740,"2,358,175",64.7006,-30.0000,3.4750,3.2400,2.8735,3.7238,3.6661,3.4806,0.1855,0.1460,4.0439,2.9061,186.1400,761397.7926,3.7822,3.7333,3.6143,1.2514,0.0000,0.0000,0.0000,-,-,-,-,-,-,-,-,-,-,-,-,3.70,0.20,266,9.1740,90.00%,19.49%,70.51%,10.00%,0.00%,0.00%,-,-,-1.78,8.23,25 Sep 2024,-,-,-,2990890270.00,A-MF,299089027
POPULARLIF,Popular Life Insurance Co. Limited,Insurance,A,3522.97,23.28,58.80,-1.02,58.30,3.6890,"62,770",37.0500,-97.7778,62.6300,60.4140,50.3665,61.0560,61.4766,61.5983,-0.1217,0.7448,67.0756,58.1844,266.0900,-517167.9074,60.6822,61.4987,62.2776,1.4091,0.0000,0.0000,0.0000,3.43,-,-,-,-,-,-,-,-,-,-,-,58.90,-0.60,259,3.6890,76.30%,25.22%,51.08%,23.70%,0.00%,0.00%,-,20.00,1.47,78.10,28 Jun 2026,22 Sep 2026,23.28,-,604283580.00,A-EQ,60428358
POWERGRID,Power Grid Company of Bangladesh Limited,Fuel & Power,Z,35729.85,-,39.10,2.62,39.10,3.5620,"91,273",50.9169,-75.5102,39.8250,37.1220,31.5390,39.5421,39.6063,39.0186,0.5877,1.0053,42.2055,37.4445,6.6300,-290937.1127,39.5067,39.8474,39.9000,1.1592,0.0000,0.0000,0.0000,-,1.237,-,1.110,-,0.370,-,0.400,-,-,-,-,38.10,1.00,219,3.5620,19.50%,14.80%,4.69%,58.50%,22.00%,0.01%,-,-,-2.30,139.29,10 Nov 2025,24 Jan 2026,-,4.58,9138069910.00,Z-EQ,913806991
PRAGATIINS,Pragati Insurance PLC,Insurance,A,6196.67,14.43,76.40,-0.39,76.30,11.1780,"145,432",42.5506,-80.3419,80.7500,76.6180,73.0230,77.4056,77.9814,78.5255,-0.5441,0.4643,88.1509,73.3491,218.9100,-303904.3148,76.4133,77.3038,79.0267,1.3763,0.0000,0.0000,0.0000,3.54,-,-,-,-,-,-,-,-,-,-,-,76.60,-0.30,439,11.1780,59.87%,23.83%,36.04%,40.13%,0.00%,0.00%,3.00,27.00,5.31,57.36,13 Apr 2026,18 Jun 2026,14.43,12.32,812145590.00,A-EQ,81214559
PRAGATILIF,Pragati Life Insurance PLC.,Insurance,A,5871.17,-,164.00,2.37,164.00,16.2550,"98,977",31.8463,-85.7143,182.8000,184.3260,196.1085,170.7086,173.3502,179.6413,-6.2911,-3.4505,206.9749,158.6251,199.6300,-271808.1536,167.2978,170.7526,177.3005,1.2284,0.0000,0.0000,0.0000,0.91,-,-,-,-,-,-,-,-,-,-,-,160.20,3.80,626,16.2550,59.38%,17.22%,42.16%,40.62%,0.00%,0.00%,10.00,15.00,0.00,0.00,22 Jun 2026,13 Aug 2026,-,-,357998160.00,A-EQ,35799816
PREBPBOND,Premier Bank Perpetual Bond,Corporate Bond,A,188.00,-,0.00,0.00,4700.00,0.0000,0,21.4982,-100.0000,4700.0000,0.0000,0.0000,4785.9727,4824.7366,4931.2486,-106.5121,-71.5070,5047.7749,4352.2251,0.3300,0.0000,4700.0000,4700.0000,4700.0000,-0.0038,0.0000,0.0000,0.0000,0.02,-,-,-,-,-,-,-,-,-,-,-,4700.00,0.00,0,0.0000,0.00%,0.00%,0.00%,0.00%,0.00%,0.00%,-,10.00,0.00,0.00,15 Dec 2025,-,-,-,400000.00,A-CB,40000
PREMIERBAN,The Premier Bank PLC.,Bank,Z,6907.21,-,5.60,1.82,5.60,14.7170,"2,678,183",67.2580,-18.1818,5.0250,4.5060,4.7825,5.3372,5.2630,4.9819,0.2811,0.2506,5.8247,4.2253,33.8800,1851002.9869,5.4200,5.3705,5.2190,1.1290,0.0000,0.0000,0.0000,-,-,-,-,-,-,-,-,-,-,-,-,5.50,0.10,439,14.7170,74.77%,22.49%,52.28%,25.23%,0.00%,0.00%,-,-,-8.05,13.59,03 May 2026,08 Jul 2026,-,-,12334311330.00,Z-EQ,1233431133
PREMIERCEM,Premier Cement Mills PLC,Cement,A,5177.60,37.67,49.10,1.03,49.10,6.3180,"128,592",48.0574,-87.3418,50.6550,47.0880,42.0250,50.1939,50.3190,49.6216,0.6975,1.3005,54.3431,46.9669,197.4500,-598500.0095,50.0089,50.4385,50.8190,0.9457,0.0000,0.0000,0.0000,2.04,0.569,-,0.410,0.032,0.135,0.006,0.179,0.004,0.020,-,-,48.60,0.50,279,6.3180,64.01%,24.51%,39.30%,35.99%,0.00%,0.20%,-,10.00,1.29,64.50,26 Oct 2025,28 Dec 2025,37.67,18.32,1054500000.00,A-EQ,105450000
PREMIERLEA,Premier Leasing & Finance Limited,Financial Institutions,Z,372.32,-,2.80,7.69,2.80,9.0990,"3,308,309",68.3125,0.0000,2.3700,2.4280,1.7034,2.4974,2.4598,2.4077,0.0522,-0.0058,2.7200,2.0200,139.9800,878852.2020,2.5267,2.4654,2.4029,1.5200,0.0000,0.0000,0.0000,-,-,-,-,-,1.120,3.540,-,-,-,-,-,2.60,0.20,302,9.0990,79.28%,9.79%,69.49%,20.72%,0.00%,0.00%,-,-,-27.50,-74.36,17 Aug 2025,25 Sep 2025,-,-,1329702100.00,Z-EQ,132970210
PRIME1ICBA,Prime Bank 1st ICB AMCL Mutual Fund,Mutual Funds,A,650.00,-,6.50,1.56,6.50,3.6610,"563,631",71.8427,-23.5294,5.7700,5.0940,4.5820,6.2892,6.1696,5.7289,0.4407,0.3853,7.0013,4.5387,106.9100,280844.5064,6.4133,6.3423,6.0857,0.9056,0.0000,0.0000,0.0000,-,-,-,-,-,-,-,-,-,-,-,-,6.40,0.10,121,3.6610,80.00%,48.99%,31.01%,20.00%,0.00%,0.00%,-,-,-0.28,7.62,07 Aug 2025,-,-,10.43,1000000000.00,A-MF,100000000
PRIMEBANK,Prime Bank PLC.,Bank,A,37167.91,3.86,30.50,0.66,30.50,13.4280,"440,246",53.4202,-47.0588,30.3150,29.9320,29.8825,30.5566,30.5127,30.3351,0.1776,0.1649,31.0725,29.5575,34.7200,-535999.7055,30.6511,30.6218,30.4714,0.8073,0.0000,0.0000,0.0000,8.20,-,-,-,-,0.555,0.343,-,0.014,0.196,0.016,-,30.30,0.20,225,13.4280,64.46%,35.53%,23.05%,35.54%,0.00%,5.88%,5.00,25.00,7.84,40.00,06 Apr 2026,21 May 2026,3.86,4.23,12186200910.00,A-EQ,1218620091
PRIMEFIN,Prime Finance & Investment Limited,Financial Institutions,Z,982.50,-,3.70,0.00,3.60,4.2730,"1,168,655",60.7577,-28.5714,3.2850,3.2060,2.6845,3.4277,3.3846,3.3019,0.0827,0.0270,3.7019,2.8681,80.8400,220882.2244,3.4556,3.4000,3.3343,1.5513,0.0000,0.0000,0.0000,-,-,-,-,-,4.255,14.439,-,-,-,-,-,3.60,0.00,190,4.2730,40.86%,4.88%,35.97%,59.14%,0.00%,0.01%,-,-,-5.53,1.46,21 Jan 2026,03 Mar 2026,-,-,2729164830.00,Z-EQ,272916483
PRIMEINSUR,Prime Islami Insurance PLC,Insurance,A,1880.36,23.28,46.00,-0.22,46.00,7.1520,"154,934",52.3615,-85.2941,47.1000,42.6340,34.8795,46.6766,46.6866,45.5680,1.1186,1.6669,50.1449,44.0551,395.5400,-247354.9807,46.5267,46.9603,47.1576,1.1021,0.0000,0.0000,0.0000,2.17,-,-,-,-,-,-,-,-,-,-,-,46.10,-0.10,175,7.1520,68.25%,20.24%,48.01%,31.75%,0.00%,0.00%,-,10.00,1.98,22.76,03 May 2026,15 Jun 2026,23.28,17.73,408774980.00,A-EQ,40877498
PRIMELIFE,Prime Islami Life Insurance Limited,Insurance,B,1199.45,-,39.30,0.26,39.30,1.9920,"50,417",36.2131,-95.8333,42.4000,42.3380,37.5735,40.7524,41.1538,41.8469,-0.6931,-0.1377,46.1142,38.6858,157.6600,-152823.0223,40.2356,40.8513,41.7767,1.4573,0.0000,0.0000,0.0000,0.06,-,-,-,-,-,-,-,-,-,-,-,39.20,0.10,97,1.9920,63.92%,33.23%,30.51%,36.08%,0.00%,0.18%,-,0.25,0.00,0.00,16 Jun 2026,17 Sep 2026,-,-,305202300.00,B-EQ,30520230
PRIMETEX,Prime Textile Spinning Mills Limited,Textile,Z,657.04,-,17.40,2.99,17.20,2.5310,"147,679",49.1652,-50.0000,17.1350,18.0320,15.6770,16.7993,16.8596,17.2398,-0.3803,-0.4267,18.4684,15.8016,57.4500,-63654.7606,16.7089,16.6897,16.8633,1.2378,0.0000,0.0000,0.0000,-,1.379,-,0.969,-,-,-,-,-,-,-,-,16.70,0.50,265,2.5310,50.00%,5.50%,44.25%,50.00%,0.00%,0.25%,-,-,-8.05,64.83,11 Sep 2024,24 Oct 2024,-,-,382000000.00,Z-EQ,38200000
PROGRESLIF,Progressive Life Insurance Co. Limited,Insurance,Z,637.43,-,39.50,-3.28,38.30,2.1540,"54,967",33.3713,-68.2927,41.7300,41.7080,44.2550,40.6515,40.9569,41.5237,-0.5668,-0.1629,44.4337,39.0263,41.8500,-32863.7745,40.4400,40.8821,41.3433,0.9542,0.0000,0.0000,0.0000,-,-,-,-,-,-,-,-,-,-,-,-,39.60,-1.30,202,2.1540,61.18%,9.64%,51.54%,38.82%,0.00%,0.00%,-,-,0.00,0.00,28 Apr 2025,29 Jun 2025,-,-,166431660.00,Z-EQ,16643166
PROGRESLIF,Progressive Life Insurance Co. Limited,Insurance,Z,637.43,-,39.50,-3.28,38.30,2.1540,"54,967",33.3713,-68.2927,41.7300,41.7080,44.2550,40.6515,40.9569,41.5237,-0.5668,-0.1629,44.4337,39.0263,41.8500,-32863.7745,40.4400,40.8821,41.3433,0.9542,0.0000,0.0000,0.0000,0.65,-,-,-,-,-,-,-,-,-,-,-,39.60,-1.30,202,2.1540,61.18%,9.64%,51.54%,38.82%,0.00%,0.00%,-,-,0.00,0.00,28 Apr 2025,29 Jun 2025,-,-,166431660.00,Z-EQ,16643166
PROVATIINS,Provati Insurance PLC,Insurance,A,2309.89,28.63,57.30,1.60,57.30,19.3820,"338,673",48.0117,-74.1497,62.1700,53.4180,36.5455,58.2497,58.8348,58.2618,0.5730,2.1277,70.7151,53.6249,778.3000,-603014.5981,57.2600,58.1346,60.2719,1.2580,0.0000,0.0000,0.0000,2.09,-,-,-,-,-,-,-,-,-,-,-,56.40,0.90,613,19.3820,71.66%,17.44%,54.22%,28.34%,0.00%,0.00%,-,12.00,1.73,22.45,29 Apr 2026,10 Aug 2026,28.63,28.78,403122370.00,A-EQ,40312237
PTL,Paramount Textile PLC.,Textile,A,11284.36,9.75,63.00,-0.32,63.00,15.3910,"243,048",43.1581,-96.5517,65.6450,62.7900,55.4405,64.0434,64.3001,64.3322,-0.0320,0.5167,68.9755,62.3145,152.7200,-620648.1835,63.7089,64.0154,64.8305,0.9824,0.0000,0.0000,0.0000,1.90,1.302,-,0.568,-,-,-,-,-,-,-,-,63.20,-0.20,394,15.3910,39.05%,14.86%,19.76%,60.95%,0.00%,4.43%,-,12.00,6.48,43.89,29 Oct 2025,20 Dec 2025,9.75,9.22,1791168860.00,A-EQ,179116886
PUBALIBANK,Pubali Bank PLC.,Bank,A,59345.43,4.45,38.00,1.88,38.00,17.5820,"463,975",60.1837,-13.3333,36.9700,36.5200,34.3585,37.4219,37.3145,36.9767,0.3377,0.2607,38.2565,35.6835,5.8800,54983.0542,37.5156,37.4731,37.2081,0.7886,0.0000,0.0000,0.0000,2.63,-,-,-,-,0.557,0.209,-,0.009,0.154,0.011,-,37.30,0.70,417,17.5820,68.13%,24.57%,43.51%,31.87%,0.00%,0.05%,20.00,10.00,8.38,54.32,30 Apr 2026,16 Jun 2026,4.45,5.42,15617218420.00,A-EQ,1561721842
PURABIGEN,Purabi General Insurance Co. Ltd.,Insurance,A,1818.30,19.94,30.40,-0.98,30.40,9.7140,"317,764",40.4320,-91.9355,32.3700,31.8820,23.8210,31.3059,31.5698,31.8633,-0.2935,0.1481,35.1708,29.5692,519.3100,-1084024.0821,30.9311,31.4013,32.0314,1.3466,0.0000,0.0000,0.0000,3.29,-,-,-,-,-,-,-,-,-,-,-,30.70,-0.30,372,9.7140,68.42%,25.29%,43.11%,31.58%,0.00%,0.02%,-,10.00,1.21,14.29,13 May 2026,30 Aug 2026,19.94,17.85,598125060.00,A-EQ,59812506
QUASEMIND,Quasem Industries Ltd.,Engineering,A,3647.96,43.56,45.60,0.66,45.60,16.7320,"365,949",51.8197,-53.9326,45.8750,44.3840,41.2065,45.7629,45.7578,45.3841,0.3736,0.5382,46.8240,44.9260,288.5200,-878200.4437,45.7578,45.7923,45.8538,1.5248,0.0000,0.0000,0.0000,-,1.042,0.047,0.384,-,0.122,0.052,0.245,0.019,0.036,-,-,45.30,0.30,475,16.7320,70.00%,20.66%,49.34%,30.00%,0.00%,0.00%,10.00,-,1.04,29.06,27 Oct 2025,24 Dec 2025,43.56,40.93,799991950.00,A-EQ,79999195
QUEENSOUTH,Queen South Textile Mills Ltd.,Textile,B,2655.27,89.50,17.40,-2.79,17.40,143.2230,"8,134,536",67.8222,-35.7143,16.3850,14.8020,12.4035,17.0133,16.8173,16.0680,0.7492,0.6713,17.9264,14.8436,696.5800,-143998.5960,17.1644,16.9474,16.6710,1.3816,0.0000,0.0000,0.0000,0.29,1.681,-,0.859,-,-,-,-,-,-,-,-,17.90,-0.50,"2,694",143.2230,48.43%,11.77%,35.60%,51.57%,0.00%,1.06%,-,0.50,0.20,15.82,28 Oct 2025,22 Dec 2025,89.50,55.94,1526014390.00,B-EQ,152601439
RAHIMAFOOD,Rahima Food Corporation Limited,Food & Allied,Z,1770.02,155.54,88.50,1.61,88.50,2.2950,"25,998",,,,,,,,,,,,,,,,,,,,,,0.23,0.862,-,0.786,0.155,0.149,0.120,0.253,0.036,0.059,-,-,87.10,1.40,215,2.2950,64.05%,6.42%,57.63%,35.95%,0.00%,0.00%,-,2.00,0.56,9.43,28 Oct 2025,23 Dec 2025,155.54,-,200002000.00,Z-EQ,20000200
RAHIMTEXT,Rahim Textile Mills PLC.,Textile,A,1985.59,158.60,209.90,2.59,209.90,1.9410,"9,247",47.2558,-76.1394,218.7050,206.0020,199.2395,213.2079,214.0427,212.9989,1.0439,3.3685,231.4394,205.9706,217.8700,-47181.9329,211.9667,213.9769,216.5376,1.1035,0.0000,0.0000,0.0000,0.48,0.883,-,0.493,-,-,-,-,-,-,-,-,204.60,5.30,163,1.9410,29.06%,10.45%,18.61%,70.94%,0.00%,0.00%,-,10.00,1.29,25.83,27 Oct 2025,15 Dec 2025,158.60,74.49,94596830.00,A-EQ,9459683
RAKCERAMIC,RAK Ceramics (Bangladesh) Limited,Ceramics Sector,A,13481.01,-,31.50,2.61,31.50,20.5490,"654,051",60.7606,-41.9355,30.7900,28.1460,24.3735,31.3099,31.1756,30.2437,0.9319,1.0755,32.5491,29.0309,44.4300,-400977.8045,31.5200,31.4487,31.1705,1.4623,0.0000,0.0000,0.0000,3.17,-,-,-,-,-,-,0.132,-,-,-,-,30.70,0.80,629,20.5490,27.92%,17.50%,10.38%,72.08%,0.00%,0.04%,-,10.00,-0.93,15.30,05 Feb 2026,31 Mar 2026,-,-,4279687010.00,A-EQ,427968701
RANFOUNDRY,Rangpur Foundry Limited,Engineering,A,1614.00,41.89,162.30,-0.19,161.40,1.6320,"10,096",48.1673,-72.1393,164.4050,158.4260,155.4360,163.7067,163.7812,162.3399,1.4413,2.2830,169.7379,159.0721,94.3100,-20405.7274,163.7778,164.4551,164.5529,0.9589,0.0000,0.0000,0.0000,1.43,3.600,-,0.899,-,0.063,0.026,0.204,0.083,0.110,-,-,161.70,-0.30,91,1.6320,50.11%,31.38%,18.73%,49.89%,0.00%,0.00%,-,23.00,3.86,35.09,27 Oct 2025,24 Dec 2025,41.89,38.62,100000000.00,A-EQ,10000000
RDFOOD,Rangpur Dairy & Food Products Limited,Food & Allied,B,2096.88,44.10,27.60,2.60,27.60,12.2660,"446,681",46.4799,-80.4878,28.5650,28.6300,22.5230,27.9046,28.0611,28.1877,-0.1266,0.1573,30.4847,26.6453,715.0700,-1493546.7192,27.6711,27.9718,28.3600,1.5228,0.0000,0.0000,0.0000,0.36,1.546,-,1.007,0.047,0.049,0.037,0.194,0.023,0.036,-,-,26.90,0.70,530,12.2660,66.58%,10.90%,55.68%,33.42%,0.00%,0.00%,-,1.00,0.61,16.92,02 Nov 2025,22 Dec 2025,44.10,38.80,759739560.00,B-EQ,75973956
RECKITTBEN,Reckitt Benckiser (Bangladesh) PLC,Pharmaceuticals & Chemicals,A,15629.35,19.15,3307.80,-0.09,3307.80,0.8080,244,44.0781,-79.1489,3325.0950,3320.7300,3407.1695,3315.7594,3317.2962,3321.8474,-4.5512,-3.3182,3356.6590,3293.5310,6.9700,-4313.4719,3314.4956,3316.4795,3319.6376,0.2300,0.0000,0.0000,0.0000,5.23,1.538,-,1.183,-,0.203,0.138,0.485,0.195,0.454,-,-,3310.90,-3.10,70,0.8080,13.27%,6.84%,6.42%,82.96%,3.77%,0.01%,-,1730.00,172.93,187.58,03 May 2026,29 Jun 2026,19.15,35.59,47250000.00,A-EQ,4725000
REGENTTEX,Regent Textile Mills Limited,Textile,Z,848.84,-,6.80,4.76,6.60,6.5370,"1,006,652",59.9390,-18.1818,6.1050,6.0720,4.1040,6.1824,6.1577,6.1253,0.0324,-0.0065,6.5614,5.6486,66.3400,26545.3037,6.1733,6.1205,6.0967,1.4724,0.0000,0.0000,0.0000,-,2.915,-,2.028,-,-,-,-,-,-,-,-,6.30,0.30,277,6.5370,45.45%,4.61%,40.84%,54.55%,0.00%,0.00%,-,-,-1.62,26.52,22 Nov 2021,30 Dec 2021,-,-,1286121370.00,Z-EQ,128612137
RELIANCE1,Reliance One the 1st scheme of Reliance Insurance Mutual Fund,Mutual Funds,A,732.05,-,12.10,1.68,12.10,8.9530,"738,938",58.1952,-66.6667,11.8150,10.9900,13.3355,12.0793,12.0129,11.6807,0.3322,0.3425,12.8719,10.7581,514.6600,-1451987.2048,12.1444,12.1218,12.0305,0.6870,0.0000,0.0000,0.0000,-,-,-,-,-,-,-,-,-,-,-,-,11.90,0.20,270,8.9530,80.00%,26.61%,53.39%,20.00%,0.00%,0.00%,-,-,-0.31,10.47,17 Aug 2025,-,-,22.88,605000000.00,A-MF,60500000
RELIANCINS,Reliance Insurance PLC,Insurance,A,12093.53,13.59,115.00,0.52,115.00,17.3150,"150,298",54.1075,-55.9322,115.5550,107.4400,79.0470,112.0973,112.5714,112.2624,0.3090,1.4955,126.5737,104.5363,123.1400,897.7839,110.4556,111.2756,113.5605,1.1646,0.0000,0.0000,0.0000,2.61,-,-,-,-,-,-,-,-,-,-,-,114.40,0.60,597,17.3150,32.05%,7.55%,24.50%,67.95%,0.00%,0.00%,-,30.00,8.42,78.95,01 Mar 2026,30 Apr 2026,13.59,9.93,1051610870.00,A-EQ,105161087
RENATA,Renata PLC.,Pharmaceuticals & Chemicals,A,54584.06,24.42,475.90,0.68,475.90,15.3090,"32,284",72.5877,-17.9825,466.5150,441.8360,428.4715,472.0833,470.4579,461.4741,8.9838,9.6421,481.4710,451.5590,12.6700,1160.7802,473.5667,473.0026,470.1605,0.6950,0.0000,0.0000,0.0000,1.16,1.443,0.189,0.463,-,0.141,0.096,0.442,0.064,0.107,-,-,472.70,3.20,505,15.3090,48.71%,22.94%,8.19%,51.29%,0.00%,17.58%,-,55.00,19.36,305.49,28 Oct 2025,20 Dec 2025,24.42,17.39,1146964900.00,A-EQ,114696490
RENATAPS,Renata PLC,Pharmaceuticals & Chemicals,P,3250.00,-,0.00,0.00,1900.00,0.0000,0,,,,,,,,,,,,,,,,,,,,,,-,1.570,0.268,0.540,-,0.098,0.052,0.410,0.038,0.063,-,-,1900.00,0.00,0,0.0000,0.00%,0.00%,0.00%,0.00%,0.00%,0.00%,-,-,0.00,0.00,-,-,-,-,17105260.00,-,1710526
RENWICKJA,Renwick Jajneswar & Company (Bd),Engineering,Z,1828.60,-,914.30,3.66,914.30,5.0640,"5,593",65.3028,-39.9950,809.0200,643.2300,548.5660,911.4038,890.7413,793.7040,97.0373,97.3254,1128.1318,489.9082,52.3200,2397.6490,938.7711,937.0833,885.6357,0.5671,0.0000,0.0000,0.0000,-,0.664,-,0.411,-,-,-,0.196,-,0.073,-,-,882.00,32.30,165,5.0640,49.00%,14.50%,34.50%,0.00%,51.00%,0.00%,-,-,-7.76,-105.59,27 Oct 2025,15 Dec 2025,-,-,20000000.00,Z-EQ,2000000
REPUBLIC,Republic Insurance PLC,Insurance,A,1942.00,18.83,35.50,0.28,35.50,10.8730,"305,898",43.9359,-87.3418,37.5600,35.7060,31.9655,36.4075,36.6773,36.6867,-0.0094,0.5788,41.8810,33.2390,252.1900,-666034.2941,35.9222,36.6090,37.3643,1.3154,0.0000,0.0000,0.0000,2.89,-,-,-,-,-,-,-,-,-,-,-,35.40,0.10,440,10.8730,58.29%,19.43%,38.86%,41.71%,0.00%,0.00%,-,10.25,1.88,19.70,30 Apr 2026,29 Jun 2026,18.83,16.09,547041560.00,A-EQ,54704156
RINGSHINE,Ring Shine Textiles Ltd.,Textile,Z,2201.38,-,4.40,10.00,4.40,44.3390,"10,280,227",76.8795,0.0000,3.8100,3.6800,3.2310,3.9657,3.9227,3.8133,0.1095,0.0667,4.1707,3.4493,81.2100,2411260.2937,3.9778,3.9487,3.8786,1.5493,0.0000,0.0000,0.0000,-,0.576,-,0.300,-,-,-,-,-,-,-,-,4.00,0.40,973,44.3390,63.54%,5.75%,57.78%,36.46%,0.00%,0.01%,-,-,-3.06,-8.03,28 Oct 2024,18 Dec 2024,-,-,5003130430.00,Z-EQ,500313043
ROBI,Robi Axiata PLC.,Telecommunication,A,170232.82,18.04,32.50,0.62,32.50,57.1970,"1,757,537",53.0999,-77.7778,32.6000,31.4400,29.9050,32.5962,32.5931,32.3226,0.2705,0.3910,33.1731,32.0269,16.7000,-2546047.2745,32.6111,32.6577,32.6324,1.1840,0.0000,0.0000,0.0000,5.38,0.247,0.000,0.242,0.113,0.188,0.094,0.387,0.045,0.134,-,-,32.30,0.20,754,57.1970,10.00%,3.09%,6.91%,90.00%,0.00%,0.00%,-,17.50,1.79,13.34,22 Feb 2026,22 Apr 2026,18.04,18.35,52379328950.00,A-EQ,5237932895
RSRMSTEEL,Ratanpur Steel Re-Rolling Mills Limited,Engineering,Z,769.04,-,7.60,-1.30,7.60,1.2390,"161,785",42.5167,-88.8889,7.8700,7.9240,7.3570,7.7369,7.7695,7.8619,-0.0924,-0.0642,8.2652,7.4748,32.2000,-181591.6945,7.7067,7.7244,7.7986,1.5848,0.0000,0.0000,0.0000,-,3.334,0.217,2.357,-,-,-,-,-,-,-,-,7.70,-0.10,102,1.2390,70.07%,34.04%,36.03%,29.93%,0.00%,0.00%,-,-,-3.75,44.94,21 Nov 2021,30 Dec 2021,-,-,1011890880.00,Z-EQ,101189088
RUNNERAUTO,Runner Automobiles PLC,Engineering,A,4893.57,46.67,43.10,2.62,43.10,66.4980,"1,536,965",58.0274,-26.0870,42.3950,41.7940,37.2715,42.2965,42.2826,42.1696,0.1130,0.1355,43.4260,41.3640,205.0700,-225983.2947,42.2044,42.1987,42.3090,1.3522,0.0000,0.0000,0.0000,2.32,1.498,0.437,1.217,-,0.181,0.012,0.310,0.005,0.014,-,-,42.00,1.10,"1,695",66.4980,65.81%,37.67%,28.14%,34.19%,0.00%,0.00%,-,10.00,0.90,66.70,28 Oct 2025,23 Dec 2025,46.67,63.00,1135399320.00,A-EQ,113539932
RUPALIBANK,Rupali Bank PLC.,Bank,Z,8538.81,124.29,17.50,0.57,17.50,3.8190,"220,666",52.3554,-63.6364,17.4100,16.8480,18.1110,17.6391,17.6044,17.3758,0.2286,0.2601,18.5868,16.2332,10.7700,-138533.6564,17.7133,17.7628,17.6095,1.3859,0.0000,0.0000,0.0000,-,-,-,-,-,0.094,0.005,-,0.000,0.004,0.000,-,17.40,0.10,107,3.8190,9.81%,3.17%,6.64%,0.00%,90.19%,0.00%,-,-,0.14,35.02,03 May 2026,19 Jul 2026,124.29,-,4879320650.00,Z-EQ,487932065
RUPALIINS,Rupali Insurance Company Limited,Insurance,A,2318.36,29.19,28.90,-0.35,28.80,11.0450,"379,907",50.4100,-76.3636,29.1900,28.1600,24.0235,29.0369,29.0864,28.7772,0.3092,0.5633,31.8732,26.5068,296.1200,-551172.7642,28.8489,29.1962,29.3586,1.4252,0.0000,0.0000,0.0000,1.74,-,-,-,-,-,-,-,-,-,-,-,28.90,-0.10,275,11.0450,53.65%,17.16%,36.49%,46.35%,0.00%,0.00%,5.00,5.00,1.02,20.41,27 Apr 2026,29 Jul 2026,29.19,20.35,804986810.00,A-EQ,80498681
RUPALILIFE,Rupali Life Insurance Company Limited,Insurance,A,2641.25,-,88.00,0.92,88.00,12.3020,"139,605",39.8000,-89.7810,92.8950,91.5060,88.3515,90.0599,90.7752,91.8691,-1.0939,-0.0379,99.7460,86.0440,329.6000,-348378.8325,89.1533,90.3167,91.8710,1.4110,0.0000,0.0000,0.0000,1.36,-,-,-,-,-,-,-,-,-,-,-,87.20,0.80,473,12.3020,67.93%,22.58%,45.35%,32.07%,0.00%,0.00%,-,12.00,0.00,0.00,21 Jul 2026,24 Sep 2026,-,-,300142360.00,A-EQ,30014236
SAFKOSPINN,Safko Spinnings Mills Limited,Textile,Z,611.63,-,20.40,-1.45,20.40,1.0710,"52,317",45.5851,-86.2069,20.9350,21.1000,16.2020,20.6296,20.6896,20.7874,-0.0977,-0.0118,21.8959,19.9741,97.1800,-112055.8711,20.5511,20.6218,20.8133,1.3260,0.0000,0.0000,0.0000,-,0.114,-,0.021,-,-,-,-,-,-,-,-,20.70,-0.30,114,1.0710,70.00%,4.25%,65.75%,30.00%,0.00%,0.00%,-,-,-7.52,-4.50,29 Oct 2025,24 Dec 2025,-,-,299817160.00,Z-EQ,29981716
SAIFPOWER,Saif Powertec Limited,Services & Real Estate,Z,3641.65,13.29,9.60,3.23,9.60,3.9140,"412,658",52.2920,-78.5714,10.0100,8.4240,6.3855,9.6551,9.6888,9.4743,0.2145,0.3894,10.9722,9.0478,90.8100,-711103.7977,9.6022,9.6308,9.7843,1.7239,0.0000,0.0000,0.0000,-,1.467,-,1.122,0.068,0.283,0.053,0.432,0.008,0.036,-,-,9.30,0.30,198,3.9140,59.94%,19.80%,40.14%,40.06%,0.00%,0.00%,-,1.00,0.70,17.01,27 Oct 2024,30 Dec 2024,13.29,13.29,3793386470.00,Z-EQ,379338647
SAIFPOWER,Saif Powertec Limited,Services & Real Estate,Z,3641.65,13.29,9.60,3.23,9.60,3.9140,"412,658",52.2920,-78.5714,10.0100,8.4240,6.3855,9.6551,9.6888,9.4743,0.2145,0.3894,10.9722,9.0478,90.8100,-711103.7977,9.6022,9.6308,9.7843,1.7239,0.0000,0.0000,0.0000,1.04,1.467,-,1.122,0.068,0.283,0.053,0.432,0.008,0.036,-,-,9.30,0.30,198,3.9140,59.94%,19.80%,40.14%,40.06%,0.00%,0.00%,-,1.00,0.70,17.01,27 Oct 2024,30 Dec 2024,13.29,13.29,3793386470.00,Z-EQ,379338647
SAIHAMCOT,Saiham Cotton Mills Limited,Textile,B,3198.66,21.01,21.50,3.37,21.50,71.1060,"3,339,773",62.1382,-33.3333,20.5900,19.8880,19.1330,20.9693,20.8643,20.5134,0.3509,0.2854,21.5631,19.6169,574.1100,-2134719.9503,21.0467,20.9654,20.8000,1.2564,0.0000,0.0000,0.0000,3.26,1.120,-,0.255,-,-,-,-,-,-,-,-,20.80,0.70,"1,041",71.1060,57.60%,17.05%,40.55%,42.40%,0.00%,0.00%,-,7.00,0.99,38.26,29 Oct 2025,29 Dec 2025,21.01,19.75,1487750000.00,B-EQ,148775000
SAIHAMTEX,Saiham Textile Mills Limited,Textile,B,1738.80,31.86,19.20,2.13,19.20,12.3160,"639,963",52.7226,-68.7500,19.2650,18.4440,17.9950,19.2261,19.2236,19.0390,0.1846,0.2662,20.0169,18.5131,486.3200,-2556866.9709,19.2089,19.2667,19.3186,1.2652,0.0000,0.0000,0.0000,3.13,1.691,-,0.608,-,-,-,-,-,-,-,-,18.80,0.40,368,12.3160,65.80%,15.84%,49.96%,34.20%,0.00%,0.00%,-,6.00,0.59,43.77,29 Oct 2025,29 Dec 2025,31.86,27.65,905625000.00,B-EQ,90562500
SALAMCRST,S. Alam Cold Rolled Steels Limited,Engineering,Z,1328.01,27.14,13.60,1.50,13.50,2.4190,"176,631",30.0044,-84.2105,14.2700,14.7640,15.1645,13.7667,13.8828,14.2589,-0.3762,-0.2983,15.3064,13.2336,68.8100,-443973.8651,13.6556,13.7538,14.0076,1.3016,0.0000,0.0000,0.0000,3.70,0.881,-,0.422,-,0.151,0.007,0.160,0.002,0.022,-,-,13.30,0.20,245,2.4190,51.50%,24.49%,27.01%,48.50%,0.00%,0.00%,-,5.00,0.49,18.55,01 Nov 2023,23 Jan 2024,27.14,35.63,983711000.00,Z-EQ,98371100
SALVO,Salvo Organic Industries PLC.,Pharmaceuticals & Chemicals,B,2477.37,64.66,38.10,1.60,38.10,38.4530,"1,009,525",50.9654,-77.1429,38.1450,37.8180,0.0000,38.2582,38.2428,38.0076,0.2352,0.3121,39.2161,37.0739,518.5700,-2396156.2313,38.3467,38.3474,38.2571,1.1588,0.0000,0.0000,0.0000,0.66,0.478,0.355,0.300,-,0.077,0.014,0.115,0.013,0.035,-,-,37.50,0.60,932,38.4530,69.85%,5.81%,64.04%,30.15%,0.00%,0.00%,-,2.50,0.58,16.57,19 Aug 2025,29 Sep 2025,64.66,63.92,650227930.00,B-EQ,65022793
SAMATALETH,Samata Leather Complex Limited,Tannery Industries,B,1059.86,-,102.70,1.68,102.70,3.6210,"35,027",50.2401,-47.2727,100.7950,104.9340,93.9555,102.5143,102.3448,102.5271,-0.1823,-0.6404,109.1360,92.4540,244.9200,-15619.5244,102.9889,103.0590,101.7219,1.2088,0.0000,0.0000,0.0000,-,3.999,-,2.977,0.007,0.001,-,0.101,-,-,-,-,101.00,1.70,247,3.6210,66.13%,3.98%,62.15%,33.87%,0.00%,0.00%,-,-,-0.02,14.35,27 Nov 2025,31 Dec 2025,-,-,103200000.00,B-EQ,10320000
SAMORITA,Samorita Hospital Limited,Services & Real Estate,B,2099.43,150.00,97.40,3.55,96.30,42.6510,"443,474",67.4237,-41.8605,92.2800,80.0320,73.0010,93.9477,93.2712,88.9507,4.3205,4.8680,100.5396,84.0204,476.7200,-150459.7242,94.2511,94.2077,93.7762,1.0733,0.0000,0.0000,0.0000,0.52,1.668,-,1.342,0.045,0.040,0.034,0.580,0.011,0.013,-,-,93.00,3.30,952,42.6510,55.40%,16.42%,38.97%,44.60%,0.00%,0.01%,-,5.00,0.62,48.39,22 Oct 2025,09 Dec 2025,150.00,90.58,218008970.00,B-EQ,21800897
SANDHANINS,Sandhani Life Insurance Company Ltd.,Insurance,A,2983.80,23.65,27.20,0.00,27.20,8.2300,"301,247",53.3913,-60.8696,27.1750,25.6000,21.8630,27.6067,27.5445,26.8807,0.6639,0.8397,29.9711,24.3789,221.4200,-735132.9013,27.6800,27.8654,27.6514,1.3250,0.0000,0.0000,0.0000,4.41,-,-,-,-,-,-,-,-,-,-,-,27.20,0.00,421,8.2300,68.33%,16.44%,51.89%,31.67%,0.00%,0.00%,-,12.00,1.20,18.00,20 Jul 2026,29 Sep 2026,23.65,22.67,1096986330.00,A-EQ,109698633
SAPORTL,Summit Alliance Port Limited,Services & Real Estate,A,12790.82,18.91,54.00,0.19,54.00,139.8290,"2,589,598",56.3690,-13.3333,51.6650,50.8340,46.8705,52.9214,52.7018,52.1670,0.5348,0.3042,54.9496,48.3804,476.8100,617824.1432,53.1844,52.9936,52.2571,1.2086,0.0000,0.0000,0.0000,3.33,0.627,-,0.623,0.153,0.214,0.116,0.264,0.061,0.100,-,-,53.90,0.10,"1,552",139.8290,37.32%,10.23%,27.06%,62.68%,0.00%,0.03%,-,18.00,2.85,35.67,09 Nov 2025,23 Dec 2025,18.91,24.95,2368671230.00,A-EQ,236867123
SAVAREFR,Savar Refractories Limited,Miscellaneous,Z,300.15,-,0.00,0.00,215.50,0.0000,0,8.6600,-52.3810,215.5000,216.5680,245.1760,216.0274,216.9502,223.9176,-6.9674,-8.2196,224.7257,206.2743,0.6400,-0.1356,215.5000,215.5000,215.5000,1.0398,0.0000,0.0000,0.0000,-,0.349,-,0.147,-,-,-,0.181,-,-,-,-,215.50,0.00,0,0.0000,49.32%,7.18%,42.14%,50.68%,0.00%,0.00%,-,-,-4.86,90.66,29 Oct 2023,17 Feb 2024,-,-,13928000.00,Z-EQ,1392800
SBACBANK,SBAC Bank PLC,Bank,Z,5851.76,670.00,7.10,5.97,7.10,4.4760,"646,340",71.3932,-11.1111,6.5350,6.3080,6.4445,6.7279,6.6778,6.5424,0.1354,0.0891,6.9468,6.1232,10.4500,1357610.1380,6.7733,6.7179,6.6129,1.5996,0.0000,0.0000,0.0000,-,-,-,-,-,0.274,0.002,-,0.000,0.001,0.000,-,6.70,0.40,228,4.4760,27.58%,12.28%,15.30%,72.42%,0.00%,0.00%,-,-,0.01,13.61,30 Apr 2026,15 Jun 2026,670.00,11.96,8241916500.00,Z-EQ,824191650
SEAPEARL,Sea Pearl Beach Resort & Spa Limited,Travel & Leisure,B,4793.78,16.77,39.70,2.06,39.70,22.5450,"571,161",49.5560,-84.5070,40.7300,37.8080,36.1365,40.5209,40.5854,39.8631,0.7223,1.2039,45.6359,35.8241,502.6200,-1692010.2451,40.4022,40.7910,41.1443,1.2769,0.0000,0.0000,0.0000,0.25,0.303,0.070,0.303,-,0.212,-,0.706,-,-,-,-,38.90,0.80,942,22.5450,53.17%,10.26%,42.91%,46.83%,0.00%,0.00%,-,1.00,-2.46,15.28,28 Oct 2025,-,16.77,-,1207500000.00,B-EQ,120750000
SEB1PBOND,Southeast Bank 1st Perpetual Bond,Corporate Bond,A,460.00,-,0.00,0.00,4600.00,0.0000,0,,,,,,,,,,,,,,,,,,,,,,0.02,-,-,-,-,-,-,-,-,-,-,-,4600.00,0.00,0,0.0000,0.00%,0.00%,0.00%,0.00%,0.00%,0.00%,-,10.00,0.00,0.00,04 Sep 2025,-,-,-,1000000.00,A-CB,100000
SEMLFBSLGF,SEML FBLSL Growth Fund,Mutual Funds,A,532.49,-,7.40,1.39,7.30,5.3940,"728,580",69.0210,-40.0000,6.7050,5.9520,5.2815,7.1201,7.0167,6.5993,0.4174,0.3867,7.7523,5.6577,243.4500,-393406.0274,7.2178,7.1577,6.9671,1.2185,0.0000,0.0000,0.0000,-,-,-,-,-,-,-,-,-,-,-,-,7.20,0.10,158,5.3940,85.61%,19.50%,66.11%,14.39%,0.00%,0.00%,-,-,-0.01,9.10,17 Aug 2025,-,-,11.02,729445000.00,A-MF,72944500
SEMLIBBLSF,SEML IBBL Shariah Fund,Mutual Funds,A,810.00,55.71,8.10,3.85,8.10,1.2290,"151,864",65.9191,-36.3636,7.6750,6.8220,6.2600,7.9453,7.8725,7.5016,0.3709,0.3854,8.4747,6.8753,62.9800,13509.2603,8.0156,7.9923,7.8667,0.9123,0.0000,0.0000,0.0000,-,-,-,-,-,-,-,-,-,-,-,-,7.80,0.30,63,1.2290,50.00%,27.29%,22.71%,50.00%,0.00%,0.00%,-,-,0.14,9.51,14 Aug 2025,-,55.71,36.56,1000000000.00,A-MF,100000000
SEMLLECMF,SEML Lecture Equity Management Fund,Mutual Funds,A,370.00,17.21,0.00,0.00,7.40,0.0000,0,47.8867,-80.0000,7.3950,7.2540,8.5355,7.5592,7.5348,7.4870,0.0479,0.0169,7.9436,6.8464,787.0200,-2198428.9748,7.6178,7.6038,7.5110,0.8718,0.0000,0.0000,0.0000,-,-,-,-,-,-,-,-,-,-,-,-,7.40,0.00,0,0.0000,90.00%,26.10%,63.90%,10.00%,0.00%,0.00%,-,-,0.43,9.74,17 Aug 2025,-,17.21,5.97,500000000.00,A-MF,50000000
SHAHJABANK,Shahjalal Islami Bank PLC.,Bank,A,19476.95,5.20,17.50,1.74,17.50,2.6070,"149,825",51.8435,-50.0000,17.5850,17.0240,17.1450,17.5157,17.5228,17.4313,0.0914,0.1499,17.9649,17.2051,9.4900,-196067.9091,17.5178,17.5462,17.5552,0.5373,0.0000,0.0000,0.0000,7.43,-,-,-,-,0.674,0.172,-,0.009,0.142,0.010,-,17.20,0.30,130,2.6070,56.99%,24.23%,32.76%,43.01%,0.00%,0.00%,-,13.00,3.31,23.07,09 Apr 2026,24 May 2026,5.20,3.10,11129683510.00,A-EQ,1112968351
SHARPIND,Sharp Industries PLC,Textile,B,11076.00,312.73,36.50,6.10,36.50,154.7440,"4,297,837",84.7793,-3.7313,28.8650,22.2780,16.4185,33.4580,32.3778,28.3267,4.0511,3.5852,39.2988,18.4312,277.1400,2871726.5069,34.5422,33.8872,31.6019,1.3711,0.0000,0.0000,0.0000,-,1.048,-,0.594,-,-,-,-,-,-,-,-,34.40,2.10,"2,877",154.7440,63.37%,25.18%,38.17%,36.63%,0.00%,0.02%,-,-,0.11,10.08,27 Oct 2025,21 Dec 2025,312.73,-,3034521090.00,B-EQ,303452109
SHASHADNIM,Shasha Denims PLC,Textile,B,4033.63,18.34,28.60,-0.69,28.60,56.1750,"1,960,233",80.8110,-24.3243,26.8150,24.3480,19.3705,27.9657,27.6617,26.3926,1.2691,1.1986,29.3674,24.2626,239.2200,36395.3817,28.2267,28.0269,27.4838,1.1850,0.0000,0.0000,0.0000,1.75,1.131,-,0.699,-,-,-,-,0.001,0.001,-,-,28.80,-0.20,889,56.1750,55.60%,25.00%,30.25%,44.40%,0.00%,0.35%,-,5.00,1.57,41.84,29 Oct 2025,23 Dec 2025,18.34,55.38,1410359100.00,B-EQ,141035910
SHEPHERD,Shepherd Industries PLC,Textile,B,2603.39,415.00,16.90,1.81,16.90,19.0200,"1,123,364",52.8946,-66.6667,16.8900,16.4560,14.3620,16.8164,16.8202,16.7306,0.0896,0.1401,17.4005,16.3795,418.4000,-2843265.8535,16.7956,16.8026,16.8619,1.0923,0.0000,0.0000,0.0000,0.59,1.287,-,0.510,-,-,-,-,-,-,-,-,16.60,0.30,570,19.0200,55.01%,24.38%,28.16%,44.99%,0.00%,2.47%,-,1.00,0.04,13.41,29 Oct 2025,30 Dec 2025,415.00,-,1540464730.00,B-EQ,154046473
SHURWID,Shurwid Industries Limited,Engineering,Z,344.21,4.28,6.00,1.69,6.00,0.0980,"16,370",39.5109,-80.0000,6.2400,6.3940,5.5250,6.0135,6.0602,6.2270,-0.1668,-0.1427,6.9093,5.5707,52.5000,-120779.0046,5.9667,5.9718,6.0843,1.4777,0.0000,0.0000,0.0000,16.67,5.671,0.087,5.525,-,0.407,0.369,0.483,0.088,0.113,-,-,5.90,0.10,25,0.0980,87.99%,9.75%,78.24%,12.01%,0.00%,0.00%,-,10.00,1.38,12.21,03 Nov 2019,30 Dec 2019,4.28,2.34,573677500.00,Z-EQ,57367750
SHYAMPSUG,Shyampur Sugar Mills Limited,Food & Allied,Z,1554.00,-,310.80,0.29,310.80,5.0390,"16,184",58.1114,-72.3724,305.2700,226.9900,181.8650,317.1323,313.4995,285.4876,28.0119,33.2162,369.3666,241.1734,235.7400,-6069.8632,321.1622,322.6641,317.8071,0.9178,0.0000,0.0000,0.0000,-,0.037,-,0.028,-,-,-,-,-,0.039,-,-,309.90,0.90,219,5.0390,49.00%,9.69%,39.31%,0.00%,51.00%,0.00%,-,-,-50.77,-1310.44,27 Oct 2025,15 Dec 2025,-,-,50000000.00,Z-EQ,5000000
SIBL,Social Islami Bank PLC,Bank,A,3420.47,-,0.00,0.00,3.00,0.0000,0,31.3124,-100.0000,3.7100,4.3600,7.5535,3.3115,3.4113,3.8136,-0.4023,-0.3725,4.6456,2.7744,59.6900,-962520.2054,3.2244,3.2923,3.4724,1.2908,0.0000,0.0000,0.0000,-,-,-,-,-,-,-,-,-,-,-,-,3.00,0.00,0,0.0000,88.38%,68.54%,18.97%,11.62%,0.00%,0.87%,-,-,-0.89,18.15,01 Jun 2025,18 Aug 2025,-,-,11401551000.00,A-EQ,1140155100
SICL,Sikder Insurance Company Limited,Insurance,B,1520.00,29.53,38.00,0.53,38.00,17.2130,"449,845",45.1897,-79.1045,39.5900,39.1220,25.5575,38.8360,39.0614,39.0594,0.0019,0.4978,42.4608,36.7192,750.0100,-711530.8153,38.2044,38.7013,39.2781,1.4680,0.0000,0.0000,0.0000,2.63,-,-,-,-,-,-,-,-,-,-,-,37.80,0.20,513,17.2130,49.60%,4.25%,45.35%,50.40%,0.00%,0.00%,-,10.00,1.36,13.94,15 Jun 2026,27 Sep 2026,29.53,10.99,400000000.00,B-EQ,40000000
SILCOPHL,Silco Pharmaceuticals Limited,Pharmaceuticals & Chemicals,B,2231.85,50.49,21.50,3.86,21.50,23.4840,"1,105,582",53.9288,-64.2857,21.3850,19.9600,15.6395,21.5021,21.4807,21.0633,0.4174,0.5670,22.5678,20.2022,555.5400,-1911151.1717,21.6111,21.6269,21.4914,1.3515,0.0000,0.0000,0.0000,0.51,4.707,-,2.622,-,0.190,0.099,0.356,0.015,0.018,-,-,20.70,0.80,751,23.4840,64.73%,19.66%,45.07%,35.27%,0.00%,0.00%,-,1.10,0.41,23.02,18 Nov 2025,15 Dec 2025,50.49,48.52,1038070000.00,B-EQ,103807000
SILVAPHL,Silva Pharmaceuticals Ltd.,Pharmaceuticals & Chemicals,B,2306.85,-,16.90,3.68,16.90,21.5740,"1,288,445",63.3482,-37.5000,16.2500,14.2040,11.1025,16.6716,16.5377,15.7294,0.8083,0.8945,17.8161,14.6839,481.6300,-1267538.8683,16.8356,16.8051,16.5667,1.5289,0.0000,0.0000,0.0000,-,14.899,-,6.945,-,-,-,0.267,-,-,-,-,16.30,0.60,699,21.5740,54.79%,22.52%,32.26%,45.21%,0.00%,0.01%,-,-,-0.97,15.48,29 Oct 2025,30 Dec 2025,-,-,1365000000.00,B-EQ,136500000
SIMTEX,Simtex Industries PLC.,Textile,A,2164.99,26.02,27.20,1.49,27.20,23.6730,"871,597",48.8660,-82.7586,27.8450,26.2600,25.2200,27.5939,27.6413,27.3537,0.2875,0.5269,28.9884,26.7016,983.5300,-2409229.1408,27.5422,27.6936,27.8290,1.2426,0.0000,0.0000,0.0000,3.68,1.982,-,1.689,-,-,-,-,-,-,-,-,26.80,0.40,602,23.6730,68.35%,11.67%,56.68%,31.65%,0.00%,0.00%,-,10.00,1.03,22.43,28 Oct 2025,24 Dec 2025,26.02,20.94,795953810.00,A-EQ,79595381
SINGERBD,Singer Bangladesh Limited,Engineering,Z,7886.49,-,79.10,0.00,79.10,3.4250,"43,319",53.2210,-41.6667,77.8900,79.4940,87.8440,77.7805,77.7357,78.3584,-0.6227,-1.0142,82.6702,73.1098,16.6100,-95392.5004,77.8844,77.4949,77.3762,0.6800,0.0000,0.0000,0.0000,-,0.715,36.911,0.326,-,0.026,-,0.242,-,-,-,-,79.10,0.00,272,3.4250,43.00%,29.44%,13.56%,57.00%,0.00%,0.00%,-,-,-22.56,1.69,01 Feb 2026,20 Apr 2026,-,-,997028380.00,Z-EQ,99702838
SINOBANGLA,Sinobangla Industries Limited,Miscellaneous,A,1729.84,44.49,57.10,1.06,57.10,19.6060,"342,092",46.7478,-85.2459,58.4200,56.4500,49.5360,57.8034,57.9408,57.7203,0.2205,0.6261,60.1400,56.7000,724.8500,-1106404.9106,57.6800,57.9577,58.2386,1.4930,0.0000,0.0000,0.0000,1.75,1.076,-,0.665,0.022,0.058,0.013,0.110,0.013,0.048,-,-,56.50,0.60,697,19.6060,69.39%,7.03%,62.28%,30.61%,0.00%,0.08%,-,10.00,1.27,26.39,28 Oct 2025,26 Jan 2026,44.49,39.60,302948490.00,A-EQ,30294849
SIPLC,Sena Insurance PLC,Insurance,A,4664.00,21.86,116.60,3.19,116.60,114.6800,"991,592",68.4502,-7.5145,109.4200,97.8720,67.9180,111.4324,110.7419,106.9088,3.8332,4.1206,115.4555,103.3845,183.7400,459566.7931,111.5044,111.2872,110.3790,1.5101,0.0000,0.0000,0.0000,1.29,-,-,-,-,-,-,-,-,-,-,-,113.00,3.60,937,114.6800,40.00%,9.71%,30.29%,60.00%,0.00%,0.00%,-,15.00,5.17,28.58,17 Feb 2026,31 Mar 2026,21.86,16.67,400000000.00,A-EQ,40000000
SJIBLPBOND,SJIBL Mudaraba Perpetual Bond,Corporate Bond,A,474.35,-,0.00,0.00,4743.50,0.0000,0,48.1106,-32.7429,4593.4750,4790.5000,0.0000,4670.9898,4694.0488,4818.2166,-124.1677,-131.9602,5759.2149,3427.7351,147.6200,-1751.7031,4693.3889,4679.3526,4618.7000,-0.0894,0.0000,0.0000,0.0000,0.02,-,-,-,-,-,-,-,-,-,-,-,4743.50,0.00,0,0.0000,0.00%,0.00%,0.00%,0.00%,0.00%,0.00%,-,-,0.00,0.00,-,-,-,-,1000000.00,A-CB,100000
SKTRIMS,SK Trims & Industries Limited,Miscellaneous,Z,1236.62,26.30,14.60,2.82,14.60,2.9430,"202,613",58.9853,-25.0000,13.9950,13.5220,9.5180,14.2962,14.2360,13.9501,0.2859,0.2883,14.7430,13.2470,81.9800,-142622.0131,14.3822,14.3077,14.1276,1.2203,0.0000,0.0000,0.0000,-,2.441,-,1.611,0.057,0.065,0.041,0.118,0.027,0.034,-,-,14.20,0.40,129,2.9430,68.77%,26.66%,42.11%,31.23%,0.00%,0.00%,-,-,-3.33,12.03,01 Jun 2026,-,26.30,-,847000000.00,Z-EQ,84700000
SONALIANSH,Sonali Aansh Industries Limited,Jute,A,2322.56,23.40,214.10,4.08,214.10,34.0940,"161,692",59.3474,-63.1746,211.5550,196.0020,188.0380,212.1916,211.8275,206.4049,5.4226,7.1749,229.9193,193.1907,429.5700,-275726.6624,211.7244,213.4449,213.7410,1.3084,0.0000,0.0000,0.0000,0.70,1.983,-,1.538,0.073,0.069,0.055,0.114,0.070,0.268,-,-,205.70,8.40,"1,455",34.0940,68.98%,9.61%,59.37%,31.02%,0.00%,0.00%,-,15.00,8.79,32.81,19 Nov 2025,31 Dec 2025,23.40,27.45,108480000.00,A-EQ,10848000
SONALILIFE,Sonali Life Insurance PLC,Insurance,A,3999.50,48.61,84.20,0.12,84.20,13.0840,"154,545",50.9608,-64.8649,84.7100,82.4720,70.3480,84.8847,84.8482,84.0213,0.8270,1.1360,86.8679,82.5521,241.3600,-227443.1201,85.0422,84.9526,84.8310,1.2966,0.0000,0.0000,0.0000,1.78,-,-,-,-,-,-,-,-,-,-,-,84.10,0.10,446,13.0840,45.15%,5.18%,39.97%,54.85%,0.00%,0.00%,-,15.00,1.62,32.15,13 Jul 2026,27 Aug 2026,48.61,-,475000000.00,A-EQ,47500000
SONALIPAPR,Sonali Paper & Board Mills Limited,Paper & Printing,A,7910.14,32.66,240.10,2.52,240.10,32.4480,"136,277",50.6348,-69.6793,241.7850,233.4300,235.6905,241.8021,241.9649,239.6724,2.2926,3.7291,259.1842,224.3858,174.9700,-258804.9966,241.5000,243.2808,243.4152,1.2855,0.0000,0.0000,0.0000,1.67,0.981,-,0.610,0.100,0.137,0.084,0.163,0.033,0.043,-,-,234.20,5.90,"1,323",32.4480,32.49%,6.44%,26.05%,67.51%,0.00%,0.00%,-,40.00,7.17,167.90,28 Oct 2025,18 Dec 2025,32.66,26.74,329451880.00,A-EQ,32945188
SONARBAINS,Sonar Bangla Insurance Limited,Insurance,A,1686.37,194.00,38.20,-1.55,38.20,9.3570,"243,228",34.5554,-95.9596,43.7650,43.8120,31.8130,40.3925,41.1016,42.4417,-1.3401,-0.4135,50.7967,36.7333,743.3600,-934931.0744,39.4978,40.3436,42.1533,1.4192,0.0000,0.0000,0.0000,1.31,-,-,-,-,-,-,-,-,-,-,-,38.80,-0.60,597,9.3570,60.48%,15.75%,44.73%,39.52%,0.00%,0.00%,5.00,5.00,0.69,20.02,10 May 2026,13 Aug 2026,194.00,37.31,441456920.00,A-EQ,44145692
SONARGAON,Sonargaon Textiles Limited,Textile,B,2551.42,-,96.40,-0.10,96.40,16.7630,"173,275",61.4705,-25.6039,93.5950,76.5700,43.1975,93.8169,93.2193,88.8171,4.4022,5.1614,101.6711,85.5189,589.6500,-206233.8167,93.8111,92.9910,93.0671,1.4783,0.0000,0.0000,0.0000,-,13.694,-,0.558,-,-,-,-,-,-,-,-,96.50,-0.10,733,16.7630,55.55%,28.19%,27.35%,44.45%,0.00%,0.01%,-,-,-0.80,18.35,27 Oct 2025,29 Dec 2025,-,-,264670560.00,B-EQ,26467056
SOUTHEASTB,Southeast Bank PLC.,Bank,A,15454.95,4.26,10.80,0.93,10.80,29.0990,"2,692,501",62.7309,-30.7692,10.3850,10.1300,9.4970,10.5759,10.5198,10.3461,0.1737,0.1324,10.8496,9.9204,34.8900,-189121.5454,10.6289,10.5667,10.4595,0.9172,0.0000,0.0000,0.0000,2.78,-,-,-,-,0.604,0.169,-,0.006,0.097,0.007,-,10.70,0.10,434,29.0990,68.73%,35.62%,31.89%,31.27%,0.00%,1.22%,7.00,3.00,2.51,25.74,30 Apr 2026,23 Jul 2026,4.26,3.26,14310141350.00,A-EQ,1431014135
SPCERAMICS,Shinepukur Ceramics PLC.,Ceramics Sector,B,3306.74,138.13,22.50,1.81,22.50,14.7120,"652,890",40.9629,-83.7209,23.9450,23.5140,18.6645,23.2643,23.4166,23.5738,-0.1572,0.1031,25.4633,22.4267,431.0300,-2355408.7790,23.1711,23.3513,23.6557,1.5364,0.0000,0.0000,0.0000,0.89,-,-,-,-,-,-,0.136,-,-,-,-,22.10,0.40,637,14.7120,50.00%,5.83%,44.17%,50.00%,0.00%,0.00%,-,2.00,0.16,31.22,29 Oct 2024,30 Dec 2024,138.13,-,1469660550.00,B-EQ,146966055
SPCL,Shahjibazar Power Co. Ltd.,Fuel & Power,A,10470.03,21.98,56.10,0.90,56.10,16.9440,"301,464",47.1115,-84.9057,57.3750,55.5060,49.9465,56.8427,56.9398,56.6041,0.3357,0.7068,60.1149,54.6351,176.3600,-889768.5212,56.7133,57.0103,57.3776,1.0522,0.0000,0.0000,0.0000,3.57,1.341,-,0.949,0.064,0.082,0.038,0.096,0.036,0.062,-,-,55.60,0.50,452,16.9440,46.62%,17.10%,29.52%,53.38%,0.00%,0.00%,-,20.00,2.53,39.25,28 Oct 2025,14 Jan 2026,21.98,9.54,1866316290.00,A-EQ,186631629
SQUARETEXT,Square Textile PLC.,Textile,A,9941.50,6.98,50.40,-0.20,50.40,1.4780,"29,321",50.2839,-86.6667,51.0700,48.8660,49.7520,50.8006,50.8271,50.4103,0.4168,0.6712,52.2649,49.8751,16.9000,-133908.8495,50.7222,50.8846,51.0476,0.9753,0.0000,0.0000,0.0000,6.35,1.340,-,0.726,-,-,-,-,-,-,-,-,50.50,-0.10,131,1.4780,38.17%,24.32%,11.10%,61.83%,0.00%,2.75%,-,32.00,7.24,55.86,22 Oct 2025,15 Dec 2025,6.98,24.59,1972520000.00,A-EQ,197252000
SQURPHARMA,Square Pharmaceuticals PLC.,Pharmaceuticals & Chemicals,A,193600.90,8.12,218.40,-0.55,218.40,157.0670,"717,671",41.1015,-92.4731,222.2650,217.7680,213.2935,220.8677,221.1775,220.8591,0.3185,1.1488,225.8652,218.6648,16.3600,-448621.9638,220.6956,221.1962,221.7157,0.5296,0.0000,0.0000,0.0000,5.49,12.804,0.001,10.561,-,0.275,0.272,0.479,0.141,0.148,-,-,219.60,-1.20,"4,056",157.0670,55.85%,13.80%,27.42%,44.15%,0.00%,14.63%,-,120.00,27.04,157.88,23 Oct 2025,15 Dec 2025,8.12,7.07,8864510100.00,A-EQ,886451010
SSSTEEL,S.S. Steel Limited,Engineering,Z,2366.16,42.94,7.20,-1.37,7.20,4.2610,"584,728",57.3208,-50.0000,7.1950,6.2000,4.9325,7.2554,7.2274,6.9531,0.2743,0.3419,7.6560,6.7340,119.1700,-802280.6388,7.2778,7.2654,7.2538,1.7284,0.0000,0.0000,0.0000,2.78,2.240,-,1.157,-,0.106,0.002,0.129,0.002,0.007,-,-,7.30,-0.10,296,4.2610,69.06%,7.54%,61.52%,30.94%,0.00%,0.00%,-,2.00,0.17,23.87,17 Nov 2024,31 Dec 2024,42.94,-,3286332000.00,Z-EQ,328633200
STANCERAM,Standard Ceramic Industries Ltd.,Ceramics Sector,Z,469.69,-,73.80,1.11,72.70,0.3540,"4,889",51.3658,-80.4598,72.4700,71.8920,69.3425,72.6072,72.6060,72.3419,0.2641,0.3856,75.0890,69.8510,90.9300,-24971.2277,72.6511,72.8026,72.7276,1.0424,0.0000,0.0000,0.0000,-,-,-,-,-,-,-,-,-,-,-,-,71.90,0.80,108,0.3540,71.76%,6.95%,64.81%,28.24%,0.00%,0.00%,-,-,-23.02,-37.84,17 Nov 2024,26 Dec 2024,-,-,64606500.00,Z-EQ,6460650
STANDARINS,Standard Insurance PLC,Insurance,A,2121.53,20.04,49.00,1.03,49.00,4.6330,"94,487",42.6696,-75.7282,51.8600,50.7380,42.4550,49.7556,50.2505,50.9585,-0.7080,0.0457,57.0019,46.7181,241.2100,-288691.2633,48.9978,49.8590,51.0476,1.2160,0.0000,0.0000,0.0000,2.45,-,-,-,-,-,-,-,-,-,-,-,48.50,0.50,268,4.6330,35.72%,12.78%,22.94%,64.28%,0.00%,0.00%,-,12.00,2.42,22.15,30 Apr 2026,29 Jun 2026,20.04,17.08,432965920.00,A-EQ,43296592
STANDBANKL,Standard Islami Bank PLC.,Bank,Z,5690.80,6.89,5.10,0.00,5.10,1.4270,"279,801",67.0737,-28.5714,4.8200,4.6400,5.0550,4.9941,4.9515,4.8348,0.1167,0.0781,5.1789,4.4611,11.9600,92924.9642,5.0422,4.9910,4.8995,0.9781,0.0000,0.0000,0.0000,-,-,-,-,-,0.318,0.128,-,0.003,0.043,0.003,-,5.10,0.00,100,1.4270,66.47%,30.07%,36.40%,33.53%,0.00%,0.00%,-,-,0.72,16.94,30 Apr 2026,30 Jul 2026,6.89,63.75,11158423080.00,Z-EQ,1115842308
STYLECRAFT,Stylecraft Limited,Textile,Z,810.87,-,58.40,1.92,58.40,0.7940,"13,542",53.3651,-66.3551,58.0100,54.8360,52.2650,59.0854,58.9482,57.5601,1.3881,1.7400,64.8056,51.2144,101.1400,-19802.4789,59.3511,59.7282,59.2348,1.3804,0.0000,0.0000,0.0000,-,1.409,-,0.779,-,-,-,-,-,-,-,-,57.30,1.10,97,0.7940,67.97%,7.51%,60.46%,32.03%,0.00%,0.00%,-,-,-1.08,4.62,29 Oct 2025,11 Dec 2025,-,-,138847500.00,Z-EQ,13884750
SUMITPOWER,Summit Power Limited,Fuel & Power,A,17726.76,43.68,16.60,0.00,16.60,12.4880,"750,288",54.0794,-81.2500,16.7750,15.3920,13.9805,16.8410,16.8197,16.4125,0.4072,0.5521,18.0951,15.4549,50.9100,-1024684.0557,16.8400,16.9333,16.9481,0.9148,0.0000,0.0000,0.0000,6.33,1.490,-,1.454,0.087,0.133,0.080,0.145,0.033,0.055,-,-,16.60,0.00,588,12.4880,36.81%,18.20%,14.96%,63.19%,0.00%,3.65%,-,10.50,0.38,40.57,23 Oct 2025,24 Dec 2025,43.68,8.47,10678772390.00,A-EQ,1067877239
SUNLIFEINS,Sunlife Insurance Company Limited,Insurance,B,2403.12,-,67.20,-0.74,67.20,10.2840,"152,285",42.3437,-90.1840,72.0900,71.4840,59.4155,69.0420,69.6717,70.9095,-1.2378,-0.4374,80.2815,63.8985,710.8000,-360131.2559,68.0889,68.7987,70.7557,0.9194,0.0000,0.0000,0.0000,-,-,-,-,-,-,-,-,-,-,-,-,67.70,-0.50,540,10.2840,64.34%,11.83%,52.51%,35.66%,0.00%,0.00%,-,-,0.00,0.00,14 Jun 2026,03 Sep 2026,-,-,357606900.00,B-EQ,35760690
TAKAFULINS,Takaful Islami Insurance PLC.,Insurance,A,2129.35,39.75,50.00,3.95,50.00,19.3430,"394,882",65.6181,-28.5714,47.9000,41.1000,35.2860,48.3616,48.0779,45.8762,2.2017,2.6149,52.5918,43.2082,187.9100,7240.8271,48.3600,48.5013,48.5033,0.9848,0.0000,0.0000,0.0000,2.00,-,-,-,-,-,-,-,-,-,-,-,48.10,1.90,803,19.3430,51.07%,21.41%,29.58%,48.93%,0.00%,0.08%,-,10.00,1.21,18.44,30 Apr 2026,20 Jun 2026,39.75,17.43,425869770.00,A-EQ,42586977
TALLUSPIN,Tallu Spinning Mills Limited,Textile,Z,732.55,-,8.30,0.00,8.20,2.0570,"250,769",51.4957,-40.0000,8.1250,8.2620,7.1995,8.1245,8.1255,8.1645,-0.0390,-0.0551,8.3183,7.9317,68.2700,-279332.3611,8.1178,8.1026,8.1095,1.3470,0.0000,0.0000,0.0000,-,1.346,-,0.734,-,-,-,-,-,-,-,-,8.20,0.00,81,2.0570,70.39%,14.15%,55.89%,29.61%,0.00%,0.35%,-,-,-2.79,13.34,29 Sep 2025,12 Nov 2025,-,-,893353750.00,Z-EQ,89335375
TAMIJTEX,Tamijuddin Textile Mills PLC,Textile,A,4338.95,19.39,131.20,0.85,131.20,7.6760,"58,488",48.0932,-87.0748,134.2550,128.6640,124.3550,133.1044,133.3138,132.3238,0.9900,1.9159,140.1296,128.3804,140.8500,-133877.5993,132.8800,133.7462,134.0838,1.4941,0.0000,0.0000,0.0000,0.91,1.223,-,0.438,-,-,-,-,-,-,-,-,130.10,1.10,404,7.6760,38.77%,3.04%,35.73%,61.23%,0.00%,0.00%,10.00,12.00,6.71,102.79,30 Oct 2025,30 Dec 2025,19.39,23.92,330712430.00,A-EQ,33071243
TB10Y0127,10Y BGTB 18/01/2027,G-SEC (T.Bond),A,0.00,-,0.00,0.01,98.67,0.0000,0,,,,,,,,,,,,,,,,,,,,,,-,-,-,-,-,-,-,-,-,-,-,-,98.66,0.01,0,0.0000,0.00%,0.00%,0.00%,0.00%,0.00%,0.00%,-,-,0.00,0.00,-,-,-,-,-,A-GOVDBT,-
TB10Y0130,10Y BGTB 22/01/2030,G-SEC (T.Bond),A,0.00,-,0.00,-0.17,98.02,0.0000,0,,,,,,,,,,,,,,,,,,,,,,-,-,-,-,-,-,-,-,-,-,-,-,98.19,-0.17,0,0.0000,0.00%,0.00%,0.00%,0.00%,0.00%,0.00%,-,-,0.00,0.00,-,-,-,-,-,A-GOVDBT,-
TB10Y0132,10Y BGTB 19/01/2032,G-SEC (T.Bond),A,0.00,-,0.00,-0.41,88.07,0.0000,0,,,,,,,,,,,,,,,,,,,,,,-,-,-,-,-,-,-,-,-,-,-,-,88.43,-0.36,0,0.0000,0.00%,0.00%,0.00%,0.00%,0.00%,0.00%,-,-,0.00,0.00,-,-,-,-,-,A-GOVDBT,-
TB10Y0135,10Y BGTB 22/01/2035,G-SEC (T.Bond),A,0.00,-,0.00,-0.01,112.62,0.0000,0,56.3993,-38.6213,112.1965,0.0000,0.0000,109.0925,109.2732,109.9788,-0.7056,-0.6409,117.2674,107.1256,0.0000,-2753.7999,112.0547,112.2419,112.3493,0.1773,0.0000,0.0000,0.0000,-,-,-,-,-,-,-,-,-,-,-,-,112.63,-0.01,0,0.0000,0.00%,0.00%,0.00%,0.00%,0.00%,0.00%,-,-,0.00,0.00,-,-,-,-,-,A-GOVDBT,-
TB10Y0231,10Y BGTB 17/02/2031,G-SEC (T.Bond),A,0.00,-,0.00,-0.37,85.69,0.0000,0,,,,,,,,,,,,,,,,,,,,,,-,-,-,-,-,-,-,-,-,-,-,-,86.01,-0.32,0,0.0000,0.00%,0.00%,0.00%,0.00%,0.00%,0.00%,-,-,0.00,0.00,-,-,-,-,-,A-GOVDBT,-
TB10Y0234,10Y BGTB 22/02/2034,G-SEC (T.Bond),A,0.00,-,0.00,0.10,110.47,0.0000,0,61.5544,-13.1902,110.4590,0.0000,0.0000,107.5430,107.4534,107.2185,0.2349,0.1488,116.8363,104.0817,0.0000,132.1557,110.5358,110.6342,110.5834,0.2741,0.0000,0.0000,0.0000,-,-,-,-,-,-,-,-,-,-,-,-,110.36,0.11,0,0.0000,0.00%,0.00%,0.00%,0.00%,0.00%,0.00%,-,-,0.00,0.00,-,-,-,-,-,A-GOVDBT,-
TB10Y0333,10Y BGTB 15/03/2033,G-SEC (T.Bond),A,0.00,-,0.00,0.01,93.74,0.0000,0,,,,,,,,,,,,,,,,,,,,,,-,-,-,-,-,-,-,-,-,-,-,-,93.73,0.01,0,0.0000,0.00%,0.00%,0.00%,0.00%,0.00%,0.00%,-,-,0.00,0.00,-,-,-,-,-,A-GOVDBT,-
TB10Y0335,10Y BGTB 19/03/2035,G-SEC (T.Bond),A,0.00,-,0.00,0.80,112.77,0.0000,0,,,,,,,,,,,,,,,,,,,,,,-,-,-,-,-,-,-,-,-,-,-,-,111.88,0.89,0,0.0000,0.00%,0.00%,0.00%,0.00%,0.00%,0.00%,-,-,0.00,0.00,-,-,-,-,-,A-GOVDBT,-
TB10Y0429,10Y BGTB 17/04/2029,G-SEC (T.Bond),A,0.00,-,0.00,-0.36,94.26,0.0000,0,,,,,,,,,,,,,,,,,,,,,,-,-,-,-,-,-,-,-,-,-,-,-,94.60,-0.34,0,0.0000,0.00%,0.00%,0.00%,0.00%,0.00%,0.00%,-,-,0.00,0.00,-,-,-,-,-,A-GOVDBT,-
TB10Y0434,10Y BGTB 17/04/2034,G-SEC (T.Bond),A,0.00,-,0.00,0.11,111.26,0.0000,0,59.7282,0.0000,110.5125,0.0000,0.0000,109.4110,109.1525,108.4257,0.7267,0.5011,113.7030,107.3220,0.0000,0.0000,111.3424,111.2103,110.8956,0.2517,0.0000,0.0000,0.0000,-,-,-,-,-,-,-,-,-,-,-,-,111.14,0.12,0,0.0000,0.00%,0.00%,0.00%,0.00%,0.00%,0.00%,-,-,0.00,0.00,-,-,-,-,-,A-GOVDBT,-
TB10Y0530,10Y BGTB 07/05/2030,G-SEC (T.Bond),A,0.00,-,0.00,-0.01,96.29,0.0000,0,,,,,,,,,,,,,,,,,,,,,,-,-,-,-,-,-,-,-,-,-,-,-,96.30,-0.01,0,0.0000,0.00%,0.00%,0.00%,0.00%,0.00%,0.00%,-,-,0.00,0.00,-,-,-,-,-,A-GOVDBT,-
TB10Y0531,10Y BGTB 19/05/2031,G-SEC (T.Bond),A,0.00,-,0.00,-0.48,84.28,0.0000,0,,,,,,,,,,,,,,,,,,,,,,-,-,-,-,-,-,-,-,-,-,-,-,84.69,-0.41,0,0.0000,0.00%,0.00%,0.00%,0.00%,0.00%,0.00%,-,-,0.00,0.00,-,-,-,-,-,A-GOVDBT,-
TB10Y0532,10Y BGTB 25/05/2032,G-SEC (T.Bond),A,0.00,-,0.00,-0.21,91.41,0.0000,0,,,,,,,,,,,,,,,,,,,,,,-,-,-,-,-,-,-,-,-,-,-,-,91.60,-0.19,0,0.0000,0.00%,0.00%,0.00%,0.00%,0.00%,0.00%,-,-,0.00,0.00,-,-,-,-,-,A-GOVDBT,-
TB10Y0535,10Y BGTB 21/05/2035,G-SEC (T.Bond),A,0.00,-,0.00,0.50,110.81,0.0000,0,58.1634,-7.2692,108.8000,0.0000,0.0000,109.2733,108.9684,107.8590,1.1094,0.9619,112.7131,104.8869,0.0000,7448.2958,110.2182,109.9073,109.3545,0.0482,0.0000,0.0000,0.0000,-,-,-,-,-,-,-,-,-,-,-,-,110.26,0.55,0,0.0000,0.00%,0.00%,0.00%,0.00%,0.00%,0.00%,-,-,0.00,0.00,-,-,-,-,-,A-GOVDBT,-
TB10Y0628,10Y BGTB 20/06/2028,G-SEC (T.Bond),A,0.00,-,0.00,-0.05,95.26,0.0000,0,,,,,,,,,,,,,,,,,,,,,,-,-,-,-,-,-,-,-,-,-,-,-,95.31,-0.05,0,0.0000,0.00%,0.00%,0.00%,0.00%,0.00%,0.00%,-,-,0.00,0.00,-,-,-,-,-,A-GOVDBT,-
TB10Y0629,10Y BGTB 19/06/2029,G-SEC (T.Bond),A,0.00,-,0.00,-0.29,96.08,0.0000,0,,,,,,,,,,,,,,,,,,,,,,-,-,-,-,-,-,-,-,-,-,-,-,96.36,-0.28,0,0.0000,0.00%,0.00%,0.00%,0.00%,0.00%,0.00%,-,-,0.00,0.00,-,-,-,-,-,A-GOVDBT,-
TB10Y0630,10Y BGTB 17/06/2030,G-SEC (T.Bond),A,0.00,-,0.00,-0.06,95.89,0.0000,0,,,,,,,,,,,,,,,,,,,,,,-,-,-,-,-,-,-,-,-,-,-,-,95.95,-0.06,0,0.0000,0.00%,0.00%,0.00%,0.00%,0.00%,0.00%,-,-,0.00,0.00,-,-,-,-,-,A-GOVDBT,-
TB10Y0632,10Y BGTB 22/06/2032,G-SEC (T.Bond),A,0.00,-,0.00,-0.17,91.77,0.0000,0,,,,,,,,,,,,,,,,,,,,,,-,-,-,-,-,-,-,-,-,-,-,-,91.93,-0.16,0,0.0000,0.00%,0.00%,0.00%,0.00%,0.00%,0.00%,-,-,0.00,0.00,-,-,-,-,-,A-GOVDBT,-
TB10Y0634,10 Years BGTB 20/06/2034,G-SEC (T.Bond),A,0.00,-,0.00,0.13,114.04,0.0000,0,59.0450,-25.3913,0.0000,0.0000,0.0000,110.2350,109.9151,109.2305,0.6846,0.3043,0.0000,0.0000,0.0000,0.0000,113.8393,113.7351,113.4834,0.3132,0.0000,0.0000,0.0000,-,-,-,-,-,-,-,-,-,-,-,-,113.89,0.15,0,0.0000,0.00%,0.00%,0.00%,0.00%,0.00%,0.00%,-,-,0.00,0.00,-,-,-,-,-,A-GOVDBT,-
TB10Y0730,10Y BGTB 22/07/2030,G-SEC (T.Bond),A,0.00,-,0.00,-0.12,93.28,0.0000,0,,,,,,,,,,,,,,,,,,,,,,-,-,-,-,-,-,-,-,-,-,-,-,93.39,-0.11,0,0.0000,0.00%,0.00%,0.00%,0.00%,0.00%,0.00%,-,-,0.00,0.00,-,-,-,-,-,A-GOVDBT,-
TB10Y0731,10Y BGTB 25/07/2031,G-SEC (T.Bond),A,0.00,-,0.00,-0.58,82.30,0.0000,0,,,,,,,,,,,,,,,,,,,,,,-,-,-,-,-,-,-,-,-,-,-,-,82.78,-0.48,0,0.0000,0.00%,0.00%,0.00%,0.00%,0.00%,0.00%,-,-,0.00,0.00,-,-,-,-,-,A-GOVDBT,-
TB10Y0735,10Y BGTB 23/07/2035,G-SEC (T.Bond),A,30822.00,-,0.00,0.52,102.74,0.0000,0,,,,,,,,,,,,,,,,,,,,,,-,-,-,-,-,-,-,-,-,-,-,-,102.21,0.53,0,0.0000,0.00%,0.00%,0.00%,0.00%,0.00%,0.00%,-,-,0.00,0.00,-,-,-,-,3000000000.00,A-GOVDBT,300000000
TB10Y0829,10Y BGTB 21/08/2029,G-SEC (T.Bond),A,0.00,-,0.00,-0.22,98.47,0.0000,0,,,,,,,,,,,,,,,,,,,,,,-,-,-,-,-,-,-,-,-,-,-,-,98.69,-0.22,0,0.0000,0.00%,0.00%,0.00%,0.00%,0.00%,0.00%,-,-,0.00,0.00,-,-,-,-,-,A-GOVDBT,-
TB10Y0833,10Y BGTB 16/08/2033,G-SEC (T.Bond),A,0.00,-,0.00,-0.02,96.55,0.0000,0,,,,,,,,,,,,,,,,,,,,,,-,-,-,-,-,-,-,-,-,-,-,-,96.57,-0.02,0,0.0000,0.00%,0.00%,0.00%,0.00%,0.00%,0.00%,-,-,0.00,0.00,-,-,-,-,-,A-GOVDBT,-
TB10Y0932,10Y BGTB 21/09/2032,G-SEC (T.Bond),A,0.00,-,0.00,-0.02,91.53,0.0000,0,,,,,,,,,,,,,,,,,,,,,,-,-,-,-,-,-,-,-,-,-,-,-,91.55,-0.02,0,0.0000,0.00%,0.00%,0.00%,0.00%,0.00%,0.00%,-,-,0.00,0.00,-,-,-,-,-,A-GOVDBT,-
TB10Y1027,10Y BGTB 18/10/2027,G-SEC (T.Bond),A,0.00,-,0.00,0.12,96.97,0.0000,0,,,,,,,,,,,,,,,,,,,,,,-,-,-,-,-,-,-,-,-,-,-,-,96.85,0.12,0,0.0000,0.00%,0.00%,0.00%,0.00%,0.00%,0.00%,-,-,0.00,0.00,-,-,-,-,-,A-GOVDBT,-
TB10Y1030,10Y BGTB 21/10/2030,G-SEC (T.Bond),A,0.00,-,0.00,-0.23,85.20,0.0000,0,,,,,,,,,,,,,,,,,,,,,,-,-,-,-,-,-,-,-,-,-,-,-,85.40,-0.20,0,0.0000,0.00%,0.00%,0.00%,0.00%,0.00%,0.00%,-,-,0.00,0.00,-,-,-,-,-,A-GOVDBT,-
TB10Y1031,10Y BGTB 19/10/2031,G-SEC (T.Bond),A,0.00,-,0.00,-0.54,87.25,0.0000,0,,,,,,,,,,,,,,,,,,,,,,-,-,-,-,-,-,-,-,-,-,-,-,87.72,-0.47,0,0.0000,0.00%,0.00%,0.00%,0.00%,0.00%,0.00%,-,-,0.00,0.00,-,-,-,-,-,A-GOVDBT,-
TB10Y1128,10Y BGTB 22/11/2028,G-SEC (T.Bond),A,0.00,-,0.00,-0.10,93.40,0.0000,0,,,,,,,,,,,,,,,,,,,,,,-,-,-,-,-,-,-,-,-,-,-,-,93.49,-0.09,0,0.0000,0.00%,0.00%,0.00%,0.00%,0.00%,0.00%,-,-,0.00,0.00,-,-,-,-,-,A-GOVDBT,-
TB10Y1135,10Y BGTB 19/11/2035,G-SEC (T.Bond),A,25527.50,-,0.00,0.86,102.11,0.0000,0,,,,,,,,,,,,,,,,,,,,,,-,-,-,-,-,-,-,-,-,-,-,-,101.24,0.87,0,0.0000,0.00%,0.00%,0.00%,0.00%,0.00%,0.00%,-,-,0.00,0.00,-,-,-,-,2500000000.00,A-GOVDBT,250000000
TB10Y1229,10Y BGTB 18/12/2029,G-SEC (T.Bond),A,0.00,-,0.00,-0.24,98.38,0.0000,0,,,,,,,,,,,,,,,,,,,,,,-,-,-,-,-,-,-,-,-,-,-,-,98.62,-0.24,0,0.0000,0.00%,0.00%,0.00%,0.00%,0.00%,0.00%,-,-,0.00,0.00,-,-,-,-,-,A-GOVDBT,-
TB10Y1232,10Y BGTB 21/12/2032,G-SEC (T.Bond),A,0.00,-,0.00,-0.70,92.22,0.0000,0,,,,,,,,,,,,,,,,,,,,,,-,-,-,-,-,-,-,-,-,-,-,-,92.87,-0.65,0,0.0000,0.00%,0.00%,0.00%,0.00%,0.00%,0.00%,-,-,0.00,0.00,-,-,-,-,-,A-GOVDBT,-
TB15Y0127,15Y BGTB 18/01/2027,G-SEC (T.Bond),A,0.00,-,0.00,0.01,100.82,0.0000,0,,,,,,,,,,,,,,,,,,,,,,-,-,-,-,-,-,-,-,-,-,-,-,100.81,0.01,0,0.0000,0.00%,0.00%,0.00%,0.00%,0.00%,0.00%,-,-,0.00,0.00,-,-,-,-,-,A-GOVDBT,-
TB15Y0128,15Y BGTB 16/01/2028,G-SEC (T.Bond),A,0.00,-,0.00,-0.12,103.07,0.0000,0,,,,,,,,,,,,,,,,,,,,,,-,-,-,-,-,-,-,-,-,-,-,-,103.19,-0.12,0,0.0000,0.00%,0.00%,0.00%,0.00%,0.00%,0.00%,-,-,0.00,0.00,-,-,-,-,-,A-GOVDBT,-
TB15Y0129,15Y BGTB 29/01/2029,G-SEC (T.Bond),A,0.00,-,0.00,-0.21,104.07,0.0000,0,,,,,,,,,,,,,,,,,,,,,,-,-,-,-,-,-,-,-,-,-,-,-,104.29,-0.22,0,0.0000,0.00%,0.00%,0.00%,0.00%,0.00%,0.00%,-,-,0.00,0.00,-,-,-,-,-,A-GOVDBT,-
TB15Y0227,15Y BGTB 22/02/2027,G-SEC (T.Bond),A,0.00,-,0.00,0.04,101.04,0.0000,0,,,,,,,,,,,,,,,,,,,,,,-,-,-,-,-,-,-,-,-,-,-,-,101.00,0.04,0,0.0000,0.00%,0.00%,0.00%,0.00%,0.00%,0.00%,-,-,0.00,0.00,-,-,-,-,-,A-GOVDBT,-
TB15Y0228,15Y BGTB 20/02/2028,G-SEC (T.Bond),A,0.00,-,0.00,-0.11,103.26,0.0000,0,,,,,,,,,,,,,,,,,,,,,,-,-,-,-,-,-,-,-,-,-,-,-,103.37,-0.11,0,0.0000,0.00%,0.00%,0.00%,0.00%,0.00%,0.00%,-,-,0.00,0.00,-,-,-,-,-,A-GOVDBT,-
TB15Y0229,15Y BGTB 26/02/2029,G-SEC (T.Bond),A,0.00,-,0.00,-0.26,104.04,0.0000,0,,,,,,,,,,,,,,,,,,,,,,-,-,-,-,-,-,-,-,-,-,-,-,104.31,-0.27,0,0.0000,0.00%,0.00%,0.00%,0.00%,0.00%,0.00%,-,-,0.00,0.00,-,-,-,-,-,A-GOVDBT,-
TB15Y0327,15Y BGTB 21/03/2027,G-SEC (T.Bond),A,0.00,-,0.00,0.04,101.23,0.0000,0,,,,,,,,,,,,,,,,,,,,,,-,-,-,-,-,-,-,-,-,-,-,-,101.19,0.04,0,0.0000,0.00%,0.00%,0.00%,0.00%,0.00%,0.00%,-,-,0.00,0.00,-,-,-,-,-,A-GOVDBT,-
TB15Y0328,15Y BGTB 20/03/2028,G-SEC (T.Bond),A,0.00,-,0.00,-0.10,103.41,0.0000,0,,,,,,,,,,,,,,,,,,,,,,-,-,-,-,-,-,-,-,-,-,-,-,103.51,-0.10,0,0.0000,0.00%,0.00%,0.00%,0.00%,0.00%,0.00%,-,-,0.00,0.00,-,-,-,-,-,A-GOVDBT,-
TB15Y0329,15Y BGTB 27/03/2029,G-SEC (T.Bond),A,0.00,-,0.00,-0.32,104.01,0.0000,0,,,,,,,,,,,,,,,,,,,,,,-,-,-,-,-,-,-,-,-,-,-,-,104.34,-0.33,0,0.0000,0.00%,0.00%,0.00%,0.00%,0.00%,0.00%,-,-,0.00,0.00,-,-,-,-,-,A-GOVDBT,-
TB15Y0339,15Y BGTB 27/03/2039,G-SEC (T.Bond),A,0.00,-,0.00,-0.40,114.61,0.0000,0,69.2114,-33.2500,111.3260,0.0000,0.0000,111.0014,111.1809,111.7062,-0.5253,-0.3784,122.5487,100.1033,0.0000,0.0000,112.0560,111.9509,111.8007,-0.1022,0.0000,0.0000,0.0000,-,-,-,-,-,-,-,-,-,-,-,-,115.07,-0.46,0,0.0000,0.00%,0.00%,0.00%,0.00%,0.00%,0.00%,-,-,0.00,0.00,-,-,-,-,-,A-GOVDBT,-
TB15Y0340,15Y BGTB 27/03/2040,G-SEC (T.Bond),A,0.00,-,0.00,-0.43,115.89,0.0000,0,61.0633,0.0000,113.3645,0.0000,0.0000,113.5439,113.4167,113.6099,-0.1932,-0.5636,121.9299,104.7991,0.0000,0.0000,115.4073,115.0808,114.3059,0.3798,0.0000,0.0000,0.0000,-,-,-,-,-,-,-,-,-,-,-,-,116.39,-0.50,0,0.0000,0.00%,0.00%,0.00%,0.00%,0.00%,0.00%,-,-,0.00,0.00,-,-,-,-,-,A-GOVDBT,-
TB15Y0427,15Y BGTB 18/04/2027,G-SEC (T.Bond),A,0.00,-,0.00,0.04,101.44,0.0000,0,,,,,,,,,,,,,,,,,,,,,,-,-,-,-,-,-,-,-,-,-,-,-,101.40,0.04,0,0.0000,0.00%,0.00%,0.00%,0.00%,0.00%,0.00%,-,-,0.00,0.00,-,-,-,-,-,A-GOVDBT,-
TB15Y0428,15Y BGTB 17/04/2028,G-SEC (T.Bond),A,0.00,-,0.00,-0.09,103.43,0.0000,0,,,,,,,,,,,,,,,,,,,,,,-,-,-,-,-,-,-,-,-,-,-,-,103.52,-0.09,0,0.0000,0.00%,0.00%,0.00%,0.00%,0.00%,0.00%,-,-,0.00,0.00,-,-,-,-,-,A-GOVDBT,-
TB15Y0429,15Y BGTB 23/04/2029,G-SEC (T.Bond),A,0.00,-,0.00,-0.33,104.16,0.0000,0,,,,,,,,,,,,,,,,,,,,,,-,-,-,-,-,-,-,-,-,-,-,-,104.51,-0.35,0,0.0000,0.00%,0.00%,0.00%,0.00%,0.00%,0.00%,-,-,0.00,0.00,-,-,-,-,-,A-GOVDBT,-
TB15Y0431,15Y BGTB 27/04/2031,G-SEC (T.Bond),A,0.00,-,0.00,-0.46,91.81,0.0000,0,,,,,,,,,,,,,,,,,,,,,,-,-,-,-,-,-,-,-,-,-,-,-,92.23,-0.42,0,0.0000,0.00%,0.00%,0.00%,0.00%,0.00%,0.00%,-,-,0.00,0.00,-,-,-,-,-,A-GOVDBT,-
TB15Y0437,15Y BGTB 27/04/2037,G-SEC (T.Bond),A,0.00,-,0.00,0.03,86.14,0.0000,0,,,,,,,,,,,,,,,,,,,,,,-,-,-,-,-,-,-,-,-,-,-,-,86.11,0.03,0,0.0000,0.00%,0.00%,0.00%,0.00%,0.00%,0.00%,-,-,0.00,0.00,-,-,-,-,-,A-GOVDBT,-
TB15Y0527,15Y BGTB 23/05/2027,G-SEC (T.Bond),A,0.00,-,0.00,0.04,101.72,0.0000,0,,,,,,,,,,,,,,,,,,,,,,-,-,-,-,-,-,-,-,-,-,-,-,101.68,0.04,0,0.0000,0.00%,0.00%,0.00%,0.00%,0.00%,0.00%,-,-,0.00,0.00,-,-,-,-,-,A-GOVDBT,-
TB15Y0528,15Y BGTB 22/05/2028,G-SEC (T.Bond),A,0.00,-,0.00,-0.08,103.46,0.0000,0,,,,,,,,,,,,,,,,,,,,,,-,-,-,-,-,-,-,-,-,-,-,-,103.54,-0.08,0,0.0000,0.00%,0.00%,0.00%,0.00%,0.00%,0.00%,-,-,0.00,0.00,-,-,-,-,-,A-GOVDBT,-
TB15Y0529,15Y BGTB 28/05/2029,G-SEC (T.Bond),A,0.00,-,0.00,-0.31,104.52,0.0000,0,,,,,,,,,,,,,,,,,,,,,,-,-,-,-,-,-,-,-,-,-,-,-,104.85,-0.33,0,0.0000,0.00%,0.00%,0.00%,0.00%,0.00%,0.00%,-,-,0.00,0.00,-,-,-,-,-,A-GOVDBT,-
TB15Y0535,15Y BGTB 13/05/2035,G-SEC (T.Bond),A,0.00,-,0.00,2.51,93.76,0.0000,0,,,,,,,,,,,,,,,,,,,,,,-,-,-,-,-,-,-,-,-,-,-,-,91.46,2.30,0,0.0000,0.00%,0.00%,0.00%,0.00%,0.00%,0.00%,-,-,0.00,0.00,-,-,-,-,-,A-GOVDBT,-
TB15Y0627,15Y BGTB 20/06/2027,G-SEC (T.Bond),A,0.00,-,0.00,0.04,101.97,0.0000,0,,,,,,,,,,,,,,,,,,,,,,-,-,-,-,-,-,-,-,-,-,-,-,101.93,0.04,0,0.0000,0.00%,0.00%,0.00%,0.00%,0.00%,0.00%,-,-,0.00,0.00,-,-,-,-,-,A-GOVDBT,-
TB15Y0628,15Y BGTB 19/06/2028,G-SEC (T.Bond),A,0.00,-,0.00,-0.06,103.51,0.0000,0,,,,,,,,,,,,,,,,,,,,,,-,-,-,-,-,-,-,-,-,-,-,-,103.57,-0.06,0,0.0000,0.00%,0.00%,0.00%,0.00%,0.00%,0.00%,-,-,0.00,0.00,-,-,-,-,-,A-GOVDBT,-
TB15Y0629,15Y BGTB 25/06/2029,G-SEC (T.Bond),A,0.00,-,0.00,-0.29,104.83,0.0000,0,,,,,,,,,,,,,,,,,,,,,,-,-,-,-,-,-,-,-,-,-,-,-,105.13,-0.30,0,0.0000,0.00%,0.00%,0.00%,0.00%,0.00%,0.00%,-,-,0.00,0.00,-,-,-,-,-,A-GOVDBT,-
TB15Y0635,15Y BGTB 24/06/2035,G-SEC (T.Bond),A,0.00,-,0.00,0.53,92.40,0.0000,0,,,,,,,,,,,,,,,,,,,,,,-,-,-,-,-,-,-,-,-,-,-,-,91.91,0.49,0,0.0000,0.00%,0.00%,0.00%,0.00%,0.00%,0.00%,-,-,0.00,0.00,-,-,-,-,-,A-GOVDBT,-
TB15Y0637,15Y BGTB 29/06/2037,G-SEC (T.Bond),A,0.00,-,0.00,-0.09,89.68,0.0000,0,,,,,,,,,,,,,,,,,,,,,,-,-,-,-,-,-,-,-,-,-,-,-,89.76,-0.08,0,0.0000,0.00%,0.00%,0.00%,0.00%,0.00%,0.00%,-,-,0.00,0.00,-,-,-,-,-,A-GOVDBT,-
TB15Y0727,15Y BGTB 18/07/2027,G-SEC (T.Bond),A,0.00,-,0.00,0.06,102.21,0.0000,0,,,,,,,,,,,,,,,,,,,,,,-,-,-,-,-,-,-,-,-,-,-,-,102.15,0.06,0,0.0000,0.00%,0.00%,0.00%,0.00%,0.00%,0.00%,-,-,0.00,0.00,-,-,-,-,-,A-GOVDBT,-
TB15Y0728,15Y BGTB 24/07/2028,G-SEC (T.Bond),A,0.00,-,0.00,-0.05,103.53,0.0000,0,,,,,,,,,,,,,,,,,,,,,,-,-,-,-,-,-,-,-,-,-,-,-,103.58,-0.05,0,0.0000,0.00%,0.00%,0.00%,0.00%,0.00%,0.00%,-,-,0.00,0.00,-,-,-,-,-,A-GOVDBT,-
TB15Y0729,15Y BGTB 23/07/2029,G-SEC (T.Bond),A,0.00,-,0.00,-0.26,104.90,0.0000,0,,,,,,,,,,,,,,,,,,,,,,-,-,-,-,-,-,-,-,-,-,-,-,105.17,-0.27,0,0.0000,0.00%,0.00%,0.00%,0.00%,0.00%,0.00%,-,-,0.00,0.00,-,-,-,-,-,A-GOVDBT,-
TB15Y0730,15Y BGTB 29/07/2030,G-SEC (T.Bond),A,0.00,-,0.00,-0.13,100.27,0.0000,0,,,,,,,,,,,,,,,,,,,,,,-,-,-,-,-,-,-,-,-,-,-,-,100.40,-0.13,0,0.0000,0.00%,0.00%,0.00%,0.00%,0.00%,0.00%,-,-,0.00,0.00,-,-,-,-,-,A-GOVDBT,-
TB15Y0736,15Y BGTB 28/07/2036,G-SEC (T.Bond),A,0.00,-,0.00,0.55,72.52,0.0000,0,,,,,,,,,,,,,,,,,,,,,,-,-,-,-,-,-,-,-,-,-,-,-,72.12,0.40,0,0.0000,0.00%,0.00%,0.00%,0.00%,0.00%,0.00%,-,-,0.00,0.00,-,-,-,-,-,A-GOVDBT,-
TB15Y0826,15Y BGTB 17/08/2026,G-SEC (T.Bond),A,0.00,-,0.00,-0.01,100.00,0.0000,0,,,,,,,,,,,,,,,,,,,,,,-,-,-,-,-,-,-,-,-,-,-,-,100.01,-0.01,0,0.0000,0.00%,0.00%,0.00%,0.00%,0.00%,0.00%,-,-,0.00,0.00,-,-,-,-,-,A-GOVDBT,-
TB15Y0828,15Y BGTB 29/08/2028,G-SEC (T.Bond),A,0.00,-,0.00,-0.03,103.49,0.0000,0,,,,,,,,,,,,,,,,,,,,,,-,-,-,-,-,-,-,-,-,-,-,-,103.52,-0.03,0,0.0000,0.00%,0.00%,0.00%,0.00%,0.00%,0.00%,-,-,0.00,0.00,-,-,-,-,-,A-GOVDBT,-
TB15Y0829,15Y BGTB 27/08/2029,G-SEC (T.Bond),A,0.00,-,0.00,-0.22,104.54,0.0000,0,,,,,,,,,,,,,,,,,,,,,,-,-,-,-,-,-,-,-,-,-,-,-,104.77,-0.23,0,0.0000,0.00%,0.00%,0.00%,0.00%,0.00%,0.00%,-,-,0.00,0.00,-,-,-,-,-,A-GOVDBT,-
TB15Y0840,15Y BGTB 27/08/2040,G-SEC (T.Bond),A,0.00,-,0.00,0.01,100.95,0.0000,0,,,,,,,,,,,,,,,,,,,,,,-,-,-,-,-,-,-,-,-,-,-,-,100.94,0.01,0,0.0000,0.00%,0.00%,0.00%,0.00%,0.00%,0.00%,-,-,0.00,0.00,-,-,-,-,-,A-GOVDBT,-
TB15Y0926,15Y BGTB 21/09/2026,G-SEC (T.Bond),A,0.00,-,0.00,-0.02,100.09,0.0000,0,,,,,,,,,,,,,,,,,,,,,,-,-,-,-,-,-,-,-,-,-,-,-,100.11,-0.02,0,0.0000,0.00%,0.00%,0.00%,0.00%,0.00%,0.00%,-,-,0.00,0.00,-,-,-,-,-,A-GOVDBT,-
TB15Y0927,15Y BGTB 19/09/2027,G-SEC (T.Bond),A,0.00,-,0.00,0.10,102.41,0.0000,0,,,,,,,,,,,,,,,,,,,,,,-,-,-,-,-,-,-,-,-,-,-,-,102.31,0.10,0,0.0000,0.00%,0.00%,0.00%,0.00%,0.00%,0.00%,-,-,0.00,0.00,-,-,-,-,-,A-GOVDBT,-
TB15Y0928,15Y BGTB 25/09/2028,G-SEC (T.Bond),A,0.00,-,0.00,-0.03,103.59,0.0000,0,,,,,,,,,,,,,,,,,,,,,,-,-,-,-,-,-,-,-,-,-,-,-,103.62,-0.03,0,0.0000,0.00%,0.00%,0.00%,0.00%,0.00%,0.00%,-,-,0.00,0.00,-,-,-,-,-,A-GOVDBT,-
TB15Y0929,15Y BGTB 24/09/2029,G-SEC (T.Bond),A,0.00,-,0.00,-0.19,104.59,0.0000,0,,,,,,,,,,,,,,,,,,,,,,-,-,-,-,-,-,-,-,-,-,-,-,104.79,-0.20,0,0.0000,0.00%,0.00%,0.00%,0.00%,0.00%,0.00%,-,-,0.00,0.00,-,-,-,-,-,A-GOVDBT,-
TB15Y0930,15Y BGTB 23/09/2030,G-SEC (T.Bond),A,0.00,-,0.00,-0.20,94.78,0.0000,0,,,,,,,,,,,,,,,,,,,,,,-,-,-,-,-,-,-,-,-,-,-,-,94.97,-0.19,0,0.0000,0.00%,0.00%,0.00%,0.00%,0.00%,0.00%,-,-,0.00,0.00,-,-,-,-,-,A-GOVDBT,-
TB15Y0933,15Y BGTB 26/09/2033,G-SEC (T.Bond),A,0.00,-,0.00,0.01,86.26,0.0000,0,,,,,,,,,,,,,,,,,,,,,,-,-,-,-,-,-,-,-,-,-,-,-,86.25,0.01,0,0.0000,0.00%,0.00%,0.00%,0.00%,0.00%,0.00%,-,-,0.00,0.00,-,-,-,-,-,A-GOVDBT,-
TB15Y1026,15Y BGTB 19/10/2026,G-SEC (T.Bond),A,0.00,-,0.00,-0.02,100.27,0.0000,0,,,,,,,,,,,,,,,,,,,,,,-,-,-,-,-,-,-,-,-,-,-,-,100.29,-0.02,0,0.0000,0.00%,0.00%,0.00%,0.00%,0.00%,0.00%,-,-,0.00,0.00,-,-,-,-,-,A-GOVDBT,-
TB15Y1027,15Y BGTB 17/10/2027,G-SEC (T.Bond),A,0.00,-,0.00,0.11,102.53,0.0000,0,,,,,,,,,,,,,,,,,,,,,,-,-,-,-,-,-,-,-,-,-,-,-,102.42,0.11,0,0.0000,0.00%,0.00%,0.00%,0.00%,0.00%,0.00%,-,-,0.00,0.00,-,-,-,-,-,A-GOVDBT,-
TB15Y1028,15Y BGTB 23/10/2028,G-SEC (T.Bond),A,0.00,-,0.00,-0.07,103.78,0.0000,0,,,,,,,,,,,,,,,,,,,,,,-,-,-,-,-,-,-,-,-,-,-,-,103.85,-0.07,0,0.0000,0.00%,0.00%,0.00%,0.00%,0.00%,0.00%,-,-,0.00,0.00,-,-,-,-,-,A-GOVDBT,-
TB15Y1029,15Y BGTB 29/10/2029,G-SEC (T.Bond),A,0.00,-,0.00,-0.20,104.54,0.0000,0,,,,,,,,,,,,,,,,,,,,,,-,-,-,-,-,-,-,-,-,-,-,-,104.75,-0.21,0,0.0000,0.00%,0.00%,0.00%,0.00%,0.00%,0.00%,-,-,0.00,0.00,-,-,-,-,-,A-GOVDBT,-
TB15Y1126,15Y BGTB 16/11/2026,G-SEC (T.Bond),A,0.00,-,0.00,-0.02,100.35,0.0000,0,,,,,,,,,,,,,,,,,,,,,,-,-,-,-,-,-,-,-,-,-,-,-,100.37,-0.02,0,0.0000,0.00%,0.00%,0.00%,0.00%,0.00%,0.00%,-,-,0.00,0.00,-,-,-,-,-,A-GOVDBT,-
TB15Y1127,15Y BGTB 21/11/2027,G-SEC (T.Bond),A,0.00,-,0.00,0.07,102.69,0.0000,0,,,,,,,,,,,,,,,,,,,,,,-,-,-,-,-,-,-,-,-,-,-,-,102.62,0.07,0,0.0000,0.00%,0.00%,0.00%,0.00%,0.00%,0.00%,-,-,0.00,0.00,-,-,-,-,-,A-GOVDBT,-
TB15Y1128,15Y BGTB 27/11/2028,G-SEC (T.Bond),A,0.00,-,0.00,-0.12,103.78,0.0000,0,,,,,,,,,,,,,,,,,,,,,,-,-,-,-,-,-,-,-,-,-,-,-,103.90,-0.12,0,0.0000,0.00%,0.00%,0.00%,0.00%,0.00%,0.00%,-,-,0.00,0.00,-,-,-,-,-,A-GOVDBT,-
TB15Y1129,15Y BGTB 26/11/2029,G-SEC (T.Bond),A,0.00,-,0.00,-0.24,104.69,0.0000,0,,,,,,,,,,,,,,,,,,,,,,-,-,-,-,-,-,-,-,-,-,-,-,104.94,-0.25,0,0.0000,0.00%,0.00%,0.00%,0.00%,0.00%,0.00%,-,-,0.00,0.00,-,-,-,-,-,A-GOVDBT,-
TB15Y1133,15Y BGTB 28/11/2033,G-SEC (T.Bond),A,0.00,-,0.00,0.06,87.59,0.0000,0,,,,,,,,,,,,,,,,,,,,,,-,-,-,-,-,-,-,-,-,-,-,-,87.54,0.05,0,0.0000,0.00%,0.00%,0.00%,0.00%,0.00%,0.00%,-,-,0.00,0.00,-,-,-,-,-,A-GOVDBT,-
TB15Y1226,15Y BGTB 21/12/2026,G-SEC (T.Bond),A,0.00,-,0.00,-0.02,100.48,0.0000,0,,,,,,,,,,,,,,,,,,,,,,-,-,-,-,-,-,-,-,-,-,-,-,100.50,-0.02,0,0.0000,0.00%,0.00%,0.00%,0.00%,0.00%,0.00%,-,-,0.00,0.00,-,-,-,-,-,A-GOVDBT,-
TB15Y1227,15Y BGTB 19/12/2027,G-SEC (T.Bond),A,0.00,-,0.00,-0.03,102.88,0.0000,0,,,,,,,,,,,,,,,,,,,,,,-,-,-,-,-,-,-,-,-,-,-,-,102.91,-0.03,0,0.0000,0.00%,0.00%,0.00%,0.00%,0.00%,0.00%,-,-,0.00,0.00,-,-,-,-,-,A-GOVDBT,-
TB15Y1228,15Y BGTB 26/12/2028,G-SEC (T.Bond),A,0.00,-,0.00,-0.16,104.00,0.0000,0,,,,,,,,,,,,,,,,,,,,,,-,-,-,-,-,-,-,-,-,-,-,-,104.17,-0.17,0,0.0000,0.00%,0.00%,0.00%,0.00%,0.00%,0.00%,-,-,0.00,0.00,-,-,-,-,-,A-GOVDBT,-
TB20Y0128,20Y BGTB 23/01/2028,G-SEC (T.Bond),A,0.00,-,0.00,-0.11,104.43,0.0000,0,,,,,,,,,,,,,,,,,,,,,,-,-,-,-,-,-,-,-,-,-,-,-,104.55,-0.12,0,0.0000,0.00%,0.00%,0.00%,0.00%,0.00%,0.00%,-,-,0.00,0.00,-,-,-,-,-,A-GOVDBT,-
TB20Y0129,20Y BGTB 28/01/2029,G-SEC (T.Bond),A,0.00,-,0.00,-0.22,105.79,0.0000,0,,,,,,,,,,,,,,,,,,,,,,-,-,-,-,-,-,-,-,-,-,-,-,106.02,-0.23,0,0.0000,0.00%,0.00%,0.00%,0.00%,0.00%,0.00%,-,-,0.00,0.00,-,-,-,-,-,A-GOVDBT,-
TB20Y0131,20Y BGTB 26/01/2031,G-SEC (T.Bond),A,0.00,-,0.00,-0.33,98.60,0.0000,0,,,,,,,,,,,,,,,,,,,,,,-,-,-,-,-,-,-,-,-,-,-,-,98.93,-0.33,0,0.0000,0.00%,0.00%,0.00%,0.00%,0.00%,0.00%,-,-,0.00,0.00,-,-,-,-,-,A-GOVDBT,-
TB20Y0132,20Y BGTB 25/01/2032,G-SEC (T.Bond),A,0.00,-,0.00,-0.38,108.18,0.0000,0,,,,,,,,,,,,,,,,,,,,,,-,-,-,-,-,-,-,-,-,-,-,-,108.59,-0.41,0,0.0000,0.00%,0.00%,0.00%,0.00%,0.00%,0.00%,-,-,0.00,0.00,-,-,-,-,-,A-GOVDBT,-
TB20Y0133,20Y BGTB 23/01/2033,G-SEC (T.Bond),A,0.00,-,0.00,-0.41,111.65,0.0000,0,,,,,,,,,,,,,,,,,,,,,,-,-,-,-,-,-,-,-,-,-,-,-,112.11,-0.46,0,0.0000,0.00%,0.00%,0.00%,0.00%,0.00%,0.00%,-,-,0.00,0.00,-,-,-,-,-,A-GOVDBT,-
TB20Y0134,20Y BGTB 29/01/2034,G-SEC (T.Bond),A,0.00,-,0.00,0.08,111.62,0.0000,0,,,,,,,,,,,,,,,,,,,,,,-,-,-,-,-,-,-,-,-,-,-,-,111.53,0.09,0,0.0000,0.00%,0.00%,0.00%,0.00%,0.00%,0.00%,-,-,0.00,0.00,-,-,-,-,-,A-GOVDBT,-
TB20Y0143,20Y BGTB 25/01/2043,G-SEC (T.Bond),A,0.00,-,0.00,-0.50,89.81,0.0000,0,60.6771,-54.7386,0.0000,0.0000,0.0000,88.5500,88.5500,88.5500,0.0000,0.0000,0.0000,0.0000,0.0000,0.0000,89.2358,89.2296,88.8030,0.5741,0.0000,0.0000,0.0000,-,-,-,-,-,-,-,-,-,-,-,-,90.26,-0.45,0,0.0000,0.00%,0.00%,0.00%,0.00%,0.00%,0.00%,-,-,0.00,0.00,-,-,-,-,-,A-GOVDBT,-
TB20Y0228,20Y BGTB 27/02/2028,G-SEC (T.Bond),A,0.00,-,0.00,-0.11,104.47,0.0000,0,,,,,,,,,,,,,,,,,,,,,,-,-,-,-,-,-,-,-,-,-,-,-,104.58,-0.11,0,0.0000,0.00%,0.00%,0.00%,0.00%,0.00%,0.00%,-,-,0.00,0.00,-,-,-,-,-,A-GOVDBT,-
TB20Y0229,20Y BGTB 25/02/2029,G-SEC (T.Bond),A,0.00,-,0.00,-0.26,106.00,0.0000,0,,,,,,,,,,,,,,,,,,,,,,-,-,-,-,-,-,-,-,-,-,-,-,106.28,-0.28,0,0.0000,0.00%,0.00%,0.00%,0.00%,0.00%,0.00%,-,-,0.00,0.00,-,-,-,-,-,A-GOVDBT,-
TB20Y0230,20Y BGTB 24/02/2030,G-SEC (T.Bond),A,0.00,-,0.00,-0.11,97.74,0.0000,0,,,,,,,,,,,,,,,,,,,,,,-,-,-,-,-,-,-,-,-,-,-,-,97.85,-0.11,0,0.0000,0.00%,0.00%,0.00%,0.00%,0.00%,0.00%,-,-,0.00,0.00,-,-,-,-,-,A-GOVDBT,-
TB20Y0231,20Y BGTB 23/02/2031,G-SEC (T.Bond),A,0.00,-,0.00,-0.36,98.57,0.0000,0,,,,,,,,,,,,,,,,,,,,,,-,-,-,-,-,-,-,-,-,-,-,-,98.93,-0.36,0,0.0000,0.00%,0.00%,0.00%,0.00%,0.00%,0.00%,-,-,0.00,0.00,-,-,-,-,-,A-GOVDBT,-
TB20Y0232,20Y BGTB 29/02/2032,G-SEC (T.Bond),A,0.00,-,0.00,-0.34,108.48,0.0000,0,,,,,,,,,,,,,,,,,,,,,,-,-,-,-,-,-,-,-,-,-,-,-,108.85,-0.37,0,0.0000,0.00%,0.00%,0.00%,0.00%,0.00%,0.00%,-,-,0.00,0.00,-,-,-,-,-,A-GOVDBT,-
TB20Y0233,20Y BGTB 27/02/2033,G-SEC (T.Bond),A,0.00,-,0.00,-0.13,112.77,0.0000,0,,,,,,,,,,,,,,,,,,,,,,-,-,-,-,-,-,-,-,-,-,-,-,112.92,-0.15,0,0.0000,0.00%,0.00%,0.00%,0.00%,0.00%,0.00%,-,-,0.00,0.00,-,-,-,-,-,A-GOVDBT,-
TB20Y0234,20Y BGTB 26/02/2034,G-SEC (T.Bond),A,0.00,-,0.00,0.10,111.48,0.0000,0,,,,,,,,,,,,,,,,,,,,,,-,-,-,-,-,-,-,-,-,-,-,-,111.37,0.11,0,0.0000,0.00%,0.00%,0.00%,0.00%,0.00%,0.00%,-,-,0.00,0.00,-,-,-,-,-,A-GOVDBT,-
TB20Y0328,20Y BGTB 27/03/2028,G-SEC (T.Bond),A,0.00,-,0.00,-0.10,104.56,0.0000,0,,,,,,,,,,,,,,,,,,,,,,-,-,-,-,-,-,-,-,-,-,-,-,104.66,-0.10,0,0.0000,0.00%,0.00%,0.00%,0.00%,0.00%,0.00%,-,-,0.00,0.00,-,-,-,-,-,A-GOVDBT,-
TB20Y0329,20Y BGTB 25/03/2029,G-SEC (T.Bond),A,0.00,-,0.00,-0.31,106.23,0.0000,0,,,,,,,,,,,,,,,,,,,,,,-,-,-,-,-,-,-,-,-,-,-,-,106.56,-0.33,0,0.0000,0.00%,0.00%,0.00%,0.00%,0.00%,0.00%,-,-,0.00,0.00,-,-,-,-,-,A-GOVDBT,-
TB20Y0330,20Y BGTB 24/03/2030,G-SEC (T.Bond),A,0.00,-,0.00,-0.05,97.72,0.0000,0,,,,,,,,,,,,,,,,,,,,,,-,-,-,-,-,-,-,-,-,-,-,-,97.77,-0.05,0,0.0000,0.00%,0.00%,0.00%,0.00%,0.00%,0.00%,-,-,0.00,0.00,-,-,-,-,-,A-GOVDBT,-
TB20Y0331,20Y BGTB 23/03/2031,G-SEC (T.Bond),A,0.00,-,0.00,-0.40,98.65,0.0000,0,,,,,,,,,,,,,,,,,,,,,,-,-,-,-,-,-,-,-,-,-,-,-,99.05,-0.40,0,0.0000,0.00%,0.00%,0.00%,0.00%,0.00%,0.00%,-,-,0.00,0.00,-,-,-,-,-,A-GOVDBT,-
TB20Y0332,20Y BGTB 28/03/2032,G-SEC (T.Bond),A,0.00,-,0.00,-0.29,108.70,0.0000,0,,,,,,,,,,,,,,,,,,,,,,-,-,-,-,-,-,-,-,-,-,-,-,109.02,-0.32,0,0.0000,0.00%,0.00%,0.00%,0.00%,0.00%,0.00%,-,-,0.00,0.00,-,-,-,-,-,A-GOVDBT,-
TB20Y0333,20Y BGTB 27/03/2033,G-SEC (T.Bond),A,0.00,-,0.00,0.00,113.07,0.0000,0,,,,,,,,,,,,,,,,,,,,,,-,-,-,-,-,-,-,-,-,-,-,-,113.07,0.00,0,0.0000,0.00%,0.00%,0.00%,0.00%,0.00%,0.00%,-,-,0.00,0.00,-,-,-,-,-,A-GOVDBT,-
TB20Y0334,20Y BGTB 27/03/2034,G-SEC (T.Bond),A,0.00,-,0.00,0.10,111.10,0.0000,0,,,,,,,,,,,,,,,,,,,,,,-,-,-,-,-,-,-,-,-,-,-,-,110.99,0.11,0,0.0000,0.00%,0.00%,0.00%,0.00%,0.00%,0.00%,-,-,0.00,0.00,-,-,-,-,-,A-GOVDBT,-
TB20Y0342,20Y BGTB 30/03/2042,G-SEC (T.Bond),A,0.00,-,0.00,-0.07,82.34,0.0000,0,,,,,,,,,,,,,,,,,,,,,,-,-,-,-,-,-,-,-,-,-,-,-,82.40,-0.06,0,0.0000,0.00%,0.00%,0.00%,0.00%,0.00%,0.00%,-,-,0.00,0.00,-,-,-,-,-,A-GOVDBT,-
TB20Y0428,20Y BGTB 23/04/2028,G-SEC (T.Bond),A,0.00,-,0.00,-0.09,104.62,0.0000,0,,,,,,,,,,,,,,,,,,,,,,-,-,-,-,-,-,-,-,-,-,-,-,104.71,-0.09,0,0.0000,0.00%,0.00%,0.00%,0.00%,0.00%,0.00%,-,-,0.00,0.00,-,-,-,-,-,A-GOVDBT,-
TB20Y0429,20Y BGTB 29/04/2029,G-SEC (T.Bond),A,0.00,-,0.00,-0.33,103.07,0.0000,0,,,,,,,,,,,,,,,,,,,,,,-,-,-,-,-,-,-,-,-,-,-,-,103.41,-0.34,0,0.0000,0.00%,0.00%,0.00%,0.00%,0.00%,0.00%,-,-,0.00,0.00,-,-,-,-,-,A-GOVDBT,-
TB20Y0430,20Y BGTB 28/04/2030,G-SEC (T.Bond),A,0.00,-,0.00,-0.01,97.64,0.0000,0,,,,,,,,,,,,,,,,,,,,,,-,-,-,-,-,-,-,-,-,-,-,-,97.65,-0.01,0,0.0000,0.00%,0.00%,0.00%,0.00%,0.00%,0.00%,-,-,0.00,0.00,-,-,-,-,-,A-GOVDBT,-
TB20Y0431,20Y BGTB 27/04/2031,G-SEC (T.Bond),A,0.00,-,0.00,-0.43,98.71,0.0000,0,,,,,,,,,,,,,,,,,,,,,,-,-,-,-,-,-,-,-,-,-,-,-,99.14,-0.43,0,0.0000,0.00%,0.00%,0.00%,0.00%,0.00%,0.00%,-,-,0.00,0.00,-,-,-,-,-,A-GOVDBT,-
TB20Y0432,20Y BGTB 25/04/2032,G-SEC (T.Bond),A,0.00,-,0.00,-0.25,108.96,0.0000,0,,,,,,,,,,,,,,,,,,,,,,-,-,-,-,-,-,-,-,-,-,-,-,109.23,-0.27,0,0.0000,0.00%,0.00%,0.00%,0.00%,0.00%,0.00%,-,-,0.00,0.00,-,-,-,-,-,A-GOVDBT,-
TB20Y0433,20Y BGTB 24/04/2033,G-SEC (T.Bond),A,0.00,-,0.00,-0.01,113.04,0.0000,0,,,,,,,,,,,,,,,,,,,,,,-,-,-,-,-,-,-,-,-,-,-,-,113.05,-0.01,0,0.0000,0.00%,0.00%,0.00%,0.00%,0.00%,0.00%,-,-,0.00,0.00,-,-,-,-,-,A-GOVDBT,-
TB20Y0434,20Y BGTB 23/04/2034,G-SEC (T.Bond),A,0.00,-,0.00,0.11,111.24,0.0000,0,,,,,,,,,,,,,,,,,,,,,,-,-,-,-,-,-,-,-,-,-,-,-,111.12,0.12,0,0.0000,0.00%,0.00%,0.00%,0.00%,0.00%,0.00%,-,-,0.00,0.00,-,-,-,-,-,A-GOVDBT,-
TB20Y0436,20Y BGTB 27/04/2036,G-SEC (T.Bond),A,0.00,-,0.00,0.66,88.84,0.0000,0,,,,,,,,,,,,,,,,,,,,,,-,-,-,-,-,-,-,-,-,-,-,-,88.26,0.58,0,0.0000,0.00%,0.00%,0.00%,0.00%,0.00%,0.00%,-,-,0.00,0.00,-,-,-,-,-,A-GOVDBT,-
TB20Y0528,20Y BGTB 28/05/2028,G-SEC (T.Bond),A,0.00,-,0.00,-0.08,104.69,0.0000,0,,,,,,,,,,,,,,,,,,,,,,-,-,-,-,-,-,-,-,-,-,-,-,104.77,-0.08,0,0.0000,0.00%,0.00%,0.00%,0.00%,0.00%,0.00%,-,-,0.00,0.00,-,-,-,-,-,A-GOVDBT,-
TB20Y0529,20Y BGTB 27/05/2029,G-SEC (T.Bond),A,0.00,-,0.00,-0.31,102.39,0.0000,0,,,,,,,,,,,,,,,,,,,,,,-,-,-,-,-,-,-,-,-,-,-,-,102.71,-0.32,0,0.0000,0.00%,0.00%,0.00%,0.00%,0.00%,0.00%,-,-,0.00,0.00,-,-,-,-,-,A-GOVDBT,-
TB20Y0530,20Y BGTB 26/05/2030,G-SEC (T.Bond),A,0.00,-,0.00,-0.04,97.65,0.0000,0,,,,,,,,,,,,,,,,,,,,,,-,-,-,-,-,-,-,-,-,-,-,-,97.69,-0.04,0,0.0000,0.00%,0.00%,0.00%,0.00%,0.00%,0.00%,-,-,0.00,0.00,-,-,-,-,-,A-GOVDBT,-
TB20Y0531,20Y BGTB 25/05/2031,G-SEC (T.Bond),A,0.00,-,0.00,-0.47,98.70,0.0000,0,,,,,,,,,,,,,,,,,,,,,,-,-,-,-,-,-,-,-,-,-,-,-,99.17,-0.47,0,0.0000,0.00%,0.00%,0.00%,0.00%,0.00%,0.00%,-,-,0.00,0.00,-,-,-,-,-,A-GOVDBT,-
TB20Y0532,20Y BGTB 30/05/2032,G-SEC (T.Bond),A,0.00,-,0.00,-0.20,109.21,0.0000,0,,,,,,,,,,,,,,,,,,,,,,-,-,-,-,-,-,-,-,-,-,-,-,109.43,-0.22,0,0.0000,0.00%,0.00%,0.00%,0.00%,0.00%,0.00%,-,-,0.00,0.00,-,-,-,-,-,A-GOVDBT,-
TB20Y0533,20Y BGTB 29/05/2033,G-SEC (T.Bond),A,0.00,-,0.00,-0.01,112.96,0.0000,0,,,,,,,,,,,,,,,,,,,,,,-,-,-,-,-,-,-,-,-,-,-,-,112.97,-0.01,0,0.0000,0.00%,0.00%,0.00%,0.00%,0.00%,0.00%,-,-,0.00,0.00,-,-,-,-,-,A-GOVDBT,-
TB20Y0534,20Y BGTB 28/05/2034,G-SEC (T.Bond),A,0.00,-,0.00,0.13,111.44,0.0000,0,,,,,,,,,,,,,,,,,,,,,,-,-,-,-,-,-,-,-,-,-,-,-,111.30,0.14,0,0.0000,0.00%,0.00%,0.00%,0.00%,0.00%,0.00%,-,-,0.00,0.00,-,-,-,-,-,A-GOVDBT,-
TB20Y0540,20Y BGTB 20/05/2040,G-SEC (T.Bond),A,0.00,-,0.00,-0.13,93.00,0.0000,0,,,,,,,,,,,,,,,,,,,,,,-,-,-,-,-,-,-,-,-,-,-,-,93.12,-0.12,0,0.0000,0.00%,0.00%,0.00%,0.00%,0.00%,0.00%,-,-,0.00,0.00,-,-,-,-,-,A-GOVDBT,-
TB20Y0545,20Y BGTB 28/05/2045,G-SEC (T.Bond),A,0.00,-,0.00,-0.30,117.61,0.0000,0,65.5537,-49.2439,113.9895,0.0000,0.0000,112.8171,112.4232,111.6986,0.7246,0.2006,122.1700,105.8090,0.0000,0.0000,116.1807,115.9555,115.1235,0.4785,0.0000,0.0000,0.0000,-,-,-,-,-,-,-,-,-,-,-,-,117.96,-0.35,0,0.0000,0.00%,0.00%,0.00%,0.00%,0.00%,0.00%,-,-,0.00,0.00,-,-,-,-,-,A-GOVDBT,-
TB20Y0628,20Y BGTB 25/06/2028,G-SEC (T.Bond),A,0.00,-,0.00,-0.06,104.69,0.0000,0,,,,,,,,,,,,,,,,,,,,,,-,-,-,-,-,-,-,-,-,-,-,-,104.75,-0.06,0,0.0000,0.00%,0.00%,0.00%,0.00%,0.00%,0.00%,-,-,0.00,0.00,-,-,-,-,-,A-GOVDBT,-
TB20Y0629,20Y BGTB 24/06/2029,G-SEC (T.Bond),A,0.00,-,0.00,-0.28,100.13,0.0000,0,,,,,,,,,,,,,,,,,,,,,,-,-,-,-,-,-,-,-,-,-,-,-,100.41,-0.28,0,0.0000,0.00%,0.00%,0.00%,0.00%,0.00%,0.00%,-,-,0.00,0.00,-,-,-,-,-,A-GOVDBT,-
TB20Y0630,20Y BGTB 23/06/2030,G-SEC (T.Bond),A,0.00,-,0.00,-0.08,97.42,0.0000,0,,,,,,,,,,,,,,,,,,,,,,-,-,-,-,-,-,-,-,-,-,-,-,97.50,-0.08,0,0.0000,0.00%,0.00%,0.00%,0.00%,0.00%,0.00%,-,-,0.00,0.00,-,-,-,-,-,A-GOVDBT,-
TB20Y0631,20Y BGTB 29/06/2031,G-SEC (T.Bond),A,0.00,-,0.00,-0.52,98.69,0.0000,0,,,,,,,,,,,,,,,,,,,,,,-,-,-,-,-,-,-,-,-,-,-,-,99.21,-0.52,0,0.0000,0.00%,0.00%,0.00%,0.00%,0.00%,0.00%,-,-,0.00,0.00,-,-,-,-,-,A-GOVDBT,-
TB20Y0632,20Y BGTB 27/06/2032,G-SEC (T.Bond),A,0.00,-,0.00,-0.16,109.40,0.0000,0,,,,,,,,,,,,,,,,,,,,,,-,-,-,-,-,-,-,-,-,-,-,-,109.58,-0.18,0,0.0000,0.00%,0.00%,0.00%,0.00%,0.00%,0.00%,-,-,0.00,0.00,-,-,-,-,-,A-GOVDBT,-
TB20Y0633,20Y BGTB 26/06/2033,G-SEC (T.Bond),A,0.00,-,0.00,-0.01,112.99,0.0000,0,,,,,,,,,,,,,,,,,,,,,,-,-,-,-,-,-,-,-,-,-,-,-,113.00,-0.01,0,0.0000,0.00%,0.00%,0.00%,0.00%,0.00%,0.00%,-,-,0.00,0.00,-,-,-,-,-,A-GOVDBT,-
TB20Y0634,20Y BGTB 25/06/2034,G-SEC (T.Bond),A,0.00,-,0.00,0.13,111.49,0.0000,0,,,,,,,,,,,,,,,,,,,,,,-,-,-,-,-,-,-,-,-,-,-,-,111.35,0.14,0,0.0000,0.00%,0.00%,0.00%,0.00%,0.00%,0.00%,-,-,0.00,0.00,-,-,-,-,-,A-GOVDBT,-
TB20Y0639,20Y BGTB 26/06/2039,G-SEC (T.Bond),A,0.00,-,0.00,-0.43,94.31,0.0000,0,,,,,,,,,,,,,,,,,,,,,,-,-,-,-,-,-,-,-,-,-,-,-,94.72,-0.41,0,0.0000,0.00%,0.00%,0.00%,0.00%,0.00%,0.00%,-,-,0.00,0.00,-,-,-,-,-,A-GOVDBT,-
TB20Y0640,20Y BGTB 24/06/2040,G-SEC (T.Bond),A,0.00,-,0.00,-0.09,91.07,0.0000,0,,,,,,,,,,,,,,,,,,,,,,-,-,-,-,-,-,-,-,-,-,-,-,91.15,-0.08,0,0.0000,0.00%,0.00%,0.00%,0.00%,0.00%,0.00%,-,-,0.00,0.00,-,-,-,-,-,A-GOVDBT,-
TB20Y0641,20Y BGTB 30/06/2041,G-SEC (T.Bond),A,0.00,-,0.00,-0.03,69.43,0.0000,0,,,,,,,,,,,,,,,,,,,,,,-,-,-,-,-,-,-,-,-,-,-,-,69.45,-0.02,0,0.0000,0.00%,0.00%,0.00%,0.00%,0.00%,0.00%,-,-,0.00,0.00,-,-,-,-,-,A-GOVDBT,-
TB20Y0642,20Y BGTB 29/06/2042,G-SEC (T.Bond),A,0.00,-,0.00,-0.08,89.50,0.0000,0,,,,,,,,,,,,,,,,,,,,,,-,-,-,-,-,-,-,-,-,-,-,-,89.57,-0.07,0,0.0000,0.00%,0.00%,0.00%,0.00%,0.00%,0.00%,-,-,0.00,0.00,-,-,-,-,-,A-GOVDBT,-
TB20Y0727,20Y BGTB 25/07/2027,G-SEC (T.Bond),A,0.00,-,0.00,0.05,106.04,0.0000,0,,,,,,,,,,,,,,,,,,,,,,-,-,-,-,-,-,-,-,-,-,-,-,105.99,0.05,0,0.0000,0.00%,0.00%,0.00%,0.00%,0.00%,0.00%,-,-,0.00,0.00,-,-,-,-,-,A-GOVDBT,-
TB20Y0728,20Y BGTB 23/07/2028,G-SEC (T.Bond),A,0.00,-,0.00,-0.05,104.71,0.0000,0,,,,,,,,,,,,,,,,,,,,,,-,-,-,-,-,-,-,-,-,-,-,-,104.76,-0.05,0,0.0000,0.00%,0.00%,0.00%,0.00%,0.00%,0.00%,-,-,0.00,0.00,-,-,-,-,-,A-GOVDBT,-
TB20Y0729,20Y BGTB 29/07/2029,G-SEC (T.Bond),A,0.00,-,0.00,-0.25,97.59,0.0000,0,,,,,,,,,,,,,,,,,,,,,,-,-,-,-,-,-,-,-,-,-,-,-,97.83,-0.24,0,0.0000,0.00%,0.00%,0.00%,0.00%,0.00%,0.00%,-,-,0.00,0.00,-,-,-,-,-,A-GOVDBT,-
TB20Y0730,20Y BGTB 29/07/2030,G-SEC (T.Bond),A,0.00,-,0.00,-0.13,97.48,0.0000,0,,,,,,,,,,,,,,,,,,,,,,-,-,-,-,-,-,-,-,-,-,-,-,97.61,-0.13,0,0.0000,0.00%,0.00%,0.00%,0.00%,0.00%,0.00%,-,-,0.00,0.00,-,-,-,-,-,A-GOVDBT,-
TB20Y0731,20Y BGTB 27/07/2031,G-SEC (T.Bond),A,0.00,-,0.00,-0.55,100.05,0.0000,0,,,,,,,,,,,,,,,,,,,,,,-,-,-,-,-,-,-,-,-,-,-,-,100.60,-0.55,0,0.0000,0.00%,0.00%,0.00%,0.00%,0.00%,0.00%,-,-,0.00,0.00,-,-,-,-,-,A-GOVDBT,-
TB20Y0732,20Y BGTB 25/07/2032,G-SEC (T.Bond),A,0.00,-,0.00,-0.11,109.52,0.0000,0,,,,,,,,,,,,,,,,,,,,,,-,-,-,-,-,-,-,-,-,-,-,-,109.64,-0.12,0,0.0000,0.00%,0.00%,0.00%,0.00%,0.00%,0.00%,-,-,0.00,0.00,-,-,-,-,-,A-GOVDBT,-
TB20Y0733,20Y BGTB 24/07/2033,G-SEC (T.Bond),A,0.00,-,0.00,-0.02,112.97,0.0000,0,,,,,,,,,,,,,,,,,,,,,,-,-,-,-,-,-,-,-,-,-,-,-,112.99,-0.02,0,0.0000,0.00%,0.00%,0.00%,0.00%,0.00%,0.00%,-,-,0.00,0.00,-,-,-,-,-,A-GOVDBT,-
TB20Y0734,20Y BGTB 23/07/2034,G-SEC (T.Bond),A,0.00,-,0.00,0.11,111.58,0.0000,0,,,,,,,,,,,,,,,,,,,,,,-,-,-,-,-,-,-,-,-,-,-,-,111.46,0.12,0,0.0000,0.00%,0.00%,0.00%,0.00%,0.00%,0.00%,-,-,0.00,0.00,-,-,-,-,-,A-GOVDBT,-
TB20Y0735,20Y BGTB 29/07/2035,G-SEC (T.Bond),A,0.00,-,0.00,0.53,102.03,0.0000,0,,,,,,,,,,,,,,,,,,,,,,-,-,-,-,-,-,-,-,-,-,-,-,101.49,0.54,0,0.0000,0.00%,0.00%,0.00%,0.00%,0.00%,0.00%,-,-,0.00,0.00,-,-,-,-,-,A-GOVDBT,-
TB20Y0744,20Y BGTB 28/07/2044,G-SEC (T.Bond),A,26298.69,-,0.00,0.17,121.37,0.0000,0,56.7302,0.0000,121.0615,117.6518,0.0000,116.2554,116.3587,116.4282,-0.0695,0.1245,127.6249,114.4981,0.0000,-694.1228,122.2509,122.1309,121.6840,0.6690,0.0000,0.0000,0.0000,-,-,-,-,-,-,-,-,-,-,-,-,121.16,0.21,0,0.0000,0.00%,0.00%,0.00%,0.00%,0.00%,0.00%,-,-,0.00,0.00,-,-,-,-,2166820000.00,A-GOVDBT,216682000
TB20Y0827,20Y BGTB 29/08/2027,G-SEC (T.Bond),A,0.00,-,0.00,0.08,105.96,0.0000,0,,,,,,,,,,,,,,,,,,,,,,-,-,-,-,-,-,-,-,-,-,-,-,105.88,0.08,0,0.0000,0.00%,0.00%,0.00%,0.00%,0.00%,0.00%,-,-,0.00,0.00,-,-,-,-,-,A-GOVDBT,-
TB20Y0828,20Y BGTB 27/08/2028,G-SEC (T.Bond),A,0.00,-,0.00,-0.03,104.72,0.0000,0,,,,,,,,,,,,,,,,,,,,,,-,-,-,-,-,-,-,-,-,-,-,-,104.75,-0.03,0,0.0000,0.00%,0.00%,0.00%,0.00%,0.00%,0.00%,-,-,0.00,0.00,-,-,-,-,-,A-GOVDBT,-
TB20Y0829,20Y BGTB 26/08/2029,G-SEC (T.Bond),A,0.00,-,0.00,-0.22,96.72,0.0000,0,,,,,,,,,,,,,,,,,,,,,,-,-,-,-,-,-,-,-,-,-,-,-,96.93,-0.21,0,0.0000,0.00%,0.00%,0.00%,0.00%,0.00%,0.00%,-,-,0.00,0.00,-,-,-,-,-,A-GOVDBT,-
TB20Y0830,20Y BGTB 25/08/2030,G-SEC (T.Bond),A,0.00,-,0.00,-0.17,97.48,0.0000,0,,,,,,,,,,,,,,,,,,,,,,-,-,-,-,-,-,-,-,-,-,-,-,97.65,-0.17,0,0.0000,0.00%,0.00%,0.00%,0.00%,0.00%,0.00%,-,-,0.00,0.00,-,-,-,-,-,A-GOVDBT,-
TB20Y0831,20Y BGTB 24/08/2031,G-SEC (T.Bond),A,0.00,-,0.00,-0.58,101.02,0.0000,0,,,,,,,,,,,,,,,,,,,,,,-,-,-,-,-,-,-,-,-,-,-,-,101.61,-0.59,0,0.0000,0.00%,0.00%,0.00%,0.00%,0.00%,0.00%,-,-,0.00,0.00,-,-,-,-,-,A-GOVDBT,-
TB20Y0832,20Y BGTB 29/08/2032,G-SEC (T.Bond),A,0.00,-,0.00,-0.05,109.80,0.0000,0,,,,,,,,,,,,,,,,,,,,,,-,-,-,-,-,-,-,-,-,-,-,-,109.86,-0.06,0,0.0000,0.00%,0.00%,0.00%,0.00%,0.00%,0.00%,-,-,0.00,0.00,-,-,-,-,-,A-GOVDBT,-
TB20Y0833,20Y BGTB 29/08/2033,G-SEC (T.Bond),A,0.00,-,0.00,-0.01,112.91,0.0000,0,,,,,,,,,,,,,,,,,,,,,,-,-,-,-,-,-,-,-,-,-,-,-,112.92,-0.01,0,0.0000,0.00%,0.00%,0.00%,0.00%,0.00%,0.00%,-,-,0.00,0.00,-,-,-,-,-,A-GOVDBT,-
TB20Y0834,20Y BGTB 27/08/2034,G-SEC (T.Bond),A,0.00,-,0.00,0.09,110.63,0.0000,0,,,,,,,,,,,,,,,,,,,,,,-,-,-,-,-,-,-,-,-,-,-,-,110.53,0.10,0,0.0000,0.00%,0.00%,0.00%,0.00%,0.00%,0.00%,-,-,0.00,0.00,-,-,-,-,-,A-GOVDBT,-
TB20Y0845,20Y BGTB 27/08/2045,G-SEC (T.Bond),A,10082.00,-,0.00,-0.05,100.82,0.0000,0,,,,,,,,,,,,,,,,,,,,,,-,-,-,-,-,-,-,-,-,-,-,-,100.87,-0.05,0,0.0000,0.00%,0.00%,0.00%,0.00%,0.00%,0.00%,-,-,0.00,0.00,-,-,-,-,1000000000.00,A-GOVDBT,100000000
TB20Y0927,20Y BGTB 26/09/2027,G-SEC (T.Bond),A,0.00,-,0.00,0.09,104.95,0.0000,0,,,,,,,,,,,,,,,,,,,,,,-,-,-,-,-,-,-,-,-,-,-,-,104.86,0.09,0,0.0000,0.00%,0.00%,0.00%,0.00%,0.00%,0.00%,-,-,0.00,0.00,-,-,-,-,-,A-GOVDBT,-
TB20Y0928,20Y BGTB 24/09/2028,G-SEC (T.Bond),A,0.00,-,0.00,-0.03,104.81,0.0000,0,,,,,,,,,,,,,,,,,,,,,,-,-,-,-,-,-,-,-,-,-,-,-,104.84,-0.03,0,0.0000,0.00%,0.00%,0.00%,0.00%,0.00%,0.00%,-,-,0.00,0.00,-,-,-,-,-,A-GOVDBT,-
TB20Y0930,20Y BGTB 29/09/2030,G-SEC (T.Bond),A,0.00,-,0.00,-0.20,97.47,0.0000,0,,,,,,,,,,,,,,,,,,,,,,-,-,-,-,-,-,-,-,-,-,-,-,97.67,-0.20,0,0.0000,0.00%,0.00%,0.00%,0.00%,0.00%,0.00%,-,-,0.00,0.00,-,-,-,-,-,A-GOVDBT,-
TB20Y0931,20Y BGTB 28/09/2031,G-SEC (T.Bond),A,0.00,-,0.00,-0.54,103.40,0.0000,0,,,,,,,,,,,,,,,,,,,,,,-,-,-,-,-,-,-,-,-,-,-,-,103.96,-0.56,0,0.0000,0.00%,0.00%,0.00%,0.00%,0.00%,0.00%,-,-,0.00,0.00,-,-,-,-,-,A-GOVDBT,-
TB20Y0932,20Y BGTB 26/09/2032,G-SEC (T.Bond),A,0.00,-,0.00,-0.05,109.87,0.0000,0,,,,,,,,,,,,,,,,,,,,,,-,-,-,-,-,-,-,-,-,-,-,-,109.93,-0.06,0,0.0000,0.00%,0.00%,0.00%,0.00%,0.00%,0.00%,-,-,0.00,0.00,-,-,-,-,-,A-GOVDBT,-
TB20Y0933,20Y BGTB 25/09/2033,G-SEC (T.Bond),A,0.00,-,0.00,0.00,112.87,0.0000,0,,,,,,,,,,,,,,,,,,,,,,-,-,-,-,-,-,-,-,-,-,-,-,112.87,0.00,0,0.0000,0.00%,0.00%,0.00%,0.00%,0.00%,0.00%,-,-,0.00,0.00,-,-,-,-,-,A-GOVDBT,-
TB20Y0934,20Y BGTB 24/09/2034,G-SEC (T.Bond),A,0.00,-,0.00,0.07,111.28,0.0000,0,,,,,,,,,,,,,,,,,,,,,,-,-,-,-,-,-,-,-,-,-,-,-,111.20,0.08,0,0.0000,0.00%,0.00%,0.00%,0.00%,0.00%,0.00%,-,-,0.00,0.00,-,-,-,-,-,A-GOVDBT,-
TB20Y1027,20Y BGTB 24/10/2027,G-SEC (T.Bond),A,0.00,-,0.00,0.11,104.77,0.0000,0,,,,,,,,,,,,,,,,,,,,,,-,-,-,-,-,-,-,-,-,-,-,-,104.66,0.11,0,0.0000,0.00%,0.00%,0.00%,0.00%,0.00%,0.00%,-,-,0.00,0.00,-,-,-,-,-,A-GOVDBT,-
TB20Y1028,20Y BGTB 29/10/2028,G-SEC (T.Bond),A,0.00,-,0.00,-0.08,105.04,0.0000,0,,,,,,,,,,,,,,,,,,,,,,-,-,-,-,-,-,-,-,-,-,-,-,105.12,-0.08,0,0.0000,0.00%,0.00%,0.00%,0.00%,0.00%,0.00%,-,-,0.00,0.00,-,-,-,-,-,A-GOVDBT,-
TB20Y1029,20Y BGTB 28/10/2029,G-SEC (T.Bond),A,0.00,-,0.00,-0.19,98.21,0.0000,0,,,,,,,,,,,,,,,,,,,,,,-,-,-,-,-,-,-,-,-,-,-,-,98.40,-0.19,0,0.0000,0.00%,0.00%,0.00%,0.00%,0.00%,0.00%,-,-,0.00,0.00,-,-,-,-,-,A-GOVDBT,-
TB20Y1030,20Y BGTB 27/10/2030,G-SEC (T.Bond),A,0.00,-,0.00,-0.25,97.43,0.0000,0,,,,,,,,,,,,,,,,,,,,,,-,-,-,-,-,-,-,-,-,-,-,-,97.67,-0.24,0,0.0000,0.00%,0.00%,0.00%,0.00%,0.00%,0.00%,-,-,0.00,0.00,-,-,-,-,-,A-GOVDBT,-
TB20Y1031,20Y BGTB 26/10/2031,G-SEC (T.Bond),A,0.00,-,0.00,-0.50,106.05,0.0000,0,,,,,,,,,,,,,,,,,,,,,,-,-,-,-,-,-,-,-,-,-,-,-,106.58,-0.53,0,0.0000,0.00%,0.00%,0.00%,0.00%,0.00%,0.00%,-,-,0.00,0.00,-,-,-,-,-,A-GOVDBT,-
TB20Y1032,20Y BGTB 25/10/2032,G-SEC (T.Bond),A,0.00,-,0.00,-0.26,109.91,0.0000,0,,,,,,,,,,,,,,,,,,,,,,-,-,-,-,-,-,-,-,-,-,-,-,110.20,-0.29,0,0.0000,0.00%,0.00%,0.00%,0.00%,0.00%,0.00%,-,-,0.00,0.00,-,-,-,-,-,A-GOVDBT,-
TB20Y1033,20Y BGTB 23/10/2033,G-SEC (T.Bond),A,0.00,-,0.00,0.02,112.84,0.0000,0,,,,,,,,,,,,,,,,,,,,,,-,-,-,-,-,-,-,-,-,-,-,-,112.82,0.02,0,0.0000,0.00%,0.00%,0.00%,0.00%,0.00%,0.00%,-,-,0.00,0.00,-,-,-,-,-,A-GOVDBT,-
TB20Y1034,20Y BGTB 29/10/2034,G-SEC (T.Bond),A,0.00,-,0.00,0.05,111.50,0.0000,0,,,,,,,,,,,,,,,,,,,,,,-,-,-,-,-,-,-,-,-,-,-,-,111.44,0.06,0,0.0000,0.00%,0.00%,0.00%,0.00%,0.00%,0.00%,-,-,0.00,0.00,-,-,-,-,-,A-GOVDBT,-
TB20Y1127,20Y BGTB 28/11/2027,G-SEC (T.Bond),A,0.00,-,0.00,0.04,104.52,0.0000,0,,,,,,,,,,,,,,,,,,,,,,-,-,-,-,-,-,-,-,-,-,-,-,104.48,0.04,0,0.0000,0.00%,0.00%,0.00%,0.00%,0.00%,0.00%,-,-,0.00,0.00,-,-,-,-,-,A-GOVDBT,-
TB20Y1128,20Y BGTB 26/11/2028,G-SEC (T.Bond),A,0.00,-,0.00,-0.11,105.29,0.0000,0,,,,,,,,,,,,,,,,,,,,,,-,-,-,-,-,-,-,-,-,-,-,-,105.41,-0.12,0,0.0000,0.00%,0.00%,0.00%,0.00%,0.00%,0.00%,-,-,0.00,0.00,-,-,-,-,-,A-GOVDBT,-
TB20Y1130,20Y BGTB 24/11/2030,G-SEC (T.Bond),A,0.00,-,0.00,-0.26,98.09,0.0000,0,,,,,,,,,,,,,,,,,,,,,,-,-,-,-,-,-,-,-,-,-,-,-,98.35,-0.26,0,0.0000,0.00%,0.00%,0.00%,0.00%,0.00%,0.00%,-,-,0.00,0.00,-,-,-,-,-,A-GOVDBT,-
TB20Y1131,20Y BGTB 23/11/2031,G-SEC (T.Bond),A,0.00,-,0.00,-0.47,106.12,0.0000,0,,,,,,,,,,,,,,,,,,,,,,-,-,-,-,-,-,-,-,-,-,-,-,106.62,-0.50,0,0.0000,0.00%,0.00%,0.00%,0.00%,0.00%,0.00%,-,-,0.00,0.00,-,-,-,-,-,A-GOVDBT,-
TB20Y1132,20Y BGTB 28/11/2032,G-SEC (T.Bond),A,0.00,-,0.00,-0.51,110.05,0.0000,0,,,,,,,,,,,,,,,,,,,,,,-,-,-,-,-,-,-,-,-,-,-,-,110.61,-0.56,0,0.0000,0.00%,0.00%,0.00%,0.00%,0.00%,0.00%,-,-,0.00,0.00,-,-,-,-,-,A-GOVDBT,-
TB20Y1133,20Y BGTB 27/11/2033,G-SEC (T.Bond),A,0.00,-,0.00,0.04,112.04,0.0000,0,,,,,,,,,,,,,,,,,,,,,,-,-,-,-,-,-,-,-,-,-,-,-,111.99,0.05,0,0.0000,0.00%,0.00%,0.00%,0.00%,0.00%,0.00%,-,-,0.00,0.00,-,-,-,-,-,A-GOVDBT,-
TB20Y1134,20Y BGTB 26/11/2034,G-SEC (T.Bond),A,0.00,-,0.00,0.04,111.67,0.0000,0,,,,,,,,,,,,,,,,,,,,,,-,-,-,-,-,-,-,-,-,-,-,-,111.63,0.04,0,0.0000,0.00%,0.00%,0.00%,0.00%,0.00%,0.00%,-,-,0.00,0.00,-,-,-,-,-,A-GOVDBT,-
TB20Y1135,20Y BGTB 25/11/2035,G-SEC (T.Bond),A,0.00,-,0.00,0.89,92.03,0.0000,0,,,,,,,,,,,,,,,,,,,,,,-,-,-,-,-,-,-,-,-,-,-,-,91.22,0.81,0,0.0000,0.00%,0.00%,0.00%,0.00%,0.00%,0.00%,-,-,0.00,0.00,-,-,-,-,-,A-GOVDBT,-
TB20Y1138,20Y BGTB 28/11/2038,G-SEC (T.Bond),A,0.00,-,0.00,-0.37,87.10,0.0000,0,,,,,,,,,,,,,,,,,,,,,,-,-,-,-,-,-,-,-,-,-,-,-,87.42,-0.32,0,0.0000,0.00%,0.00%,0.00%,0.00%,0.00%,0.00%,-,-,0.00,0.00,-,-,-,-,-,A-GOVDBT,-
TB20Y1227,20Y BGTB 26/12/2027,G-SEC (T.Bond),A,0.00,-,0.00,-0.06,104.43,0.0000,0,,,,,,,,,,,,,,,,,,,,,,-,-,-,-,-,-,-,-,-,-,-,-,104.49,-0.06,0,0.0000,0.00%,0.00%,0.00%,0.00%,0.00%,0.00%,-,-,0.00,0.00,-,-,-,-,-,A-GOVDBT,-
TB20Y1228,20Y BGTB 24/12/2028,G-SEC (T.Bond),A,0.00,-,0.00,-0.16,105.50,0.0000,0,,,,,,,,,,,,,,,,,,,,,,-,-,-,-,-,-,-,-,-,-,-,-,105.67,-0.17,0,0.0000,0.00%,0.00%,0.00%,0.00%,0.00%,0.00%,-,-,0.00,0.00,-,-,-,-,-,A-GOVDBT,-
TB20Y1229,20Y BGTB 23/12/2029,G-SEC (T.Bond),A,0.00,-,0.00,-0.23,97.99,0.0000,0,,,,,,,,,,,,,,,,,,,,,,-,-,-,-,-,-,-,-,-,-,-,-,98.22,-0.23,0,0.0000,0.00%,0.00%,0.00%,0.00%,0.00%,0.00%,-,-,0.00,0.00,-,-,-,-,-,A-GOVDBT,-
TB20Y1230,20Y BGTB 29/12/2030,G-SEC (T.Bond),A,0.00,-,0.00,-0.31,98.49,0.0000,0,,,,,,,,,,,,,,,,,,,,,,-,-,-,-,-,-,-,-,-,-,-,-,98.80,-0.31,0,0.0000,0.00%,0.00%,0.00%,0.00%,0.00%,0.00%,-,-,0.00,0.00,-,-,-,-,-,A-GOVDBT,-
TB20Y1231,20Y BGTB 28/12/2031,G-SEC (T.Bond),A,0.00,-,0.00,-0.41,106.23,0.0000,0,,,,,,,,,,,,,,,,,,,,,,-,-,-,-,-,-,-,-,-,-,-,-,106.67,-0.44,0,0.0000,0.00%,0.00%,0.00%,0.00%,0.00%,0.00%,-,-,0.00,0.00,-,-,-,-,-,A-GOVDBT,-
TB20Y1232,20Y BGTB 26/12/2032,G-SEC (T.Bond),A,0.00,-,0.00,-0.63,110.65,0.0000,0,,,,,,,,,,,,,,,,,,,,,,-,-,-,-,-,-,-,-,-,-,-,-,111.35,-0.70,0,0.0000,0.00%,0.00%,0.00%,0.00%,0.00%,0.00%,-,-,0.00,0.00,-,-,-,-,-,A-GOVDBT,-
TB20Y1233,20Y BGTB 26/12/2033,G-SEC (T.Bond),A,0.00,-,0.00,0.05,112.01,0.0000,0,,,,,,,,,,,,,,,,,,,,,,-,-,-,-,-,-,-,-,-,-,-,-,111.95,0.06,0,0.0000,0.00%,0.00%,0.00%,0.00%,0.00%,0.00%,-,-,0.00,0.00,-,-,-,-,-,A-GOVDBT,-
TB20Y1242,20Y BGTB 28/12/2042,G-SEC (T.Bond),A,0.00,-,0.00,-0.54,90.27,0.0000,0,51.8502,-59.4223,0.0000,0.0000,0.0000,83.2052,83.2428,83.3117,-0.0689,-0.0186,0.0000,0.0000,0.0000,0.0000,84.1422,84.5214,85.4704,0.4208,0.0000,0.0000,0.0000,-,-,-,-,-,-,-,-,-,-,-,-,90.76,-0.49,0,0.0000,0.00%,0.00%,0.00%,0.00%,0.00%,0.00%,-,-,0.00,0.00,-,-,-,-,-,A-GOVDBT,-
TB2Y0126,,,,,,,,,,,58.6375,-22.5080,0.0000,0.0000,0.0000,100.3720,100.3646,100.3519,0.0128,0.0026,0.0000,0.0000,0.0000,0.0000,100.4411,100.4459,100.4364,0.0627,0.0000,0.0000,0.0000,,,,,,,,,,,,,,,,,,,,,,,,,,,,,,,,,
TB2Y0127,02Y BGTB 08/01/2027,G-SEC (T.Bond),A,0.00,-,0.00,-0.01,101.03,0.0000,0,53.1310,-29.6296,100.9745,0.0000,0.0000,100.6924,100.7674,100.9388,-0.1715,-0.0874,103.0069,98.9421,0.0000,0.0000,101.0987,101.0494,100.9815,0.0204,0.0000,0.0000,0.0000,-,-,-,-,-,-,-,-,-,-,-,-,101.04,-0.01,0,0.0000,0.00%,0.00%,0.00%,0.00%,0.00%,0.00%,-,-,0.00,0.00,-,-,-,-,-,A-GOVDBT,-
TB2Y0227,02 Year BGTB 05/02/2027,G-SEC (T.Bond),A,0.00,-,0.00,0.04,100.64,0.0000,0,44.1874,-16.3522,0.0000,0.0000,0.0000,99.9240,99.8872,99.8156,0.0716,0.0245,0.0000,0.0000,0.0000,0.0000,100.2471,100.2414,100.2023,0.1395,0.0000,0.0000,0.0000,-,-,-,-,-,-,-,-,-,-,-,-,100.60,0.04,0,0.0000,0.00%,0.00%,0.00%,0.00%,0.00%,0.00%,-,-,0.00,0.00,-,-,-,-,-,A-GOVDBT,-
TB2Y0327,02 Year BGTB 05/03/2027,G-SEC (T.Bond),A,0.00,-,0.00,0.04,100.88,0.0000,0,,,,,,,,,,,,,,,,,,,,,,-,-,-,-,-,-,-,-,-,-,-,-,100.84,0.04,0,0.0000,0.00%,0.00%,0.00%,0.00%,0.00%,0.00%,-,-,0.00,0.00,-,-,-,-,-,A-GOVDBT,-
TB2Y0427,02Y BGTB 09/04/2027,G-SEC (T.Bond),A,0.00,-,0.00,0.04,101.70,0.0000,0,,,,,,,,,,,,,,,,,,,,,,-,-,-,-,-,-,-,-,-,-,-,-,101.66,0.04,0,0.0000,0.00%,0.00%,0.00%,0.00%,0.00%,0.00%,-,-,0.00,0.00,-,-,-,-,-,A-GOVDBT,-
TB2Y0526,,,,,,,,,,,48.6380,-54.7486,100.3000,0.0000,0.0000,100.2468,100.2368,100.1685,0.0683,0.0784,101.9737,98.6263,0.0000,14217.9795,100.2600,100.2732,100.2894,-0.0246,0.0000,0.0000,0.0000,,,,,,,,,,,,,,,,,,,,,,,,,,,,,,,,,
TB2Y0527,02Y BGTB 07/05/2027,G-SEC (T.Bond),A,0.00,-,0.00,0.04,101.77,0.0000,0,,,,,,,,,,,,,,,,,,,,,,-,-,-,-,-,-,-,-,-,-,-,-,101.73,0.04,0,0.0000,0.00%,0.00%,0.00%,0.00%,0.00%,0.00%,-,-,0.00,0.00,-,-,-,-,-,A-GOVDBT,-
TB2Y0627,02Y BGTB 04/06/2027,G-SEC (T.Bond),A,0.00,-,0.00,0.03,102.24,0.0000,0,44.0098,-94.8630,101.8125,0.0000,0.0000,100.9632,100.9904,101.0007,-0.0103,0.0448,103.3396,100.2854,0.0000,-3494.3182,101.4960,101.5729,101.7181,0.0548,0.0000,0.0000,0.0000,-,-,-,-,-,-,-,-,-,-,-,-,102.21,0.03,0,0.0000,0.00%,0.00%,0.00%,0.00%,0.00%,0.00%,-,-,0.00,0.00,-,-,-,-,-,A-GOVDBT,-
TB2Y0727,02Y BGTB 09/07/2027,G-SEC (T.Bond),A,42212.40,-,0.00,0.06,101.95,0.0000,0,,,,,,,,,,,,,,,,,,,,,,-,-,-,-,-,-,-,-,-,-,-,-,101.89,0.06,0,0.0000,0.00%,0.00%,0.00%,0.00%,0.00%,0.00%,-,-,0.00,0.00,-,-,-,-,4140500000.00,A-GOVDBT,414050000
TB2Y0826,2Y BGTB 07/08/2026,G-SEC (T.Bond),A,35028.00,-,0.00,-0.01,100.08,0.0000,0,43.6017,-85.6655,100.2005,0.0000,0.0000,100.1312,100.2104,100.3081,-0.0977,0.0302,101.8150,98.5860,0.0000,969.4793,100.0320,100.0751,100.1407,-0.0309,0.0000,0.0000,0.0000,-,-,-,-,-,-,-,-,-,-,-,-,100.09,-0.01,0,0.0000,0.00%,0.00%,0.00%,0.00%,0.00%,0.00%,-,-,0.00,0.00,-,-,-,-,3500000000.00,A-GOVDBT,350000000
TB2Y0927,02Y BGTB 03/09/2027,G-SEC (T.Bond),A,25155.00,-,0.00,0.09,100.62,0.0000,0,,,,,,,,,,,,,,,,,,,,,,-,-,-,-,-,-,-,-,-,-,-,-,100.53,0.09,0,0.0000,0.00%,0.00%,0.00%,0.00%,0.00%,0.00%,-,-,0.00,0.00,-,-,-,-,2500000000.00,A-GOVDBT,250000000
TB2Y1026,02Y BGTB 02/10/2026,G-SEC (T.Bond),A,0.00,-,0.00,-0.03,100.43,0.0000,0,45.4243,-100.0000,100.5245,0.0000,0.0000,100.4535,100.5052,100.5892,-0.0840,-0.0101,101.5735,99.4755,0.0000,0.0000,100.3913,100.4251,100.4780,0.0225,0.0000,0.0000,0.0000,-,-,-,-,-,-,-,-,-,-,-,-,100.46,-0.03,0,0.0000,0.00%,0.00%,0.00%,0.00%,0.00%,0.00%,-,-,0.00,0.00,-,-,-,-,-,A-GOVDBT,-
TB2Y1126,02Y BGTB 06/11/2026,G-SEC (T.Bond),A,0.00,-,0.00,-0.04,100.65,0.0000,0,46.2360,-82.1429,100.7655,0.0000,0.0000,100.5534,100.5766,100.4588,0.1178,0.2243,102.2574,99.2736,0.0000,-288.6908,100.5522,100.6041,100.6899,-0.0007,0.0000,0.0000,0.0000,-,-,-,-,-,-,-,-,-,-,-,-,100.69,-0.04,0,0.0000,0.00%,0.00%,0.00%,0.00%,0.00%,0.00%,-,-,0.00,0.00,-,-,-,-,-,A-GOVDBT,-
TB2Y1127,02Y BGTB 05/11/2027,G-SEC (T.Bond),A,40172.00,-,0.00,0.13,100.43,0.0000,0,,,,,,,,,,,,,,,,,,,,,,-,-,-,-,-,-,-,-,-,-,-,-,100.30,0.13,0,0.0000,0.00%,0.00%,0.00%,0.00%,0.00%,0.00%,-,-,0.00,0.00,-,-,-,-,4000000000.00,A-GOVDBT,400000000
TB5Y0128,5Y BGTB 11/01/2028,G-SEC (T.Bond),A,0.00,-,0.00,-0.10,97.88,0.0000,0,,,,,,,,,,,,,,,,,,,,,,-,-,-,-,-,-,-,-,-,-,-,-,97.98,-0.10,0,0.0000,0.00%,0.00%,0.00%,0.00%,0.00%,0.00%,-,-,0.00,0.00,-,-,-,-,-,A-GOVDBT,-
TB5Y0230,05Y BGTB 12/02/2030,G-SEC (T.Bond),A,0.00,-,0.00,-0.13,101.79,0.0000,0,,,,,,,,,,,,,,,,,,,,,,-,-,-,-,-,-,-,-,-,-,-,-,101.92,-0.13,0,0.0000,0.00%,0.00%,0.00%,0.00%,0.00%,0.00%,-,-,0.00,0.00,-,-,-,-,-,A-GOVDBT,-
TB5Y0327,05Y BGTB 16/03/2027,G-SEC (T.Bond),A,0.00,-,0.00,0.06,97.95,0.0000,0,,,,,,,,,,,,,,,,,,,,,,-,-,-,-,-,-,-,-,-,-,-,-,97.89,0.06,0,0.0000,0.00%,0.00%,0.00%,0.00%,0.00%,0.00%,-,-,0.00,0.00,-,-,-,-,-,A-GOVDBT,-
TB5Y0428,5Y BGTB 14/06/2028,G-SEC (T.Bond),A,0.00,-,0.00,-0.07,97.12,0.0000,0,,,,,,,,,,,,,,,,,,,,,,-,-,-,-,-,-,-,-,-,-,-,-,97.19,-0.07,0,0.0000,0.00%,0.00%,0.00%,0.00%,0.00%,0.00%,-,-,0.00,0.00,-,-,-,-,-,A-GOVDBT,-
TB5Y0429,05Y BGTB 15/04/2029,G-SEC (T.Bond),A,0.00,-,0.00,-0.34,104.38,0.0000,0,53.9268,0.0000,105.2160,0.0000,0.0000,103.8795,103.8484,103.7475,0.1010,0.0801,107.5262,102.9058,0.0000,69.0179,105.1156,105.1691,105.1940,-0.0212,0.0000,0.0000,0.0000,-,-,-,-,-,-,-,-,-,-,-,-,104.74,-0.36,0,0.0000,0.00%,0.00%,0.00%,0.00%,0.00%,0.00%,-,-,0.00,0.00,-,-,-,-,-,A-GOVDBT,-
TB5Y0430,05Y BGTB 16/04/2030,G-SEC (T.Bond),A,0.00,-,0.00,0.01,107.49,0.0000,0,,,,,,,,,,,,,,,,,,,,,,-,-,-,-,-,-,-,-,-,-,-,-,107.48,0.01,0,0.0000,0.00%,0.00%,0.00%,0.00%,0.00%,0.00%,-,-,0.00,0.00,-,-,-,-,-,A-GOVDBT,-
TB5Y0527,05Y BGTB 18/05/2027,G-SEC (T.Bond),A,0.00,-,0.00,0.05,98.61,0.0000,0,,,,,,,,,,,,,,,,,,,,,,-,-,-,-,-,-,-,-,-,-,-,-,98.56,0.05,0,0.0000,0.00%,0.00%,0.00%,0.00%,0.00%,0.00%,-,-,0.00,0.00,-,-,-,-,-,A-GOVDBT,-
TB5Y0529,05Y BGTB 15/05/2029,G-SEC (T.Bond),A,0.00,-,0.00,-0.32,105.41,0.0000,0,58.6686,0.0000,106.1925,105.6570,0.0000,104.9598,104.7935,104.3707,0.4228,0.2563,108.3379,104.0471,0.0000,-17.5430,106.4749,106.3792,106.2832,0.0843,0.0000,0.0000,0.0000,-,-,-,-,-,-,-,-,-,-,-,-,105.75,-0.34,0,0.0000,0.00%,0.00%,0.00%,0.00%,0.00%,0.00%,-,-,0.00,0.00,-,-,-,-,-,A-GOVDBT,-
TB5Y0628,5Y BGTB 14/06/2028,G-SEC (T.Bond),A,0.00,-,0.00,-0.06,97.41,0.0000,0,,,,,,,,,,,,,,,,,,,,,,-,-,-,-,-,-,-,-,-,-,-,-,97.47,-0.06,0,0.0000,0.00%,0.00%,0.00%,0.00%,0.00%,0.00%,-,-,0.00,0.00,-,-,-,-,-,A-GOVDBT,-
TB5Y0630,05Y BGTB 18/06/2030,G-SEC (T.Bond),A,0.00,-,0.00,-0.07,107.71,0.0000,0,60.9116,-15.1584,107.4370,0.0000,0.0000,106.0833,106.0532,106.1169,-0.0637,-0.1597,110.9096,103.9644,0.0000,0.0000,107.6216,107.6188,107.5206,-0.2353,0.0000,0.0000,0.0000,-,-,-,-,-,-,-,-,-,-,-,-,107.79,-0.08,0,0.0000,0.00%,0.00%,0.00%,0.00%,0.00%,0.00%,-,-,0.00,0.00,-,-,-,-,-,A-GOVDBT,-
TB5Y0727,5Y BGTB 13/07/2027,G-SEC (T.Bond),A,0.00,-,0.00,0.07,98.63,0.0000,0,,,,,,,,,,,,,,,,,,,,,,-,-,-,-,-,-,-,-,-,-,-,-,98.56,0.07,0,0.0000,0.00%,0.00%,0.00%,0.00%,0.00%,0.00%,-,-,0.00,0.00,-,-,-,-,-,A-GOVDBT,-
TB5Y0828,5Y BGTB 09/08/2028,G-SEC (T.Bond),A,0.00,-,0.00,-0.02,97.43,0.0000,0,,,,,,,,,,,,,,,,,,,,,,-,-,-,-,-,-,-,-,-,-,-,-,97.45,-0.02,0,0.0000,0.00%,0.00%,0.00%,0.00%,0.00%,0.00%,-,-,0.00,0.00,-,-,-,-,-,A-GOVDBT,-
TB5Y0926,05Y BGTB 15/09/2026,G-SEC (T.Bond),A,0.00,-,0.00,-0.01,99.39,0.0000,0,,,,,,,,,,,,,,,,,,,,,,-,-,-,-,-,-,-,-,-,-,-,-,99.40,-0.01,0,0.0000,0.00%,0.00%,0.00%,0.00%,0.00%,0.00%,-,-,0.00,0.00,-,-,-,-,-,A-GOVDBT,-
TB5Y0928,5Y BGTB 13/09/2028,G-SEC (T.Bond),A,0.00,-,0.00,0.00,97.33,0.0000,0,,,,,,,,,,,,,,,,,,,,,,-,-,-,-,-,-,-,-,-,-,-,-,97.33,0.00,0,0.0000,0.00%,0.00%,0.00%,0.00%,0.00%,0.00%,-,-,0.00,0.00,-,-,-,-,-,A-GOVDBT,-
TB5Y0930,05Y BGTB 10/09/2030,G-SEC (T.Bond),A,20016.00,-,0.00,-0.19,100.08,0.0000,0,,,,,,,,,,,,,,,,,,,,,,-,-,-,-,-,-,-,-,-,-,-,-,100.27,-0.19,0,0.0000,0.00%,0.00%,0.00%,0.00%,0.00%,0.00%,-,-,0.00,0.00,-,-,-,-,2000000000.00,A-GOVDBT,200000000
TB5Y1029,05Y BGTB 09/10/2029,G-SEC (T.Bond),A,0.00,-,0.00,-0.17,106.91,0.0000,0,52.8168,-70.9552,105.9610,0.0000,0.0000,105.0720,105.0767,105.0844,-0.0077,-0.0010,108.2189,103.7031,0.0000,-5318.9340,105.5431,105.6933,105.8512,0.1160,0.0000,0.0000,0.0000,-,-,-,-,-,-,-,-,-,-,-,-,107.09,-0.18,0,0.0000,0.00%,0.00%,0.00%,0.00%,0.00%,0.00%,-,-,0.00,0.00,-,-,-,-,-,A-GOVDBT,-
TB5Y1126,05Y BGTB 10/11/2026,G-SEC (T.Bond),A,0.00,-,0.00,-0.01,99.09,0.0000,0,,,,,,,,,,,,,,,,,,,,,,-,-,-,-,-,-,-,-,-,-,-,-,99.10,-0.01,0,0.0000,0.00%,0.00%,0.00%,0.00%,0.00%,0.00%,-,-,0.00,0.00,-,-,-,-,-,A-GOVDBT,-
TB5Y1127,5Y BGTB 16/11/2027,G-SEC (T.Bond),A,0.00,-,0.00,0.10,97.72,0.0000,0,,,,,,,,,,,,,,,,,,,,,,-,-,-,-,-,-,-,-,-,-,-,-,97.62,0.10,0,0.0000,0.00%,0.00%,0.00%,0.00%,0.00%,0.00%,-,-,0.00,0.00,-,-,-,-,-,A-GOVDBT,-
TB5Y1128,5Y BGTB 15/11/2028,G-SEC (T.Bond),A,0.00,-,0.00,-0.10,101.09,0.0000,0,59.0698,-6.8323,102.3465,0.0000,0.0000,102.5496,102.3204,101.7865,0.5339,0.2819,105.9311,98.7619,0.0000,4566.1214,102.6336,102.5129,102.4291,0.1827,0.0000,0.0000,0.0000,-,-,-,-,-,-,-,-,-,-,-,-,101.19,-0.10,0,0.0000,0.00%,0.00%,0.00%,0.00%,0.00%,0.00%,-,-,0.00,0.00,-,-,-,-,-,A-GOVDBT,-
TB5Y1130,05Y BGTB 30/11/2030,G-SEC (T.Bond),A,51355.00,-,0.00,-0.27,102.71,0.0000,0,,,,,,,,,,,,,,,,,,,,,,-,-,-,-,-,-,-,-,-,-,-,-,102.99,-0.28,0,0.0000,0.00%,0.00%,0.00%,0.00%,0.00%,0.00%,-,-,0.00,0.00,-,-,-,-,5000000000.00,A-GOVDBT,500000000
TB5Y1228,5Y BGTB 13/12/2028,G-SEC (T.Bond),A,0.00,-,0.00,-0.14,99.90,0.0000,0,60.8285,-28.6058,0.0000,0.0000,0.0000,100.0240,99.9498,99.8109,0.1389,0.0412,0.0000,0.0000,0.0000,16757.5758,100.5922,100.5299,100.4824,0.2336,0.0000,0.0000,0.0000,-,-,-,-,-,-,-,-,-,-,-,-,100.04,-0.14,0,0.0000,0.00%,0.00%,0.00%,0.00%,0.00%,0.00%,-,-,0.00,0.00,-,-,-,-,-,A-GOVDBT,-
TB5Y1229,05Y BGTB 11/12/2029,G-SEC (T.Bond),A,32178.00,-,0.00,-0.26,107.26,0.0000,0,54.8195,-34.2898,106.8375,0.0000,0.0000,105.8606,105.6979,104.7620,0.9359,1.0190,109.9835,103.6915,0.0000,96090.9091,106.9591,106.8818,106.8110,0.0291,0.0000,0.0000,0.0000,-,-,-,-,-,-,-,-,-,-,-,-,107.54,-0.28,0,0.0000,0.00%,0.00%,0.00%,0.00%,0.00%,0.00%,-,-,0.00,0.00,-,-,-,-,3000000000.00,A-GOVDBT,300000000
TECHNODRUG,Techno Drugs Limited,Pharmaceuticals & Chemicals,A,6164.32,26.48,46.70,0.21,46.70,94.8760,"2,008,917",57.6000,-53.0000,45.1900,43.8100,35.1210,46.7938,46.4430,45.1271,1.3159,1.1647,50.0288,40.3512,535.1600,-2167914.4424,47.5356,47.0872,46.0938,0.9304,0.0000,0.0000,0.0000,2.14,2.281,0.386,1.639,-,0.211,0.069,0.436,0.032,0.058,-,-,46.60,0.10,"2,192",94.8760,37.29%,6.30%,30.99%,62.71%,0.00%,0.00%,-,10.00,1.76,30.58,29 Oct 2025,24 Dec 2025,26.48,29.62,1319981880.00,A-EQ,131998188
TILIL,Trust Islami Life Insurance PLC,Insurance,B,2048.00,253.50,51.20,0.99,51.20,8.7150,"170,484",44.3863,-87.5000,53.4850,51.1720,47.2695,52.0591,52.3976,52.5603,-0.1627,0.5040,57.5993,49.3707,405.0800,-588969.2673,51.5244,52.2154,53.0348,1.6064,0.0000,0.0000,0.0000,0.98,-,-,-,-,-,-,-,-,-,-,-,50.70,0.50,441,8.7150,46.62%,4.83%,41.79%,53.38%,0.00%,0.00%,-,5.00,0.20,12.13,18 Aug 2025,30 Sep 2025,253.50,-,400000000.00,B-EQ,40000000
TITASGAS,Titas Gas Transmission and Distribution  PLC,Fuel & Power,B,19883.36,-,20.10,1.01,20.10,10.2110,"505,862",54.8359,-72.4138,20.1950,18.2900,17.2455,20.3697,20.3213,19.7185,0.6028,0.7802,22.2029,18.1871,35.5500,-400657.1872,20.3889,20.5115,20.4881,1.3486,0.0000,0.0000,0.0000,1.00,1.127,-,1.108,-,-,-,0.001,-,-,-,-,19.90,0.20,404,10.2110,25.00%,15.25%,9.72%,0.00%,75.00%,0.03%,-,2.00,-7.80,90.13,28 Oct 2025,24 Dec 2025,-,-,9892218310.00,B-EQ,989221831
TOSRIFA,Tosrifa Industries PLC,Textile,B,1624.84,30.53,24.00,4.37,23.90,21.9130,"918,843",61.1420,-55.8140,23.0500,20.9540,18.2485,23.4804,23.3679,22.5606,0.8072,0.9399,25.7773,20.3227,541.8200,-249506.8378,23.5400,23.5436,23.4843,1.1996,0.0000,0.0000,0.0000,1.67,0.900,-,0.411,-,-,-,-,-,-,-,-,22.90,1.00,734,21.9130,56.98%,21.58%,35.40%,43.02%,0.00%,0.00%,-,4.00,0.75,31.52,27 Oct 2025,28 Dec 2025,30.53,68.70,679851190.00,B-EQ,67985119
TRUSTB1MF,Trust Bank 1st Mutual Fund,Mutual Funds,A,1214.35,-,4.00,8.11,4.00,19.2420,"4,916,016",66.5285,-20.0000,3.4450,3.2300,2.9110,3.7356,3.6671,3.4678,0.1993,0.1426,4.0690,2.8210,229.3100,6857883.9134,3.8067,3.7397,3.5952,1.2417,0.0000,0.0000,0.0000,-,-,-,-,-,-,-,-,-,-,-,-,3.70,0.30,617,19.2420,98.49%,33.17%,65.32%,1.51%,0.00%,0.00%,-,-,-1.96,8.16,15 Sep 2024,-,-,-,3035866750.00,A-MF,303586675
TRUSTBANK,Trust Bank PLC.,Bank,A,16387.40,3.90,15.70,0.00,15.70,23.0740,"1,469,649",44.7661,-75.0000,15.7950,15.8840,17.1880,15.8236,15.8258,15.8615,-0.0357,-0.0475,16.1026,15.4874,48.6500,-1843347.8280,15.8511,15.8590,15.8243,0.6946,0.0000,0.0000,0.0000,5.10,-,-,-,-,0.617,0.146,-,0.005,0.119,0.006,-,15.70,0.00,676,23.0740,40.00%,23.39%,16.61%,60.00%,0.00%,0.00%,5.00,8.00,3.38,28.52,03 May 2026,28 Jul 2025,3.90,6.54,10437834560.00,A-EQ,1043783456
TUNGHAI,Tung Hai Knitting & Dyeing Limited,Textile,Z,309.29,-,2.90,0.00,2.90,0.5450,"187,825",53.8882,-20.0000,2.7750,2.9140,2.3865,2.7670,2.7643,2.8111,-0.0468,-0.0748,3.0643,2.4857,59.8600,-267112.2743,2.7556,2.7308,2.7429,1.3657,0.0000,0.0000,0.0000,-,0.182,-,0.044,-,-,-,-,-,-,-,-,2.90,0.00,45,0.5450,69.96%,7.58%,62.38%,30.04%,0.00%,0.00%,-,-,-0.42,-6.18,31 Oct 2022,12 Dec 2022,-,-,1066530300.00,Z-EQ,106653030
UCB,United Commercial Bank PLC,Bank,Z,15193.68,66.00,9.80,-1.01,9.80,20.5030,"2,092,112",69.1226,-33.3333,9.2800,9.0480,9.6475,9.6309,9.5466,9.3119,0.2347,0.1601,10.0384,8.5216,13.4300,211743.7070,9.7400,9.6385,9.4505,0.9742,0.0000,0.0000,0.0000,-,-,-,-,-,0.344,0.007,-,0.000,0.006,0.000,-,9.90,-0.10,333,20.5030,88.92%,36.81%,51.60%,10.27%,0.81%,0.51%,-,-,0.15,25.71,03 May 2026,11 Jun 2026,66.00,35.36,15503758980.00,Z-EQ,1550375898
UCB2PBOND,UCB 2nd Perpetual Bond,Corporate Bond,A,282.00,-,0.00,0.00,4700.00,0.0000,0,,,,,,,,,,,,,,,,,,,,,,0.02,-,-,-,-,-,-,-,-,-,-,-,4700.00,0.00,0,0.0000,0.00%,0.00%,0.00%,0.00%,0.00%,0.00%,-,10.00,0.00,0.00,29 Jan 2026,-,-,-,600000.00,A-CB,60000
UNILEVERCL,Unilever Consumer Care Limited,Food & Allied,A,39577.88,49.79,2053.40,0.07,2053.40,0.7200,351,44.1158,-93.2000,2064.7650,2058.1660,2179.2725,2059.0938,2060.1089,2062.0332,-1.9242,-0.6005,2085.0897,2044.4403,1.4700,-1210.2555,2058.5978,2059.6103,2061.2514,0.3322,0.0000,0.0000,0.0000,2.05,0.753,5.520,0.509,-,0.178,0.131,0.668,0.070,1.102,-,-,2052.00,1.40,101,0.7200,7.19%,3.43%,3.65%,92.81%,0.00%,0.11%,-,420.00,41.21,116.30,08 Mar 2026,18 May 2026,49.79,81.56,192743180.00,A-EQ,19274318
UNIONBANK,Union Bank PLC.,Bank,Z,1554.42,0.96,0.00,0.00,1.50,0.0000,0,31.6231,-100.0000,1.7050,1.9000,3.0850,1.6132,1.6390,1.7458,-0.1068,-0.1005,1.9248,1.4852,48.5200,-791884.7608,1.5867,1.6077,1.6590,1.0097,0.0000,0.0000,0.0000,-,-,-,-,-,1.265,17.228,-,-,1.048,-,-,1.50,0.00,0,0.0000,45.51%,13.47%,32.03%,54.49%,0.00%,0.01%,-,-,1.58,16.03,28 Apr 2024,12 Aug 2024,0.96,-,10362804480.00,Z-EQ,1036280448
UNIONCAP,Union Capital Limited,Financial Institutions,Z,811.10,-,4.80,0.00,4.70,3.0500,"647,199",53.6571,-50.0000,4.5700,4.5880,4.1990,4.6417,4.6225,4.6034,0.0190,-0.0144,4.8609,4.2791,50.8700,-285296.6278,4.6600,4.6192,4.5852,1.8059,0.0000,0.0000,0.0000,-,-,-,-,-,1.462,3.854,-,-,-,-,-,4.70,0.00,95,3.0500,71.06%,19.00%,52.06%,28.94%,0.00%,0.00%,-,-,-2.46,-65.49,20 May 2026,29 Jul 2026,-,-,1725738430.00,Z-EQ,172573843
UNIONINS,Union Insurance PLC,Insurance,A,2449.15,27.11,50.60,-0.20,50.60,13.4880,"265,702",61.1334,-41.2903,47.8450,42.8840,36.1170,50.4173,49.9428,47.2269,2.7159,2.9519,58.1824,37.5076,506.0400,96424.8028,50.8933,51.2679,50.0238,1.6517,0.0000,0.0000,0.0000,1.98,-,-,-,-,-,-,-,-,-,-,-,50.70,-0.10,608,13.4880,43.02%,12.40%,30.62%,56.98%,0.00%,0.00%,-,10.00,1.90,19.23,12 May 2026,25 Aug 2026,27.11,20.61,484022600.00,A-EQ,48402260
UNIQUEHRL,Unique Hotel & Resorts PLC,Travel & Leisure,A,13159.68,8.46,45.00,2.05,44.70,12.8140,"288,653",51.9472,-75.0000,45.6400,41.9200,39.2960,45.1637,45.2325,44.4283,0.8042,1.3335,49.9248,41.3552,107.2000,-669500.0037,44.9844,45.3154,45.8100,1.2812,0.0000,0.0000,0.0000,3.58,1.026,0.113,1.008,0.131,0.380,0.095,0.700,0.006,0.009,-,-,43.80,0.90,504,12.8140,47.55%,30.36%,17.00%,52.45%,0.00%,0.19%,-,16.00,5.18,93.91,28 Oct 2025,24 Dec 2025,8.46,10.99,2944000000.00,A-EQ,294400000
UNITEDFIN,United Finance PLC.,Financial Institutions,A,3293.22,16.23,17.60,2.33,17.60,38.0050,"2,166,292",61.2829,-46.8750,16.7750,15.0380,12.9810,17.3303,17.1679,16.4489,0.7190,0.7008,18.2994,15.2506,243.6000,444754.7743,17.5200,17.3487,17.0624,1.6476,0.0000,0.0000,0.0000,5.68,-,-,-,-,0.404,0.155,-,-,-,-,0.108,17.20,0.40,661,38.0050,59.87%,14.98%,44.89%,40.13%,0.00%,0.00%,-,10.00,1.06,17.90,29 Apr 2026,29 Jun 2026,16.23,107.50,1871146140.00,A-EQ,187114614
UNITEDINS,United Insurance Company Ltd.,Insurance,A,2238.35,14.77,50.90,-1.57,50.30,13.3090,"263,636",60.8617,-31.3253,47.5700,44.9240,42.7660,49.4787,49.0378,47.4114,1.6264,1.4235,52.5770,42.5630,174.7100,87313.4140,49.9667,49.7551,48.7533,1.0539,0.0000,0.0000,0.0000,2.98,-,-,-,-,-,-,-,-,-,-,-,51.10,-0.80,716,13.3090,40.10%,20.09%,20.01%,59.90%,0.00%,0.00%,-,15.00,3.46,31.04,29 Apr 2026,29 Jun 2026,14.77,12.84,445000000.00,A-EQ,44500000
UPGDCL,United Power Generation & Distribution Company Limited,Fuel & Power,A,72288.00,6.02,124.70,0.32,124.70,7.2270,"57,676",45.4900,-93.1677,127.3100,123.2120,123.6330,126.4456,126.6549,126.0238,0.6311,1.3875,131.6589,122.9611,4.9100,-151056.0169,126.1822,126.8205,127.3548,0.8543,0.0000,0.0000,0.0000,5.21,1.368,-,1.250,0.319,0.337,0.312,0.340,0.158,0.281,-,-,124.30,0.40,398,7.2270,10.00%,7.45%,2.54%,90.00%,0.00%,0.01%,-,65.00,20.66,73.89,27 Oct 2025,30 Dec 2025,6.02,6.35,5796952700.00,A-EQ,579695270
USMANIAGL,Usmania Glass Sheet Factory Limited,Miscellaneous,Z,1168.27,-,68.00,1.82,67.10,6.5870,"95,318",58.3429,-68.7500,64.7250,49.8080,37.1525,67.6502,66.9849,61.2043,5.7806,7.0398,85.0685,44.3815,243.9400,-115824.2369,67.9622,69.1731,68.3390,1.2591,0.0000,0.0000,0.0000,-,0.654,-,0.293,-,-,-,-,-,-,-,-,65.90,1.20,644,6.5870,47.00%,15.64%,31.36%,2.00%,51.00%,0.00%,-,-,-5.34,64.73,29 Oct 2025,21 Dec 2025,-,-,174109000.00,Z-EQ,17410900
UTTARABANK,Uttara Bank PLC,Bank,A,25954.69,3.50,21.40,0.47,21.40,29.0660,"1,358,974",42.8788,-60.0000,21.4950,21.9640,22.9855,21.3724,21.3903,21.5632,-0.1729,-0.2149,21.8648,21.1252,52.8000,-643286.7232,21.3511,21.3538,21.4090,0.6871,0.0000,0.0000,0.0000,2.34,-,-,-,-,0.608,0.298,-,0.018,0.190,0.020,-,21.30,0.10,414,29.0660,69.47%,24.86%,43.96%,30.53%,0.00%,0.65%,25.00,5.00,6.08,31.95,30 Apr 2026,15 Jun 2026,3.50,4.03,12128360900.00,A-EQ,1212836090
UTTARAFIN,Uttara Finance and Investments Limited,Financial Institutions,Z,1788.15,1.42,13.70,1.49,13.60,0.5910,"43,484",55.4558,-46.6667,13.3700,13.2220,12.0790,13.5140,13.4838,13.3914,0.0925,0.0698,13.7757,12.9643,17.5300,43951.5930,13.5689,13.5231,13.4429,1.3368,0.0000,0.0000,0.0000,11.03,-,-,-,-,0.983,0.593,-,-,-,-,0.564,13.40,0.20,52,0.5910,55.56%,31.71%,16.03%,44.44%,0.00%,7.82%,5.00,15.00,9.45,62.45,24 Aug 2020,30 Sep 2020,1.42,5.98,1314815040.00,Z-EQ,131481504
VAMLBDMF1,Vanguard AML BD Finance Mutual Fund One,Mutual Funds,A,740.67,-,0.00,0.00,7.10,0.0000,0,45.8140,-71.4286,7.1600,7.2120,6.8430,7.2057,7.2027,7.1776,0.0250,0.0300,7.4458,6.8742,37.4300,-4593.5110,7.2333,7.2385,7.2100,0.6491,0.0000,0.0000,0.0000,-,-,-,-,-,-,-,-,-,-,-,-,7.10,0.00,0,0.0000,98.08%,81.13%,16.95%,1.92%,0.00%,0.00%,-,-,-0.10,9.55,01 Dec 2025,-,-,-,1043200000.00,A-MF,104320000
VAMLRBBF,Vanguard AML Rupali Bank Balanced Fund,Mutual Funds,A,1285.83,-,8.20,0.00,8.10,0.3500,"43,060",69.5078,-40.0000,7.8850,6.9260,5.9670,8.0544,7.9983,7.6600,0.3382,0.3740,8.3929,7.3771,38.3300,-228525.6672,8.1089,8.0808,8.0024,0.8913,0.0000,0.0000,0.0000,-,-,-,-,-,-,-,-,-,-,-,-,8.10,0.00,39,0.3500,74.80%,67.59%,7.21%,25.20%,0.00%,0.00%,-,-,-0.37,8.38,18 Feb 2026,-,-,3.40,1587450000.00,A-MF,158745000
VFSTDL,VFS Thread Dyeing Limited,Textile,B,1847.65,187.78,17.50,3.55,17.50,106.1860,"6,083,244",63.7306,-22.2222,16.8200,16.1420,12.3055,16.8839,16.8311,16.5534,0.2777,0.2926,17.4931,16.1469,747.1800,-2418480.0433,16.8800,16.8051,16.7976,1.5203,0.0000,0.0000,0.0000,0.14,5.475,-,3.946,-,-,-,-,-,-,-,-,16.90,0.60,"2,099",106.1860,69.23%,14.52%,54.67%,30.77%,0.00%,0.04%,-,0.25,0.09,20.34,29 Oct 2025,30 Dec 2025,187.78,422.50,1055800550.00,B-EQ,105580055
WALTONHIL,Walton Hi-Tech Industries PLC,Engineering,A,131589.04,11.31,394.90,2.07,394.90,6.9550,"17,706",52.2970,-58.3099,398.2950,382.2220,384.5140,394.8220,395.3304,392.7471,2.5833,4.9156,411.3838,385.2062,3.8200,-41491.8316,393.7822,395.7218,397.6529,0.9165,0.0000,0.0000,0.0000,4.43,2.550,0.046,1.513,-,0.209,0.146,0.360,0.066,0.086,-,-,386.90,8.00,482,6.9550,32.91%,1.02%,31.86%,67.09%,0.00%,0.03%,10.00,175.00,34.22,399.74,04 Sep 2025,28 Oct 2025,11.31,15.04,3332211770.00,A-EQ,333221177
WATACHEM,Wata Chemicals Ltd,Pharmaceuticals & Chemicals,A,2091.47,185.27,141.10,2.92,141.10,2.7910,"19,767",51.4223,-74.7312,141.9000,137.8480,132.8845,141.1651,141.3045,140.4357,0.8687,1.5837,148.5275,135.2725,117.4600,-43337.2324,140.8956,141.7628,142.1776,1.1873,0.0000,0.0000,0.0000,0.71,0.545,0.439,0.490,-,0.249,0.014,0.296,0.004,0.012,-,-,137.10,4.00,218,2.7910,63.59%,36.78%,26.81%,36.41%,0.00%,0.00%,-,10.00,0.74,61.09,09 Nov 2025,24 Dec 2025,185.27,118.19,148226180.00,A-EQ,14822618
WMSHIPYARD,Western Marine Shipyard Limited,Engineering,Z,2399.08,-,10.20,0.99,10.20,9.3000,"915,921",59.4068,-44.4444,10.0450,9.3200,8.5860,10.0265,10.0041,9.8118,0.1922,0.2334,10.4260,9.6640,151.4100,330008.1107,10.0133,10.0167,10.0271,1.5798,0.0000,0.0000,0.0000,-,7.577,-,4.239,-,0.363,-,0.374,-,-,-,-,10.10,0.10,386,9.3000,69.99%,15.39%,54.60%,30.01%,0.00%,0.00%,-,-,-0.02,16.16,16 Nov 2025,28 Dec 2025,-,-,2352037690.00,Z-EQ,235203769
YPL,Yeakin Polymer Limited,Engineering,Z,1842.47,-,25.00,-1.96,25.00,12.6290,"501,826",51.2663,-38.4615,25.1300,24.6840,18.8130,25.0947,25.0689,24.8834,0.1855,0.2161,26.0970,24.1630,140.5800,-427287.8612,25.1111,25.0513,25.0386,1.4193,0.0000,0.0000,0.0000,-,0.860,-,0.442,-,-,-,-,-,-,-,-,25.50,-0.50,473,12.6290,69.90%,17.00%,52.90%,30.10%,0.00%,0.00%,-,-,-0.71,6.16,08 Dec 2022,-,-,-,736988170.00,Z-EQ,73698817
ZAHEENSPIN,Zaheen Spinning Limited,Textile,Z,626.06,-,5.50,1.85,5.50,1.2510,"228,428",48.2738,-40.0000,5.5000,5.6240,4.9340,5.4590,5.4697,5.5307,-0.0611,-0.0664,5.7902,5.2098,69.1800,-344301.8947,5.4556,5.4474,5.4571,1.3970,0.0000,0.0000,0.0000,-,1.404,-,1.398,-,-,-,-,-,-,-,-,5.40,0.10,76,1.2510,68.90%,23.71%,45.19%,31.10%,0.00%,0.00%,-,-,-0.55,3.39,28 Oct 2025,30 Dec 2025,-,-,1138283680.00,Z-EQ,113828368
ZAHINTEX,Zahintex Industries Limited,Textile,Z,736.46,-,9.00,1.12,9.00,0.2500,"27,678",50.1951,-78.5714,9.1550,8.7500,6.7745,9.0453,9.0646,9.0010,0.0636,0.1361,9.7923,8.5177,103.4800,-283351.8306,9.0000,9.0538,9.1390,1.0073,0.0000,0.0000,0.0000,-,2.167,-,0.632,-,-,-,-,-,-,-,-,8.90,0.10,29,0.2500,63.06%,20.95%,42.11%,36.94%,0.00%,0.00%,-,-,-2.58,10.01,29 Oct 2023,24 Dec 2023,-,-,818285490.00,Z-EQ,81828549
ZEALBANGLA,Zeal Bangla Sugar Mills Limited,Food & Allied,Z,1361.40,-,226.90,0.00,226.90,6.0010,"25,883",64.3214,-31.2899,199.0500,156.1700,130.2115,219.0000,214.3171,192.3303,21.9869,22.0497,263.1621,134.9379,237.6000,-6708.6256,222.8689,222.9218,214.0157,0.9535,0.0000,0.0000,0.0000,-,0.269,-,0.057,-,-,-,-,-,0.069,-,-,226.90,0.00,412,6.0010,49.00%,12.48%,36.52%,0.00%,51.00%,0.00%,-,-,-78.87,-1139.19,27 Oct 2025,15 Dec 2025,-,-,60000000.00,Z-EQ,6000000
