Symbol,Company,Sector,Category,Market Cap (mn),PE,LTP,%,Close,Value(Turnover) (mn),Volume(Qty),RSI[14],Willams %R[14],SMA[20],SMA[50],SMA[200],EMA[9],EMA[12],EMA[26],"MACD[12,26]",MACD Signal[9],"BB Upper[20,2]","BB Lower[20,2]",TV[22],"CO[3,10]",WMA[9],WMA[12],WMA[20],Beta[5],VWMA[20],VWMA[50],VWMA[200],Dividend Yield,Current Ratio,Quick Ratio,Debt To Equity,EBITDA Margin,Operating Profit Margin,Net Profit Margin,Gross Profit Margin,Return on Assets (ROA),Return on Equity (ROE),Return on Earnings Assets (ROEA),Return on Investment (ROI),YCP,Change,Trade,Value (Turnover)(mn),Free Float,Institute Share %,Public Share %,Sponsor Director Share %,Govt. Share %,Foreign Share %,Stock Dividend,Cash Dividend,EPS,NAV(Year End),Last Dividend Date,Last AGM Date,Audited PE,Forward PE,PaidUp Capital,Quote Bases,Total Shares
1JANATAMF,First Janata Bank Mutual Fund,Mutual Funds,A,1043.72,-,3.60,0.00,3.60,9.6680,"2,685,370",49.9893,-60.0000,3.5550,3.6880,3.0780,3.6322,3.6231,3.6010,0.0221,0.0126,3.8414,3.2686,165.5500,-823518.8938,3.6622,3.6577,3.6100,1.2933,0.0000,0.0000,0.0000,-,-,-,-,-,-,-,-,-,-,-,-,3.60,0.00,179,9.6680,75.00%,30.20%,44.80%,25.00%,0.00%,0.00%,-,-,-2.24,7.54,15 Sep 2024,-,-,-,2899233490.00,A-MF,289923349
1STPRIMFMF,Prime Finance First Mutual Fund,Mutual Funds,A,626.00,-,31.30,-5.72,31.30,70.1140,"2,196,508",61.1690,-42.6667,27.4250,25.0860,21.1145,31.7621,30.8850,28.0256,2.8594,2.2788,38.3189,16.5311,2119.8800,413909.8053,33.2822,32.5013,30.0395,0.9681,0.0000,0.0000,0.0000,-,-,-,-,-,-,-,-,-,-,-,-,33.20,-1.90,"2,169",70.1140,98.00%,22.05%,75.94%,2.00%,0.00%,0.01%,-,-,-0.53,8.60,01 Feb 2026,-,-,13.72,200000000.00,A-MF,20000000
AAMRANET,Aamra Networks Limited.,IT Sector,Z,1794.51,7.93,19.40,-1.03,19.30,4.3720,"224,020",52.3601,-15.3846,18.4450,19.7560,18.0210,19.0213,18.9549,19.0594,-0.1045,-0.2996,19.9680,16.9220,61.6800,-30286.6799,19.1289,19.0654,18.7776,1.3871,0.0000,0.0000,0.0000,0.05,2.957,-,2.304,0.204,0.214,0.188,0.399,0.055,0.067,-,-,19.50,-0.20,206,4.3720,66.96%,21.74%,45.22%,33.04%,0.00%,0.00%,-,0.10,0.13,36.14,06 Sep 2026,-,7.93,-,929799120.00,Z-EQ,92979912
AAMRATECH,Aamra Technologies Limited,IT Sector,Z,1074.14,-,0.00,0.00,16.60,0.5040,"30,513",44.8065,-53.3333,16.5950,18.5560,14.4115,16.5189,16.5705,17.0366,-0.4661,-0.5720,17.5607,15.6293,35.1400,-45102.7883,16.4889,16.5064,16.5081,1.5704,0.0000,0.0000,0.0000,0.15,1.988,-,1.236,-,-,-,0.200,-,-,-,-,16.60,0.00,61,0.5040,69.99%,29.97%,40.02%,30.01%,0.00%,0.00%,-,0.25,-3.17,18.46,13 Jul 2026,-,-,-,647074420.00,Z-EQ,64707442
ABB1STMF,AB BANK 1ST MUTUAL FUND,Mutual Funds,A,860.73,-,3.60,0.00,3.60,7.4530,"2,062,691",47.4989,-66.6667,3.6200,3.7540,3.2100,3.6576,3.6553,3.6540,0.0013,-0.0031,3.8503,3.3897,309.4500,-2817794.9079,3.6733,3.6782,3.6519,1.2561,0.0000,0.0000,0.0000,-,-,-,-,-,-,-,-,-,-,-,-,3.60,0.00,169,7.4530,84.49%,16.43%,68.06%,15.51%,0.00%,0.00%,-,-,-1.37,8.69,25 Sep 2024,-,-,-,2390903960.00,A-MF,239090396
ABBANK,AB Bank PLC,Bank,Z,3851.49,-,4.30,0.00,4.30,1.2740,"292,116",38.5062,-100.0000,4.4650,4.7000,4.9575,4.3904,4.4155,4.5106,-0.0950,-0.0845,4.7102,4.2198,19.9700,-798846.7597,4.3667,4.3974,4.4367,1.7083,0.0000,0.0000,0.0000,-,-,-,-,-,1.242,1.343,-,-,1.199,-,-,4.30,0.00,75,1.2740,80.48%,35.00%,44.94%,18.95%,0.57%,0.54%,-,-,-43.42,-36.24,03 May 2026,18 Jun 2026,-,-,8956947490.00,Z-EQ,895694749
ABBLPBOND,AB Bank Perpetual Bond,Corporate Bond,A,6053.59,-,0.00,0.00,1060.00,0.0000,0,63.0051,-25.0000,1068.0000,1047.2000,0.0000,1048.3281,1041.8432,1008.2701,33.5732,35.1310,1136.8491,999.1509,11.5000,4204.2088,1067.1111,1069.8718,1070.6190,0.0020,0.0000,0.0000,0.0000,0.09,-,-,-,-,-,-,-,-,-,-,-,1060.00,0.00,0,0.0000,100.00%,94.73%,5.27%,0.00%,0.00%,0.00%,-,10.00,0.00,0.00,10 Dec 2025,-,-,-,57109360.00,A-CB,5710936
ACFL,Aman Cotton Fibrous PLC,Textile,A,2188.08,104.29,21.70,-0.91,21.70,5.0930,"233,612",40.6309,-48.1481,22.0800,22.8700,20.2765,21.9908,22.0530,22.3314,-0.2784,-0.2727,22.5893,21.5707,19.8300,-12191.1114,21.9600,22.0064,22.0562,1.2068,0.0000,0.0000,0.0000,4.61,2.961,-,1.970,-,-,-,-,-,-,-,-,21.90,-0.20,77,5.0930,50.42%,11.68%,38.64%,49.58%,0.00%,0.10%,-,10.00,0.21,33.63,27 Oct 2025,29 Dec 2025,104.29,234.64,1008333330.00,A-EQ,100833333
ACI,ACI Limited,Pharmaceuticals & Chemicals,A,16248.89,-,185.00,0.27,185.00,1.7180,"9,256",44.3228,-49.1329,185.6650,192.3620,198.0730,185.1563,185.4767,187.4197,-1.9430,-2.1538,192.8736,178.4564,3.4000,-8520.1119,185.0844,185.6167,185.4252,1.1395,0.0000,0.0000,0.0000,1.35,0.676,0.568,0.384,-,0.074,-,0.249,-,-,-,-,184.50,0.50,135,1.7180,52.73%,34.30%,18.43%,47.27%,0.00%,0.00%,-,25.00,-7.40,91.64,29 Oct 2025,28 Dec 2025,-,-,878318430.00,A-EQ,87831843
ACIFORMULA,ACI Formulations PLC,Pharmaceuticals & Chemicals,A,7111.13,19.57,150.50,-2.02,150.50,14.6580,"96,744",41.9059,-82.7815,153.4850,162.3580,146.0570,153.3701,153.7877,155.8323,-2.0446,-2.0897,159.9856,146.9844,79.4200,-135581.3448,153.2022,153.9718,154.0067,1.2877,0.0000,0.0000,0.0000,1.66,1.236,-,0.925,-,0.142,0.072,0.323,0.043,0.104,-,-,153.60,-3.10,617,14.6580,33.98%,19.98%,14.00%,66.02%,0.00%,0.00%,-,25.00,7.85,75.51,29 Oct 2025,28 Dec 2025,19.57,13.95,472500000.00,A-EQ,47250000
ACMELAB,The ACME Laboratories Limited,Pharmaceuticals & Chemicals,A,16547.25,6.81,78.20,0.00,78.20,9.0640,"115,849",44.7692,-51.0204,77.9750,80.2320,77.5475,78.3083,78.3245,78.7554,-0.4309,-0.5981,79.6769,76.2731,13.9400,-89800.2728,78.3933,78.4397,78.2029,1.1944,0.0000,0.0000,0.0000,4.48,1.154,0.265,0.680,-,0.098,0.068,0.422,0.042,0.091,-,-,78.20,0.00,343,9.0640,59.61%,30.46%,29.12%,40.39%,0.00%,0.03%,-,35.00,11.48,126.37,28 Oct 2025,22 Dec 2025,6.81,6.24,2116017000.00,A-EQ,211601700
ACMEPL,Acme Pesticides Limited,Pharmaceuticals & Chemicals,B,3388.50,-,25.10,0.40,25.10,42.2540,"1,686,019",51.6700,-61.5385,24.8600,24.5700,21.2725,25.1394,25.1127,24.9298,0.1829,0.2105,26.1021,23.6179,558.3800,-2023435.7352,25.2244,25.2449,25.0790,1.4086,0.0000,0.0000,0.0000,-,4.422,0.117,3.222,-,-,-,-,-,-,-,-,25.00,0.10,836,42.2540,68.20%,15.52%,52.68%,31.80%,0.00%,0.00%,-,0.01,-1.14,16.41,02 Nov 2025,29 Dec 2025,-,-,1350000000.00,B-EQ,135000000
ACTIVEFINE,Active Fine Chemicals Limited,Pharmaceuticals & Chemicals,Z,1319.65,50.00,5.50,0.00,5.50,0.9900,"179,893",33.7413,-75.0000,5.6650,6.2400,6.4585,5.5849,5.6191,5.8144,-0.1953,-0.2121,5.8829,5.4471,18.1600,-201122.4635,5.5644,5.5872,5.6205,1.3530,0.0000,0.0000,0.0000,0.45,-,-,-,-,-,-,-,-,-,-,-,5.50,0.00,93,0.9900,87.96%,21.05%,66.64%,12.04%,0.00%,0.27%,-,0.25,0.11,22.07,30 Oct 2022,29 Dec 2022,50.00,34.38,2399365800.00,Z-EQ,239936580
ADNTEL,ADN Telecom Limited,IT Sector,A,3698.08,22.55,57.20,-0.52,57.20,5.5150,"96,067",39.2406,-66.6667,57.9950,62.2740,61.5425,57.7889,57.9672,59.2259,-1.2587,-1.4596,60.4103,55.5797,66.0200,-140578.1515,57.7689,57.9051,57.8505,1.2596,0.0000,0.0000,0.0000,1.75,1.943,-,1.935,0.122,0.152,0.091,0.354,0.049,0.077,-,-,57.50,-0.30,329,5.5150,59.24%,17.44%,40.28%,40.76%,0.00%,1.52%,-,10.00,2.55,32.82,28 Oct 2025,15 Dec 2025,22.55,23.19,646516660.00,A-EQ,64651666
ADVENT,Advent Pharma Limited,Pharmaceuticals & Chemicals,Z,1247.98,18.75,13.40,-0.74,13.40,2.2650,"168,501",36.0662,-76.4706,13.7500,14.7460,14.2805,13.6656,13.7192,14.0150,-0.2959,-0.3174,14.3286,13.1714,27.6700,-250166.2946,13.6556,13.7154,13.7229,1.4868,0.0000,0.0000,0.0000,0.37,1.507,0.005,1.157,-,0.200,0.134,0.352,0.035,0.044,-,-,13.50,-0.10,140,2.2650,69.98%,12.78%,56.20%,30.02%,0.00%,1.00%,-,0.50,0.72,16.43,27 Oct 2025,31 Dec 2025,18.75,30.68,931327320.00,Z-EQ,93132732
AFCAGRO,AFC Agro Biotech Limited,Pharmaceuticals & Chemicals,Z,656.73,26.36,5.70,-1.72,5.70,0.7380,"129,508",31.3414,-87.5000,6.1650,6.6880,6.6080,5.9462,6.0117,6.2690,-0.2573,-0.2347,6.6972,5.6328,14.3400,-82910.0381,5.9022,5.9564,6.0486,1.6479,0.0000,0.0000,0.0000,0.88,5.609,-,4.057,-,0.066,0.036,0.232,0.010,0.012,-,-,5.80,-0.10,67,0.7380,72.16%,34.11%,38.05%,27.84%,0.00%,0.00%,-,0.50,0.22,18.19,30 Oct 2022,29 Dec 2022,26.36,25.59,1152162000.00,Z-EQ,115216200
AFTABAUTO,Aftab Automobiles Limited,Engineering,Z,2744.17,-,26.00,-1.52,26.00,1.7540,"67,086",38.1638,-60.7143,26.4600,28.3020,30.0325,26.4993,26.5511,27.0329,-0.4818,-0.5947,27.5958,25.3242,17.4200,-48518.8078,26.5711,26.5628,26.4581,1.3142,0.0000,0.0000,0.0000,3.85,1.931,2.289,1.802,-,-,-,0.254,-,-,-,-,26.40,-0.40,179,1.7540,70.68%,32.36%,38.32%,29.32%,0.00%,0.00%,-,10.00,-1.37,47.57,28 Oct 2025,29 Dec 2025,-,-,1055449950.00,Z-EQ,105544995
AGNISYSL,Agni Systems PLC.,IT Sector,B,1988.04,34.44,27.40,-1.79,27.40,13.3030,"480,466",37.6770,-93.5484,29.0350,30.4620,25.7355,28.3182,28.5001,29.1405,-0.6404,-0.5421,31.1499,26.9201,229.6800,-702504.9696,28.1778,28.4090,28.6629,1.2721,0.0000,0.0000,0.0000,0.91,3.518,-,3.484,0.174,0.181,0.082,0.383,0.039,0.048,-,-,27.90,-0.50,602,13.3030,69.97%,14.51%,55.46%,30.03%,0.00%,0.00%,-,2.50,0.81,16.95,28 Oct 2025,29 Dec 2025,34.44,25.52,725561920.00,B-EQ,72556192
AGRANINS,Agrani Insurance PLC.,Insurance,A,1033.74,163.33,28.70,-2.38,28.70,2.2120,"76,632",47.1349,-36.9565,28.5750,29.6740,25.2720,29.0594,29.0046,29.0385,-0.0339,-0.1703,30.5215,26.6285,78.4500,-21316.6341,29.2600,29.1692,28.8100,1.4876,0.0000,0.0000,0.0000,-,-,-,-,-,-,-,-,-,-,-,-,29.40,-0.70,161,2.2120,72.25%,16.83%,55.42%,27.75%,0.00%,0.00%,-,-,0.18,19.42,16 Mar 2026,14 May 2026,163.33,29.40,360186980.00,A-EQ,36018698
AIBL1STIMF,AIBL 1st Islamic Mutual Fund,Mutual Funds,A,600.00,122.00,6.00,-1.64,6.00,12.2580,"2,036,229",50.3148,-63.6364,6.0300,6.0400,4.4650,6.1160,6.0941,5.9930,0.1011,0.1004,6.4560,5.6040,824.8500,-1358861.4036,6.1533,6.1538,6.1033,0.8286,0.0000,0.0000,0.0000,-,-,-,-,-,-,-,-,-,-,-,-,6.10,-0.10,417,12.2580,90.00%,40.05%,49.95%,10.00%,0.00%,0.00%,-,0.60,0.05,10.27,16 May 2023,-,122.00,69.32,1000000000.00,A-MF,100000000
AIBLPBOND,AIBL Mudaraba Perpetual Bond,Corporate Bond,A,420.00,-,0.00,0.00,4200.00,0.0000,0,64.2643,0.0000,4122.5000,4024.5700,3716.9900,4072.1760,4046.8728,3996.4985,50.3743,18.5121,4302.8393,3942.1607,0.7100,0.0014,4158.8889,4151.2821,4136.1905,0.0326,0.0000,0.0000,0.0000,0.02,-,-,-,-,-,-,-,-,-,-,-,4200.00,0.00,0,0.0000,100.00%,87.13%,12.17%,0.00%,0.00%,0.70%,-,-,0.00,0.00,-,-,-,-,1000000.00,A-CB,100000
AIL,Alif Industries Limited,Textile,Z,1489.51,12.92,30.60,0.33,30.60,0.5210,"17,008",35.5737,-66.6667,31.5700,34.6760,33.2370,31.1623,31.3607,32.3673,-1.0067,-1.0448,33.3221,29.8179,39.9500,-109018.7068,31.0689,31.2385,31.3533,1.1794,0.0000,0.0000,0.0000,3.27,4.992,-,4.235,-,-,-,-,-,-,-,-,30.50,0.10,80,0.5210,69.76%,13.55%,56.21%,30.24%,0.00%,0.00%,10.00,10.00,2.36,24.56,29 Oct 2024,30 Dec 2024,12.92,10.12,486768350.00,Z-EQ,48676835
AL-HAJTEX,Al-Haj Textile Mills Limited,Textile,B,1808.41,-,81.10,3.58,81.10,31.6290,"386,547",50.8675,-24.8908,76.2950,87.0740,110.5810,78.1091,78.1355,80.3298,-2.1943,-3.1689,87.2977,65.2923,289.3600,-99747.9428,77.9867,78.5628,77.4129,1.0842,0.0000,0.0000,0.0000,0.37,1.616,-,1.134,-,-,-,-,-,-,-,-,78.30,2.80,"1,870",31.6290,69.34%,9.65%,59.64%,30.65%,0.01%,0.05%,-,3.00,-1.64,16.38,23 Jul 2026,14 Sep 2026,-,-,222985490.00,B-EQ,22298549
ALARABANK,Al-Arafah Islami Bank PLC.,Bank,Z,17620.88,22.88,15.30,1.32,15.30,0.0440,"2,911",43.8281,-66.6667,15.5350,16.3660,15.5170,15.3829,15.4506,15.7621,-0.3115,-0.3093,16.2980,14.7720,0.7700,-36125.9477,15.3400,15.3769,15.4229,0.5906,0.0000,0.0000,0.0000,-,-,-,-,-,0.230,0.056,-,0.001,0.033,0.002,-,15.10,0.20,33,0.0440,59.59%,37.17%,22.39%,40.41%,0.00%,0.03%,-,-,0.74,21.16,03 May 2026,09 Nov 2026,22.88,8.78,11516917130.00,Z-EQ,1151691713
ALIF,Alif Manufacturing Company Ltd,Textile,Z,1325.63,15.76,5.10,-1.92,5.10,1.5180,"295,226",36.9101,-100.0000,5.3000,5.4860,4.9560,5.2334,5.2560,5.3407,-0.0848,-0.0751,5.4947,5.1053,27.7500,-288495.3974,5.2178,5.2385,5.2667,1.6095,0.0000,0.0000,0.0000,1.96,15.328,-,13.723,-,-,-,-,-,-,-,-,5.20,-0.10,79,1.5180,69.54%,3.79%,65.75%,30.46%,0.00%,0.00%,-,1.00,0.33,15.15,29 Oct 2024,29 Dec 2024,15.76,24.38,2599270220.00,Z-EQ,259927022
ALLTEX,Alltex Industries Limited,Textile,Z,1292.86,-,23.10,-1.70,23.10,1.4520,"62,186",46.5021,-36.3636,23.6150,23.1080,17.0840,23.3508,23.4171,23.4221,-0.0051,0.1380,24.4517,22.7783,85.1200,-33741.2349,23.2578,23.3385,23.4852,1.3365,0.0000,0.0000,0.0000,-,0.234,-,0.226,-,-,-,-,-,-,-,-,23.50,-0.40,90,1.4520,63.75%,16.13%,47.62%,36.25%,0.00%,0.00%,-,-,-0.18,24.77,08 Dec 2025,18 Jun 2026,-,587.50,559680000.00,Z-EQ,55968000
AMANFEED,Aman Feed PLC,Miscellaneous,A,4020.79,143.64,30.70,-2.85,30.70,20.4550,"658,141",40.6802,-74.0741,31.3250,34.9260,28.9420,31.0906,31.2573,32.3127,-1.0554,-1.1859,32.7494,29.9006,115.8600,-565972.0780,30.9756,31.0859,31.1610,1.3399,0.0000,0.0000,0.0000,3.75,2.425,-,1.527,0.016,0.066,0.003,0.108,0.003,0.008,-,-,31.60,-0.90,681,20.4550,36.74%,10.35%,26.36%,63.26%,0.00%,0.03%,-,11.50,0.22,28.03,27 Oct 2025,29 Dec 2025,143.64,40.86,1309704000.00,A-EQ,130970400
AMBEEPHA,Ambee Pharmaceuticals PLC.,Pharmaceuticals & Chemicals,A,1779.36,340.00,740.30,-1.33,741.40,0.4110,554,40.4601,-51.9362,751.8150,773.3780,758.8350,749.5907,750.6523,756.0644,-5.4122,-5.6279,770.0860,733.5440,10.9300,-1344.8435,749.2489,751.1564,751.3543,0.8088,0.0000,0.0000,0.0000,0.13,0.828,0.006,0.526,-,0.035,0.023,0.475,0.007,0.164,-,-,751.40,-10.00,60,0.4110,22.75%,5.53%,17.22%,77.25%,0.00%,0.00%,-,10.00,2.21,13.47,02 Nov 2025,18 Dec 2025,340.00,249.36,24000000.00,A-EQ,2400000
AMCL(PRAN),Agricultural Marketing Co Ltd.,Food & Allied,A,1725.60,43.07,216.00,-0.05,215.70,0.3940,"1,824",46.5052,-33.0769,214.8500,222.4300,215.7900,215.8935,215.9192,217.4564,-1.5372,-2.2041,221.0636,208.6364,10.4400,-294.3742,216.1867,216.1500,215.2281,0.8991,0.0000,0.0000,0.0000,1.48,1.559,-,0.623,0.023,0.026,0.011,0.191,0.022,0.054,-,-,215.80,-0.10,30,0.3940,59.85%,28.55%,31.30%,40.15%,0.00%,0.00%,-,32.00,5.01,92.88,27 Oct 2025,24 Dec 2025,43.07,34.15,80000000.00,A-EQ,8000000
ANLIMAYARN,Anlima Yarn Dyeing Limited,Textile,Z,457.42,-,25.60,2.40,25.60,0.0060,224,37.6876,-82.9787,26.6700,30.4880,24.6275,25.9230,26.1947,27.5731,-1.3784,-1.4303,28.7647,24.5753,41.1200,-33280.4180,25.6400,25.8859,26.2810,1.0964,0.0000,0.0000,0.0000,-,0.523,-,0.382,-,-,-,-,-,-,-,-,25.00,0.60,26,0.0060,55.57%,4.08%,51.49%,44.43%,0.00%,0.00%,-,-,-2.99,5.63,19 Oct 2025,22 Dec 2025,-,-,178678000.00,Z-EQ,17867800
ANWARGALV,Anwar Galvanizing Limited,Engineering,A,3471.51,-,115.00,-1.79,115.00,44.9030,"386,150",53.1876,-67.4603,113.3150,111.5420,101.8980,116.1755,115.6388,113.6051,2.0337,1.8122,122.9394,103.6906,467.1800,-483447.4813,117.1711,116.8987,115.4976,1.4444,0.0000,0.0000,0.0000,-,0.720,0.601,0.433,-,-,-,-,-,-,-,-,117.10,-2.10,"1,868",44.9030,64.68%,14.88%,49.80%,35.32%,0.00%,0.00%,-,-,-12.32,1.38,27 Oct 2025,08 Feb 2026,-,21.96,301870800.00,A-EQ,30187080
AOL,Associated Oxygen Limited,Fuel & Power,Z,1921.18,10.72,17.50,-2.23,17.50,11.7540,"650,546",60.4629,-27.7778,15.9850,17.1300,16.2865,16.7473,16.5892,16.5514,0.0378,-0.2918,17.5840,14.3860,60.1200,54572.2890,16.8867,16.6282,16.2414,1.5929,0.0000,0.0000,0.0000,0.57,-,-,-,-,-,-,-,-,-,-,-,17.90,-0.40,445,11.7540,69.35%,12.03%,57.24%,30.65%,0.00%,0.08%,-,1.00,1.59,19.33,08 Jan 2024,18 Feb 2024,10.72,11.26,1097820000.00,Z-EQ,109782000
APEXFOODS,Apex Foods Limited,Food & Allied,A,1478.06,40.61,259.20,-0.42,259.20,1.8720,"7,213",43.4407,-45.6716,260.8500,274.0920,256.4280,261.9120,262.3272,265.6314,-3.3042,-3.9473,272.8704,248.8296,80.4900,-17122.5840,262.0200,262.6859,261.7467,1.1423,0.0000,0.0000,0.0000,0.77,1.554,-,1.153,0.038,0.030,0.017,0.104,0.023,0.051,-,-,260.30,-1.10,237,1.8720,46.61%,7.50%,39.11%,53.39%,0.00%,0.00%,-,20.00,6.41,126.05,09 Oct 2025,29 Nov 2025,40.61,43.87,57024000.00,A-EQ,5702400
APEXFOOT,Apex Footwear Limited,Tannery Industries,A,3932.57,23.38,200.10,-0.69,200.10,8.9520,"44,630",34.5794,-95.1923,208.4200,211.9700,197.3200,205.5881,206.6089,208.7367,-2.1277,-0.8871,219.0512,197.7888,72.8500,-119140.9382,204.9444,206.7731,208.0962,0.8775,0.0000,0.0000,0.0000,0.75,1.042,-,0.144,0.021,0.096,0.008,0.289,0.004,0.020,-,-,201.50,-1.40,620,8.9520,69.92%,24.20%,45.72%,30.08%,0.00%,0.00%,15.00,15.00,7.91,355.25,27 Sep 2026,29 Nov 2026,23.38,25.47,196530460.00,A-EQ,19653046
APEXSPINN,Apex Spinning & Knitting Mills Limited,Textile,A,3113.88,101.97,370.70,0.98,370.70,48.3960,"130,580",62.1340,-13.1897,320.3900,338.6540,284.2535,356.0625,349.7235,338.0574,11.6661,3.2351,399.0050,241.7750,489.8100,468414.2462,363.9511,358.6987,340.3181,1.0316,0.0000,0.0000,0.0000,0.54,1.190,-,1.002,-,-,-,-,0.008,0.021,-,-,367.10,3.60,942,48.3960,49.29%,7.29%,41.75%,50.71%,0.00%,0.25%,-,20.00,3.60,83.11,09 Oct 2025,29 Nov 2025,101.97,107.55,84000000.00,A-EQ,8400000
APEXTANRY,Apex Tannery Limited,Tannery Industries,B,1447.80,-,95.00,4.86,95.00,19.7450,"206,430",48.9032,-26.4706,93.5100,100.0400,85.8980,92.7426,93.1140,95.4263,-2.3123,-2.5847,99.5991,87.4209,97.3500,-52239.3243,92.3422,92.6872,92.8614,0.9879,0.0000,0.0000,0.0000,-,0.898,-,0.211,-,0.061,-,0.125,-,-,-,-,90.60,4.40,"1,206",19.7450,65.18%,26.35%,38.83%,34.82%,0.00%,0.00%,-,-,-14.62,30.19,15 Oct 2025,30 Dec 2025,-,-,152400000.00,B-EQ,15240000
APOLOISPAT,Appollo Ispat Complex Limited,Engineering,Z,1083.53,-,2.70,0.00,2.70,1.0000,"367,958",27.1320,-100.0000,2.8700,3.0760,2.9195,2.7736,2.8000,2.9001,-0.1001,-0.0892,3.0762,2.6638,17.1200,-718751.3791,2.7489,2.7705,2.8214,1.4478,0.0000,0.0000,0.0000,-,0.749,20.371,0.727,-,-,-,-,-,-,-,-,2.70,0.00,94,1.0000,79.76%,19.22%,60.18%,20.24%,0.00%,0.36%,-,-,-0.82,0.70,21 Nov 2024,19 Dec 2024,-,-,4013086000.00,Z-EQ,401308600
APSCLBOND,APSCL Non-Convertible and Fully Redeemable Coupon Bearing Bond,Corporate Bond,A,212.00,-,0.00,0.00,1060.00,0.0000,0,35.0888,-84.4961,1084.3500,1092.2600,1586.9800,1084.9956,1091.4419,1183.9178,-92.4758,-121.8372,1175.0769,993.6231,0.0300,89.4182,1107.8222,1106.7949,1096.3333,0.2447,0.0000,0.0000,0.0000,0.05,-,-,-,-,-,-,-,-,-,-,-,1060.00,0.00,0,0.0000,0.00%,0.00%,0.00%,0.00%,0.00%,0.00%,-,5.25,0.00,0.00,11 Jun 2026,-,-,-,2000000.00,A-CB,200000
ARAMIT,Aramit Limited,Miscellaneous,A,1030.80,83.01,171.80,-0.98,171.80,2.2700,"13,131",33.4165,-70.8171,180.7700,197.8300,183.8320,176.0098,177.6464,184.9159,-7.2696,-7.0964,197.8862,163.6538,43.6400,-17326.6376,174.6400,176.0551,177.7210,1.0283,0.0000,0.0000,0.0000,0.58,3.153,-,2.395,0.057,0.063,0.046,0.073,0.009,0.014,-,-,173.50,-1.70,241,2.2700,39.27%,13.57%,25.70%,60.73%,0.00%,0.00%,-,10.00,1.75,128.67,01 Jan 2026,04 Mar 2026,83.01,-,60000000.00,A-EQ,6000000
ARAMITCEM,Aramit Cement Limited,Cement,Z,382.84,-,11.30,0.00,11.30,0.4240,"37,411",46.8710,-45.4545,11.2600,11.9720,11.2020,11.1937,11.2208,11.4466,-0.2259,-0.2728,11.7767,10.7433,12.3500,-17425.8048,11.1511,11.1487,11.1871,1.4003,0.0000,0.0000,0.0000,-,2.410,-,2.363,-,-,-,-,-,0.766,-,-,11.30,0.00,44,0.4240,54.08%,9.99%,44.09%,45.92%,0.00%,0.00%,-,-,-14.47,-18.90,17 Nov 2024,30 Dec 2024,-,-,338800000.00,Z-EQ,33880000
ARGONDENIM,Argon Denims Limited,Textile,A,3138.88,12.74,22.60,5.61,22.60,113.9150,"5,112,691",56.3266,-22.2222,21.5750,22.4680,19.0960,21.6376,21.6247,21.7937,-0.1690,-0.2769,22.8330,20.3170,422.0600,-388111.0297,21.6267,21.5615,21.4924,1.2398,0.0000,0.0000,0.0000,4.42,1.703,-,0.950,-,-,-,-,-,-,-,-,21.40,1.20,"1,909",113.9150,64.13%,31.41%,32.72%,35.87%,0.00%,0.00%,-,10.00,1.68,24.57,23 Oct 2025,18 Dec 2025,12.74,17.83,1388886060.00,A-EQ,138888606
ASIAINS,Asia Insurance PLC.,Insurance,A,1948.69,20.00,41.40,-0.96,41.40,6.8900,"165,354",47.4793,-38.8889,41.2600,42.5620,38.6290,41.7202,41.6717,41.8178,-0.1461,-0.3214,43.3379,39.1821,122.3100,-215833.7101,41.8933,41.8167,41.4552,1.6473,0.0000,0.0000,0.0000,2.42,-,-,-,-,-,-,-,-,-,-,-,41.80,-0.40,274,6.8900,62.12%,11.11%,51.01%,37.88%,0.00%,0.00%,-,10.00,2.09,30.55,23 Apr 2026,29 Jun 2026,20.00,24.88,470698580.00,A-EQ,47069858
ASIAPACINS,Asia Pacific General Insurance PLC,Insurance,A,2024.33,19.44,47.80,-2.05,47.80,4.7340,"98,446",47.6646,-36.3636,47.6850,48.8700,41.1805,48.0725,48.0341,48.2021,-0.1680,-0.3314,49.4917,45.8783,90.0400,-146995.6422,48.1956,48.0821,47.7833,1.4404,0.0000,0.0000,0.0000,2.93,-,-,-,-,-,-,-,-,-,-,-,48.80,-1.00,203,4.7340,66.39%,32.47%,33.92%,33.61%,0.00%,0.00%,-,14.00,2.51,25.29,03 May 2026,09 Jul 2026,19.44,11.14,423500000.00,A-EQ,42350000
ASIATICLAB,Asiatic Laboratories Limited,Pharmaceuticals & Chemicals,A,12924.75,50.57,105.60,-0.09,105.60,79.4210,"739,325",43.5645,-63.1148,106.1150,113.0020,93.0930,106.2781,106.4961,108.4367,-1.9406,-2.3749,110.4525,101.7775,169.2100,-1220774.2732,106.1044,106.3949,106.4214,0.9542,0.0000,0.0000,0.0000,0.95,4.084,0.157,2.848,-,0.308,0.145,0.434,0.029,0.039,-,-,105.70,-0.10,"2,068",79.4210,59.29%,15.03%,44.26%,40.71%,0.00%,0.00%,-,10.00,2.09,54.08,02 Nov 2025,24 Dec 2025,50.57,19.97,1223934550.00,A-EQ,122393455
ATLASBANG,Atlas Bangladesh Limited,Engineering,Z,2650.17,-,80.00,-0.12,80.00,0.4910,"6,139",39.1349,-74.0260,82.1050,86.5560,70.3365,80.7927,81.1710,82.6901,-1.5191,-1.4032,85.5303,78.6797,4.0500,-9693.5964,80.4000,80.8179,81.5124,0.9847,0.0000,0.0000,0.0000,-,1.732,0.001,1.667,-,-,-,-,-,-,-,-,80.10,-0.10,43,0.4910,49.00%,16.96%,32.04%,0.00%,51.00%,0.00%,-,-,-1.23,121.00,06 Nov 2025,24 Dec 2025,-,-,331271080.00,Z-EQ,33127108
AZIZPIPES,Aziz Pipes Limited,Engineering,Z,408.52,-,76.40,1.06,76.40,1.1950,"15,735",49.3894,-46.1538,75.7250,77.8860,60.6580,76.1645,76.1562,76.6103,-0.4541,-0.6860,80.5104,70.9396,54.2800,19323.2855,76.4622,76.2910,75.7271,1.4158,0.0000,0.0000,0.0000,-,0.259,-,0.182,-,-,-,-,-,0.214,-,-,75.60,0.80,41,1.1950,88.84%,14.10%,74.74%,11.16%,0.00%,0.00%,-,-,-10.12,-47.37,28 Oct 2025,30 Dec 2025,-,-,53471250.00,Z-EQ,5347125
BANGAS,Bangas Limited,Food & Allied,B,880.65,414.29,115.50,-0.43,115.50,3.5760,"30,879",34.7212,-72.0339,119.8500,127.9500,127.9310,117.7594,118.4224,121.5721,-3.1498,-3.1761,126.9879,112.7121,139.8200,-55099.7977,117.3978,117.9756,118.6210,1.2183,0.0000,0.0000,0.0000,0.26,2.236,-,1.692,0.020,0.021,0.011,0.200,0.009,0.013,-,-,116.00,-0.50,262,3.5760,76.96%,5.25%,71.62%,23.04%,0.00%,0.09%,-,3.00,0.24,21.10,29 Sep 2026,12 Nov 2026,414.29,483.33,76246430.00,B-EQ,7624643
BANKASI1PB,Bank Asia 1st Perpetual Bond,Corporate Bond,N,588.63,-,0.00,0.00,8650.00,0.0000,0,,,,,,,,,,,,,,,,,,,,,,0.01,-,-,-,-,-,-,-,-,-,-,-,8650.00,0.00,0,0.0000,0.00%,0.00%,0.00%,0.00%,0.00%,0.00%,-,10.00,0.00,0.00,21 Dec 2025,-,-,-,680500.00,N-CB,68050
BANKASIA,Bank Asia PLC.,Bank,A,22542.46,5.09,16.20,0.00,16.20,7.8130,"482,825",21.4496,-81.8182,16.7150,17.3000,19.0670,16.4946,16.5656,16.8252,-0.2596,-0.2257,17.2188,16.2112,7.5900,-754988.0527,16.4467,16.5346,16.6343,0.7865,0.0000,0.0000,0.0000,5.25,-,-,-,-,0.643,0.146,-,0.007,0.126,0.008,-,16.20,0.00,297,7.8130,49.70%,39.03%,10.67%,50.30%,0.00%,0.00%,8.50,8.50,3.18,27.42,30 Apr 2026,11 Jun 2026,5.09,4.58,13915098370.00,A-EQ,1391509837
BARKAPOWER,Baraka Power Limited,Fuel & Power,Z,2307.56,27.78,9.80,-2.00,9.80,4.1650,"417,476",46.9646,-75.0000,9.9050,9.8880,8.3150,9.8956,9.9081,9.9373,-0.0291,-0.0154,10.2194,9.5906,54.4700,-534558.6795,9.9022,9.8821,9.8795,1.4158,0.0000,0.0000,0.0000,-,1.375,-,1.111,-,-,0.011,0.040,0.002,0.003,-,-,10.00,-0.20,202,4.1650,77.36%,23.71%,53.65%,22.64%,0.00%,0.00%,-,-,0.36,22.63,29 Oct 2025,24 Dec 2025,27.78,8.62,2354656610.00,Z-EQ,235465661
BATASHOE,Bata Shoe Company (Bangladesh) Limited,Tannery Industries,A,12054.82,1041.65,881.10,-0.47,881.20,0.3870,440,41.2723,-75.5020,884.8550,896.6540,851.7185,884.8744,885.3452,888.2454,-2.9002,-3.2313,890.8295,878.8805,1.3300,-1320.0095,884.8800,885.0744,884.7767,0.3664,0.0000,0.0000,0.0000,1.19,1.333,-,0.214,0.022,0.045,0.001,0.426,0.002,0.004,-,-,885.40,-4.20,51,0.3870,30.00%,19.73%,9.20%,70.00%,0.00%,1.07%,-,105.00,0.00,0.00,29 Apr 2026,-,1041.65,12.01,136800000.00,A-EQ,13680000
BATBC,British American Tobacco Bangladesh Company Limited,Food & Allied,A,120582.00,20.77,223.30,-0.53,223.30,12.6400,"56,389",37.5748,-95.4545,227.8300,235.0460,235.3935,225.8062,226.5000,229.0677,-2.5678,-2.2526,233.3961,222.2639,3.3200,-102818.7491,225.2333,225.9256,226.8271,1.1419,0.0000,0.0000,0.0000,1.34,1.543,-,0.738,0.163,0.192,0.070,0.404,0.052,0.105,-,-,224.50,-1.20,864,12.6400,26.45%,14.59%,8.98%,72.91%,0.64%,2.88%,-,30.00,10.81,102.50,03 Mar 2026,30 Apr 2026,20.77,14.67,5400000000.00,A-EQ,540000000
BAYLEASING,Bay Leasing & Investment Limited,Financial Institutions,Z,605.82,-,4.30,0.00,4.30,0.5860,"136,024",36.0591,-83.3333,4.4900,4.8700,4.4580,4.3779,4.4106,4.5496,-0.1390,-0.1327,4.7721,4.2079,30.3900,-288398.9617,4.3378,4.3679,4.4286,2.0409,0.0000,0.0000,0.0000,-,-,-,-,-,1.317,2.424,-,-,-,-,-,4.30,0.00,59,0.5860,81.70%,24.45%,57.25%,18.30%,0.00%,0.00%,-,-,-6.87,-19.65,02 Jul 2026,27 Sep 2026,-,-,1408884430.00,Z-EQ,140888443
BBS,Bangladesh Building Systems PLC.,Engineering,B,1857.40,-,11.40,-0.87,11.40,3.9800,"347,423",34.8446,-81.2500,11.9850,13.5020,12.0420,11.7573,11.8532,12.3552,-0.5020,-0.5275,12.9459,11.0241,66.2500,-530295.7913,11.7200,11.8141,11.8652,1.6774,0.0000,0.0000,0.0000,-,2.624,0.324,2.056,-,0.101,-,0.207,-,-,-,-,11.50,-0.10,198,3.9800,69.99%,23.69%,46.24%,30.01%,0.00%,0.06%,-,-,-0.59,10.74,28 Oct 2025,23 Dec 2025,-,-,1629297320.00,B-EQ,162929732
BBSCABLES,BBS Cables PLC.,Engineering,B,3514.38,-,16.60,-1.19,16.60,3.8040,"227,128",38.7789,-53.5714,16.9000,19.3740,18.9480,16.8632,16.9313,17.5988,-0.6675,-0.8321,18.1847,15.6153,62.9000,-584963.2208,16.8867,16.9026,16.8262,1.5755,0.0000,0.0000,0.0000,-,2.519,0.074,1.725,-,-,-,0.151,-,-,-,-,16.80,-0.20,213,3.8040,69.88%,22.23%,47.54%,30.12%,0.00%,0.11%,-,-,-4.05,28.01,28 Oct 2025,24 Dec 2025,-,-,2117097670.00,B-EQ,211709767
BDAUTOCA,Bangladesh Autocars Limited,Engineering,B,821.51,996.67,189.90,5.85,189.90,21.2130,"112,835",52.3274,-10.4317,181.1700,198.2320,181.0640,183.2189,183.2483,187.1275,-3.8792,-5.6403,192.8234,169.5166,291.2400,-17987.0924,183.4956,183.1564,181.6595,1.3087,0.0000,0.0000,0.0000,0.11,1.833,0.022,1.744,-,0.020,0.013,0.043,0.023,0.035,-,-,179.40,10.50,"1,144",21.2130,69.94%,10.02%,59.92%,30.06%,0.00%,0.00%,-,2.00,0.18,7.45,28 Oct 2025,28 Dec 2025,996.67,1495.00,43260130.00,B-EQ,4326013
BDCOM,BDCOM Online Limited,IT Sector,A,1774.85,33.02,28.20,-0.70,28.20,7.4090,"261,404",41.7713,-41.6667,28.6200,30.4060,28.7570,28.4695,28.5315,29.0488,-0.5173,-0.6246,30.3240,26.9160,159.6200,-302928.7588,28.4778,28.5205,28.4729,1.7276,0.0000,0.0000,0.0000,1.77,2.336,-,2.051,0.136,0.086,0.063,0.550,0.034,0.055,-,-,28.40,-0.20,352,7.4090,70.00%,8.78%,61.22%,30.00%,0.00%,0.00%,5.00,5.00,0.86,15.58,27 Oct 2025,18 Dec 2025,33.02,46.30,629378650.00,A-EQ,62937865
BDFINANCE,Bangladesh Finance PLC,Financial Institutions,Z,2108.25,9.50,11.20,-0.88,11.20,1.5620,"138,743",29.7014,-100.0000,11.8000,12.6900,12.8570,11.4915,11.5842,11.9638,-0.3796,-0.3546,12.6360,10.9640,20.8600,-136239.5665,11.4156,11.5013,11.6238,1.7431,0.0000,0.0000,0.0000,-,-,-,-,-,1.240,-,-,-,-,-,0.284,11.30,-0.10,134,1.5620,85.46%,23.74%,61.72%,14.54%,0.00%,0.00%,-,-,1.19,-29.07,30 Apr 2026,30 Jun 2026,9.50,24.57,1882362670.00,Z-EQ,188236267
BDLAMPS,Bangladesh Lamps PLC.,Engineering,A,2401.41,-,228.10,1.60,228.10,16.9810,"74,836",59.9365,-10.9589,223.8950,212.2820,171.1910,224.6862,224.2648,221.1239,3.1410,3.6937,230.5052,217.2848,203.4800,-63165.1402,224.8133,224.6410,223.9733,1.3616,0.0000,0.0000,0.0000,0.44,0.921,-,0.488,-,0.046,-,0.213,-,-,-,-,224.50,3.60,652,16.9810,38.14%,8.66%,29.45%,61.86%,0.00%,0.03%,-,10.00,-6.22,39.93,13 Oct 2025,11 Dec 2025,-,-,105278770.00,A-EQ,10527877
BDSERVICE,Bangladesh Services Limited,Travel & Leisure,Z,508.50,-,0.00,0.00,5.20,0.0000,0,,,,,,,,,,,,,,,,,,,,,,-,0.353,0.021,0.344,-,-,-,0.532,-,-,-,-,5.20,0.00,0,0.0000,0.32%,0.00%,0.13%,0.00%,99.68%,0.19%,-,-,-8.94,219.74,28 Oct 2025,22 Dec 2025,-,-,977889130.00,Z-EQ,97788913
BDTHAI,Bangladesh Thai Aluminium Limited,Engineering,B,1865.52,-,14.60,-0.68,14.60,4.4610,"304,215",40.9089,-56.5217,15.1550,16.5440,14.1085,14.8231,14.9065,15.3880,-0.4816,-0.5251,16.5788,13.7312,214.6600,-613424.7366,14.7844,14.8359,14.9143,1.5660,0.0000,0.0000,0.0000,-,2.274,0.238,1.417,-,-,-,-,-,-,-,-,14.70,-0.10,280,4.4610,70.82%,7.93%,62.26%,29.18%,0.00%,0.63%,-,-,-2.01,28.60,24 Nov 2025,30 Dec 2025,-,-,1277752500.00,B-EQ,127775250
BDTHAIFOOD,BD Thai Food & Beverage Limited,Food & Allied,B,1564.80,-,19.20,-1.03,19.20,11.5630,"598,957",33.6907,-88.5246,22.0600,23.3020,20.0190,20.2284,20.6246,21.8660,-1.2414,-0.9557,26.3541,17.7659,681.7200,-1480770.0714,19.8467,20.0962,20.9733,1.3896,0.0000,0.0000,0.0000,-,1.315,-,0.892,-,-,-,0.259,-,-,-,-,19.40,-0.20,550,11.5630,66.90%,23.84%,43.06%,33.10%,0.00%,0.00%,-,-,-1.64,12.41,29 Oct 2025,28 Dec 2025,-,-,815000000.00,B-EQ,81500000
BDWELDING,Bangladesh Welding Electrodes Limited,Fuel & Power,Z,502.85,-,11.50,-0.85,11.60,0.2510,"21,579",36.7105,-76.4706,12.0700,12.9920,15.0180,11.8835,11.9632,12.3253,-0.3621,-0.3575,12.8570,11.2830,21.8600,-45476.6041,11.8400,11.9295,11.9857,1.3596,0.0000,0.0000,0.0000,-,1.557,-,1.207,6.501,7.509,2.015,0.193,0.075,0.162,-,-,11.70,-0.10,43,0.2510,68.99%,2.88%,65.39%,31.01%,0.00%,0.72%,1.00,-,-0.08,11.61,10 Aug 2020,17 Sep 2020,-,-,433493050.00,Z-EQ,43349305
BEACHHATCH,Beach Hatchery Limited,Food & Allied,Z,1101.27,13.20,26.60,-0.75,26.60,2.6160,"97,977",37.5873,-66.6667,27.0950,29.9480,33.1440,27.1312,27.2330,27.9931,-0.7601,-0.8942,28.5825,25.6075,68.8400,-86126.1984,27.1600,27.2359,27.1233,1.1780,0.0000,0.0000,0.0000,3.76,5.789,-,5.616,0.494,0.534,0.383,0.567,0.138,0.163,-,-,26.80,-0.20,213,2.6160,65.03%,18.21%,46.82%,34.97%,0.00%,0.00%,-,10.00,2.03,12.49,26 Nov 2024,31 Dec 2024,13.20,4.39,414010210.00,Z-EQ,41401021
BEACONPHAR,Beacon Pharmaceuticals PLC.,Pharmaceuticals & Chemicals,A,23700.60,25.20,102.60,-0.68,102.60,8.1660,"79,171",49.3351,-25.3968,101.7650,104.8440,105.0150,101.9348,101.9508,102.7451,-0.7942,-1.1329,105.3429,98.1871,9.0800,-67900.3172,101.9956,101.9359,101.6395,1.3889,0.0000,0.0000,0.0000,2.05,1.542,0.479,1.144,-,0.191,0.075,0.520,0.049,0.142,-,-,103.30,-0.70,708,8.1660,60.14%,38.16%,21.98%,39.86%,0.00%,0.00%,-,21.00,4.10,28.86,23 Oct 2025,23 Dec 2025,25.20,13.02,2310000000.00,A-EQ,231000000
BENGALWTL,Bengal Windsor Thermoplastics PLC.,Engineering,B,1985.03,39.82,21.70,-0.91,21.70,4.2810,"195,517",44.9425,-48.4848,21.6650,23.3860,21.6040,21.7556,21.7988,22.2745,-0.4756,-0.6047,22.9777,20.3523,86.0000,-96470.5629,21.7867,21.7872,21.6643,1.4652,0.0000,0.0000,0.0000,2.30,11.790,0.000,9.087,-,0.092,0.055,0.190,0.019,0.021,-,-,21.90,-0.20,309,4.2810,46.77%,27.24%,19.53%,53.23%,0.00%,0.00%,-,5.00,0.55,26.12,27 Oct 2025,18 Dec 2025,39.82,37.33,914760000.00,B-EQ,91476000
BERGERPBL,Berger Paints Bangladesh Limited,Miscellaneous,A,71837.15,19.04,1462.20,-0.02,1462.90,1.5350,"1,045",47.5181,-75.8442,1465.6650,1471.9520,1420.4720,1462.6503,1463.4839,1466.9160,-3.4321,-3.2167,1494.1308,1437.1992,1.7000,-2052.1399,1461.9933,1462.3513,1462.1562,0.2109,0.0000,0.0000,0.0000,3.59,1.931,-,1.188,0.155,0.152,0.118,0.319,0.141,0.218,-,-,1463.20,-0.30,89,1.5350,10.24%,8.08%,2.15%,89.76%,0.00%,0.01%,-,525.00,76.83,400.24,16 Jun 2026,24 Aug 2026,19.04,9.94,491059910.00,A-EQ,49105991
BESTHLDNG,Best Holdings PLC.,Travel & Leisure,Z,15358.84,10.42,14.50,-2.68,14.50,11.7170,"802,240",44.1532,-76.4706,14.8350,14.9640,13.8430,14.8085,14.8216,14.8456,-0.0240,-0.0065,15.4944,14.1756,7.7200,-267742.2364,14.7911,14.8372,14.8695,1.5214,0.0000,0.0000,0.0000,6.90,4.760,0.016,4.709,0.365,0.380,0.367,0.683,0.018,0.025,-,-,14.90,-0.40,452,11.7170,34.66%,20.54%,14.12%,65.34%,0.00%,0.00%,-,-,0.00,0.00,-,-,10.42,44.70,10592303650.00,Z-EQ,1059230365
BEXGSUKUK,Beximco Green Sukuk Al Istisna'a,Corporate Bond,A,19524.24,-,69.50,-1.42,69.50,0.4880,"7,003",45.1137,-100.0000,70.0000,70.1800,65.5025,69.9423,69.9711,70.0725,-0.1013,-0.0857,70.8584,69.1416,0.7800,533.6400,69.9111,69.9872,70.0190,0.2204,0.0000,0.0000,0.0000,0.66,-,-,-,-,-,-,-,-,-,-,-,70.50,-1.00,12,0.4880,100.00%,97.67%,2.33%,0.00%,0.00%,0.00%,-,4.59,0.00,0.00,21 May 2026,-,-,-,2809242630.00,A-CB,280924263
BEXIMCO,BEXIMCO Limited,Miscellaneous,B,19619.31,-,20.80,-2.35,20.80,69.4930,"3,268,440",40.8011,-60.0000,21.1500,22.9720,77.8985,21.0601,21.1576,22.0696,-0.9120,-1.1272,22.7281,19.5719,101.7300,-3870988.3091,21.0444,21.1436,21.1081,0.3535,0.0000,0.0000,0.0000,-,1.885,-,1.568,-,0.190,-,0.245,-,-,-,-,21.30,-0.50,"2,744",69.4930,66.89%,30.58%,35.96%,33.11%,0.00%,0.35%,5.00,-,-0.41,92.58,29 Oct 2024,30 Dec 2024,-,-,9432362620.00,B-EQ,943236262
BGIC,Bangladesh General Insurance Company PLC.,Insurance,A,2225.92,27.68,41.20,-1.44,41.20,4.1710,"99,934",47.8296,-58.6207,41.2500,41.6720,36.9905,41.5614,41.5292,41.5441,-0.0149,-0.0928,42.9796,39.5204,52.1600,-119134.6101,41.7067,41.6462,41.3729,1.1304,0.0000,0.0000,0.0000,2.67,-,-,-,-,-,-,-,-,-,-,-,41.80,-0.60,219,4.1710,66.60%,46.11%,20.49%,33.40%,0.00%,0.00%,-,11.00,1.51,19.54,30 Apr 2026,18 Jun 2026,27.68,16.85,540272550.00,A-EQ,54027255
BIFC,Bangladesh Industrial Fin. Company Limited,Financial Institutions,Z,332.24,-,3.30,-2.94,3.30,0.2520,"73,671",26.9054,-100.0000,3.6950,4.1700,3.9189,3.4773,3.5347,3.7517,-0.2170,-0.1931,4.1560,3.2340,23.1600,-225766.6634,3.4267,3.4731,3.5767,1.0278,0.0000,0.0000,0.0000,-,-,-,-,-,1.107,1.067,-,-,-,-,-,3.40,-0.10,47,0.2520,61.65%,39.55%,22.10%,38.35%,0.00%,0.00%,-,-,-7.38,-133.58,25 Jun 2026,-,-,-,1006799440.00,Z-EQ,100679944
BNICL,Bangladesh National Insurance Company Limited.,Insurance,A,7473.83,36.11,168.90,-2.76,168.90,25.3870,"150,991",75.1133,-15.9763,144.4250,125.6780,85.7445,163.4206,159.1199,144.3545,14.7655,12.2694,187.8708,100.9792,356.2500,86768.1784,168.2511,165.2538,155.8533,1.3468,0.0000,0.0000,0.0000,1.30,-,-,-,-,-,-,-,-,-,-,-,173.70,-4.80,"1,017",25.3870,39.87%,8.63%,31.24%,60.13%,0.00%,0.00%,-,22.00,4.81,31.26,19 Apr 2026,23 Jun 2026,36.11,28.95,442500000.00,A-EQ,44250000
BPML,Bashundhara Paper Mills Limited,Paper & Printing,Z,4553.34,-,26.30,0.00,26.20,0.2180,"8,329",47.1434,-63.1579,25.8700,27.2720,26.9780,26.3852,26.3490,26.4856,-0.1366,-0.2804,27.8921,23.8479,4.0200,-15827.7009,26.6067,26.5295,26.1624,1.7599,0.0000,0.0000,0.0000,-,0.987,-,0.595,-,-,-,0.061,-,-,-,-,26.20,0.00,66,0.2180,33.79%,9.06%,24.73%,66.21%,0.00%,0.00%,-,-,-18.98,57.82,29 Oct 2025,23 Dec 2025,-,-,1737914410.00,Z-EQ,173791441
BPPL,Baraka Patenga Power Limited,Fuel & Power,B,3217.72,13.87,18.60,-2.11,18.60,12.9340,"686,006",41.0812,-64.7059,19.1100,20.0660,17.3180,18.9030,18.9789,19.3372,-0.3583,-0.3602,20.0722,18.1478,128.3100,-613533.4324,18.8533,18.9256,18.9786,1.4589,0.0000,0.0000,0.0000,1.08,0.792,-,0.596,0.044,0.256,0.039,0.280,0.020,0.075,-,-,19.00,-0.40,465,12.9340,64.24%,8.92%,55.32%,35.76%,0.00%,0.00%,-,2.00,1.37,27.72,29 Oct 2025,24 Dec 2025,13.87,4.98,1729954880.00,B-EQ,172995488
BRACBANK,BRAC Bank PLC.,Bank,A,150424.43,7.23,65.70,-0.30,65.70,107.1670,"1,632,355",68.3086,-6.6667,63.4900,63.4500,68.4925,64.6883,64.4207,63.8248,0.5959,0.2887,65.9963,60.9837,15.8500,1394832.5513,64.9222,64.7154,64.1081,1.0867,0.0000,0.0000,0.0000,2.28,-,-,-,-,0.479,0.264,-,0.017,0.174,0.019,-,65.90,-0.20,"1,795",107.1670,53.83%,13.04%,8.40%,46.17%,0.00%,32.39%,15.00,15.00,9.12,51.56,27 Apr 2026,11 Jun 2026,7.23,6.50,22895650920.00,A-EQ,2289565092
BSC,Bangladesh Shipping Corporation,Miscellaneous,A,16733.09,5.52,109.70,-1.17,109.70,11.3550,"102,950",43.4882,-60.5263,110.6350,114.8980,110.9110,110.5630,110.7086,111.7794,-1.0709,-1.2551,113.6891,107.5809,30.3400,-77257.2864,110.4267,110.6756,110.6381,1.7584,0.0000,0.0000,0.0000,2.28,3.689,-,3.670,0.773,0.921,0.620,1.195,0.086,0.192,-,-,111.00,-1.30,388,11.3550,47.90%,21.34%,26.56%,0.00%,52.10%,0.00%,-,25.00,20.10,104.84,13 Nov 2025,22 Dec 2025,5.52,6.35,1525350400.00,A-EQ,152535040
BSCPLC,Bangladesh Submarine Cables PLC,Telecommunication,A,27120.63,14.77,145.00,-1.16,145.00,2.6970,"18,537",38.2131,-59.0909,146.8850,151.8640,143.4955,146.8785,147.0794,148.3752,-1.2957,-1.4643,150.2662,143.5038,3.9400,-36402.7216,146.8978,147.1872,147.0081,1.2009,0.0000,0.0000,0.0000,2.76,5.155,0.014,5.155,0.633,0.564,0.520,0.778,0.086,0.121,-,-,146.70,-1.70,179,2.6970,23.06%,18.01%,4.95%,0.00%,76.94%,0.10%,-,40.00,11.01,90.99,23 Sep 2025,23 Nov 2025,14.77,9.40,1870388430.00,A-EQ,187038843
BSRMLTD,Bangladesh Steel Re-Rolling Mills Limited,Engineering,A,28096.81,4.60,94.10,-0.53,94.10,2.1220,"22,507",36.0668,-91.8367,95.9650,98.7500,88.9865,95.2992,95.5664,96.6414,-1.0751,-0.9942,97.8737,94.0563,4.5600,-34767.5252,95.1556,95.4205,95.6943,0.6801,0.0000,0.0000,0.0000,5.31,1.243,0.029,0.586,-,0.094,0.064,0.118,0.066,0.123,-,-,94.60,-0.50,207,2.1220,52.88%,15.71%,20.35%,47.12%,0.00%,16.82%,-,50.00,20.57,166.79,19 Oct 2025,24 Dec 2025,4.60,4.57,2985846260.00,A-EQ,298584626
BSRMSTEEL,BSRM Steels Limited,Engineering,A,31166.46,6.04,82.90,-0.36,82.90,12.6800,"152,098",34.8822,-80.0000,85.5300,90.8180,77.2075,84.4928,84.9187,86.7202,-1.8014,-1.7137,89.5111,81.5489,11.9500,-181059.9722,84.2933,84.7115,85.0043,0.9989,0.0000,0.0000,0.0000,6.03,1.496,0.653,0.648,-,0.087,0.050,0.111,0.059,0.152,-,-,83.20,-0.30,648,12.6800,27.94%,16.70%,10.64%,72.06%,0.00%,0.60%,-,50.00,13.77,90.52,19 Oct 2025,24 Dec 2025,6.04,5.43,3759525000.00,A-EQ,375952500
BXPHARMA,Beximco Pharmaceuticals PLC,Pharmaceuticals & Chemicals,A,65667.70,11.29,147.20,-0.27,147.20,57.7150,"391,420",47.8309,-77.7778,148.6600,147.5860,127.8360,147.7604,147.8716,147.8852,-0.0136,0.2243,151.5709,145.7491,49.5100,-1062320.6596,147.6867,147.7269,148.0838,1.1920,0.0000,0.0000,0.0000,3.23,2.177,0.034,0.910,-,0.195,0.132,0.442,0.085,0.113,-,-,147.60,-0.40,"1,231",57.7150,69.87%,25.67%,17.20%,30.13%,0.00%,27.00%,-,47.50,15.56,119.04,24 Jun 2026,-,11.29,7.11,4461120890.00,A-EQ,446112089
CAPITECGBF,Capitec Grameen Bank Growth Fund,Mutual Funds,A,1385.55,8.49,8.90,-1.11,8.90,14.7370,"1,645,080",48.8861,-46.1538,8.7250,9.3800,7.6425,8.9804,8.9541,8.9541,-0.0001,-0.0580,9.4952,7.9548,341.3300,-1025023.8938,9.0600,9.0359,8.8914,1.2302,0.0000,0.0000,0.0000,-,-,-,-,-,-,-,-,-,-,-,-,9.00,-0.10,368,14.7370,35.77%,1.56%,34.21%,64.23%,0.00%,0.00%,-,9.00,1.06,10.35,29 Jul 2026,-,8.49,8.49,1556800000.00,A-MF,155680000
CAPMBDBLMF,CAPM BDBL Mutual Fund 01,Mutual Funds,A,360.94,-,0.00,0.00,7.20,0.0000,0,32.7284,-93.3333,8.0600,9.4720,10.4205,7.7123,7.8569,8.5159,-0.6590,-0.6516,9.6354,6.4846,1121.3300,-2818506.4164,7.5356,7.5846,7.7543,0.8354,0.0000,0.0000,0.0000,-,-,-,-,-,-,-,-,-,-,-,-,7.20,0.00,0,0.0000,80.05%,11.03%,69.02%,19.95%,0.00%,0.00%,-,-,1.35,9.01,19 Aug 2026,-,-,5.33,501310000.00,A-MF,50131000
CAPMIBBLMF,CAPM IBBL Islamic Mutual Fund,Mutual Funds,A,1083.03,-,16.20,-5.26,16.20,26.9480,"1,631,058",67.1414,-24.0741,14.1350,13.7320,10.1425,15.5894,15.2595,14.4096,0.8499,0.5254,16.9713,11.2987,342.8800,982871.9263,15.9422,15.6051,14.8552,1.1745,0.0000,0.0000,0.0000,-,-,-,-,-,-,-,-,-,-,-,-,17.10,-0.90,590,26.9480,33.44%,5.72%,27.72%,66.56%,0.00%,0.00%,-,-,0.35,8.31,19 Aug 2026,-,-,48.86,668535000.00,A-MF,66853500
CBLPBOND,City Bank Perpetual Bond,Corporate Bond,A,4150.00,-,0.00,0.00,1037500.00,0.0000,0,,,,,,,,,,,,,,,,,,,,,,-,-,-,-,-,-,-,-,-,-,-,-,1037500.00,0.00,0,0.0000,100.00%,65.00%,35.00%,0.00%,0.00%,0.00%,-,10.00,0.00,0.00,22 Feb 2026,-,-,-,40000.00,A-CB,4000
CENTRALINS,Central Insurance PLC,Insurance,A,2343.69,23.53,44.10,0.23,44.10,20.9750,"473,475",53.0257,-21.7391,43.1250,44.1300,41.9355,43.8293,43.7248,43.6717,0.0531,-0.1513,45.0498,41.2002,178.0100,-539078.5126,44.0378,43.9051,43.4643,1.3089,0.0000,0.0000,0.0000,2.72,-,-,-,-,-,-,-,-,-,-,-,44.00,0.10,572,20.9750,60.63%,13.66%,46.97%,39.33%,0.04%,0.00%,-,12.00,1.87,50.69,19 Apr 2026,18 Jun 2026,23.53,21.36,531448230.00,A-EQ,53144823
CENTRALPHL,Central Pharmaceuticals Limited,Pharmaceuticals & Chemicals,Z,1078.21,-,9.00,-1.10,9.00,2.1890,"242,510",37.5016,-81.8182,9.4050,10.2680,9.3350,9.1823,9.2521,9.5704,-0.3183,-0.3147,10.0870,8.7230,66.8000,-335319.6993,9.1311,9.1859,9.2676,1.4963,0.0000,0.0000,0.0000,-,1.101,0.282,1.071,-,-,-,-,-,-,-,-,9.10,-0.10,195,2.1890,92.33%,7.42%,84.91%,7.67%,0.00%,0.00%,-,-,-0.18,6.87,05 Nov 2025,30 Dec 2025,-,-,1198008440.00,Z-EQ,119800844
CITYBANK,City Bank PLC.,Bank,A,52307.22,3.46,29.90,-0.66,29.90,34.6420,"1,156,856",45.5079,-36.3636,29.9050,30.5860,29.0900,29.9170,29.9244,30.0777,-0.1533,-0.2092,30.2451,29.5649,18.6300,-925760.2682,29.9000,29.9077,29.9000,1.0894,0.0000,0.0000,0.0000,5.02,-,-,-,-,0.558,0.271,-,0.016,0.214,0.018,-,30.10,-0.20,662,34.6420,69.63%,20.43%,40.94%,30.37%,0.00%,8.26%,15.00,15.00,8.71,40.67,12 Apr 2026,07 Jun 2026,3.46,5.00,17494053800.00,A-EQ,1749405380
CITYGENINS,City Insurance PLC.,Insurance,A,8970.66,38.44,131.60,0.69,131.60,5.4820,"41,701",71.1889,-20.0000,128.8800,123.5760,101.9840,130.2989,129.9125,127.9209,1.9915,2.0801,131.9488,125.8112,29.6600,44285.0808,130.6800,130.2744,129.5533,0.6248,0.0000,0.0000,0.0000,0.76,-,-,-,-,-,-,-,-,-,-,-,130.70,0.90,143,5.4820,63.94%,38.59%,25.34%,36.06%,0.00%,0.01%,-,10.00,3.40,23.24,10 Feb 2026,30 Mar 2026,38.44,24.20,681661220.00,A-EQ,68166122
CLICL,Chartered Life Insurance PLC,Insurance,B,1773.75,286.47,47.50,-2.87,47.30,14.9920,"312,298",56.6848,-23.9583,43.9000,46.8000,53.6660,46.0722,45.6020,45.3157,0.2864,-0.6114,48.8418,38.9582,109.5200,173598.9108,46.6622,45.9962,44.7443,1.2422,0.0000,0.0000,0.0000,0.85,-,-,-,-,-,-,-,-,-,-,-,48.70,-1.40,855,14.9920,40.00%,4.41%,35.59%,60.00%,0.00%,0.00%,-,4.00,0.17,11.44,28 Jun 2026,10 Aug 2026,286.47,-,375000000.00,B-EQ,37500000
CNATEX,C & A Textiles Limited,Textile,Z,717.95,15.79,3.00,0.00,3.00,1.5180,"505,730",47.5944,-66.6667,2.9800,3.1440,3.0125,3.0092,3.0088,3.0400,-0.0312,-0.0468,3.1810,2.7790,93.5300,606318.5812,3.0267,3.0115,2.9895,1.4154,0.0000,0.0000,0.0000,1.67,3.384,-,3.384,-,-,-,-,-,-,-,-,3.00,0.00,130,1.5180,92.90%,10.04%,82.86%,7.10%,0.00%,0.00%,-,0.50,0.19,-3.81,20 Nov 2023,28 Dec 2023,15.79,9.78,2393160000.00,Z-EQ,239316000
CONFIDCEM,Confidence Cement PLC,Cement,A,5097.60,5.27,59.10,-0.17,59.10,5.1060,"86,192",38.8612,-60.0000,60.2500,63.7840,60.6745,59.8536,60.0723,61.2118,-1.1395,-1.1955,63.6239,56.8761,33.4200,-156467.4350,59.7844,60.0756,60.0571,1.4538,0.0000,0.0000,0.0000,1.69,0.589,-,0.519,0.255,0.101,0.237,0.140,0.063,0.127,-,-,59.20,-0.10,217,5.1060,69.66%,38.55%,30.96%,30.34%,0.00%,0.15%,-,10.00,11.23,88.68,02 Nov 2025,28 Dec 2025,5.27,6.24,862537900.00,A-EQ,86253790
CONTININS,Continental Insurance PLC.,Insurance,B,1437.26,22.67,32.90,-3.24,32.90,12.3330,"369,223",45.3697,-48.7805,33.2150,34.3620,29.6415,33.4561,33.4363,33.6794,-0.2431,-0.4011,35.3467,31.0833,206.5600,-100416.8580,33.6067,33.4705,33.1995,1.5011,0.0000,0.0000,0.0000,1.52,-,-,-,-,-,-,-,-,-,-,-,34.00,-1.10,417,12.3330,68.46%,7.52%,60.94%,31.54%,0.00%,0.00%,-,5.00,1.50,22.78,03 May 2026,13 Aug 2026,22.67,18.28,436855760.00,B-EQ,43685576
COPPERTECH,Coppertech Industries Ltd.,Engineering,B,1421.78,30.85,21.70,-0.91,21.70,5.5510,"253,262",37.7863,-62.5000,22.3350,24.7840,22.9085,22.1046,22.2242,22.9744,-0.7502,-0.8404,23.8954,20.7746,100.1200,-382277.1020,22.0422,22.1628,22.1848,1.5531,0.0000,0.0000,0.0000,0.99,1.288,0.143,0.672,-,0.102,0.028,0.137,0.023,0.050,-,-,21.90,-0.20,224,5.5510,72.43%,17.50%,54.93%,27.57%,0.00%,0.00%,-,2.15,0.71,14.32,29 Oct 2025,29 Jan 2026,30.85,36.50,655200000.00,B-EQ,65520000
CROWNCEMNT,Crown Cement PLC,Cement,A,8642.70,13.03,59.00,-1.19,58.20,0.3010,"5,174",38.4502,-92.3077,59.4750,63.5960,54.5665,59.2941,59.4911,60.5766,-1.0855,-1.1638,61.7571,57.1929,1.0500,-10348.3704,59.2267,59.4282,59.4867,1.0852,0.0000,0.0000,0.0000,3.61,0.888,-,0.569,0.044,0.097,0.020,0.141,0.025,0.072,-,-,58.90,-0.70,54,0.3010,58.98%,19.27%,39.66%,41.02%,0.00%,0.05%,-,21.00,4.52,62.66,20 Oct 2025,22 Dec 2025,13.03,25.99,1485000000.00,A-EQ,148500000
CRYSTALINS,Crystal Insurance Company Limited,Insurance,A,3036.00,21.26,69.00,-2.82,69.00,22.1200,"315,130",53.8927,-38.3420,65.3800,66.7280,70.3710,69.9479,69.1506,67.3483,1.8023,0.8995,77.2084,53.5516,219.1100,-447788.7087,71.5867,70.7500,67.9729,1.5457,0.0000,0.0000,0.0000,1.74,-,-,-,-,-,-,-,-,-,-,-,71.00,-2.00,"1,010",22.1200,42.00%,12.96%,29.01%,58.00%,0.00%,0.03%,-,12.00,3.34,27.65,17 Feb 2026,30 Mar 2026,21.26,18.30,440000000.00,A-EQ,44000000
CVOPRL,CVO Petrochemical Refinery PLC.,Fuel & Power,A,4867.22,41.65,160.80,1.07,160.80,27.6100,"169,882",50.9311,-18.2609,156.1250,166.4120,162.1210,158.8208,158.5608,160.0863,-1.5255,-2.8145,166.6419,145.6081,99.5800,-124306.1889,159.5800,159.0705,157.0757,1.3624,0.0000,0.0000,0.0000,0.68,0.917,-,0.507,0.101,0.124,0.092,0.156,0.085,0.126,-,-,159.10,1.70,"1,281",27.6100,56.94%,17.44%,39.41%,43.06%,0.00%,0.09%,9.00,11.00,3.82,13.12,28 Sep 2025,10 Dec 2025,41.65,23.49,302687550.00,A-EQ,30268755
DACCADYE,The Dacca Dyeing & Manufacturing Co.Limited,Textile,Z,1342.16,-,15.30,0.65,15.40,9.9410,"647,732",45.4843,-52.3810,15.6250,16.2260,16.8675,15.3159,15.4000,15.7076,-0.3075,-0.2674,16.5401,14.7099,57.8400,-257075.4895,15.1956,15.3115,15.4795,1.3927,0.0000,0.0000,0.0000,-,0.133,-,0.117,-,-,-,-,-,-,-,-,15.30,0.10,97,9.9410,69.90%,17.24%,52.58%,30.10%,0.00%,0.08%,-,-,-5.82,25.71,08 Dec 2025,16 Jan 2026,-,-,871534530.00,Z-EQ,87153453
DAFODILCOM,Daffodil Computers PLC.,IT Sector,B,8015.91,970.63,160.60,3.41,160.60,28.8660,"182,050",46.3916,-53.6585,163.8800,164.6840,108.5545,160.6493,161.4139,162.9457,-1.5318,-0.5735,171.5354,156.2246,132.2500,150762.9909,159.8422,160.9115,162.5681,0.6904,0.0000,0.0000,0.0000,-,0.716,-,0.661,0.025,0.134,0.015,0.376,0.005,0.013,-,-,155.30,5.30,768,28.8660,58.60%,36.73%,21.81%,41.40%,0.00%,0.06%,-,-,0.16,12.90,02 Nov 2025,29 Dec 2025,970.63,465.90,499122620.00,B-EQ,49912262
DBH,DBH Finance PLC,Financial Institutions,A,8053.86,8.51,40.00,-0.50,39.70,1.4870,"37,281",40.7232,-77.2727,40.1500,41.8100,38.9675,39.9364,40.0289,40.5336,-0.5047,-0.5390,41.0847,39.2153,7.9800,-81136.8352,39.8689,39.9590,40.0219,1.1789,0.0000,0.0000,0.0000,3.78,-,-,-,-,0.695,0.380,-,-,-,-,0.132,39.90,-0.20,85,1.4870,48.68%,32.66%,15.48%,51.32%,0.00%,0.54%,-,15.00,4.69,49.55,11 May 2026,29 Jun 2026,8.51,7.28,2028679740.00,A-EQ,202867974
DBH1STMF,DBH First Mutual Fund,Mutual Funds,A,684.00,19.66,5.70,0.00,5.70,7.8170,"1,371,283",54.9502,-40.0000,5.5650,5.5640,5.2660,5.7082,5.6790,5.5793,0.0998,0.0828,6.0064,5.1236,322.5800,-990749.9644,5.7578,5.7423,5.6581,0.9660,0.0000,0.0000,0.0000,-,-,-,-,-,-,-,-,-,-,-,-,5.70,0.00,201,7.8170,83.33%,38.93%,44.40%,16.67%,0.00%,0.00%,-,3.00,0.29,10.32,16 Aug 2023,-,19.66,-,1200000000.00,A-MF,120000000
DBLPBOND,Dhaka Bank Perpetual Bond,Corporate Bond,A,249.00,-,0.00,0.00,6225.00,0.0000,0,77.6658,0.0000,6011.2500,0.0000,0.0000,5876.3137,5790.1395,5570.2802,219.8593,134.0774,6733.7165,5288.7835,0.0900,0.9545,6045.0000,6034.6154,6021.4286,0.1145,0.0000,0.0000,0.0000,0.02,-,-,-,-,-,-,-,-,-,-,-,6225.00,0.00,0,0.0000,0.00%,0.00%,0.00%,0.00%,0.00%,0.00%,-,10.00,0.00,0.00,27 Jan 2026,-,-,-,400000.00,A-CB,40000
DELTALIFE,Delta Life Insurance Limited,Insurance,A,8811.00,-,71.00,-0.14,71.20,2.3510,"32,949",42.0747,-45.4545,71.5900,75.8700,74.5655,71.4958,71.6316,72.8797,-1.2481,-1.5372,75.4162,67.7638,14.9800,-76321.2409,71.5356,71.5744,71.3448,1.4357,0.0000,0.0000,0.0000,4.92,-,-,-,-,-,-,-,-,-,-,-,71.30,-0.10,197,2.3510,51.16%,15.29%,35.87%,48.84%,0.00%,0.00%,-,35.00,0.00,0.00,12 May 2026,29 Jun 2026,-,-,1237500000.00,A-EQ,123750000
DELTASPINN,Delta Spinners Limited,Textile,Z,1265.26,26.55,7.60,-1.30,7.60,8.3260,"1,090,571",61.8553,-18.1818,7.1100,7.4080,6.3160,7.2829,7.2398,7.2161,0.0238,-0.0597,7.5399,6.6801,76.0500,1291740.5389,7.3022,7.2397,7.1567,1.4512,0.0000,0.0000,0.0000,1.32,1.821,-,0.910,-,-,-,-,-,-,-,-,7.70,-0.10,269,8.3260,79.40%,6.34%,73.06%,20.60%,0.00%,0.00%,-,1.00,0.00,0.00,31 Jan 2021,-,26.55,192.50,1664819640.00,Z-EQ,166481964
DESCO,Dhaka Electric Supply Company Limited,Fuel & Power,Z,8985.08,-,22.60,-0.44,22.60,0.5600,"24,714",43.2301,-52.1739,22.3550,23.9600,22.9550,22.5833,22.5788,22.8829,-0.3041,-0.4570,23.1719,21.5381,3.5800,-109933.6761,22.6400,22.6141,22.4514,1.0820,0.0000,0.0000,0.0000,-,0.929,-,0.929,-,0.016,-,0.088,-,-,-,-,22.70,-0.10,46,0.5600,32.34%,23.85%,8.45%,0.00%,67.66%,0.04%,-,-,-3.15,35.33,12 Oct 2025,17 Jan 2026,-,11.66,3975698040.00,Z-EQ,397569804
DESHBANDHU,Deshbandhu Polymer Limited,Engineering,B,1037.07,-,16.90,0.60,16.90,1.9430,"114,758",37.8978,-47.6190,17.2050,19.5220,18.1955,16.9896,17.0856,17.7621,-0.6765,-0.7842,18.4740,15.9360,103.2200,-286120.4008,16.9400,16.9910,17.0286,1.7036,0.0000,0.0000,0.0000,-,2.280,0.870,1.509,-,-,-,-,-,-,-,-,16.80,0.10,144,1.9430,66.46%,15.19%,51.27%,33.54%,0.00%,0.00%,-,-,-3.93,14.54,28 Oct 2025,22 Dec 2025,-,-,613651500.00,B-EQ,61365150
DGIC,Desh General Insurance Company Limited,Insurance,B,1628.00,258.75,40.70,-1.69,40.70,41.8930,"1,025,590",71.1047,-16.6667,34.3600,33.8360,25.9485,38.9634,37.9964,35.5541,2.4423,1.4681,44.1294,24.5906,554.9800,1648880.2587,40.2800,39.2872,36.7462,1.5919,0.0000,0.0000,0.0000,0.49,-,-,-,-,-,-,-,-,-,-,-,41.40,-0.70,993,41.8930,51.02%,4.89%,46.13%,48.98%,0.00%,0.00%,-,2.00,0.16,11.35,21 May 2026,09 Sep 2026,258.75,42.24,400000000.00,B-EQ,40000000
DHAKABANK,Dhaka Bank PLC.,Bank,A,11943.34,4.26,11.30,0.00,11.30,13.8220,"1,228,823",21.4505,-83.3333,11.5700,11.9240,12.1625,11.3861,11.4333,11.6208,-0.1874,-0.1720,11.9809,11.1591,30.6500,-995192.8956,11.3356,11.3679,11.4629,1.0843,0.0000,0.0000,0.0000,8.85,-,-,-,-,0.601,0.139,-,0.006,0.112,0.007,-,11.30,0.00,179,13.8220,55.75%,12.75%,43.00%,44.25%,0.00%,0.00%,-,10.00,2.65,23.64,29 Apr 2026,25 Jun 2026,4.26,5.95,10569323490.00,A-EQ,1056932349
DHAKAINS,Dhaka Insurance Limited,Insurance,A,1837.72,27.03,45.80,-1.51,45.80,6.6480,"142,161",53.4848,-25.0000,44.4100,45.3740,40.9850,45.4825,45.2895,45.0770,0.2125,-0.1114,47.3558,41.4642,57.2200,-81814.4434,45.7911,45.5269,44.8543,1.4688,0.0000,0.0000,0.0000,2.18,-,-,-,-,-,-,-,-,-,-,-,46.50,-0.70,305,6.6480,45.19%,11.92%,33.21%,54.81%,0.00%,0.06%,-,10.00,1.72,36.70,14 May 2026,20 Jul 2026,27.03,19.38,401250000.00,A-EQ,40125000
DOMINAGE,Dominage Steel Building Systems Limited,Engineering,B,6781.86,1228.00,66.10,7.65,66.10,149.8550,"2,319,896",53.1017,-36.5385,62.7600,69.0480,55.2835,63.6867,63.6099,64.5252,-0.9153,-1.5149,67.4146,58.1054,344.9100,-148117.5776,63.9289,63.7692,63.3810,1.4386,0.0000,0.0000,0.0000,0.05,6.171,0.004,3.379,-,0.105,0.027,0.205,0.003,0.003,-,-,61.40,4.70,"3,064",149.8550,69.80%,8.08%,61.70%,30.20%,0.00%,0.02%,-,0.35,0.05,17.16,29 Oct 2025,24 Dec 2025,1228.00,-,1026000000.00,B-EQ,102600000
DOREENPWR,Doreen Power Generations and Systems Limited,Fuel & Power,A,5687.13,9.84,31.40,0.00,31.40,21.3500,"672,227",51.7123,-20.0000,30.6100,31.9740,29.7320,30.9920,30.9492,31.1434,-0.1942,-0.3794,32.3007,28.9193,62.5500,-106193.8102,31.0756,30.9885,30.7243,1.4159,0.0000,0.0000,0.0000,3.18,1.281,-,1.119,0.039,0.197,0.039,0.212,0.023,0.061,-,-,31.40,0.00,603,21.3500,33.39%,17.34%,16.05%,66.61%,0.00%,0.00%,-,10.00,3.19,52.43,26 Oct 2025,31 Dec 2025,9.84,5.66,1811189010.00,A-EQ,181118901
DSHGARME,Desh Garmants Limited,Textile,B,1234.13,208.77,148.90,-2.30,148.90,11.0930,"73,689",42.3482,-79.6610,153.7000,164.3640,133.0440,151.5357,152.4749,156.6174,-4.1426,-4.0295,164.6754,142.7246,298.3900,-121536.7319,150.8711,151.6000,152.2914,1.3331,0.0000,0.0000,0.0000,0.20,1.866,-,0.947,-,-,-,-,-,-,-,-,152.40,-3.50,754,11.0930,45.01%,4.78%,40.23%,54.99%,0.00%,0.00%,-,3.00,0.73,157.02,29 Oct 2025,18 Dec 2025,208.77,408.21,82883420.00,B-EQ,8288342
DSSL,Dragon Sweater and Spinning Limited,Textile,B,2318.73,80.71,11.00,-2.65,11.00,13.1540,"1,183,887",43.3859,-53.8462,11.1350,12.2100,10.1055,11.1311,11.1576,11.3917,-0.2341,-0.2860,11.7054,10.5646,207.1700,-1278986.8314,11.1267,11.1564,11.1262,1.7101,0.0000,0.0000,0.0000,0.45,16.911,-,12.803,-,-,-,-,-,-,-,-,11.30,-0.30,534,13.1540,67.83%,8.96%,58.87%,32.17%,0.00%,0.00%,-,0.50,0.14,18.18,28 Oct 2025,30 Dec 2025,80.71,-,2107932750.00,B-EQ,210793275
DULAMIACOT,Dulamia Cotton Spinning Mills Limited,Textile,Z,1620.89,862.80,214.50,-0.56,214.50,8.7080,"40,302",64.2811,-20.5457,189.7700,199.0940,156.1360,205.2038,201.9560,196.4497,5.5063,0.9652,220.6672,158.8728,64.5700,47684.1789,208.6467,204.8821,196.9248,0.9970,0.0000,0.0000,0.0000,0.14,0.072,-,0.068,-,-,-,-,-,-,-,-,215.70,-1.20,390,8.7080,66.99%,6.56%,60.43%,33.01%,0.00%,0.00%,-,3.00,0.25,-39.83,29 Sep 2025,03 Dec 2025,862.80,808.88,75566000.00,Z-EQ,7556600
DUTCHBANGL,Dutch-Bangla Bank PLC.,Bank,A,46488.66,4.54,45.80,1.10,45.80,6.9720,"151,975",51.4920,-30.2326,45.0550,46.7380,42.8300,45.5232,45.4759,45.6055,-0.1295,-0.2942,47.3402,42.7698,4.5100,-27988.2461,45.5911,45.7141,45.4724,0.8103,0.0000,0.0000,0.0000,5.46,-,-,-,-,0.503,0.186,-,0.012,0.161,0.013,-,45.30,0.50,220,6.9720,16.44%,7.38%,9.02%,83.56%,0.00%,0.04%,5.00,25.00,9.98,62.14,29 Apr 2026,16 Jun 2026,4.54,5.21,10150361950.00,A-EQ,1015036195
EASTERNINS,Eastern Insurance PLC,Insurance,A,2720.25,22.36,63.10,-2.02,63.10,20.6570,"324,943",58.2179,-18.5567,59.5800,61.1180,56.4235,62.0440,61.5885,60.9281,0.6604,-0.0292,64.6445,54.5155,117.1800,-168347.2627,62.5933,62.0410,60.7200,1.5476,0.0000,0.0000,0.0000,2.38,-,-,-,-,-,-,-,-,-,-,-,64.40,-1.30,556,20.6570,55.14%,25.85%,29.29%,44.86%,0.00%,0.00%,-,15.00,2.88,50.13,03 May 2026,14 Jul 2026,22.36,17.79,431101440.00,A-EQ,43110144
EASTLAND,Eastland Insurance PLC.,Insurance,A,2340.27,25.36,27.90,0.00,27.90,5.2930,"189,291",48.2392,-33.3333,27.7900,28.4800,23.8690,27.8896,27.8945,28.0322,-0.1377,-0.1918,28.8795,26.7005,70.6700,-239708.8575,27.9156,27.9308,27.8167,1.2254,0.0000,0.0000,0.0000,3.58,-,-,-,-,-,-,-,-,-,-,-,27.90,0.00,135,5.2930,58.89%,24.23%,34.66%,41.11%,0.00%,0.00%,-,10.00,1.10,21.58,23 Apr 2026,29 Jun 2026,25.36,19.93,838805810.00,A-EQ,83880581
EASTRNLUB,Eastern Lubricants Blenders PLC.,Fuel & Power,A,4574.48,44.56,1920.90,-0.20,1920.90,11.3190,"5,861",37.8198,-78.6897,1986.6950,2006.0820,1835.4895,1951.5457,1957.6203,1971.3569,-13.7366,-6.8606,2064.4227,1908.9673,118.0000,-14703.0647,1946.9800,1953.6769,1968.0800,0.7304,0.0000,0.0000,0.0000,0.42,1.609,-,1.050,0.115,0.050,0.091,0.074,0.083,0.206,-,-,1924.70,-3.80,757,11.3190,33.96%,6.30%,27.66%,15.04%,51.00%,0.00%,50.00,80.00,43.18,209.35,23 Nov 2025,31 Jan 2026,44.56,50.40,23814240.00,A-EQ,2381424
EBL,Eastern Bank PLC.,Bank,A,37804.82,4.38,23.00,0.44,23.00,72.0100,"3,136,373",44.2141,-36.3636,23.0850,23.6820,24.9410,22.9288,22.9709,23.2220,-0.2511,-0.2769,23.7937,22.3763,69.7500,1816132.0304,22.8933,22.9000,22.9552,0.6409,0.0000,0.0000,0.0000,10.87,-,-,-,-,0.583,0.272,-,0.011,0.167,0.012,-,22.90,0.10,593,72.0100,70.56%,43.59%,26.87%,29.44%,0.00%,0.10%,3.00,25.00,5.23,31.38,16 Apr 2026,11 Jun 2026,4.38,4.29,16436877890.00,A-EQ,1643687789
EBL1STMF,EBL First Mutual Fund,Mutual Funds,A,651.39,-,4.60,-2.17,4.50,1.5710,"343,020",50.5387,-57.1429,4.4350,4.5780,3.9105,4.5675,4.5435,4.4863,0.0572,0.0313,4.8812,3.9888,99.3800,-385403.2461,4.6044,4.5859,4.5262,1.0038,0.0000,0.0000,0.0000,-,-,-,-,-,-,-,-,-,-,-,-,4.60,-0.10,71,1.5710,98.62%,61.45%,37.17%,1.38%,0.00%,0.00%,-,-,-1.89,7.88,15 Sep 2024,-,-,-,1447542220.00,A-MF,144754222
EBLNRBMF,EBL NRB Mutual Fund,Mutual Funds,A,784.91,-,3.50,-2.78,3.50,1.4320,"404,293",47.0807,-75.0000,3.5150,3.6460,3.0355,3.5662,3.5603,3.5526,0.0077,-0.0015,3.7017,3.3283,149.5500,-518447.3237,3.5844,3.5782,3.5500,1.2213,0.0000,0.0000,0.0000,-,-,-,-,-,-,-,-,-,-,-,-,3.60,-0.10,48,1.4320,91.11%,39.71%,51.40%,8.89%,0.00%,0.00%,-,-,-1.93,8.25,25 Sep 2024,-,-,-,2242613030.00,A-MF,224261303
ECABLES,Eastern Cables Limited,Engineering,B,3123.12,-,118.30,-0.08,118.30,0.4710,"3,949",35.9649,-77.8523,123.3700,132.4340,124.0740,119.7845,120.7457,124.8801,-4.1344,-3.9693,132.6930,114.0470,8.1500,-15785.3220,118.9333,119.5962,121.1457,1.3493,0.0000,0.0000,0.0000,-,1.179,0.009,0.945,-,-,-,0.082,-,-,-,-,118.40,-0.10,82,0.4710,40.92%,13.21%,27.71%,8.08%,51.00%,0.00%,-,-,-4.43,339.32,12 Nov 2025,24 Jan 2026,-,-,264000000.00,B-EQ,26400000
EGEN,eGeneration PLC.,IT Sector,B,1695.00,30.40,22.60,-0.88,22.60,4.6480,"205,212",40.6399,-51.6129,22.9250,24.8360,23.0850,22.7682,22.8512,23.4460,-0.5948,-0.6925,24.3210,21.5290,119.4800,-210856.4971,22.7400,22.7923,22.7838,1.5127,0.0000,0.0000,0.0000,1.00,2.176,-,2.168,0.132,0.122,0.132,0.274,0.028,0.033,-,-,22.80,-0.20,196,4.6480,69.93%,13.50%,55.90%,30.07%,0.00%,0.53%,-,2.25,0.75,23.38,30 Oct 2025,29 Dec 2025,30.40,30.00,750000000.00,B-EQ,75000000
EHL,Eastern Housing Limited,Services & Real Estate,A,7766.32,10.22,83.20,-1.54,83.20,14.2890,"171,400",41.3184,-42.8571,84.3300,89.2880,83.0285,84.0395,84.2487,85.7650,-1.5163,-1.7702,89.0308,79.6292,55.4700,-175212.5781,83.9800,84.1526,83.9948,1.7382,0.0000,0.0000,0.0000,3.00,1.228,-,0.380,0.351,0.224,0.255,0.363,0.032,0.092,-,-,84.50,-1.30,797,14.2890,49.56%,25.16%,24.37%,50.44%,0.00%,0.03%,-,25.00,8.27,89.99,10 Sep 2025,30 Oct 2025,10.22,9.53,933451530.00,A-EQ,93345153
EIL,Express Insurance Limited,Insurance,B,2190.63,28.31,33.60,0.60,33.60,69.4110,"2,049,013",62.3399,-17.3077,31.6000,32.2320,29.6200,32.4650,32.2796,32.0369,0.2427,-0.0504,33.5315,29.6685,204.4100,-173455.9815,32.6200,32.4244,31.9529,1.1320,0.0000,0.0000,0.0000,1.49,-,-,-,-,-,-,-,-,-,-,-,33.40,0.20,"1,674",69.4110,40.00%,2.80%,37.20%,60.00%,0.00%,0.00%,-,5.00,1.18,19.91,03 May 2026,01 Jul 2026,28.31,19.20,651974640.00,B-EQ,65197464
EMERALDOIL,Emerald Oil Industries Limited,Food & Allied,Z,2500.85,38.22,27.40,-1.79,27.40,2.8840,"104,613",46.6582,-55.5556,27.7350,28.3780,19.9640,27.8805,27.8717,27.9316,-0.0599,-0.1074,29.8005,25.6695,59.7600,-143245.4865,28.0311,27.9244,27.7157,1.4197,0.0000,0.0000,0.0000,1.82,0.874,-,0.739,0.066,0.066,0.059,0.097,0.081,-,-,-,27.90,-0.50,275,2.8840,45.50%,4.41%,41.09%,54.50%,0.00%,0.00%,-,5.00,0.00,0.00,02 Nov 2023,-,38.22,8.35,912720040.00,Z-EQ,91272004
ENVOYTEX,Envoy Textiles Limited,Textile,A,12211.09,8.60,72.80,0.83,72.80,120.3050,"1,646,823",60.6574,-30.1205,71.1400,63.8380,53.8970,71.8805,71.5023,69.0523,2.4500,2.7724,76.5769,65.7031,376.6900,566566.8815,72.1267,72.0051,71.7733,0.9663,0.0000,0.0000,0.0000,4.46,1.215,-,0.723,-,-,-,-,-,-,-,-,72.20,0.60,"2,133",120.3050,34.59%,21.65%,12.81%,65.41%,0.00%,0.13%,-,32.50,8.24,60.33,28 Sep 2026,05 Dec 2026,8.60,9.19,1677347670.00,A-EQ,167734767
EPGL,Energypac Power Generation PLC.,Fuel & Power,B,3137.69,-,16.50,0.00,16.50,1.2180,"73,119",35.8812,-68.7500,16.8750,18.4640,17.5130,16.7111,16.7903,17.2915,-0.5012,-0.5631,17.7182,16.0318,15.5200,-154425.0020,16.6822,16.7295,16.7562,1.7256,0.0000,0.0000,0.0000,1.21,-,-,-,-,-,-,-,-,-,-,-,16.50,0.00,137,1.2180,45.86%,16.07%,29.79%,54.14%,0.00%,0.00%,-,2.00,-5.50,32.86,16 Nov 2025,15 Dec 2025,-,-,1901632160.00,B-EQ,190163216
ESQUIRENIT,Esquire Knit Composite PLC,Textile,A,3210.52,53.18,23.80,1.71,23.80,5.9140,"249,333",47.2624,-54.0541,23.6400,25.0540,22.6135,23.4935,23.5684,24.0624,-0.4940,-0.5619,25.0915,22.1885,31.0000,-94672.9949,23.4156,23.4628,23.4710,1.2617,0.0000,0.0000,0.0000,4.20,1.236,-,0.438,-,-,-,-,-,-,-,-,23.40,0.40,393,5.9140,53.05%,41.04%,12.01%,46.95%,0.00%,0.00%,-,10.00,0.44,65.10,27 Oct 2025,25 Jan 2026,53.18,-,1348958330.00,A-EQ,134895833
ETL,Evince Textiles Limited,Textile,B,2921.53,54.48,15.90,0.63,15.90,130.7370,"8,141,717",68.5424,-11.7647,14.2650,13.9900,11.5925,15.1687,14.9583,14.3952,0.5631,0.3659,16.1869,12.3431,580.6600,1696291.6531,15.3644,15.2013,14.7429,1.4321,0.0000,0.0000,0.0000,1.57,0.945,-,0.426,-,-,-,-,-,-,-,-,15.80,0.10,"1,744",130.7370,67.06%,12.35%,54.71%,32.94%,0.00%,0.00%,-,2.50,0.29,12.83,23 Oct 2025,18 Dec 2025,54.48,51.52,1837440000.00,B-EQ,183744000
EXIM1STMF,EXIM Bank 1st Mutual Fund,Mutual Funds,A,916.84,-,6.40,-1.54,6.40,22.4480,"3,447,721",43.9262,-92.8571,6.9650,6.6140,4.1495,6.6795,6.7341,6.7187,0.0154,0.1425,7.7085,6.2215,1460.7500,-4772540.3448,6.6022,6.7026,6.8676,1.2765,0.0000,0.0000,0.0000,-,-,-,-,-,-,-,-,-,-,-,-,6.50,-0.10,625,22.4480,78.03%,40.26%,37.77%,21.97%,0.00%,0.00%,-,-,-1.91,8.16,15 Sep 2024,-,-,-,1432563430.00,A-MF,143256343
EXIMBANK,Export Import Bank of Bangladesh PLC.,Bank,A,4342.67,16.67,0.00,0.00,3.00,0.0000,0,35.3827,-100.0000,3.4350,3.8100,5.5645,3.1910,3.2550,3.5011,-0.2461,-0.2212,4.0054,2.8646,70.5700,-721052.8574,3.1222,3.1744,3.2990,1.0063,0.0000,0.0000,0.0000,-,-,-,-,-,0.465,0.016,-,0.000,0.008,0.000,-,3.00,0.00,0,0.0000,69.56%,27.45%,41.65%,30.44%,0.00%,0.46%,-,-,0.18,21.82,29 May 2025,28 Aug 2025,16.67,-,14475573440.00,A-EQ,1447557344
FAMILYTEX,Familytex (BD) Limited,Textile,Z,814.57,-,2.40,4.55,2.30,1.0310,"450,662",43.4676,-66.6667,2.3350,2.5300,2.3360,2.2965,2.3097,2.3755,-0.0658,-0.0679,2.4524,2.2176,42.6600,-894263.5665,2.2844,2.2962,2.3133,1.2699,0.0000,0.0000,0.0000,-,9.943,-,5.485,-,-,-,-,-,-,-,-,2.20,0.10,134,1.0310,95.98%,18.41%,77.57%,4.02%,0.00%,0.00%,-,-,-0.15,11.48,01 Nov 2020,24 Dec 2020,-,-,3541603880.00,Z-EQ,354160388
FARCHEM,FAR Chemical & Textile Ind. PLC,Pharmaceuticals & Chemicals,B,2373.01,177.78,15.50,-3.13,15.50,30.2130,"1,927,993",42.0518,-60.0000,15.4900,19.0360,16.9510,15.7770,15.8122,16.4653,-0.6531,-0.8830,16.8181,14.1619,529.2000,-3553092.2811,15.8289,15.8744,15.6976,1.5371,0.0000,0.0000,0.0000,-,1.151,0.045,0.520,-,0.068,0.004,0.079,0.002,0.003,-,-,16.00,-0.50,"1,124",30.2130,67.37%,23.86%,43.51%,32.63%,0.00%,0.00%,-,-,0.09,32.52,29 Oct 2025,24 Dec 2025,177.78,-,1530973330.00,B-EQ,153097333
FAREASTFIN,Fareast Finance & Investment Limited,Financial Institutions,Z,344.53,-,0.00,0.00,2.10,0.0000,0,59.7544,-41.6667,1.7700,1.5240,1.4566,2.1327,2.0565,1.8161,0.2404,0.1862,2.6456,0.8944,161.7200,-32608.2669,2.2244,2.1744,1.9948,1.2847,0.0000,0.0000,0.0000,-,-,-,-,-,1.071,1.324,-,-,-,-,-,2.10,0.00,0,0.0000,60.26%,10.69%,49.57%,39.74%,0.00%,0.00%,-,-,-5.13,-50.48,12 May 2025,26 Jun 2025,-,-,1640633300.00,Z-EQ,164063330
FAREASTLIF,Fareast Islami Life Insurance Company Limited,Insurance,Z,1330.42,-,17.80,0.00,17.80,0.5130,"28,566",42.1488,-64.0000,18.0800,19.9460,21.1610,17.8302,17.9116,18.5403,-0.6287,-0.7458,19.4650,16.6950,19.5600,-55943.6987,17.8200,17.7833,17.8486,1.6438,0.0000,0.0000,0.0000,-,-,-,-,-,-,-,-,-,-,-,-,17.80,0.00,89,0.5130,81.94%,43.07%,38.87%,18.06%,0.00%,0.00%,-,-,0.00,0.00,01 Nov 2021,22 Dec 2021,-,-,747427510.00,Z-EQ,74742751
FASFIN,FAS Finance & Investment Limited,Financial Institutions,Z,372.69,-,0.00,0.00,2.50,0.0000,0,64.9562,-40.0000,2.0300,1.6640,1.5499,2.5106,2.3962,2.0477,0.3485,0.2612,3.2648,0.7952,155.8600,624216.8668,2.6889,2.6038,2.3357,1.2792,0.0000,0.0000,0.0000,-,-,-,-,-,1.036,1.796,-,-,-,-,-,2.50,0.00,0,0.0000,86.80%,7.90%,78.90%,13.20%,0.00%,0.00%,-,-,-22.65,-148.05,28 Jun 2026,-,-,-,1490773640.00,Z-EQ,149077364
FBFIF,First Bangladesh Fixed Income Fund,Mutual Funds,A,2716.51,-,3.50,0.00,3.50,0.1980,"56,715",48.7538,-50.0000,3.4800,3.6280,3.0875,3.5066,3.5055,3.5168,-0.0113,-0.0191,3.6031,3.3569,25.1600,-1094183.2722,3.5133,3.5141,3.4981,1.1555,0.0000,0.0000,0.0000,-,-,-,-,-,-,-,-,-,-,-,-,3.50,0.00,28,0.1980,46.03%,29.21%,16.82%,53.97%,0.00%,0.00%,-,-,-1.82,8.32,15 Sep 2024,-,-,-,7761470280.00,A-MF,776147028
FEDERALINS,Federal Insurance  PLC.,Insurance,A,1967.80,25.45,27.70,-1.07,27.70,10.6290,"380,857",47.1064,-31.0345,27.6650,28.4480,23.8985,27.8227,27.8259,27.9971,-0.1712,-0.2447,28.8061,26.5239,209.3700,-461237.9212,27.8822,27.8564,27.7000,1.3203,0.0000,0.0000,0.0000,3.61,-,-,-,-,-,-,-,-,-,-,-,28.00,-0.30,294,10.6290,63.96%,2.45%,61.51%,36.04%,0.00%,0.00%,-,10.00,1.10,13.04,03 May 2026,17 Aug 2026,25.45,13.86,710396430.00,A-EQ,71039643
FEKDIL,Far East Knitting & Dyeing Industries PLC,Textile,A,4768.62,12.98,21.80,-1.80,21.80,58.2280,"2,643,703",45.1714,-65.3846,22.0400,23.6720,17.5040,22.1272,22.1676,22.4630,-0.2954,-0.3457,23.1090,20.9710,347.0800,-2253331.7464,22.0978,22.1449,22.1086,1.3480,0.0000,0.0000,0.0000,5.50,1.853,-,1.186,-,-,-,-,-,-,-,-,22.20,-0.40,867,58.2280,32.80%,5.74%,27.06%,67.20%,0.00%,0.00%,-,12.00,1.71,21.37,15 Oct 2025,14 Dec 2025,12.98,-,2187441710.00,A-EQ,218744171
FINEFOODS,Fine Foods Limited,Food & Allied,A,6535.60,107.73,467.70,3.86,467.70,34.1060,"73,287",59.9862,-13.2110,445.1300,453.3820,469.1070,452.7004,451.2208,450.7164,0.5044,-2.5076,465.5258,424.7342,94.7300,29884.2494,454.5467,452.5026,448.0829,0.6828,0.0000,0.0000,0.0000,0.30,8.739,-,2.251,0.572,0.601,0.492,0.641,0.263,0.286,-,-,450.30,17.40,883,34.1060,86.08%,18.64%,67.44%,13.92%,0.00%,0.00%,-,14.00,4.18,14.65,29 Oct 2025,20 Dec 2025,107.73,43.41,139739180.00,A-EQ,13973918
FIRSTFIN,First Finance Limited,Financial Institutions,Z,521.60,-,4.50,0.00,4.40,0.1840,"41,651",47.4341,-50.0000,4.4050,4.6420,4.1635,4.4029,4.4128,4.4753,-0.0626,-0.0704,4.6248,4.1852,14.2300,-74783.4216,4.3956,4.4026,4.4005,1.4269,0.0000,0.0000,0.0000,-,-,-,-,-,1.290,1.539,-,-,-,-,-,4.40,0.00,49,0.1840,58.69%,18.26%,40.43%,41.31%,0.00%,0.00%,-,-,-6.66,-46.01,29 Jun 2026,24 Sep 2026,-,-,1185446630.00,Z-EQ,118544663
FIRSTSBANK,First Security Islami Bank PLC.,Bank,Z,2295.46,0.67,0.00,0.00,1.90,0.0000,0,32.9434,-91.6667,2.4900,2.5900,3.9140,2.1778,2.2479,2.4402,-0.1923,-0.1289,3.1450,1.8350,146.6500,-4143929.6253,2.1044,2.1705,2.3310,1.2892,0.0000,0.0000,0.0000,-,-,-,-,-,-,-,-,-,-,-,-,1.90,0.00,0,0.0000,94.10%,28.21%,65.74%,5.90%,0.00%,0.15%,-,-,-3.35,16.40,01 Jun 2025,15 Sep 2025,0.67,-,12081393790.00,Z-EQ,1208139379
FORTUNE,Fortune Shoes Limited,Tannery Industries,Z,2525.80,135.45,14.80,-0.67,14.80,2.1520,"144,678",36.7492,-88.2353,15.6500,17.2980,15.3835,15.2334,15.3566,15.9371,-0.5806,-0.5834,17.0134,14.2866,28.6700,-192252.1557,15.1600,15.2577,15.3962,1.6320,0.0000,0.0000,0.0000,0.34,3.496,-,1.891,0.021,0.116,0.007,0.161,0.005,0.007,-,-,14.90,-0.10,159,2.1520,69.07%,16.78%,52.29%,30.93%,0.00%,0.00%,-,0.50,0.11,14.70,25 Nov 2025,30 Dec 2025,135.45,-,1706622630.00,Z-EQ,170662263
FUWANGCER,Fu-Wang Ceramic Industries Ltd.,Ceramics Sector,B,1703.36,114.55,12.50,-0.79,12.50,5.3740,"427,762",36.8526,-64.2857,12.9550,14.7460,13.1585,12.7006,12.7934,13.3569,-0.5635,-0.6250,14.0666,11.8434,156.4400,-1021987.0432,12.6578,12.7013,12.7638,1.5799,0.0000,0.0000,0.0000,0.80,-,-,-,-,-,-,0.262,-,-,-,-,12.60,-0.10,281,5.3740,70.00%,4.92%,64.68%,30.00%,0.00%,0.40%,-,1.00,0.11,12.00,05 Nov 2025,30 Dec 2025,114.55,945.00,1362690930.00,B-EQ,136269093
FUWANGFOOD,Fu Wang Food Limited,Food & Allied,Z,1052.97,-,9.50,-1.04,9.50,0.8850,"92,754",38.0497,-57.1429,9.6200,10.8580,10.6600,9.6085,9.6358,9.9282,-0.2924,-0.3701,9.9216,9.3184,39.9400,-26961.0626,9.5978,9.6179,9.6114,1.6625,0.0000,0.0000,0.0000,-,0.648,-,0.546,-,-,-,0.181,-,-,-,-,9.60,-0.10,80,0.8850,92.15%,9.52%,82.62%,7.85%,0.00%,0.01%,-,-,-0.31,2.03,12 Nov 2024,26 Dec 2024,-,-,1108392840.00,Z-EQ,110839284
GBBPOWER,GBB Power Limited,Fuel & Power,Z,1333.63,119.09,13.10,0.00,13.10,4.0380,"306,999",47.7632,-90.9091,13.4650,12.8500,9.0065,13.2377,13.3052,13.3070,-0.0017,0.1458,14.3992,12.5308,171.1900,-532806.1902,13.1378,13.2154,13.3905,1.4620,0.0000,0.0000,0.0000,-,11.783,-,11.257,-,-,-,-,0.005,0.005,-,-,13.10,0.00,186,4.0380,67.99%,14.27%,53.72%,32.01%,0.00%,0.00%,-,-,0.11,20.31,29 Oct 2025,22 Dec 2025,119.09,109.17,1018035480.00,Z-EQ,101803548
GEMINISEA,Gemini Sea Food PLC,Food & Allied,Z,1224.35,23.32,106.60,-2.11,106.60,1.1030,"10,281",40.6266,-67.1429,107.9250,115.3360,119.7595,107.6936,107.9343,110.0397,-2.1054,-2.5676,112.4750,103.3750,23.8200,-22666.0901,107.6933,107.7359,107.5557,1.3331,0.0000,0.0000,0.0000,0.70,1.175,-,0.604,0.095,0.078,0.076,0.258,0.049,0.237,-,-,108.90,-2.30,120,1.1030,69.99%,6.50%,63.21%,30.01%,0.00%,0.28%,7.50,7.50,4.67,19.69,14 Nov 2024,29 Dec 2024,23.32,-,114854180.00,Z-EQ,11485418
GENEXIL,Genex Infosys PLC.,IT Sector,B,4023.03,15.67,33.40,-1.76,33.40,18.8860,"559,566",39.4491,-78.3784,34.6750,36.9680,30.8885,34.2623,34.4158,35.1540,-0.7383,-0.7486,36.5171,32.8329,151.4600,-620012.8734,34.2156,34.3603,34.4643,1.7656,0.0000,0.0000,0.0000,0.30,0.634,-,0.603,0.139,0.381,0.137,0.450,0.040,0.098,-,-,34.00,-0.60,621,18.8860,73.93%,21.21%,52.68%,26.07%,0.00%,0.04%,-,1.00,2.17,22.11,07 Dec 2025,30 Dec 2025,15.67,12.03,1204500210.00,B-EQ,120450021
GENNEXT,Generation Next Fashions Limited,Textile,Z,1435.43,41.43,3.00,0.00,2.90,1.4770,"511,038",44.9967,-50.0000,2.9100,3.0380,2.9365,2.8858,2.8945,2.9441,-0.0495,-0.0536,3.0381,2.7819,30.3100,-358676.1934,2.8756,2.8782,2.8881,1.4682,0.0000,0.0000,0.0000,3.45,2.920,-,1.339,-,-,-,-,-,-,-,-,2.90,0.00,104,1.4770,83.74%,21.85%,61.89%,16.26%,0.00%,0.00%,-,1.00,0.07,11.88,29 Oct 2023,23 Dec 2023,41.43,-,4949745550.00,Z-EQ,494974555
GHAIL,Golden Harvest Agro Industries Limited,Food & Allied,B,2654.80,-,12.30,-1.60,12.30,2.5950,"208,907",37.0346,-64.7059,12.7450,14.0640,12.8700,12.5860,12.6542,13.0590,-0.4048,-0.4454,13.5086,11.9814,42.0100,-262007.7479,12.5644,12.6192,12.6481,1.5114,0.0000,0.0000,0.0000,0.81,1.739,-,1.329,-,-,-,0.420,-,-,-,-,12.50,-0.20,123,2.5950,69.58%,36.80%,32.56%,30.42%,0.00%,0.22%,-,1.00,-0.24,12.33,28 Oct 2025,29 Dec 2025,-,-,2158376210.00,B-EQ,215837621
GHCL,Global Heavy Chemicals Limited,Pharmaceuticals & Chemicals,Z,1411.20,-,19.50,0.51,19.60,0.1160,"5,921",39.0677,-62.9630,20.0100,21.9020,20.3465,19.8081,19.8982,20.4297,-0.5315,-0.5838,21.1742,18.8458,15.1600,-56197.4941,19.7889,19.8295,19.8652,1.2054,0.0000,0.0000,0.0000,-,0.123,-,0.102,-,-,-,-,-,-,-,-,19.50,0.10,33,0.1160,31.40%,10.32%,21.08%,68.60%,0.00%,0.00%,-,-,-2.19,71.89,07 Dec 2025,-,-,-,720000000.00,Z-EQ,72000000
GIB,Global Islami Bank PLC,Bank,Z,1678.65,-,0.00,0.00,1.70,0.0000,0,39.3150,-75.0000,1.8300,1.9440,3.1450,1.7469,1.7665,1.8431,-0.0767,-0.0699,2.0362,1.6238,50.4600,-1277163.4522,1.7200,1.7423,1.7910,1.1715,0.0000,0.0000,0.0000,-,-,-,-,-,2.014,3.128,-,-,0.580,-,-,1.70,0.00,0,0.0000,84.57%,53.15%,31.42%,15.43%,0.00%,0.00%,-,-,-12.62,-21.77,10 Jul 2025,21 Sep 2025,-,-,9874396880.00,Z-EQ,987439688
GLDNJMF,ICB AMCL CMSF Golden Jubilee Mutual Fund,Mutual Funds,A,900.00,26.29,9.00,-2.17,9.00,7.0330,"775,949",52.1472,-56.2500,8.8250,8.8300,6.9205,9.1217,9.0730,8.8806,0.1924,0.1760,9.8731,7.7769,292.9800,-1309443.6804,9.2156,9.1987,9.0457,1.0785,0.0000,0.0000,0.0000,-,-,-,-,-,-,-,-,-,-,-,-,9.20,-0.20,245,7.0330,39.00%,10.60%,28.40%,61.00%,0.00%,0.00%,-,-,0.35,9.39,16 Feb 2026,-,26.29,5.61,1000000000.00,A-MF,100000000
GLOBALINS,Global Insurance PLC,Insurance,A,1812.66,35.35,44.70,-1.97,44.70,34.2700,"760,406",48.5317,-52.2727,44.8950,44.8780,34.4910,45.1913,45.1483,45.0198,0.1284,0.0944,46.5499,43.2401,561.9000,-1015363.0691,45.3222,45.2282,44.9981,1.5090,0.0000,0.0000,0.0000,2.24,-,-,-,-,-,-,-,-,-,-,-,45.60,-0.90,880,34.2700,64.68%,10.16%,54.52%,35.32%,0.00%,0.00%,-,10.00,1.29,14.83,14 Jun 2026,18 Aug 2026,35.35,15.41,405517630.00,A-EQ,40551763
GOLDENSON,Golden Son Limited,Engineering,B,2043.58,-,11.90,-1.65,11.90,3.5860,"298,760",33.6969,-85.7143,12.5050,14.3940,13.1710,12.2094,12.3213,12.9635,-0.6422,-0.6987,13.6391,11.3709,100.0300,-580796.2905,12.1444,12.2218,12.3067,1.5757,0.0000,0.0000,0.0000,-,1.628,0.945,0.943,-,-,-,-,-,-,-,-,12.10,-0.20,189,3.5860,69.71%,21.44%,48.27%,30.29%,0.00%,0.00%,-,-,-1.83,16.06,26 Nov 2025,31 Dec 2025,-,-,1717297720.00,B-EQ,171729772
GP,Grameenphone Limited,Telecommunication,A,325557.34,11.03,241.10,-0.21,241.10,14.0250,"58,099",41.7832,-42.3077,241.1600,248.0480,252.5560,241.7456,241.7872,243.1254,-1.3382,-1.8768,244.7853,237.5347,1.2200,-67850.3853,241.9911,241.9718,241.4219,0.7005,0.0000,0.0000,0.0000,4.36,0.159,0.125,0.155,0.311,0.357,0.187,1.000,0.155,0.528,-,-,241.60,-0.50,719,14.0250,10.00%,6.85%,2.98%,90.00%,0.00%,0.17%,-,105.00,10.52,41.51,15 Jul 2026,-,11.03,11.48,13503000220.00,A-EQ,1350300022
GPHISPAT,GPH Ispat Limited,Engineering,B,7742.14,-,0.00,0.00,16.00,0.0000,0,40.8739,-69.2308,16.3850,17.6380,16.9610,16.2773,16.3438,16.7135,-0.3697,-0.3978,17.4012,15.3688,37.3900,-67316.8451,16.3022,16.3474,16.3229,1.5300,0.0000,0.0000,0.0000,1.25,1.024,1.164,0.595,-,0.112,-,0.140,-,-,-,-,16.00,0.00,0,0.0000,69.78%,19.00%,50.78%,30.22%,0.00%,0.00%,-,2.00,0.07,51.81,13 Sep 2026,25 Oct 2026,-,228.57,4838834560.00,B-EQ,483883456
GQBALLPEN,GQ Ball Pen Industries Limited,Miscellaneous,A,5352.39,-,599.50,1.87,599.50,40.8880,"68,726",55.4241,-40.5690,586.3800,576.7420,561.9775,593.9215,592.3766,585.8315,6.5452,6.2327,623.8161,548.9439,225.7200,50533.8462,596.4133,596.6205,592.4881,0.9735,0.0000,0.0000,0.0000,0.17,2.247,-,2.213,-,-,-,-,-,-,-,-,588.50,11.00,"1,193",40.8880,62.23%,1.47%,60.71%,37.77%,0.00%,0.05%,-,10.00,-1.83,135.81,29 Oct 2025,15 Dec 2025,-,-,89280910.00,A-EQ,8928091
GRAMEENS2,Grameen One : Scheme Two,Mutual Funds,A,2225.25,15.43,12.20,-2.40,12.20,3.6860,"299,984",45.0790,-64.7059,12.1650,12.9020,12.2915,12.4240,12.4081,12.4779,-0.0698,-0.1377,13.0577,11.2723,60.3800,-271687.7355,12.5333,12.4910,12.3205,0.9109,0.0000,0.0000,0.0000,-,-,-,-,-,-,-,-,-,-,-,-,12.50,-0.30,220,3.6860,79.48%,53.97%,25.51%,20.52%,0.00%,0.00%,-,9.00,0.82,17.07,13 Aug 2026,-,15.43,15.24,1823979020.00,A-MF,182397902
GREENDELMF,Green Delta Mutual Fund,Mutual Funds,A,720.00,35.00,4.80,-2.04,4.80,4.5740,"942,789",50.9342,-54.5455,4.7300,4.8060,3.7060,4.9024,4.8726,4.7685,0.1041,0.0878,5.3321,4.1279,201.1000,-939629.0942,4.9756,4.9564,4.8481,1.2159,0.0000,0.0000,0.0000,-,-,-,-,-,-,-,-,-,-,-,-,4.90,-0.10,142,4.5740,91.67%,43.56%,48.11%,8.33%,0.00%,0.00%,-,1.50,0.14,10.16,16 Aug 2023,-,35.00,-,1500000000.00,A-MF,150000000
GREENDELT,Green Delta Insurance Company PLC.,Insurance,A,6933.02,12.92,68.90,-1.56,69.20,15.0870,"216,514",58.7798,-15.5963,65.1200,67.3620,60.4625,66.9802,66.5734,66.3150,0.2585,-0.5133,69.9491,60.2909,33.8200,192433.9214,67.3044,66.7808,65.6929,1.2957,0.0000,0.0000,0.0000,3.90,-,-,-,-,-,-,-,-,-,-,-,70.30,-1.10,568,15.0870,69.42%,23.19%,41.63%,30.58%,0.00%,4.60%,-,27.00,5.44,70.53,16 Feb 2026,31 Mar 2026,12.92,13.57,1001881940.00,A-EQ,100188194
GSPFINANCE,GSP Finance Company (Bangladesh) PLC,Financial Institutions,Z,549.74,-,3.50,0.00,3.50,0.5410,"158,260",42.1366,-75.0000,3.5500,3.8640,3.5310,3.5415,3.5506,3.6216,-0.0710,-0.0845,3.7277,3.3723,27.3800,-98560.5996,3.5422,3.5474,3.5405,1.9202,0.0000,0.0000,0.0000,-,-,-,-,-,1.171,5.228,-,-,-,-,-,3.50,0.00,65,0.5410,87.98%,34.63%,53.35%,12.02%,0.00%,0.00%,-,-,-11.79,4.60,03 Sep 2025,14 Dec 2025,-,-,1570685850.00,Z-EQ,157068585
HAKKANIPUL,Hakkani Pulp & Paper Mills PLC.,Paper & Printing,B,1318.60,988.57,69.40,0.29,69.40,7.7430,"110,609",41.8766,-47.6190,69.8100,75.4360,75.4020,69.8212,70.0521,71.6039,-1.5518,-1.7752,73.5583,66.0617,159.1000,-156878.2102,69.7600,70.0756,69.9290,1.4265,0.0000,0.0000,0.0000,0.72,1.776,-,0.853,0.017,0.080,0.001,0.153,0.001,0.003,-,-,69.20,0.20,442,7.7430,52.72%,2.57%,50.15%,47.28%,0.00%,0.00%,-,5.00,0.07,24.24,28 Oct 2025,20 Dec 2025,988.57,167.42,190000000.00,B-EQ,19000000
HAMI,Hami Industries PLC.,Miscellaneous,Z,1192.73,-,154.90,0.52,154.90,3.6420,"23,338",56.0035,-18.9474,148.3300,153.9580,149.5525,150.3795,150.1588,150.7638,-0.6050,-1.3743,158.7227,137.9373,47.9100,2853.6651,149.8200,150.2064,149.7186,0.9407,0.0000,0.0000,0.0000,0.06,0.508,-,0.360,-,-,-,0.020,-,-,-,-,154.10,0.80,662,3.6420,67.48%,11.78%,54.52%,32.52%,0.00%,1.18%,-,1.00,0.00,0.00,02 Jun 2024,-,-,550.36,77000000.00,Z-EQ,7700000
HEIDELBCEM,Heidelberg Materials Bangladesh PLC.,Cement,A,11752.74,58.42,208.00,0.29,208.00,0.8260,"3,990",44.7470,-58.3333,208.6350,215.1580,223.1645,208.4872,208.7427,210.6611,-1.9183,-2.2599,213.9572,203.3128,2.5200,-5384.2078,208.3867,208.7846,208.7205,1.0580,0.0000,0.0000,0.0000,0.53,0.878,-,0.446,0.026,0.023,0.014,0.105,0.021,0.048,-,-,207.40,0.60,133,0.8260,39.33%,28.44%,10.85%,60.67%,0.00%,0.04%,-,11.00,3.55,73.92,26 Apr 2026,18 Jun 2026,58.42,-,565035800.00,A-EQ,56503580
HFL,Hamid Fabrics PLC.,Textile,Z,1038.05,62.11,11.40,-3.39,11.40,0.5010,"43,446",33.1773,-82.1429,12.4300,14.1020,11.6940,11.8906,12.0564,12.7599,-0.7034,-0.6702,13.6562,11.2038,14.9400,-97155.5911,11.7622,11.8833,12.1300,1.4875,0.0000,0.0000,0.0000,-,1.653,-,0.845,-,-,-,-,-,-,-,-,11.80,-0.40,67,0.5010,48.62%,18.73%,29.89%,51.38%,0.00%,0.00%,-,-,-4.06,33.66,29 Oct 2024,26 Dec 2024,62.11,-,910573120.00,Z-EQ,91057312
HRTEX,H.R.Textile Limited,Textile,Z,493.84,-,16.70,-0.59,16.90,0.2140,"12,716",41.7225,-50.0000,16.9550,18.8960,18.8320,16.8996,16.9686,17.5447,-0.5761,-0.6955,17.8267,16.0833,24.3100,-36954.9218,16.8667,16.8949,16.8814,1.5068,0.0000,0.0000,0.0000,-,1.843,-,1.404,-,-,-,-,-,-,-,-,17.00,-0.10,52,0.2140,65.46%,16.18%,49.28%,34.54%,0.00%,0.00%,-,-,-19.67,21.43,24 Dec 2024,19 Mar 2025,-,-,292215000.00,Z-EQ,29221500
HWAWELLTEX,Hwa Well Textiles (BD) PLC,Textile,A,2598.40,12.66,46.40,0.65,46.40,18.8500,"404,752",49.1336,-42.8571,46.4000,47.5720,43.7285,46.1023,46.1506,46.5225,-0.3719,-0.4407,48.5374,44.2626,166.1100,-254878.4572,46.0222,46.0038,46.1367,0.9012,0.0000,0.0000,0.0000,4.31,5.768,-,5.134,-,-,-,-,-,-,-,-,46.10,0.30,558,18.8500,49.17%,7.79%,41.33%,50.83%,0.00%,0.05%,-,20.00,3.64,40.16,28 Oct 2025,11 Dec 2025,12.66,12.62,560000000.00,A-EQ,56000000
IBBL2PBOND,IBBL 2nd Mudaraba Perpetual Bond,Corporate Bond,N,632.00,-,0.00,0.00,3950.00,0.0000,0,47.9616,-79.3651,3909.2000,3940.7000,0.0000,3935.3886,3944.0326,3973.1896,-29.1570,-23.8949,4066.1200,3752.2800,0.2300,-1.2889,3933.3333,3926.9231,3917.2762,0.1392,0.0000,0.0000,0.0000,0.03,-,-,-,-,-,-,-,-,-,-,-,3950.00,0.00,0,0.0000,0.00%,0.00%,0.00%,0.00%,0.00%,0.00%,-,10.00,0.00,0.00,18 Nov 2025,-,-,-,1600000.00,N-CB,160000
IBBLPBOND,IBBL Mudaraba Perpetual Bond,Corporate Bond,A,2010.00,-,0.00,0.00,670.00,0.0000,0,57.8995,0.0000,619.0000,650.0300,670.4850,629.2718,627.9138,634.3550,-6.4412,-12.4547,667.1411,570.8589,0.2700,16.5135,629.4111,625.4679,619.8714,0.2207,0.0000,0.0000,0.0000,-,-,-,-,-,-,-,-,-,-,-,-,670.00,0.00,0,0.0000,100.00%,79.51%,19.83%,0.00%,0.00%,0.66%,-,-,0.00,0.00,30 Apr 2026,-,-,-,30000000.00,A-CB,3000000
IBNSINA,The Ibn Sina Pharmaceutical Industry PLC,Pharmaceuticals & Chemicals,A,9841.74,15.69,315.00,-0.97,315.00,15.7660,"49,647",47.4317,-40.9091,314.7100,316.9040,318.9380,316.5880,316.2880,315.8872,0.4008,-0.0695,320.7075,308.7125,10.6800,-21853.2084,317.2444,317.0641,315.8019,0.7688,0.0000,0.0000,0.0000,2.44,1.149,0.244,0.419,-,0.080,0.053,0.404,0.084,0.158,-,-,318.10,-3.10,575,15.7660,55.32%,25.37%,29.95%,44.68%,0.00%,0.00%,-,77.00,25.43,144.56,01 Oct 2026,23 Nov 2026,15.69,11.96,312436270.00,A-EQ,31243627
IBP,Indo-Bangla Pharmaceuticals Limited,Pharmaceuticals & Chemicals,B,1696.60,-,14.60,-2.67,14.60,12.8600,"864,509",37.4891,-74.0741,15.3150,17.3240,14.5705,14.9672,15.0988,15.7515,-0.6527,-0.6706,16.5120,14.1180,308.0000,-822129.5597,14.8711,14.9846,15.1033,1.7163,0.0000,0.0000,0.0000,0.10,3.622,-,2.741,-,-,-,0.114,-,-,-,-,15.00,-0.40,525,12.8600,75.57%,29.45%,46.12%,24.43%,0.00%,0.00%,-,0.15,-0.32,12.53,16 Nov 2025,30 Dec 2025,-,562.50,1162051780.00,B-EQ,116205178
ICB,Investment Corporation of Bangladesh,Financial Institutions,B,33216.02,-,38.30,0.00,38.30,1.4310,"37,214",30.9862,-89.6552,39.5000,42.5000,40.2110,38.9636,39.1752,40.2101,-1.0349,-1.0572,41.0815,37.9185,1.0500,-50634.6062,38.8489,39.0513,39.2429,1.5294,0.0000,0.0000,0.0000,-,-,-,-,-,2.683,13.209,-,-,-,-,-,38.30,0.00,116,1.4310,3.80%,1.64%,2.16%,69.20%,27.00%,0.00%,-,-,-14.00,37.45,29 Oct 2025,13 Dec 2025,-,-,8672589610.00,B-EQ,867258961
ICB3RDNRB,ICB AMCL Third NRB Mutual Fund,Mutual Funds,A,620.00,-,6.20,-3.13,6.20,5.0400,"807,066",53.3125,-50.0000,5.9600,5.9980,4.8745,6.2810,6.2238,6.0453,0.1785,0.1367,6.8235,5.0965,176.6800,-455346.0576,6.3778,6.3436,6.1686,0.8911,0.0000,0.0000,0.0000,-,-,-,-,-,-,-,-,-,-,-,-,6.40,-0.20,150,5.0400,89.97%,39.72%,50.21%,10.03%,0.00%,0.04%,-,-,1.40,8.66,17 Aug 2026,-,-,4.57,1000000000.00,A-MF,100000000
ICBAGRANI1,ICB AMCL First Agrani Bank Mutual Fund,Mutual Funds,A,795.02,22.78,8.10,-1.22,8.10,3.7430,"462,427",48.7343,-58.8235,8.0550,8.3120,7.1050,8.2654,8.2377,8.1768,0.0608,0.0285,8.8128,7.2972,121.8900,-100777.8884,8.3444,8.3295,8.1952,0.6763,0.0000,0.0000,0.0000,-,-,-,-,-,-,-,-,-,-,-,-,8.20,-0.10,144,3.7430,49.06%,33.38%,15.66%,50.94%,0.00%,0.02%,-,4.00,1.35,10.35,17 Aug 2026,-,22.78,6.07,981510000.00,A-MF,98151000
ICBAMCL2ND,ICB AMCL Second Mutual Fund,Mutual Funds,A,480.00,-,9.60,-4.00,9.60,11.4500,"1,176,464",62.2829,-38.0952,8.4800,8.1620,6.4550,9.6157,9.3942,8.7160,0.6782,0.5109,11.1953,5.7647,598.0600,-222443.6341,9.9911,9.7885,9.1529,0.9035,0.0000,0.0000,0.0000,-,-,-,-,-,-,-,-,-,-,-,-,10.00,-0.40,355,11.4500,100.00%,55.18%,44.82%,0.00%,0.00%,0.00%,-,-,1.47,9.55,17 Aug 2026,-,-,6.80,500000000.00,A-MF,50000000
ICBEPMF1S1,ICB Employees Provident MF 1: Scheme 1,Mutual Funds,A,480.00,-,6.40,-3.03,6.40,7.7380,"1,195,670",50.4324,-53.8462,6.2950,6.3740,5.4245,6.5410,6.5004,6.3837,0.1167,0.0823,7.0260,5.5640,352.7300,115657.1002,6.6244,6.6013,6.4662,0.8896,0.0000,0.0000,0.0000,-,-,-,-,-,-,-,-,-,-,-,-,6.60,-0.20,228,7.7380,90.00%,42.76%,47.24%,10.00%,0.00%,0.00%,-,-,1.12,8.50,17 Aug 2026,-,-,5.89,750000000.00,A-MF,75000000
ICBIBANK,ICB Islamic Bank Limited,Bank,Z,1728.23,-,2.50,4.00,2.60,0.0900,"35,281",54.9217,-33.3333,2.5650,2.6260,2.7070,2.5342,2.5395,2.5701,-0.0306,-0.0335,2.6824,2.4476,3.5000,-103562.6227,2.5200,2.5231,2.5433,0.9164,0.0000,0.0000,0.0000,-,-,-,-,-,3.183,4.053,-,-,0.068,-,-,2.50,0.10,37,0.0900,47.07%,20.37%,26.70%,52.76%,0.17%,0.00%,-,-,-1.22,-22.00,08 Jul 2026,21 Sep 2026,-,-,6647023000.00,Z-EQ,664702300
ICBSONALI1,ICB AMCL Sonali Bank Limited 1st Mutual Fund,Mutual Funds,A,770.00,-,7.70,-2.53,7.70,14.0750,"1,802,479",59.3284,-35.0000,7.2200,6.7520,5.2050,7.7419,7.6405,7.2240,0.4165,0.3898,8.7711,5.6689,961.1000,416366.0016,7.8800,7.8654,7.5929,1.0262,0.0000,0.0000,0.0000,-,-,-,-,-,-,-,-,-,-,-,-,7.90,-0.20,433,14.0750,75.00%,31.18%,43.82%,25.00%,0.00%,0.00%,-,-,1.12,9.34,17 Aug 2026,-,-,7.05,1000000000.00,A-MF,100000000
ICICL,Islami Commercial Insurance PLC,Insurance,A,1970.39,36.11,38.90,-4.66,38.90,35.1110,"886,407",57.0382,-37.3333,37.2650,36.2160,27.6470,38.8946,38.5108,37.4167,1.0940,0.7660,40.9524,33.5776,331.4900,-34954.3560,39.4000,38.9077,37.9786,1.4607,0.0000,0.0000,0.0000,2.57,-,-,-,-,-,-,-,-,-,-,-,40.80,-1.90,"1,081",35.1110,58.70%,3.79%,54.91%,41.30%,0.00%,0.00%,-,10.00,1.13,17.36,30 Apr 2026,06 Aug 2026,36.11,21.70,506527660.00,A-EQ,50652766
IDLC,IDLC Finance PLC.,Financial Institutions,A,19615.56,7.69,43.00,-0.23,42.80,2.4600,"57,528",47.1334,-36.3636,42.6400,44.3340,40.5900,42.8125,42.8309,43.1113,-0.2804,-0.3719,44.0652,41.2148,5.2200,-77581.8512,42.8578,42.8962,42.7257,1.3371,0.0000,0.0000,0.0000,3.50,-,-,-,-,0.603,0.287,-,-,-,-,0.060,42.90,-0.10,121,2.4600,64.88%,52.67%,11.68%,35.12%,0.00%,0.53%,5.00,15.00,5.58,49.96,24 Mar 2026,14 May 2026,7.69,7.17,4583075790.00,A-EQ,458307579
IFADAUTOS,IFAD Autos PLC.,Engineering,B,6196.67,-,23.10,2.67,23.10,14.7990,"647,275",46.4206,-47.3684,23.2800,24.3360,23.0910,22.9291,23.0126,23.4301,-0.4175,-0.4308,24.6451,21.9149,25.2700,-32110.1095,22.8556,22.9449,23.0610,1.4618,0.0000,0.0000,0.0000,0.87,3.428,2.164,3.214,-,0.054,-,0.126,-,-,-,-,22.50,0.60,415,14.7990,45.13%,25.65%,19.48%,54.87%,0.00%,0.00%,-,2.00,-0.27,35.56,27 Oct 2025,28 Dec 2025,-,52.73,2682539110.00,B-EQ,268253911
IFIC,IFIC Bank PLC,Bank,Z,9226.02,-,4.80,-2.04,4.80,2.0250,"422,225",48.5764,-62.5000,4.8200,4.8300,4.9660,4.8411,4.8415,4.8291,0.0124,0.0190,5.1547,4.4853,20.8000,-128613.2823,4.8289,4.8603,4.8552,1.6058,0.0000,0.0000,0.0000,-,-,-,-,-,2.013,2.183,-,-,-,-,-,4.90,-0.10,136,2.0250,67.25%,21.35%,45.26%,0.00%,32.75%,0.64%,-,-,-13.32,4.96,03 May 2026,29 Jun 2026,-,-,19220866470.00,Z-EQ,1922086647
IFIC1STMF,IFIC Bank 1st Mutual Fund,Mutual Funds,A,710.46,-,3.90,-2.50,3.90,5.2680,"1,329,959",41.7027,-100.0000,4.0600,4.2540,3.4885,4.0451,4.0559,4.0873,-0.0315,-0.0226,4.2693,3.8507,211.9500,-2053952.2384,4.0556,4.0692,4.0681,1.0986,0.0000,0.0000,0.0000,-,-,-,-,-,-,-,-,-,-,-,-,4.00,-0.10,105,5.2680,79.17%,16.26%,62.91%,20.83%,0.00%,0.00%,-,-,-1.79,8.19,15 Sep 2024,-,-,-,1821679650.00,A-MF,182167965
IFILISLMF1,IFIL Islamic Mutual Fund-1,Mutual Funds,A,590.00,-,5.90,0.00,5.90,4.3300,"730,973",54.7384,-50.0000,5.7150,5.6360,4.3885,5.9728,5.9277,5.7490,0.1787,0.1636,6.5262,4.9038,248.6400,-917946.2216,6.0600,6.0474,5.8952,1.0133,0.0000,0.0000,0.0000,-,-,-,-,-,-,-,-,-,-,-,-,5.90,0.00,107,4.3300,99.00%,54.97%,44.02%,1.00%,0.00%,0.01%,-,-,0.96,7.76,17 Aug 2026,-,-,6.15,1000000000.00,A-MF,100000000
ILFSL,International Leasing & Financial Services Limited,Financial Institutions,Z,465.80,-,0.00,0.00,2.10,0.0000,0,60.7086,-46.1538,1.7800,1.5300,1.4835,2.1578,2.0793,1.8293,0.2501,0.1954,2.7013,0.8587,204.6100,3259599.6144,2.2600,2.2064,2.0162,1.4692,0.0000,0.0000,0.0000,-,-,-,-,-,1.065,2.866,-,-,-,-,-,2.10,0.00,0,0.0000,58.45%,13.07%,45.38%,41.55%,0.00%,0.00%,-,-,-39.01,-212.32,25 May 2025,30 Jun 2025,-,-,2218102460.00,Z-EQ,221810246
INDEXAGRO,Index Agro Industries Limited,Miscellaneous,A,3631.92,12.90,73.20,2.81,73.20,24.2950,"334,212",56.7162,-41.8605,69.5100,71.3760,69.5025,71.7121,71.3248,70.7531,0.5717,-0.0099,76.1210,62.8990,112.6900,-266502.9534,72.5289,72.0462,70.6495,1.2189,0.0000,0.0000,0.0000,1.64,1.663,-,0.676,0.078,0.166,0.059,0.204,0.036,0.064,-,-,71.20,2.00,"1,157",24.2950,42.23%,23.18%,19.05%,57.77%,0.00%,0.00%,5.00,12.00,5.52,85.74,19 Oct 2025,15 Dec 2025,12.90,18.41,496163310.00,A-EQ,49616331
INTECH,Intech Limited,IT Sector,Z,739.18,-,23.60,-1.67,23.60,0.7890,"33,308",43.1542,-51.4286,23.7850,25.0140,31.3415,24.0309,24.0419,24.3413,-0.2993,-0.4159,25.3854,22.1846,59.6200,-15998.6379,24.0889,24.1731,23.9786,1.4393,0.0000,0.0000,0.0000,-,0.408,-,0.408,-,-,-,0.199,-,0.850,-,-,24.00,-0.40,112,0.7890,70.00%,5.97%,63.91%,30.00%,0.00%,0.12%,-,-,-0.38,-0.45,02 Nov 2025,18 Dec 2025,-,-,313212260.00,Z-EQ,31321226
INTRACO,Intraco Refueling Station PLC,Fuel & Power,Z,2168.57,25.47,22.00,0.46,22.00,5.4420,"248,582",47.9656,-45.0000,22.1650,22.3220,20.1245,21.8578,21.9171,22.1068,-0.1897,-0.1489,23.1126,21.2174,65.5200,-64490.2158,21.7356,21.7782,21.9567,1.5960,0.0000,0.0000,0.0000,0.57,1.114,-,1.106,0.080,0.097,0.063,0.149,0.028,0.065,-,-,21.90,0.10,183,5.4420,69.70%,20.58%,49.08%,30.30%,0.00%,0.04%,-,1.25,0.86,13.24,19 Nov 2025,30 Dec 2025,25.47,109.50,985712360.00,Z-EQ,98571236
IPDC,IPDC Finance PLC.,Financial Institutions,A,14219.26,31.89,33.10,-6.50,33.10,509.9300,"15,215,069",49.2737,-54.8387,33.0200,32.5120,24.3220,34.2455,34.0141,33.2548,0.7593,0.6085,36.2112,29.8288,318.2900,-6427146.6557,34.6422,34.4538,33.7624,1.8483,0.0000,0.0000,0.0000,1.51,-,-,-,-,0.532,0.131,-,-,-,-,0.043,35.40,-2.30,"5,076",509.9300,38.12%,19.32%,18.72%,40.00%,21.88%,0.08%,5.00,5.00,1.11,17.85,29 Apr 2026,25 Jun 2026,31.89,36.88,4295848510.00,A-EQ,429584851
ISLAMIBANK,Islami Bank Bangladesh PLC,Bank,Z,42986.75,31.41,26.70,0.00,26.70,0.7180,"26,833",35.4406,-63.1579,26.9850,28.4540,34.8335,26.7746,26.8309,27.2927,-0.4618,-0.5555,27.6996,26.2704,0.7300,-39431.6441,26.7400,26.7590,26.8376,1.0498,0.0000,0.0000,0.0000,-,-,-,-,-,0.129,0.034,-,0.001,0.019,0.001,-,26.70,0.00,92,0.7180,99.82%,75.00%,6.91%,0.18%,0.00%,17.91%,-,-,0.85,44.52,30 Apr 2026,25 Jun 2026,31.41,-,16099906680.00,Z-EQ,1609990668
ISLAMICFIN,Islamic Finance & Investment PLC.,Financial Institutions,Z,1501.50,27.18,10.70,0.94,10.70,0.6780,"63,447",40.4022,-75.0000,10.8450,11.4120,10.6495,10.7244,10.7612,10.9379,-0.1767,-0.1790,11.2090,10.4810,19.3100,-268441.9389,10.6867,10.7244,10.7752,1.7912,0.0000,0.0000,0.0000,-,-,-,-,-,3.542,-,-,-,-,-,0.362,10.60,0.10,81,0.6780,69.18%,23.52%,45.66%,30.82%,0.00%,0.00%,-,-,0.39,2.38,28 Jun 2026,24 Sep 2026,27.18,-,1403266700.00,Z-EQ,140326670
ISLAMIINS,Islami Insurance Bangladesh Limited,Insurance,A,2774.54,20.50,67.40,-3.58,67.40,55.9490,"814,067",63.6848,-28.4615,62.5550,62.0740,48.8815,65.9492,65.2258,63.4913,1.7345,0.9621,69.4915,55.6185,202.4400,444656.2672,66.7222,66.0231,64.3095,1.3005,0.0000,0.0000,0.0000,2.37,-,-,-,-,-,-,-,-,-,-,-,69.90,-2.50,"1,429",55.9490,54.39%,7.74%,46.65%,45.61%,0.00%,0.00%,-,16.00,3.04,23.62,25 Jun 2026,27 Aug 2026,20.50,16.97,411652150.00,A-EQ,41165215
ISNLTD,Information Services Network Limited,IT Sector,B,576.58,-,52.80,0.00,52.80,8.1930,"153,561",49.9074,-42.8571,49.8450,55.4180,67.0355,52.7711,52.5092,52.7656,-0.2564,-0.9521,59.5905,40.0995,606.4900,-340174.4212,53.5067,53.5167,51.6581,1.3078,0.0000,0.0000,0.0000,-,1.739,-,1.739,-,-,-,0.373,-,-,-,-,52.80,0.00,527,8.1930,78.52%,11.68%,66.84%,21.48%,0.00%,0.00%,-,-,-0.43,2.42,22 Oct 2025,14 Dec 2025,-,-,109200030.00,B-EQ,10920003
ITC,IT Consultants PLC.,IT Sector,A,5593.78,12.18,43.50,-1.36,43.50,18.2130,"416,083",37.9216,-70.0000,44.6400,47.1720,42.2330,44.3229,44.4633,45.1902,-0.7269,-0.7604,46.4246,42.8554,150.0500,-648816.3596,44.3022,44.4205,44.4557,1.3900,0.0000,0.0000,0.0000,2.76,2.542,-,2.464,0.309,0.364,0.297,0.525,0.103,0.155,-,-,44.10,-0.60,561,18.2130,48.91%,12.75%,35.96%,51.09%,0.00%,0.20%,-,12.00,3.62,23.25,27 Oct 2025,07 Dec 2025,12.18,12.25,1285926640.00,A-EQ,128592664
JAMUNABANK,Jamuna Bank PLC.,Bank,A,21510.83,3.87,22.90,0.00,22.90,19.9770,"872,313",37.2583,-63.6364,23.1300,23.7700,23.5345,22.9929,23.0469,23.3040,-0.2572,-0.2598,23.8109,22.4491,52.3800,-2965292.3992,22.9489,22.9949,23.0348,0.8876,0.0000,0.0000,0.0000,12.66,-,-,-,-,0.477,0.291,-,0.013,0.216,0.014,-,22.90,0.00,247,19.9770,63.02%,3.46%,59.43%,36.98%,0.00%,0.13%,-,29.00,5.92,27.43,30 Apr 2026,27 Jul 2026,3.87,2.84,9393376300.00,A-EQ,939337630
JAMUNAOIL,Jamuna Oil PLC,Fuel & Power,A,19655.58,3.02,178.50,0.39,178.00,1.0480,"5,873",51.3867,-50.0000,176.9300,179.0740,175.6250,177.7329,177.6638,177.7412,-0.0774,-0.2655,180.3905,173.4695,2.4700,-7493.6696,177.8289,178.0090,177.5771,0.4886,0.0000,0.0000,0.0000,10.11,1.174,-,1.006,4.721,0.479,3.777,1.000,0.057,0.214,-,-,177.30,0.70,104,1.0480,39.92%,31.18%,8.64%,0.00%,60.08%,0.10%,-,180.00,58.70,274.03,13 Nov 2025,31 Jan 2026,3.02,5.00,1104246000.00,A-EQ,110424600
JANATAINS,Janata Insurance PLC.,Insurance,A,1585.38,30.18,32.70,-1.51,32.70,5.1460,"155,961",47.8037,-29.4118,32.3800,33.5400,30.8585,32.7762,32.7366,32.9115,-0.1748,-0.3441,33.8347,30.9253,102.5200,-248311.3586,32.8933,32.8321,32.5481,1.3432,0.0000,0.0000,0.0000,3.06,-,-,-,-,-,-,-,-,-,-,-,33.20,-0.50,187,5.1460,60.13%,7.56%,52.57%,39.87%,0.00%,0.00%,-,10.00,1.10,15.07,07 May 2026,19 Jul 2026,30.18,20.75,484826280.00,A-EQ,48482628
JHRML,JMI Hospital Requisite Manufacturing Limited,Pharmaceuticals & Chemicals,B,5375.12,23.39,42.90,-1.38,42.90,3.5520,"82,451",39.8763,-58.6957,43.7050,47.6400,46.3835,43.4112,43.5924,44.8794,-1.2869,-1.4944,46.7399,40.6701,27.7600,-80042.6438,43.3711,43.4423,43.3976,1.5701,0.0000,0.0000,0.0000,1.17,-,-,-,-,-,-,-,-,-,-,-,43.50,-0.60,334,3.5520,67.70%,42.52%,25.18%,32.30%,0.00%,0.00%,-,5.00,1.86,35.14,27 Oct 2025,22 Jan 2026,23.39,48.69,1252941200.00,B-EQ,125294120
JMISMDL,JMI Syringes & Medical Devices Ltd,Pharmaceuticals & Chemicals,A,3850.17,87.05,128.10,-1.23,128.10,1.2490,"9,731",40.2443,-75.0000,130.2100,136.9560,128.7130,129.4836,129.8092,131.8841,-2.0748,-2.3362,134.3144,126.1056,10.5700,-13887.7565,129.2311,129.6321,129.8419,1.1716,0.0000,0.0000,0.0000,0.78,5.676,0.000,3.472,-,0.075,0.024,0.156,0.015,0.017,-,-,129.70,-1.60,143,1.2490,20.35%,5.85%,14.50%,79.65%,0.00%,0.00%,-,10.00,1.49,87.23,28 Oct 2025,23 Dec 2025,87.05,-,300560000.00,A-EQ,30056000
JUTESPINN,Jute Spinners Limited,Jute,Z,349.01,-,205.30,-1.49,205.30,0.1100,534,42.3060,-75.7813,206.9600,214.9960,212.5765,206.6346,206.9110,209.2200,-2.3090,-2.7885,210.9423,202.9777,19.0300,-1634.5391,206.4533,206.4833,206.5605,0.7828,0.0000,0.0000,0.0000,-,-,-,-,-,-,-,-,-,-,-,-,208.40,-3.10,26,0.1100,60.18%,23.20%,36.98%,39.82%,0.00%,0.00%,-,-,-36.32,-624.19,29 Oct 2025,-,-,-,17000000.00,Z-EQ,1700000
KARNAPHULI,Karnaphuli Insurance PLC.,Insurance,A,2347.02,25.16,52.30,-2.43,52.30,23.3430,"437,905",41.3836,-89.5833,54.4650,54.3020,37.9655,54.0575,54.2048,54.3680,-0.1632,0.0837,57.3100,51.6200,379.3900,-628566.8520,54.1356,54.1641,54.1433,1.3687,0.0000,0.0000,0.0000,1.91,-,-,-,-,-,-,-,-,-,-,-,53.60,-1.30,640,23.3430,67.26%,11.81%,55.45%,32.74%,0.00%,0.00%,-,10.00,2.13,23.79,26 Apr 2026,09 Jul 2026,25.16,18.61,448761130.00,A-EQ,44876113
KAY&QUE,Kay and Que Bangladesh Limited,Engineering,B,2803.51,43.18,400.90,-2.17,400.90,25.4640,"62,927",54.8661,-26.9231,379.5600,401.0460,426.0545,398.4055,395.2735,392.3157,2.9578,-2.5283,423.0494,336.0706,120.4600,-12651.7028,402.4200,399.4526,389.5548,1.2074,0.0000,0.0000,0.0000,0.10,0.869,-,0.855,-,0.161,0.171,0.275,0.061,0.093,-,-,409.80,-8.90,970,25.4640,64.76%,15.20%,49.56%,35.24%,0.00%,0.00%,-,4.00,9.49,101.72,29 Oct 2025,11 Dec 2025,43.18,31.08,69930490.00,B-EQ,6993049
KBPPWBIL,Khan Brothers PP Woven Bag Industries Ltd.,Miscellaneous,A,3550.49,137.41,36.20,-2.43,36.20,37.3930,"1,013,404",51.5828,-40.8759,34.1100,36.4420,45.5260,36.5406,36.2416,35.7425,0.4991,0.0773,42.0672,26.1528,349.4000,-992032.3184,37.1644,37.2295,35.7690,1.3096,0.0000,0.0000,0.0000,2.76,21.510,-,5.814,0.375,0.400,0.254,0.479,0.021,0.022,-,-,37.10,-0.90,"1,498",37.3930,69.87%,11.76%,58.11%,30.13%,0.00%,0.00%,-,10.00,0.27,12.07,22 Oct 2025,24 Dec 2025,137.41,48.82,980798770.00,A-EQ,98079877
KDSALTD,KDS Accessories Limited,Engineering,A,3303.57,20.27,44.20,-0.45,44.20,4.8180,"108,880",40.9290,-61.3636,44.6600,47.4080,45.6785,44.6390,44.7415,45.5134,-0.7719,-0.9101,46.3326,42.9874,47.3300,-110048.6126,44.6378,44.7500,44.6676,1.5426,0.0000,0.0000,0.0000,2.26,1.517,0.013,1.194,-,0.075,0.057,0.172,0.035,0.079,-,-,44.40,-0.20,253,4.8180,36.03%,12.58%,23.45%,63.97%,0.00%,0.00%,-,10.00,2.19,27.71,22 Oct 2025,10 Dec 2025,20.27,21.91,747414790.00,A-EQ,74741479
KEYACOSMET,Keya Cosmetics Limited,Pharmaceuticals & Chemicals,Z,5842.28,25.24,5.30,0.00,5.30,2.2430,"422,980",49.8282,-42.8571,5.2300,5.3620,4.9220,5.3333,5.3248,5.3044,0.0204,0.0112,5.6252,4.8348,23.8600,331103.1803,5.3600,5.3679,5.3090,1.4061,0.0000,0.0000,0.0000,-,1.465,44.309,0.868,-,0.169,0.026,0.209,0.009,0.927,-,-,5.30,0.00,90,2.2430,53.95%,8.57%,45.38%,46.05%,0.00%,0.00%,-,1.00,0.24,0.25,13 Dec 2020,19 Jan 2021,25.24,22.08,11023173240.00,Z-EQ,1102317324
KEYACOSMET,Keya Cosmetics Limited,Pharmaceuticals & Chemicals,Z,5842.28,25.24,5.30,0.00,5.30,2.2430,"422,980",49.8282,-42.8571,5.2300,5.3620,4.9220,5.3333,5.3248,5.3044,0.0204,0.0112,5.6252,4.8348,23.8600,331103.1803,5.3600,5.3679,5.3090,1.4061,0.0000,0.0000,0.0000,1.89,1.465,44.309,0.868,-,0.169,0.026,0.209,0.009,0.927,-,-,5.30,0.00,90,2.2430,53.95%,8.57%,45.38%,46.05%,0.00%,0.00%,-,1.00,0.24,0.25,13 Dec 2020,19 Jan 2021,25.24,22.08,11023173240.00,Z-EQ,1102317324
KOHINOOR,Kohinoor Chemicals Company (Bangladesh) PLC.,Pharmaceuticals & Chemicals,A,21314.60,30.62,522.70,0.13,522.70,0.6830,"1,309",43.1195,-72.1893,525.2750,533.9760,513.8335,523.0603,523.8020,527.0801,-3.2781,-3.1919,532.8090,517.7410,2.2000,-2570.0713,522.3222,522.9385,523.8743,0.7514,0.0000,0.0000,0.0000,1.24,4.768,0.135,2.500,-,0.136,0.098,0.282,0.184,0.262,-,-,522.00,0.70,120,0.6830,49.43%,14.70%,34.72%,50.57%,0.00%,0.01%,10.00,65.00,17.05,65.16,26 Oct 2025,07 Dec 2025,30.62,31.88,407778930.00,A-EQ,40777893
KPCL,Khulna Power Company Limited,Fuel & Power,Z,4133.10,36.55,10.40,-1.89,10.40,3.2400,"309,299",41.6054,-85.7143,10.5950,10.8980,10.6515,10.5453,10.5765,10.7078,-0.1313,-0.1246,10.8663,10.3237,18.9700,-315288.8532,10.5244,10.5449,10.5667,0.8290,0.0000,0.0000,0.0000,4.81,6.513,-,5.308,0.153,-,0.140,-,0.015,0.015,-,-,10.60,-0.20,165,3.2400,30.01%,9.11%,20.90%,69.99%,0.00%,0.00%,-,5.00,0.29,19.03,28 Oct 2025,28 Dec 2025,36.55,10.89,3974131790.00,Z-EQ,397413179
KPPL,Khulna Printing & Packaging Limited,Paper & Printing,Z,993.34,-,13.60,1.49,13.60,0.7530,"55,817",51.0879,-37.0370,13.1050,14.0580,15.0875,13.4725,13.4281,13.5099,-0.0818,-0.2179,14.1917,12.0183,43.9500,-48828.3412,13.5533,13.4987,13.2986,1.4946,0.0000,0.0000,0.0000,-,0.693,-,0.692,-,-,-,-,-,1.662,-,-,13.40,0.20,65,0.7530,60.24%,1.11%,59.13%,39.76%,0.00%,0.00%,-,-,-3.10,-1.86,30 Oct 2022,29 Dec 2022,-,-,730400000.00,Z-EQ,73040000
KTL,Kattali Textile Limited,Textile,Z,1546.86,-,13.30,3.91,13.30,28.6430,"2,142,539",62.2712,-25.0000,12.6300,12.1860,10.4625,12.8663,12.8158,12.5720,0.2437,0.2475,13.5008,11.7592,189.1300,-240789.7173,12.8844,12.8795,12.7971,1.4704,0.0000,0.0000,0.0000,0.08,5.749,-,4.046,-,-,-,-,-,-,-,-,12.80,0.50,754,28.6430,69.68%,19.47%,50.08%,30.32%,0.00%,0.13%,-,0.10,0.08,15.10,28 Dec 2025,-,-,160.00,1163052000.00,Z-EQ,116305200
LANKABAFIN,LankaBangla Finance PLC,Financial Institutions,A,7705.39,28.43,14.30,-1.38,14.30,7.4640,"517,710",35.0189,-83.3333,14.6600,16.1480,14.7700,14.5189,14.5852,15.0140,-0.4288,-0.4850,15.2735,14.0465,45.5400,-1254594.6342,14.4822,14.5231,14.5610,1.9227,0.0000,0.0000,0.0000,-,-,-,-,-,0.352,0.064,-,-,-,-,0.027,14.50,-0.20,377,7.4640,66.23%,23.24%,42.54%,33.77%,0.00%,0.45%,-,-,0.51,18.52,15 Oct 2025,11 Dec 2025,28.43,20.14,5388386230.00,A-EQ,538838623
LBS,LankaBangla Securities PLC.,Stock Brokers,P,2824.82,-,10.50,1.94,0.00,0.0000,38,45.1586,-55.5556,10.5500,11.0340,20.0115,10.3497,10.4132,10.6468,-0.2336,-0.2043,11.5214,9.5786,1.8900,-64191.1730,10.3022,10.3321,10.4181,0.4477,0.0000,0.0000,0.0000,-,-,-,-,-,-,-,-,-,-,-,-,10.30,0.20,8,0.0000,17.42%,11.81%,5.61%,82.58%,0.00%,0.00%,-,-,0.50,16.91,20 May 2026,23 Jul 2026,-,-,2690303320.00,-,269030332
LEGACYFOOT,Legacy Footwear Limited,Tannery Industries,B,3071.60,1394.00,71.30,2.30,71.30,30.9250,"430,627",54.0322,-26.3158,70.0550,72.0160,65.1705,69.5108,69.5753,70.1984,-0.6231,-0.7748,73.6023,66.5077,105.8000,-191225.6127,69.2511,69.3205,69.4938,1.3194,0.0000,0.0000,0.0000,0.07,7.339,-,5.939,0.068,-,0.039,0.223,0.004,0.004,-,-,69.70,1.60,"1,212",30.9250,67.36%,31.95%,35.41%,32.64%,0.00%,0.00%,-,0.50,0.05,11.21,29 Oct 2025,20 Dec 2025,1394.00,1306.88,430799800.00,B-EQ,43079980
LHB,LafargeHolcim Bangladesh PLC.,Cement,A,60972.11,11.93,52.50,0.00,52.50,17.5310,"333,570",46.2316,-51.9231,52.3450,54.8000,52.4485,52.5552,52.5919,53.0615,-0.4696,-0.6099,54.7225,49.9675,15.4400,-635812.6099,52.5978,52.7436,52.5190,1.3033,0.0000,0.0000,0.0000,4.19,1.058,-,0.870,0.231,0.224,0.174,0.302,0.123,0.268,-,-,52.50,0.00,572,17.5310,37.34%,23.43%,13.14%,62.66%,0.00%,0.77%,-,22.00,0.00,0.00,12 Mar 2026,-,11.93,14.04,11613735000.00,A-EQ,1161373500
LIBRAINFU,Libra Infusions Limited,Pharmaceuticals & Chemicals,Z,1273.55,3794.67,565.00,-0.69,565.30,0.2040,359,37.2635,-55.0296,572.8800,603.1060,630.2175,569.9574,571.5104,581.2082,-9.6978,-10.8509,587.2100,558.5500,23.0400,-729.0014,569.4511,570.4603,571.0538,0.7923,0.0000,0.0000,0.0000,0.53,1.468,0.040,0.897,-,0.160,0.001,0.437,0.000,0.000,-,-,569.20,-3.90,51,0.2040,65.58%,4.24%,61.34%,34.42%,0.00%,0.00%,50.00,30.00,0.15,1261.00,22 Oct 2023,21 Dec 2023,3794.67,106.73,22528800.00,Z-EQ,2252880
LINDEBD,Linde Bangladesh Limited,Fuel & Power,A,10085.15,29.27,662.70,0.20,662.70,1.5820,"2,377",33.1613,-87.4576,675.1300,697.7880,730.3640,669.3057,671.3489,679.9118,-8.5629,-8.1057,692.5160,657.7440,4.6000,-5400.8978,667.9889,670.4192,672.4876,0.8512,0.0000,0.0000,0.0000,1.51,1.853,-,1.601,0.190,0.166,0.151,0.467,0.067,0.107,-,-,661.40,1.30,156,1.5820,40.00%,22.00%,18.00%,60.00%,0.00%,0.00%,-,100.00,22.60,210.31,09 Apr 2026,10 Jun 2026,29.27,25.88,152182800.00,A-EQ,15218280
LOVELLO,Taufika Foods and Lovello Ice-cream PLC.,Food & Allied,A,5016.74,31.27,51.10,-0.97,51.10,36.7290,"713,049",45.0503,-37.7622,49.1500,58.6200,68.7430,51.4028,51.3081,52.7855,-1.4774,-2.3807,56.9812,41.3188,455.1800,-1596355.2753,51.8311,51.9987,50.6586,1.1525,0.0000,0.0000,0.0000,2.15,2.497,-,1.800,0.167,0.278,0.134,0.423,0.040,0.137,-,-,51.60,-0.50,"1,513",36.7290,68.17%,11.19%,56.98%,31.83%,0.00%,0.00%,5.00,11.00,1.65,12.01,12 Oct 2025,28 Dec 2025,31.27,12.65,981750000.00,A-EQ,98175000
LRBDL,Lub-rref (Bangladesh) Limited,Fuel & Power,Z,1902.69,-,13.20,0.00,13.10,1.0620,"80,560",41.1513,-57.1429,13.4500,14.5680,11.6300,13.2644,13.3441,13.7148,-0.3706,-0.3700,14.5093,12.3907,27.7900,-114474.3334,13.1778,13.2795,13.3533,1.7705,0.0000,0.0000,0.0000,-,0.872,-,0.689,-,-,-,0.047,-,-,-,-,13.10,0.00,85,1.0620,64.27%,10.76%,53.51%,35.73%,0.00%,0.00%,-,-,-4.56,32.72,30 Nov 2025,28 Dec 2025,-,-,1452431440.00,Z-EQ,145243144
LRGLOBMF1,LR Global Bangladesh Mutual Fund One,Mutual Funds,A,1368.75,15.52,4.40,-2.22,4.40,2.9920,"675,440",49.7075,-62.5000,4.3850,4.4740,3.5050,4.4872,4.4713,4.4123,0.0590,0.0519,4.7917,3.9783,58.3900,-326549.1676,4.5267,4.5244,4.4600,1.2393,0.0000,0.0000,0.0000,-,-,-,-,-,-,-,-,-,-,-,-,4.50,-0.10,113,2.9920,86.43%,59.14%,27.29%,13.57%,0.00%,0.00%,-,3.00,0.29,10.47,15 Nov 2023,-,15.52,-,3110803320.00,A-MF,311080332
MAGURAPLEX,Magura Multiplex PLC.,Paper & Printing,A,2430.44,23.06,82.10,-1.08,82.10,5.3430,"64,698",44.1710,-55.2083,82.2250,86.9600,85.6635,82.9109,82.9609,83.8862,-0.9253,-1.2509,86.0649,78.3851,50.0500,-52080.7297,83.1400,83.2090,82.6724,1.6650,0.0000,0.0000,0.0000,1.34,2.971,-,2.161,0.056,0.245,0.066,0.282,0.019,0.048,-,-,83.00,-0.90,287,5.3430,54.19%,5.58%,48.61%,45.81%,0.00%,0.00%,-,11.00,3.60,74.79,02 Nov 2025,29 Dec 2025,23.06,30.51,296033780.00,A-EQ,29603378
MAKSONSPIN,Maksons Spinning Mills PLC.,Textile,Z,1310.28,-,5.50,-3.51,5.50,2.0340,"366,246",36.6595,-100.0000,5.8300,6.1160,5.7175,5.6954,5.7345,5.8713,-0.1368,-0.1153,6.1615,5.4985,21.4500,-317302.0631,5.6689,5.7000,5.7562,1.7253,0.0000,0.0000,0.0000,-,0.967,-,0.170,-,-,-,-,-,-,-,-,5.70,-0.20,140,2.0340,70.00%,6.42%,63.58%,30.00%,0.00%,0.00%,-,-,-9.42,2.84,15 Dec 2025,-,-,-,2382325380.00,Z-EQ,238232538
MALEKSPIN,Malek Spinning Mills PLC.,Textile,A,9680.00,6.60,50.00,2.25,50.00,462.8540,"9,286,527",59.8160,-12.6984,47.5000,47.1040,34.2240,48.3799,48.1885,47.6364,0.5521,0.3914,50.2137,44.7863,479.8300,13363.3742,48.4911,48.3321,47.8400,1.5749,0.0000,0.0000,0.0000,2.00,1.131,-,0.454,-,-,-,-,-,-,-,-,48.90,1.10,"3,763",462.8540,52.66%,13.76%,38.90%,47.34%,0.00%,0.00%,-,10.00,7.41,60.63,27 Oct 2025,15 Dec 2025,6.60,9.08,1936000000.00,A-EQ,193600000
MARICO,Marico Bangladesh Limited,Pharmaceuticals & Chemicals,A,83827.80,12.95,2661.20,-0.31,2661.20,7.7310,"2,899",41.2641,-66.3636,2663.9700,2700.6540,2740.7895,2663.2072,2664.1467,2675.0212,-10.8744,-13.9285,2688.8531,2639.0869,1.9100,-2826.0435,2663.0822,2662.2744,2661.3810,0.3123,0.0000,0.0000,0.0000,1.88,1.990,-,1.506,-,0.435,0.362,0.595,0.427,0.784,-,-,2669.40,-8.20,662,7.7310,10.00%,6.72%,2.37%,90.00%,0.00%,0.91%,-,500.00,0.00,0.00,30 Jul 2026,-,12.95,12.33,315000000.00,A-EQ,31500000
MATINSPINN,Matin Spinning Mills PLC,Textile,A,6648.82,14.21,68.70,2.10,68.20,59.6140,"877,325",61.8104,-13.0081,64.6150,62.9120,52.0300,65.8848,65.4666,64.3444,1.1222,0.7319,69.1037,60.1263,124.2200,505935.0274,66.1978,65.5538,64.9829,1.1512,0.0000,0.0000,0.0000,5.13,1.116,-,0.687,-,-,-,-,-,-,-,-,66.80,1.40,"1,379",59.6140,67.28%,42.73%,24.55%,32.72%,0.00%,0.00%,-,35.00,4.70,69.89,26 Oct 2025,09 Dec 2025,14.21,14.96,974900000.00,A-EQ,97490000
MBL1STMF,MBL 1st Mutual Fund,Mutual Funds,A,1080.00,25.71,10.80,0.00,10.80,70.2070,"6,425,880",68.1900,-22.5806,9.9850,8.8060,5.1310,10.5644,10.4110,9.7399,0.6711,0.6500,11.4291,8.5409,1411.8600,-3307903.2942,10.7356,10.6487,10.3062,0.8846,0.0000,0.0000,0.0000,-,-,-,-,-,-,-,-,-,-,-,-,10.80,0.00,"1,079",70.2070,90.00%,48.54%,41.46%,10.00%,0.00%,0.00%,-,4.25,0.42,10.44,16 May 2023,-,25.71,75.70,1000000000.00,A-MF,100000000
MBPLCPBOND,Mercantile Bank Perpetual Bond,Corporate Bond,A,485.00,-,0.00,0.00,4850.00,0.0000,0,,,,,,,,,,,,,,,,,,,,,,0.02,-,-,-,-,-,-,-,-,-,-,-,4850.00,0.00,0,0.0000,0.00%,0.00%,0.00%,0.00%,0.00%,0.00%,-,10.00,0.00,0.00,19 Nov 2025,-,-,-,1000000.00,A-CB,100000
MEGCONMILK,Meghna Condensed Milk Industries Limited,Food & Allied,Z,494.40,-,30.90,-1.59,30.90,1.0380,"33,213",40.6018,-75.0000,32.5700,34.1740,30.4695,31.6836,31.9502,32.9189,-0.9687,-0.8391,35.5073,29.6327,130.6300,-66893.7639,31.4289,31.7705,32.1014,1.0025,0.0000,0.0000,0.0000,-,0.193,-,0.122,-,-,-,-,-,0.526,-,-,31.40,-0.50,156,1.0380,62.57%,6.75%,55.82%,37.43%,0.00%,0.00%,-,-,-10.05,-16.15,29 Oct 2025,24 Dec 2025,-,-,160000000.00,Z-EQ,16000000
MEGHNACEM,Meghna Cement Mills PLC.,Cement,Z,931.86,-,29.00,0.68,29.50,0.4160,"14,093",50.5339,-27.2727,29.1000,30.2720,31.2890,29.1109,29.1178,29.4127,-0.2949,-0.4186,30.1423,28.0577,6.5800,-5340.4556,29.0867,29.0628,29.0424,0.8139,0.0000,0.0000,0.0000,-,0.774,-,0.546,-,-,-,0.047,-,21.524,-,-,29.30,0.20,34,0.4160,58.10%,34.51%,23.59%,41.90%,0.00%,0.00%,-,-,-36.58,-1.70,29 Oct 2025,22 Dec 2025,-,-,315885290.00,Z-EQ,31588529
MEGHNAINS,Meghna Insurance PLC.,Insurance,A,1416.00,26.67,35.40,-1.67,35.40,16.0280,"447,933",45.8338,-31.8182,35.2950,37.3000,32.2185,35.6527,35.6490,36.0122,-0.3632,-0.5424,37.2765,33.3135,323.8800,-411603.3663,35.7889,35.7385,35.4152,1.4922,0.0000,0.0000,0.0000,2.82,-,-,-,-,-,-,-,-,-,-,-,36.00,-0.60,521,16.0280,79.68%,13.20%,66.48%,20.32%,0.00%,0.00%,-,10.00,1.35,14.29,28 Apr 2026,23 Jun 2026,26.67,20.45,400000000.00,A-EQ,40000000
MEGHNALIFE,Meghna Life Insurance PLC,Insurance,A,2175.39,-,51.30,-1.54,51.30,4.9770,"96,807",41.4650,-50.7463,51.9000,55.9760,55.2975,51.8361,51.9383,53.0559,-1.1176,-1.4191,54.3469,49.4531,43.3400,-50414.8252,51.8756,51.8410,51.7238,1.4163,0.0000,0.0000,0.0000,2.92,-,-,-,-,-,-,-,-,-,-,-,52.10,-0.80,197,4.9770,69.89%,22.10%,47.79%,30.11%,0.00%,0.00%,-,15.00,0.00,0.00,29 Jun 2026,20 Aug 2026,-,-,424052180.00,A-EQ,42405218
MEGHNAPET,Meghna Pet Industries Limited,Food & Allied,Z,908.40,-,75.70,-0.53,75.70,3.2470,"42,886",50.3277,-32.9710,71.4750,78.6120,51.1435,76.3116,75.8225,75.4584,0.3641,-0.5387,86.5255,56.4245,259.4200,-186259.5553,77.3533,77.4256,74.6862,1.1882,0.0000,0.0000,0.0000,-,2.775,-,1.426,-,-,-,-,-,-,-,-,76.10,-0.40,166,3.2470,56.45%,6.35%,50.10%,43.55%,0.00%,0.00%,-,-,-2.75,70.43,29 Oct 2025,24 Dec 2025,-,-,120000000.00,Z-EQ,12000000
MERCANBANK,Mercantile Bank PLC.,Bank,Z,6971.43,5.73,6.30,0.00,6.30,0.4270,"67,685",35.3693,-83.3333,6.5750,6.9780,7.6685,6.3991,6.4460,6.6408,-0.1948,-0.1834,6.9999,6.1501,7.5300,-388495.4728,6.3444,6.3859,6.4748,1.1262,0.0000,0.0000,0.0000,-,-,-,-,-,0.419,0.087,-,0.003,0.045,0.003,-,6.30,0.00,34,0.4270,66.38%,27.95%,37.79%,33.62%,0.00%,0.64%,-,-,1.10,24.35,03 May 2026,24 Jun 2026,5.73,14.32,11065754350.00,Z-EQ,1106575435
MERCINS,Mercantile Islami Insurance PLC,Insurance,A,2133.22,31.03,49.50,-3.32,49.50,36.5720,"726,441",54.3949,-66.6667,48.7350,45.5660,32.9605,50.5853,50.1603,48.2507,1.9096,1.8747,54.9050,42.5650,842.0300,-581293.8995,51.1356,50.8962,50.1110,1.0500,0.0000,0.0000,0.0000,2.02,-,-,-,-,-,-,-,-,-,-,-,51.20,-1.70,"1,067",36.5720,66.57%,29.51%,37.06%,33.43%,0.00%,0.00%,-,10.00,1.65,21.70,03 May 2026,30 Jun 2026,31.03,58.18,430953600.00,A-EQ,43095360
METROSPIN,Metro Spinning Limited,Textile,Z,610.81,-,9.90,3.13,9.90,1.2800,"130,163",50.7011,-50.0000,9.8200,9.9160,9.1220,9.7400,9.7650,9.8597,-0.0947,-0.0844,10.4168,9.2232,31.6300,-41847.7878,9.7133,9.7244,9.7386,1.7509,0.0000,0.0000,0.0000,-,1.034,-,1.014,-,-,-,-,-,-,-,-,9.60,0.30,159,1.2800,69.91%,14.73%,55.18%,30.09%,0.00%,0.00%,-,-,-1.98,3.96,12 Nov 2025,29 Dec 2025,-,-,616982750.00,Z-EQ,61698275
MHSML,Mozaffar Hossain Spinning Mills Limited,Textile,B,2029.97,27.36,20.10,2.03,20.10,23.2520,"1,158,007",46.9498,-45.1613,20.0600,21.2440,19.3780,20.0084,20.0609,20.3858,-0.3249,-0.3626,21.2287,18.8913,191.0000,-440053.2075,19.9422,20.0564,20.0748,1.3846,0.0000,0.0000,0.0000,1.49,1.411,-,0.666,-,-,-,-,-,-,-,-,19.70,0.40,715,23.2520,60.39%,17.76%,42.55%,39.61%,0.00%,0.08%,-,3.00,0.72,20.41,28 Oct 2025,30 Dec 2025,27.36,18.24,1009933740.00,B-EQ,100993374
MIDASFIN,MIDAS Financing PLC.,Financial Institutions,Z,676.29,-,4.70,-2.08,4.70,0.0960,"20,399",41.0174,-50.0000,4.8000,5.4560,5.5910,4.7093,4.7353,4.9603,-0.2251,-0.2739,5.3582,4.2418,15.3500,-56689.2024,4.6778,4.6564,4.6971,1.8187,0.0000,0.0000,0.0000,-,-,-,-,-,1.489,7.633,-,-,-,-,-,4.80,-0.10,17,0.0960,61.64%,26.25%,34.98%,38.36%,0.00%,0.41%,-,-,-23.40,-18.66,11 Aug 2026,24 Sep 2026,-,-,1438925070.00,Z-EQ,143892507
MIDLANDBNK,Midland Bank PLC.,Bank,B,11468.77,13.60,16.90,-0.59,16.90,10.4660,"615,260",47.7930,-50.0000,16.7500,17.5760,16.8735,16.8650,16.8667,16.9960,-0.1293,-0.1864,17.3639,16.1361,30.6800,-720023.8628,16.8756,16.8974,16.8152,1.0339,0.0000,0.0000,0.0000,1.78,-,-,-,-,0.599,0.182,-,0.006,0.079,0.007,-,17.00,-0.10,348,10.4660,19.40%,3.36%,16.04%,80.60%,0.00%,0.00%,3.00,3.00,1.25,15.90,29 Apr 2026,24 Jun 2026,13.60,20.24,6786256400.00,B-EQ,678625640
MIRACLEIND,Miracle Industries Limited,Miscellaneous,Z,922.71,-,26.20,-0.38,26.20,1.1030,"42,038",35.7020,-80.0000,26.9200,28.4580,28.9770,26.5885,26.7022,27.2575,-0.5553,-0.5671,27.9933,25.8467,53.4000,-53759.1847,26.5267,26.6077,26.7190,1.4048,0.0000,0.0000,0.0000,-,0.256,-,0.234,-,-,-,-,-,-,-,-,26.30,-0.10,82,1.1030,69.74%,4.89%,64.65%,30.26%,0.00%,0.20%,-,-,-2.30,11.32,29 Oct 2025,23 Dec 2025,-,-,352180550.00,Z-EQ,35218055
MIRAKHTER,Mir Akhter Hossain Limited,Engineering,A,4118.31,20.00,34.10,-0.87,34.10,7.8690,"227,168",46.0542,-38.2353,33.6100,37.0120,34.3445,34.3114,34.2836,34.8221,-0.5386,-0.8532,36.6340,30.5860,59.2600,-174324.4213,34.5067,34.5346,34.0243,1.5421,0.0000,0.0000,0.0000,3.08,1.160,2.507,0.309,-,0.205,0.160,0.324,0.008,0.033,-,-,34.40,-0.30,368,7.8690,51.42%,7.10%,44.32%,48.58%,0.00%,0.00%,-,10.50,1.72,51.51,28 Oct 2025,22 Dec 2025,20.00,39.09,1207715470.00,A-EQ,120771547
MITHUNKNIT,Mithun Knitting and Dyeing Limited,Textile,Z,432.13,-,13.30,0.00,13.30,0.1810,"13,548",39.0749,-85.7143,13.5500,14.1720,14.8875,13.4399,13.4897,13.7403,-0.2506,-0.2591,13.9142,13.1858,38.3900,-74697.5610,13.4111,13.4462,13.4876,1.0957,0.0000,0.0000,0.0000,-,1.648,-,1.648,-,-,-,-,-,-,-,-,13.30,0.00,32,0.1810,83.23%,10.05%,71.88%,16.77%,0.00%,1.30%,-,-,0.00,0.00,29 Sep 2025,12 Nov 2025,-,-,324911620.00,Z-EQ,32491162
MJLBD,MJL Bangladesh PLC.,Fuel & Power,A,28507.68,7.88,90.00,0.56,90.00,3.2180,"35,830",43.5301,-68.9655,90.3700,91.7820,90.9290,90.1440,90.2544,90.7407,-0.4864,-0.4728,91.6792,89.0608,2.0900,-31897.3359,90.0467,90.2449,90.3243,0.8405,0.0000,0.0000,0.0000,5.78,0.614,-,0.445,0.118,0.179,0.086,0.162,0.075,0.188,-,-,89.50,0.50,304,3.2180,28.48%,22.90%,5.56%,71.52%,0.00%,0.02%,-,52.00,11.36,54.06,28 Oct 2025,22 Dec 2025,7.88,11.36,3167520270.00,A-EQ,316752027
MLDYEING,M.L. Dyeing Limited,Textile,B,2603.26,570.00,11.20,-1.75,11.20,23.8040,"2,109,523",37.2101,-63.1579,11.5750,14.1100,10.4580,11.4639,11.5507,12.1487,-0.5980,-0.6887,12.4525,10.6975,492.6700,-4847024.0152,11.4267,11.4936,11.5024,1.6210,0.0000,0.0000,0.0000,0.45,2.557,-,1.476,-,-,-,-,-,-,-,-,11.40,-0.20,920,23.8040,69.43%,8.96%,60.47%,30.57%,0.00%,0.00%,-,0.50,0.02,13.30,28 Oct 2025,21 Dec 2025,570.00,-,2324340900.00,B-EQ,232434090
MONNOAGML,Monno Agro & General Machinery Limited,Engineering,B,1342.96,307.30,304.80,-0.68,305.20,0.8120,"2,654",39.2902,-65.0430,308.4100,328.3120,343.8000,307.7871,308.5300,314.3614,-5.8314,-6.9442,319.4976,297.3224,44.4700,-11945.7101,307.6889,308.1359,307.7490,1.3226,0.0000,0.0000,0.0000,0.16,1.376,-,0.985,-,0.067,0.039,0.185,0.008,0.009,-,-,307.30,-2.10,87,0.8120,70.00%,8.74%,61.21%,30.00%,0.00%,0.05%,-,5.00,1.00,110.86,19 Oct 2025,11 Dec 2025,307.30,1355.74,44002560.00,B-EQ,4400256
MONNOCERA,Monno Ceramic Industries Limited,Ceramics Sector,B,3199.02,384.09,84.80,0.36,84.80,21.8800,"257,540",50.0971,-35.0000,82.6950,87.6920,87.5670,84.2349,84.0682,84.6722,-0.6040,-1.2542,87.4080,77.9820,163.4100,-170293.3588,84.5733,84.4385,83.5486,1.4613,0.0000,0.0000,0.0000,0.24,-,10.344,-,-,-,-,0.240,-,-,-,-,84.50,0.30,889,21.8800,69.46%,10.21%,59.12%,30.54%,0.00%,0.13%,-,2.00,0.22,80.14,25 Sep 2025,11 Dec 2025,384.09,264.06,377243170.00,B-EQ,37724317
MONNOFABR,Monno Fabrics Limited,Textile,B,2254.00,490.00,19.60,0.00,19.60,14.4920,"737,154",43.7146,-46.4286,19.7950,21.5420,21.9620,19.6779,19.7409,20.2709,-0.5300,-0.6411,21.3312,18.2588,228.1900,-775230.8210,19.6822,19.6654,19.6305,1.6993,0.0000,0.0000,0.0000,0.13,1.615,-,1.446,-,-,-,-,-,-,-,-,19.60,0.00,504,14.4920,69.10%,5.78%,61.53%,30.90%,0.00%,1.79%,-,0.25,0.04,25.39,26 Oct 2025,14 Dec 2025,490.00,1470.00,1150000000.00,B-EQ,115000000
MONOSPOOL,Monospool Bangladesh PLC,Paper & Printing,A,4114.27,28.19,104.90,-1.04,104.90,11.2370,"105,849",45.1296,-49.3506,105.3250,110.7680,103.5045,105.8929,105.9163,106.8961,-0.9798,-1.3894,110.6648,99.9852,123.7300,-124613.2164,106.2444,106.2577,105.5990,1.6489,0.0000,0.0000,0.0000,0.48,1.484,-,0.975,0.091,0.242,0.073,0.276,0.019,0.084,-,-,106.00,-1.10,507,11.2370,61.21%,3.15%,58.06%,38.79%,0.00%,0.00%,15.00,5.00,3.76,45.05,02 Nov 2025,29 Dec 2025,28.19,25.73,392208660.00,A-EQ,39220866
MPETROLEUM,Meghna Petroleum PLC,Fuel & Power,A,22335.80,3.36,206.40,0.00,206.40,3.9570,"19,238",47.3786,-38.0952,205.6900,209.4180,204.3090,205.7603,205.7973,206.6735,-0.8761,-1.2071,206.9713,204.4087,6.4100,-20248.8333,205.6222,205.6000,205.6695,0.3488,0.0000,0.0000,0.0000,9.69,1.200,-,0.992,2.630,0.673,2.087,1.000,0.060,0.220,-,-,206.40,0.00,627,3.9570,41.33%,33.33%,7.90%,0.00%,58.67%,0.10%,-,200.00,61.39,278.51,10 Nov 2025,24 Jan 2026,3.36,3.73,1082161080.00,A-EQ,108216108
MTB,Mutual Trust Bank PLC.,Bank,A,16351.25,4.30,13.50,0.00,13.50,1.4030,"103,916",56.6615,-25.0000,13.1850,13.3220,13.0570,13.4399,13.3956,13.3098,0.0858,0.0288,14.0013,12.3687,8.7500,113604.2168,13.5244,13.4936,13.3138,0.9305,0.0000,0.0000,0.0000,-,-,-,-,-,0.462,0.151,-,0.007,0.112,0.007,-,13.50,0.00,43,1.4030,66.82%,31.04%,35.78%,33.18%,0.00%,0.00%,12.00,-,3.14,28.11,30 Apr 2026,16 Jul 2026,4.30,6.82,12112035260.00,A-EQ,1211203526
MTBPBOND,Mutual Trust Bank Perpetual Bond,Corporate Bond,A,4000.00,-,0.00,0.00,1000000.00,0.0000,0,,,,,,,,,,,,,,,,,,,,,,-,-,-,-,-,-,-,-,-,-,-,-,1000000.00,0.00,0,0.0000,0.00%,0.00%,0.00%,0.00%,0.00%,0.00%,-,10.00,0.00,0.00,01 Dec 2025,-,-,-,40000.00,A-CB,4000
NAHEEACP,Nahee Aluminum Composite Panel PLC,Engineering,B,2488.31,-,36.40,0.28,36.40,28.8250,"794,909",58.5622,-2.8169,34.0750,34.7520,27.1395,34.8945,34.6911,34.4236,0.2674,-0.0535,36.8002,31.3498,210.0700,729180.9050,34.9244,34.8410,34.4200,1.5216,0.0000,0.0000,0.0000,0.27,7.608,0.112,5.160,-,0.126,-,0.191,-,-,-,-,36.30,0.10,864,28.8250,67.71%,22.20%,45.51%,32.29%,0.00%,0.00%,-,1.00,-7.18,11.91,28 Oct 2025,18 Dec 2025,-,160.15,683601600.00,B-EQ,68360160
NATLIFEINS,National Life Insurance PLC,Insurance,A,10027.43,25.16,92.40,-0.75,92.40,1.4960,"16,127",42.1281,-46.9388,93.6300,98.0780,99.1280,93.5033,93.6760,94.9655,-1.2895,-1.5173,97.7401,89.5199,3.4700,-17202.1366,93.5378,93.7321,93.5100,1.0466,0.0000,0.0000,0.0000,4.00,-,-,-,-,-,-,-,-,-,-,-,93.10,-0.70,91,1.4960,38.89%,16.26%,22.63%,61.11%,0.00%,0.00%,-,37.00,3.70,59.87,13 May 2026,30 Jun 2026,25.16,23.81,1085219810.00,A-EQ,108521981
NAVANACNG,Navana CNG Limited,Engineering,Z,1488.39,195.00,19.80,1.03,19.70,0.1210,"6,116",42.3347,-42.1053,19.8250,21.1200,21.0825,19.7674,19.8077,20.1687,-0.3610,-0.4425,20.7168,18.9332,7.3000,-14473.8090,19.7933,19.7718,19.7410,1.2961,0.0000,0.0000,0.0000,5.08,2.226,4.010,1.346,-,-,0.002,0.179,0.001,0.003,-,-,19.50,0.20,29,0.1210,57.51%,25.78%,31.73%,42.49%,0.00%,0.00%,-,10.00,0.10,30.79,28 Oct 2025,29 Dec 2025,195.00,1462.50,755527720.00,Z-EQ,75552772
NAVANAPHAR,Navana Pharmaceuticals PLC.,Pharmaceuticals & Chemicals,A,6820.93,14.12,63.50,-0.94,63.50,14.1000,"220,458",45.3284,-45.3125,63.6950,66.7520,62.0375,63.5266,63.6122,64.5132,-0.9010,-1.1370,67.4251,59.9649,86.9500,-293166.9618,63.5244,63.5821,63.4148,1.5889,0.0000,0.0000,0.0000,2.20,0.857,0.018,0.601,-,0.167,0.055,0.442,0.043,0.100,-,-,64.10,-0.60,535,14.1000,68.36%,10.60%,38.13%,31.64%,0.00%,19.63%,-,14.00,4.54,45.29,29 Oct 2025,31 Dec 2025,14.12,10.47,1074162170.00,A-EQ,107416217
NBL,National Bank PLC,Bank,Z,10947.11,-,3.40,3.03,3.40,1.0340,"309,867",48.8379,-50.0000,3.3600,3.5520,3.8895,3.3364,3.3476,3.4126,-0.0651,-0.0712,3.5108,3.2092,4.8900,-776238.7081,3.3178,3.3346,3.3500,1.0551,0.0000,0.0000,0.0000,-,-,-,-,-,1.537,1.164,-,-,1.025,-,-,3.30,0.10,101,1.0340,82.60%,38.48%,43.61%,17.40%,0.00%,0.51%,-,-,-7.55,-7.37,03 May 2026,13 Aug 2026,-,-,32197395700.00,Z-EQ,3219739570
NCCBANK,National Credit and Commerce Bank PLC,Bank,A,16514.21,3.33,14.30,0.00,14.30,14.9470,"1,047,340",37.2833,-70.0000,14.4400,14.9760,14.1720,14.3507,14.3838,14.5811,-0.1973,-0.2173,14.8575,14.0225,44.3900,-544393.1611,14.3311,14.3487,14.3710,0.9779,0.0000,0.0000,0.0000,11.89,-,-,-,-,0.652,0.234,-,0.012,0.158,0.013,-,14.30,0.00,297,14.9470,57.90%,21.24%,36.63%,42.10%,0.00%,0.03%,4.00,17.00,4.29,27.20,28 Apr 2026,24 Jun 2026,3.33,3.44,11548400180.00,A-EQ,1154840018
NCCBLMF1,NCCBL MUTUAL FUND-1,Mutual Funds,A,716.12,11.15,6.60,-2.94,6.60,2.4780,"372,731",48.2098,-77.7778,6.7050,6.7560,4.9130,6.7834,6.7705,6.6837,0.0867,0.0991,7.1839,6.2261,108.5200,-496352.8194,6.8089,6.8205,6.7824,1.0362,0.0000,0.0000,0.0000,-,-,-,-,-,-,-,-,-,-,-,-,6.80,-0.20,94,2.4780,85.00%,66.36%,18.64%,15.00%,0.00%,0.00%,-,4.50,0.61,10.97,15 Feb 2024,-,11.15,-,1085034010.00,A-MF,108503401
NEWLINE,New Line Clothings Limited,Textile,Z,416.22,3.25,5.30,0.00,5.30,0.3420,"64,087",40.1931,-62.5000,5.4350,6.0380,5.2815,5.3438,5.3831,5.5787,-0.1956,-0.2014,5.7920,5.0780,41.5100,-87475.6392,5.3089,5.3474,5.3833,0.9476,0.0000,0.0000,0.0000,23.11,2.989,-,1.866,-,-,-,-,-,-,-,-,5.30,0.00,53,0.3420,69.39%,18.33%,51.06%,30.61%,0.00%,0.00%,-,12.25,1.63,24.02,31 Oct 2021,27 Jan 2022,3.25,2.48,785326500.00,Z-EQ,78532650
NFML,National Feed Mill Limited,Miscellaneous,B,1409.76,510.00,15.10,-1.31,15.10,6.1690,"404,278",38.5531,-58.0645,15.4900,17.6260,16.3795,15.4269,15.4973,16.0665,-0.5692,-0.6826,16.8617,14.1183,189.4900,-507817.2737,15.4444,15.5090,15.4381,1.3292,0.0000,0.0000,0.0000,0.07,4.356,-,2.722,-,0.118,0.017,0.181,0.001,0.002,-,-,15.30,-0.20,369,6.1690,69.60%,5.67%,63.93%,30.40%,0.00%,0.00%,-,0.10,0.03,11.09,10 Feb 2026,01 Mar 2026,510.00,-,933613240.00,B-EQ,93361324
NHFIL,National Housing Finance PLC,Financial Institutions,A,3359.97,35.41,26.10,-0.38,26.10,3.4140,"130,349",41.1026,-52.1739,26.5050,28.0800,25.6720,26.3717,26.4363,26.8713,-0.4350,-0.4978,27.5502,25.4598,44.7000,-247679.3653,26.3689,26.4256,26.4190,1.9228,0.0000,0.0000,0.0000,3.83,-,-,-,-,0.550,0.192,-,-,-,-,0.070,26.20,-0.10,137,3.4140,45.53%,14.19%,31.34%,45.13%,9.34%,0.00%,-,10.00,0.74,17.06,24 Jun 2026,15 Sep 2026,35.41,30.47,1287343200.00,A-EQ,128734320
NITOLINS,Nitol Insurance PLC,Insurance,A,2486.64,31.71,58.90,-3.76,58.90,53.3310,"889,645",64.0986,-33.3333,56.7650,49.0220,34.9975,58.3385,57.8205,54.9674,2.8531,3.0583,61.0251,52.5049,772.1200,1119876.1041,58.7222,58.4769,57.7562,1.0821,0.0000,0.0000,0.0000,1.70,-,-,-,-,-,-,-,-,-,-,-,61.20,-2.30,"1,406",53.3310,65.00%,18.64%,46.36%,35.00%,0.00%,0.00%,-,10.00,1.93,31.30,01 Apr 2026,12 Jul 2026,31.71,38.73,422180200.00,A-EQ,42218020
NORTHERN,Northern Jute Manufacturing Company Limited,Jute,Z,212.70,8.76,99.90,0.00,99.30,0.0700,709,47.1207,-33.3333,98.0100,106.2920,105.7790,97.7977,97.9367,100.2468,-2.3102,-3.0921,103.4999,92.5201,24.8000,101.5105,97.6622,97.4564,97.3619,1.1078,0.0000,0.0000,0.0000,0.50,0.695,-,0.392,0.056,0.051,0.044,0.261,0.026,0.139,-,-,99.30,0.00,18,0.0700,84.91%,0.00%,84.91%,15.09%,0.00%,0.00%,-,5.00,11.33,81.66,29 Oct 2020,27 Dec 2020,8.76,-,21420000.00,Z-EQ,2142000
NORTHRNINS,Northern Islami Insurance PLC.,Insurance,A,1657.33,22.32,37.00,-1.33,37.00,4.0540,"108,419",46.3142,-34.8837,36.9350,38.5620,34.2935,37.0829,37.0947,37.5234,-0.4287,-0.6044,38.7545,35.1155,86.8100,-129754.5270,37.1533,37.0936,36.8990,1.1411,0.0000,0.0000,0.0000,1.35,-,-,-,-,-,-,-,-,-,-,-,37.50,-0.50,237,4.0540,69.18%,28.17%,41.01%,30.82%,0.00%,0.00%,5.00,5.00,1.68,25.48,13 May 2026,29 Aug 2026,22.32,21.07,447925920.00,A-EQ,44792592
NPOLYMER,National Polymer Industries PLC,Engineering,B,2379.27,488.57,32.90,-4.68,32.60,19.0420,"570,489",51.9727,-46.9388,31.6200,33.3600,30.2235,32.3990,32.2453,32.2476,-0.0023,-0.3409,33.3811,29.8589,81.9100,-52842.4734,32.5489,32.3423,31.9395,1.4421,0.0000,0.0000,0.0000,1.53,1.056,0.661,0.687,-,0.082,0.001,0.140,0.001,0.002,-,-,34.20,-1.60,859,19.0420,67.78%,13.20%,54.58%,32.22%,0.00%,0.00%,-,5.00,0.07,29.65,26 Oct 2025,31 Dec 2025,488.57,102.60,729836680.00,B-EQ,72983668
NRBBANK,NRB Bank PLC.,Bank,Z,4626.93,60.00,6.70,1.52,6.70,0.5960,"89,479",55.8918,-20.0000,6.5650,6.6540,6.4980,6.5990,6.5936,6.5899,0.0037,-0.0063,6.7626,6.3674,6.1300,-100969.9025,6.5978,6.5962,6.5762,1.1226,0.0000,0.0000,0.0000,-,-,-,-,-,0.230,0.042,-,0.001,0.015,0.001,-,6.60,0.10,36,0.5960,44.01%,2.91%,41.10%,55.99%,0.00%,0.00%,-,-,0.20,12.89,03 May 2026,20 Aug 2026,60.00,25.38,6905872000.00,Z-EQ,690587200
NRBCBANK,NRBC Bank PLC.,Bank,Z,7872.17,58.75,9.50,1.06,9.50,0.8750,"92,807",65.0070,-20.0000,9.0550,9.0200,7.1995,9.2218,9.1822,9.0781,0.1041,0.0661,9.4132,8.6968,8.0800,54516.6807,9.2400,9.2038,9.1338,1.2118,0.0000,0.0000,0.0000,-,-,-,-,-,0.439,0.013,-,0.001,0.010,0.001,-,9.40,0.10,51,0.8750,40.94%,4.15%,36.79%,59.06%,0.00%,0.00%,-,-,0.16,16.74,03 May 2026,25 Jun 2026,58.75,7.72,8286495340.00,Z-EQ,828649534
NTC,National Tea Company Limited,Food & Allied,Z,4614.23,-,154.20,-0.13,155.10,0.1950,"1,253",48.5022,-32.5000,153.4300,160.8120,162.4580,154.2939,154.2877,155.7163,-1.4285,-2.1144,158.8123,148.0477,1.9000,-3115.8841,154.2822,154.3462,153.8110,1.0006,0.0000,0.0000,0.0000,-,0.236,-,0.081,-,-,-,-,-,0.691,-,-,155.30,-0.20,31,0.1950,55.35%,31.49%,23.86%,39.43%,5.22%,0.00%,-,-,0.00,0.00,-,-,-,-,297500000.00,Z-EQ,29750000
NTLTUBES,National Tubes Limited,Engineering,B,2120.65,35.58,60.90,-0.49,60.90,3.3050,"54,257",42.5395,-60.4167,61.4750,65.3260,63.1360,61.0434,61.2260,62.4766,-1.2506,-1.4382,64.2651,58.6849,36.9700,-49074.6070,60.9444,61.0218,61.1048,1.1426,0.0000,0.0000,0.0000,0.16,1.788,0.012,0.892,-,0.251,0.123,0.385,0.009,0.013,-,-,61.20,-0.30,185,3.3050,48.95%,6.01%,42.94%,0.05%,51.00%,0.00%,-,1.00,1.72,137.61,09 Nov 2025,20 Dec 2025,35.58,-,348218030.00,B-EQ,34821803
NURANI,Nurani Dyeing & Sweater Limited,Textile,Z,343.35,-,2.80,0.00,2.80,1.2390,"438,789",39.0287,-75.0000,2.9500,3.1620,2.8505,2.8989,2.9229,3.0156,-0.0927,-0.0837,3.1392,2.7608,67.5800,-609547.8550,2.8889,2.9090,2.9257,1.2586,0.0000,0.0000,0.0000,-,3.400,-,1.821,-,-,-,-,-,-,-,-,2.80,0.00,120,1.2390,69.07%,17.28%,51.79%,30.93%,0.00%,0.00%,10.00,-,-0.41,11.23,28 Oct 2020,24 Dec 2020,-,-,1226250300.00,Z-EQ,122625030
OAL,Olympic Accessories Limited,Engineering,Z,1000.21,-,5.90,0.00,5.90,0.9100,"155,017",28.9011,-83.3333,6.2550,6.5840,6.1845,6.0514,6.1044,6.2936,-0.1892,-0.1618,6.7554,5.7546,30.9700,-209522.8284,6.0089,6.0513,6.1348,1.7073,0.0000,0.0000,0.0000,-,2.807,0.180,2.584,-,-,-,-,-,-,-,-,5.90,0.00,68,0.9100,74.19%,15.38%,58.81%,25.81%,0.00%,0.00%,-,-,-0.75,9.50,28 Oct 2025,24 Dec 2025,-,-,1695269820.00,Z-EQ,169526982
OIMEX,Oimex Electrode Limited,Engineering,Z,993.95,17.69,13.60,-1.45,13.60,0.7450,"54,513",39.8337,-70.8333,14.0100,15.2020,14.4480,13.8970,13.9600,14.3410,-0.3809,-0.4218,14.8827,13.1373,22.6600,-96839.9489,13.8933,13.9218,13.9200,1.3772,0.0000,0.0000,0.0000,-,0.959,-,0.550,-,0.040,0.000,0.064,0.000,0.008,-,-,13.80,-0.20,81,0.7450,64.24%,19.22%,45.02%,35.76%,0.00%,0.00%,-,-,0.03,3.27,05 Nov 2025,30 Dec 2025,17.69,69.00,730847810.00,Z-EQ,73084781
OLYMPIC,Olympic Industries PLC,Food & Allied,A,28451.30,14.23,142.20,-0.63,142.30,6.2210,"43,729",37.5809,-87.0370,143.3200,147.4040,147.0325,143.0824,143.2605,144.4641,-1.2036,-1.3789,145.1822,141.4578,5.7100,-68843.6826,142.9289,143.1718,143.2510,1.0893,0.0000,0.0000,0.0000,2.11,2.636,-,2.042,0.097,0.083,0.072,0.239,0.124,0.161,-,-,143.20,-0.90,500,6.2210,62.62%,22.81%,12.48%,37.38%,0.00%,27.33%,-,30.00,10.06,62.35,28 Oct 2025,11 Dec 2025,14.23,14.49,1999388860.00,A-EQ,199938886
ONEBANKPLC,One Bank PLC.,Bank,Z,7887.08,27.14,7.40,-2.63,7.40,2.2750,"305,345",37.9317,-100.0000,7.6000,7.8260,7.5610,7.5760,7.5929,7.6678,-0.0748,-0.0729,7.8052,7.3948,5.0100,-246500.1874,7.5733,7.5923,7.5948,1.2658,0.0000,0.0000,0.0000,-,-,-,-,-,0.400,0.025,-,0.001,0.012,0.001,-,7.60,-0.20,185,2.2750,69.79%,43.23%,26.54%,30.21%,0.00%,0.02%,-,-,0.28,22.46,03 May 2026,13 Aug 2026,27.14,4.87,10658218870.00,Z-EQ,1065821887
ORIONINFU,Orion Infusion Limited,Pharmaceuticals & Chemicals,A,5246.71,153.60,257.70,-2.46,257.70,79.1560,"301,125",55.9740,-27.4265,227.5850,243.8180,315.8195,258.6120,253.3955,242.7955,10.6000,4.1323,309.7233,145.4467,427.8200,-62770.8997,268.3222,264.5949,245.5571,1.5190,0.0000,0.0000,0.0000,0.78,0.943,0.028,0.681,-,0.130,0.053,0.420,0.041,0.107,-,-,264.20,-6.50,"4,099",79.1560,59.39%,11.31%,48.02%,40.61%,0.00%,0.06%,-,20.00,1.72,16.02,10 Nov 2025,23 Dec 2025,153.60,139.54,203597600.00,A-EQ,20359760
ORIONPHARM,Orion Pharma Limited,Pharmaceuticals & Chemicals,Z,6786.00,-,29.00,1.40,29.00,15.6840,"548,173",60.6048,-43.2990,26.3750,27.3220,27.9145,28.2533,27.8744,27.2046,0.6698,0.1528,30.6517,22.0983,52.9200,-643515.1955,28.8600,28.3359,27.2724,1.7130,0.0000,0.0000,0.0000,-,2.072,1.164,1.894,-,0.014,-,0.339,-,-,-,-,28.60,0.40,640,15.6840,68.02%,21.44%,46.43%,31.98%,0.00%,0.15%,-,-,-1.77,86.09,12 Nov 2025,23 Dec 2025,-,-,2340000000.00,Z-EQ,234000000
PADMALIFE,Padma Islami Life Insurance Limited,Insurance,Z,610.42,-,15.80,0.00,15.70,0.1180,"7,519",41.0478,-80.0000,15.8500,16.8320,17.2545,15.7898,15.8317,16.1411,-0.3094,-0.3631,16.5069,15.1931,12.1300,-32057.4371,15.8000,15.8103,15.7967,1.4154,0.0000,0.0000,0.0000,-,-,-,-,-,-,-,-,-,-,-,-,15.70,0.00,39,0.1180,68.44%,17.68%,50.76%,31.56%,0.00%,0.00%,-,-,0.00,0.00,15 Jul 2026,17 Sep 2026,-,-,388800000.00,Z-EQ,38880000
PADMAOIL,Padma Oil PLC,Fuel & Power,A,19351.85,3.46,196.00,-0.51,197.00,2.2560,"11,390",56.4361,-20.8333,194.1450,196.6720,182.8730,195.6101,195.3132,195.1070,0.2062,-0.3489,197.6511,190.6389,5.0300,3756.4373,195.7933,195.5269,194.8467,0.5379,0.0000,0.0000,0.0000,8.12,1.171,-,0.977,2.203,0.532,1.762,0.962,0.044,0.208,-,-,198.00,-1.00,141,2.2560,47.59%,32.85%,14.72%,2.06%,50.35%,0.02%,-,160.00,57.30,274.86,06 Nov 2025,03 Jan 2026,3.46,3.37,982327500.00,A-EQ,98232750
PARAMOUNT,Paramount Insurance PLC,Insurance,A,2574.09,29.50,63.30,-2.01,63.30,20.4500,"318,193",53.6236,-33.5366,60.8100,61.7900,55.0670,63.7963,63.2906,62.1221,1.1685,0.6078,68.6266,52.9934,275.9000,-436169.5403,64.8067,64.3308,62.5048,1.4662,0.0000,0.0000,0.0000,1.58,-,-,-,-,-,-,-,-,-,-,-,64.60,-1.30,620,20.4500,51.52%,18.31%,33.16%,48.48%,0.00%,0.05%,-,10.00,2.19,28.16,11 Mar 2026,18 May 2026,29.50,14.75,406649660.00,A-EQ,40664966
PBLPBOND,Pubali Bank Perpetual Bond,Corporate Bond,A,490.00,-,0.00,0.00,4900.00,0.0000,0,57.7812,-20.0000,4707.3000,4698.4000,0.0000,4811.4844,4783.4241,4730.5248,52.8993,16.1704,5000.3943,4414.2057,0.4200,2.0137,4940.5333,4903.9231,4804.2381,-0.0694,0.0000,0.0000,0.0000,0.02,-,-,-,-,-,-,-,-,-,-,-,4900.00,0.00,0,0.0000,100.00%,99.39%,0.61%,0.00%,0.00%,0.00%,-,-,0.00,0.00,-,-,-,-,1000000.00,A-CB,100000
PDL,Pacific Denims Limited,Textile,Z,1009.53,45.83,5.50,0.00,5.50,0.6640,"119,261",48.9591,-42.8571,5.4550,5.6220,5.1910,5.5035,5.4980,5.5199,-0.0219,-0.0442,5.6547,5.2553,37.1100,-633319.1728,5.5222,5.5026,5.4719,1.5239,0.0000,0.0000,0.0000,1.82,3.648,-,2.501,-,-,-,-,-,-,-,-,5.50,0.00,60,0.6640,69.88%,9.42%,60.45%,30.12%,0.00%,0.01%,-,1.00,0.12,13.58,29 Oct 2023,31 Dec 2023,45.83,206.25,1835501430.00,Z-EQ,183550143
PENINSULA,The Peninsula Chittagong PLC.,Travel & Leisure,B,2314.00,333.33,19.50,-2.50,19.50,4.0820,"207,274",37.1362,-95.8333,20.6450,22.3840,21.3975,20.2420,20.3735,20.9866,-0.6131,-0.6127,21.8615,19.4285,57.7000,-204775.0663,20.1889,20.2974,20.4433,1.4890,0.0000,0.0000,0.0000,0.26,1.341,0.093,1.256,0.080,0.072,0.020,0.265,0.001,0.002,-,-,20.00,-0.50,353,4.0820,43.14%,6.94%,36.12%,56.86%,0.00%,0.08%,-,0.50,0.06,27.90,28 Oct 2025,30 Dec 2025,333.33,-,1186668000.00,B-EQ,118666800
PEOPLESINS,Peoples Insurance PLC,Insurance,A,2822.82,14.92,61.10,-2.24,61.10,14.3560,"232,389",49.6087,-31.9672,60.3850,61.5200,49.5905,61.6974,61.5024,61.2222,0.2802,-0.0161,64.1793,56.5907,227.1100,-439716.6541,62.1089,61.8808,61.0548,1.3439,0.0000,0.0000,0.0000,1.72,-,-,-,-,-,-,-,-,-,-,-,62.50,-1.40,621,14.3560,65.51%,7.72%,57.79%,34.49%,0.00%,0.00%,-,10.50,4.19,37.95,26 Apr 2026,24 Jun 2026,14.92,10.67,462000000.00,A-EQ,46200000
PF1STMF,Phoenix Finance 1st Mutual Fund,Mutual Funds,A,1056.00,-,17.60,-3.30,17.60,42.3240,"2,348,163",56.8710,-53.3333,17.2250,15.2120,8.7425,17.6274,17.5019,16.6382,0.8637,0.9945,19.4148,15.0352,1187.8700,271449.9433,17.7267,17.7679,17.6090,0.9056,0.0000,0.0000,0.0000,-,-,-,-,-,-,-,-,-,-,-,-,18.20,-0.60,985,42.3240,76.67%,23.72%,52.94%,23.33%,0.00%,0.01%,-,-,1.64,8.84,17 Aug 2026,-,-,11.10,600000000.00,A-MF,60000000
PHARMAID,Pharma Aids,Pharmaceuticals & Chemicals,A,1715.38,27.18,549.80,-1.08,549.80,2.3550,"4,266",42.1661,-32.7645,550.7550,582.5560,557.8990,553.2684,553.7505,561.0288,-7.2783,-9.6449,570.0578,531.4522,58.6600,-8088.4713,554.1200,553.9500,551.4200,0.9270,0.0000,0.0000,0.0000,0.55,3.328,-,2.894,-,0.200,0.146,0.303,0.110,0.148,-,-,555.80,-6.00,216,2.3550,80.61%,20.24%,60.37%,19.39%,0.00%,0.00%,-,30.00,20.45,138.58,09 Nov 2025,24 Dec 2025,27.18,20.64,31200000.00,A-EQ,3120000
PHENIXINS,Phoenix Insurance PLC,Insurance,A,1960.60,24.26,48.30,-0.82,48.60,16.9160,"343,562",51.6083,-27.4510,47.7500,48.7060,38.2595,48.2854,48.2176,48.2801,-0.0626,-0.2409,49.6256,45.8744,212.4500,-330454.1935,48.4156,48.2346,47.9057,1.3910,0.0000,0.0000,0.0000,2.47,-,-,-,-,-,-,-,-,-,-,-,49.00,-0.40,632,16.9160,61.12%,11.09%,50.03%,38.88%,0.00%,0.00%,-,12.00,2.02,33.85,30 Apr 2026,29 Jul 2026,24.26,16.90,403415720.00,A-EQ,40341572
PHOENIXFIN,Phoenix Finance and Investments Limited,Financial Institutions,Z,547.38,-,3.30,-2.94,3.30,0.1430,"43,297",37.3294,-71.4286,3.5200,3.7860,3.6240,3.3894,3.4242,3.5494,-0.1252,-0.1075,3.8145,3.2255,18.7900,-58627.6134,3.3467,3.3821,3.4524,1.7690,0.0000,0.0000,0.0000,-,-,-,-,-,1.147,1.819,-,-,-,-,-,3.40,-0.10,33,0.1430,73.99%,18.22%,55.77%,26.01%,0.00%,0.00%,-,-,-20.45,-102.46,30 Jun 2026,27 Aug 2026,-,-,1658741950.00,Z-EQ,165874195
PHPMF1,PHP First Mutual Fund,Mutual Funds,A,1014.82,-,3.60,0.00,3.60,1.0100,"280,651",48.4813,-60.0000,3.5900,3.7260,3.1190,3.6296,3.6267,3.6251,0.0015,-0.0042,3.8042,3.3758,67.2400,-261492.5458,3.6422,3.6487,3.6214,1.2748,0.0000,0.0000,0.0000,-,-,-,-,-,-,-,-,-,-,-,-,3.60,0.00,60,1.0100,88.28%,41.51%,46.77%,11.72%,0.00%,0.00%,-,-,-1.87,8.15,25 Sep 2024,-,-,-,2818932640.00,A-MF,281893264
PIONEERINS,Pioneer Insurance PLC,Insurance,A,6962.48,15.16,68.30,-2.16,67.80,18.4810,"268,897",51.7335,-48.7805,66.2200,67.5820,59.5640,68.1583,67.8448,67.3442,0.5006,0.0477,71.0830,61.3570,86.9500,-313805.7336,68.6667,68.3910,67.2624,1.3468,0.0000,0.0000,0.0000,3.69,-,-,-,-,-,-,-,-,-,-,-,69.30,-1.50,625,18.4810,60.06%,28.18%,31.88%,39.94%,0.00%,0.00%,5.00,25.00,4.57,46.97,03 Mar 2026,04 May 2026,15.16,11.51,1026914910.00,A-EQ,102691491
PLFSL,Peoples Leasing and Financial Services Limited,Financial Institutions,Z,513.79,-,1.80,5.88,1.80,3.3610,"1,867,271",49.2331,-50.0000,1.8150,1.9200,1.6449,1.7435,1.7596,1.8096,-0.0500,-0.0381,2.0017,1.6283,95.5100,-801197.4504,1.7178,1.7333,1.7733,1.1757,0.0000,0.0000,0.0000,-,-,-,-,-,1.027,1.010,-,-,-,-,-,1.70,0.10,169,3.3610,81.85%,12.91%,68.69%,18.15%,0.00%,0.25%,-,-,-12.81,-155.15,02 Jul 2026,17 Aug 2026,-,-,2854405970.00,Z-EQ,285440597
POPULAR1MF,Popular Life First Mutual Fund,Mutual Funds,A,1076.72,-,3.50,0.00,3.60,1.4120,"392,764",48.5259,-60.0000,3.5900,3.7260,3.0840,3.6212,3.6202,3.6225,-0.0023,-0.0057,3.7836,3.3964,63.7700,-211567.1275,3.6289,3.6385,3.6176,1.2691,0.0000,0.0000,0.0000,-,-,-,-,-,-,-,-,-,-,-,-,3.60,0.00,57,1.4120,90.00%,19.88%,70.12%,10.00%,0.00%,0.00%,-,-,-1.78,8.23,25 Sep 2024,-,-,-,2990890270.00,A-MF,299089027
POPULARLIF,Popular Life Insurance Co. Limited,Insurance,A,3347.73,38.23,55.40,-1.42,55.40,6.3720,"113,549",41.9316,-51.0204,56.3000,58.6860,53.0350,55.9394,56.0829,57.0555,-0.9726,-1.1153,59.6042,52.9958,48.4900,-63725.6536,55.9089,55.8949,55.8690,1.4369,0.0000,0.0000,0.0000,3.61,-,-,-,-,-,-,-,-,-,-,-,56.20,-0.80,289,6.3720,76.30%,27.58%,48.72%,23.70%,0.00%,0.00%,-,20.00,1.47,78.10,28 Jun 2026,22 Sep 2026,38.23,-,604283580.00,A-EQ,60428358
POWERGRID,Power Grid Company of Bangladesh Limited,Fuel & Power,Z,34359.14,-,37.50,-0.79,37.60,4.0130,"106,459",44.2747,-68.4211,37.8600,38.6980,33.6620,37.7944,37.8226,38.0322,-0.2096,-0.2465,38.3848,37.3352,1.5400,-87654.1425,37.7800,37.8000,37.8138,1.1503,0.0000,0.0000,0.0000,-,1.237,-,1.110,-,0.370,-,0.400,-,-,-,-,37.90,-0.30,149,4.0130,19.50%,14.66%,4.83%,58.50%,22.00%,0.01%,-,-,-2.30,139.29,10 Nov 2025,24 Jan 2026,-,4.56,9138069910.00,Z-EQ,913806991
PRAGATIINS,Pragati Insurance PLC,Insurance,A,6058.61,14.16,74.60,-0.80,74.60,4.1840,"55,700",48.8066,-33.3333,73.5300,76.4020,74.4790,74.6363,74.5329,74.8531,-0.3202,-0.6980,76.9489,70.1111,38.7000,-246975.8969,74.9067,74.8218,74.1295,1.4126,0.0000,0.0000,0.0000,3.62,-,-,-,-,-,-,-,-,-,-,-,75.20,-0.60,117,4.1840,64.93%,21.29%,43.64%,35.07%,0.00%,0.00%,3.00,27.00,5.31,57.36,13 Apr 2026,18 Jun 2026,14.16,12.09,812145590.00,A-EQ,81214559
PRAGATILIF,Pragati Life Insurance PLC.,Insurance,A,5004.81,-,139.80,-1.48,139.80,17.9970,"127,453",40.8054,-62.8866,143.7150,153.3080,180.9170,142.6503,143.0368,146.2335,-3.1967,-3.8525,152.8866,134.5434,82.6700,-172072.4177,142.8333,143.0769,142.8600,1.2529,0.0000,0.0000,0.0000,1.07,-,-,-,-,-,-,-,-,-,-,-,141.90,-2.10,914,17.9970,61.38%,15.68%,45.70%,38.62%,0.00%,0.00%,10.00,15.00,0.00,0.00,22 Jun 2026,13 Aug 2026,-,-,357998160.00,A-EQ,35799816
PREBPBOND,Premier Bank Perpetual Bond,Corporate Bond,A,178.60,-,0.00,0.00,4465.00,0.0000,0,13.3094,-100.0000,4688.2500,0.0000,0.0000,4721.7782,4769.3925,4896.7117,-127.3192,-82.6694,5091.7645,4284.7355,0.0300,0.0000,4653.0000,4663.8462,4677.6190,-0.0339,0.0000,0.0000,0.0000,0.02,-,-,-,-,-,-,-,-,-,-,-,4465.00,0.00,0,0.0000,0.00%,0.00%,0.00%,0.00%,0.00%,0.00%,-,10.00,0.00,0.00,15 Dec 2025,-,-,-,400000.00,A-CB,40000
PREMIERBAN,The Premier Bank PLC.,Bank,Z,7153.90,-,5.80,1.75,5.80,2.6910,"461,134",57.6038,-40.0000,5.7050,5.7220,4.8560,5.6984,5.6969,5.6946,0.0022,-0.0002,5.9248,5.4852,7.7000,205822.1890,5.6978,5.6872,5.6800,1.1174,0.0000,0.0000,0.0000,-,-,-,-,-,-,-,-,-,-,-,-,5.70,0.10,105,2.6910,74.77%,22.07%,52.70%,25.23%,0.00%,0.00%,-,-,-8.05,13.59,03 May 2026,08 Jul 2026,-,-,12334311330.00,Z-EQ,1233431133
PREMIERCEM,Premier Cement Mills PLC,Cement,A,4386.72,32.87,41.60,-1.89,41.60,21.2240,"505,832",43.2681,-63.9344,42.3750,46.2440,42.5260,42.0538,42.2404,43.5207,-1.2803,-1.4730,45.1764,39.5736,87.4800,-388738.1522,41.9333,42.0244,42.0700,0.9978,0.0000,0.0000,0.0000,2.40,0.569,-,0.410,0.032,0.135,0.006,0.179,0.004,0.020,-,-,42.40,-0.80,831,21.2240,64.01%,23.46%,40.53%,35.99%,0.00%,0.02%,-,10.00,1.29,64.50,26 Oct 2025,28 Dec 2025,32.87,15.98,1054500000.00,A-EQ,105450000
PREMIERLEA,Premier Leasing & Finance Limited,Financial Institutions,Z,265.94,-,2.00,5.26,2.00,0.9730,"491,089",45.6627,-50.0000,2.0200,2.3100,1.9675,1.9727,1.9884,2.0785,-0.0901,-0.0978,2.1867,1.8533,69.9000,-273090.7937,1.9578,1.9679,1.9895,1.5296,0.0000,0.0000,0.0000,-,-,-,-,-,1.100,2.532,-,-,-,-,-,1.90,0.10,200,0.9730,79.28%,9.64%,69.64%,20.72%,0.00%,0.00%,-,-,-21.98,-96.38,02 Aug 2026,17 Sep 2026,-,-,1329702100.00,Z-EQ,132970210
PRIME1ICBA,Prime Bank 1st ICB AMCL Mutual Fund,Mutual Funds,A,750.00,-,7.50,-2.60,7.50,10.5090,"1,380,540",64.4256,-33.3333,6.5750,6.4500,5.0445,7.3138,7.1479,6.7113,0.4365,0.2776,8.1466,5.0034,363.4200,731076.7842,7.5400,7.3513,6.9481,0.9266,0.0000,0.0000,0.0000,-,-,-,-,-,-,-,-,-,-,-,-,7.70,-0.20,286,10.5090,80.00%,49.91%,30.09%,20.00%,0.00%,0.00%,-,-,1.17,8.79,17 Aug 2026,-,-,6.58,1000000000.00,A-MF,100000000
PRIMEBANK,Prime Bank PLC.,Bank,A,34486.95,3.61,28.30,0.00,28.30,9.9070,"350,917",43.0853,-55.5556,28.3300,29.2840,30.3280,28.2231,28.2629,28.5634,-0.3005,-0.3546,28.8117,27.8483,10.1900,-417603.9307,28.1778,28.1974,28.2419,0.7983,0.0000,0.0000,0.0000,8.83,-,-,-,-,0.555,0.343,-,0.014,0.196,0.016,-,28.30,0.00,228,9.9070,64.46%,36.30%,22.80%,35.54%,0.00%,5.36%,5.00,25.00,7.84,40.00,06 Apr 2026,21 May 2026,3.61,3.97,12186200910.00,A-EQ,1218620091
PRIMEFIN,Prime Finance & Investment Limited,Financial Institutions,Z,764.17,-,2.80,3.70,2.80,0.2570,"93,038",43.8554,-66.6667,2.8450,3.1660,2.9539,2.7889,2.8089,2.9106,-0.1018,-0.1058,3.0550,2.6350,26.0700,-360982.8031,2.7644,2.7872,2.8133,1.5604,0.0000,0.0000,0.0000,-,-,-,-,-,4.255,14.439,-,-,-,-,-,2.70,0.10,29,0.2570,40.86%,4.85%,36.00%,59.14%,0.00%,0.01%,-,-,-5.53,1.46,21 Jan 2026,03 Mar 2026,-,-,2729164830.00,Z-EQ,272916483
PRIMEINSUR,Prime Islami Insurance PLC,Insurance,A,2052.05,26.16,50.20,-3.09,50.20,24.6710,"484,892",43.8794,-68.5185,51.4150,53.5980,40.0875,51.6157,51.6930,52.1080,-0.4150,-0.4405,53.6864,49.1436,214.1800,-454938.2403,51.6933,51.7641,51.5833,1.1932,0.0000,0.0000,0.0000,1.99,-,-,-,-,-,-,-,-,-,-,-,51.80,-1.60,760,24.6710,68.25%,12.74%,55.51%,31.75%,0.00%,0.00%,-,10.00,1.98,22.76,03 May 2026,15 Jun 2026,26.16,19.92,408774980.00,A-EQ,40877498
PRIMELIFE,Prime Islami Life Insurance Limited,Insurance,B,1168.92,-,38.30,-2.30,38.30,1.4230,"36,780",53.3808,-24.1935,36.7900,38.7000,37.8115,37.8597,37.6552,37.6686,-0.0134,-0.4688,39.2004,34.3796,32.5600,6074.1660,38.1311,37.7885,37.2338,1.5116,0.0000,0.0000,0.0000,0.07,-,-,-,-,-,-,-,-,-,-,-,39.20,-0.90,99,1.4230,63.92%,32.48%,31.27%,36.08%,0.00%,0.17%,-,0.25,0.00,0.00,16 Jun 2026,17 Sep 2026,-,-,305202300.00,B-EQ,30520230
PRIMETEX,Prime Textile Spinning Mills Limited,Textile,Z,553.90,-,14.40,0.00,14.50,0.2150,"14,855",42.9675,-45.4545,14.4500,15.7800,16.3305,14.5241,14.5511,14.8887,-0.3376,-0.4373,15.2246,13.6754,20.3600,-46150.0799,14.5422,14.5372,14.4562,1.2414,0.0000,0.0000,0.0000,-,1.379,-,0.969,-,-,-,-,-,-,-,-,14.50,0.00,28,0.2150,50.00%,5.60%,44.15%,50.00%,0.00%,0.25%,-,-,-8.05,64.83,11 Sep 2024,24 Oct 2024,-,-,382000000.00,Z-EQ,38200000
PROGRESLIF,Progressive Life Insurance Co. Limited,Insurance,Z,610.80,-,36.70,1.94,36.70,0.6150,"16,804",48.5236,-38.2353,36.3000,38.2560,41.7890,36.1294,36.1961,36.8610,-0.6649,-0.8314,37.9492,34.6508,23.7800,-11077.6382,36.0511,36.0372,36.0814,0.9893,0.0000,0.0000,0.0000,-,-,-,-,-,-,-,-,-,-,-,-,36.00,0.70,129,0.6150,61.18%,9.70%,51.48%,38.82%,0.00%,0.00%,-,-,0.00,0.00,28 Apr 2025,29 Jun 2025,-,-,166431660.00,Z-EQ,16643166
PROGRESLIF,Progressive Life Insurance Co. Limited,Insurance,Z,610.80,-,36.70,1.94,36.70,0.6150,"16,804",48.5236,-38.2353,36.3000,38.2560,41.7890,36.1294,36.1961,36.8610,-0.6649,-0.8314,37.9492,34.6508,23.7800,-11077.6382,36.0511,36.0372,36.0814,0.9893,0.0000,0.0000,0.0000,0.68,-,-,-,-,-,-,-,-,-,-,-,36.00,0.70,129,0.6150,61.18%,9.70%,51.48%,38.82%,0.00%,0.00%,-,-,0.00,0.00,28 Apr 2025,29 Jun 2025,-,-,166431660.00,Z-EQ,16643166
PROVATIINS,Provati Insurance PLC,Insurance,A,2112.36,30.81,52.40,-1.69,52.40,5.3630,"101,556",43.5281,-46.7532,53.5750,56.1140,42.4775,53.6192,53.6920,54.3915,-0.6994,-0.8687,57.3513,49.7987,157.7900,-199513.3357,53.8667,53.7859,53.4538,1.3252,0.0000,0.0000,0.0000,2.29,-,-,-,-,-,-,-,-,-,-,-,53.30,-0.90,300,5.3630,69.65%,14.16%,55.49%,30.35%,0.00%,0.00%,-,12.00,1.73,22.45,29 Apr 2026,10 Aug 2026,30.81,23.79,403122370.00,A-EQ,40312237
PTL,Paramount Textile PLC.,Textile,A,14669.67,13.23,81.90,-4.43,81.90,252.3090,"3,015,649",62.3948,-41.7391,78.9300,71.6000,60.1595,80.4888,79.8761,77.1553,2.7208,2.6558,83.8884,73.9716,293.3800,2015749.8880,80.6578,80.1538,79.6648,0.9703,0.0000,0.0000,0.0000,1.47,1.302,-,0.568,-,-,-,-,-,-,-,-,85.70,-3.80,"3,144",252.3090,39.05%,14.95%,19.67%,60.95%,0.00%,4.43%,-,12.00,6.48,43.89,29 Oct 2025,20 Dec 2025,13.23,12.50,1791168860.00,A-EQ,179116886
PUBALIBANK,Pubali Bank PLC.,Bank,A,59657.77,4.58,38.20,-0.52,38.20,7.9530,"207,653",45.7418,-62.0690,38.5450,38.6200,36.7640,38.6600,38.6762,38.6115,0.0647,0.1307,40.1483,36.9417,7.2700,-322763.0874,38.5733,38.7385,38.6581,0.7942,0.0000,0.0000,0.0000,2.62,-,-,-,-,0.557,0.209,-,0.009,0.154,0.011,-,38.40,-0.20,252,7.9530,68.13%,23.89%,44.19%,31.87%,0.00%,0.05%,20.00,10.00,8.38,54.32,30 Apr 2026,16 Jun 2026,4.58,4.37,15617218420.00,A-EQ,1561721842
PURABIGEN,Purabi General Insurance Co. Ltd.,Insurance,A,1692.69,23.80,28.30,-1.74,28.30,8.6370,"302,324",43.6096,-36.3636,28.3200,30.0120,26.0325,28.5763,28.5769,28.9579,-0.3810,-0.5589,29.8714,26.7686,89.2800,-249508.2098,28.6756,28.6192,28.3857,1.4021,0.0000,0.0000,0.0000,3.53,-,-,-,-,-,-,-,-,-,-,-,28.80,-0.50,247,8.6370,68.42%,23.78%,44.62%,31.58%,0.00%,0.02%,-,10.00,1.21,14.29,13 May 2026,30 Aug 2026,23.80,17.14,598125060.00,A-EQ,59812506
QUASEMIND,Quasem Industries Ltd.,Engineering,A,3135.97,37.60,39.20,0.26,39.20,4.4580,"112,674",41.3580,-50.0000,39.7100,42.2840,41.5880,39.4399,39.5752,40.3670,-0.7918,-0.8671,41.6446,37.7754,47.7900,-196220.5572,39.3533,39.5231,39.5614,1.5241,0.0000,0.0000,0.0000,-,1.042,0.047,0.384,-,0.122,0.052,0.245,0.019,0.036,-,-,39.10,0.10,204,4.4580,70.00%,18.04%,51.96%,30.00%,0.00%,0.00%,10.00,-,1.04,29.06,27 Oct 2025,24 Dec 2025,37.60,35.33,799991950.00,A-EQ,79999195
QUEENSOUTH,Queen South Textile Mills Ltd.,Textile,B,2151.68,70.00,14.10,0.71,14.10,14.8180,"1,047,563",42.5911,-55.5556,14.2900,16.0900,13.3590,14.1917,14.2641,14.7293,-0.4652,-0.5251,15.2234,13.3566,201.6700,-1127899.7427,14.1578,14.2244,14.2267,1.4530,0.0000,0.0000,0.0000,0.35,1.681,-,0.859,-,-,-,-,-,-,-,-,14.00,0.10,439,14.8180,48.43%,6.51%,40.86%,51.57%,0.00%,1.06%,-,0.50,0.20,15.82,28 Oct 2025,22 Dec 2025,70.00,43.75,1526014390.00,B-EQ,152601439
RAHIMAFOOD,Rahima Food Corporation Limited,Food & Allied,Z,1418.01,128.39,70.90,-1.39,70.90,1.1410,"16,061",,,,,,,,,,,,,,,,,,,,,,0.28,0.862,-,0.786,0.155,0.149,0.120,0.253,0.036,0.059,-,-,71.90,-1.00,161,1.1410,64.05%,6.42%,57.63%,35.95%,0.00%,0.00%,-,2.00,0.56,9.43,28 Oct 2025,23 Dec 2025,128.39,-,200002000.00,Z-EQ,20000200
RAHIMTEXT,Rahim Textile Mills PLC.,Textile,A,1707.47,140.93,180.30,-0.72,180.50,0.6740,"3,702",41.8645,-44.4444,181.7700,197.2240,206.5790,181.6660,182.2100,186.6390,-4.4290,-5.3187,192.0612,171.4788,34.8300,-14148.1825,181.4200,181.9205,181.5014,1.1373,0.0000,0.0000,0.0000,0.55,0.883,-,0.493,-,-,-,-,-,-,-,-,181.80,-1.30,105,0.6740,29.06%,7.17%,21.89%,70.94%,0.00%,0.00%,-,10.00,1.29,25.83,27 Oct 2025,15 Dec 2025,140.93,66.19,94596830.00,A-EQ,9459683
RAKCERAMIC,RAK Ceramics (Bangladesh) Limited,Ceramics Sector,A,11212.78,-,26.40,-1.13,26.20,2.6390,"99,496",33.7718,-85.0000,27.3100,29.2900,25.7650,26.7780,26.9615,27.7660,-0.8045,-0.7801,29.0964,25.5236,13.3100,-279310.5321,26.6689,26.7987,26.9695,1.4463,0.0000,0.0000,0.0000,3.82,-,-,-,-,-,-,0.132,-,-,-,-,26.50,-0.30,227,2.6390,27.92%,17.25%,10.63%,72.08%,0.00%,0.04%,-,10.00,-0.93,15.30,05 Feb 2026,31 Mar 2026,-,265.00,4279687010.00,A-EQ,427968701
RANFOUNDRY,Rangpur Foundry Limited,Engineering,A,1484.00,38.60,148.70,-0.40,148.40,1.3700,"9,231",41.7425,-83.5165,149.5700,155.8840,153.2885,149.3631,149.6606,151.4371,-1.7765,-1.9593,153.4725,145.6675,20.5900,-10072.1486,149.1422,149.6077,149.7167,0.9273,0.0000,0.0000,0.0000,1.55,3.600,-,0.899,-,0.063,0.026,0.204,0.083,0.110,-,-,149.00,-0.60,48,1.3700,50.11%,30.14%,19.97%,49.89%,0.00%,0.00%,-,23.00,3.86,35.09,27 Oct 2025,24 Dec 2025,38.60,35.59,100000000.00,A-EQ,10000000
RDFOOD,Rangpur Dairy & Food Products Limited,Food & Allied,B,1732.21,38.20,22.80,-2.15,22.80,5.9690,"259,358",43.4582,-51.4286,23.2550,25.0360,23.3920,23.0717,23.1557,23.7072,-0.5515,-0.6267,24.7635,21.7465,133.3200,-192574.7549,23.0244,23.1333,23.1471,1.6019,0.0000,0.0000,0.0000,0.44,1.546,-,1.007,0.047,0.049,0.037,0.194,0.023,0.036,-,-,23.30,-0.50,340,5.9690,66.58%,8.64%,57.94%,33.42%,0.00%,0.00%,-,1.00,0.61,16.92,02 Nov 2025,22 Dec 2025,38.20,33.61,759739560.00,B-EQ,75973956
RECKITTBEN,Reckitt Benckiser (Bangladesh) PLC,Pharmaceuticals & Chemicals,A,15410.59,18.88,3263.00,-0.11,3261.50,1.0500,322,43.8932,-71.0000,3268.6400,3289.3300,3386.0995,3263.6859,3265.1395,3273.6323,-8.4928,-9.2972,3293.1170,3244.1630,1.7900,-958.8812,3262.5756,3263.2590,3264.8090,0.2261,0.0000,0.0000,0.0000,5.30,1.108,-,0.691,-,0.204,0.144,0.484,0.271,0.922,-,-,3265.00,-3.50,75,1.0500,13.26%,6.80%,6.46%,82.96%,3.78%,0.00%,-,1730.00,172.93,187.58,03 May 2026,29 Jun 2026,18.88,25.37,47250000.00,A-EQ,4725000
REGENTTEX,Regent Textile Mills Limited,Textile,Z,758.81,-,5.90,-1.67,5.90,0.3250,"55,532",42.6488,-66.6667,6.0200,6.4340,5.0275,5.9638,5.9854,6.1076,-0.1221,-0.1321,6.2763,5.7637,20.8900,4595.6479,5.9489,5.9577,5.9819,1.4771,0.0000,0.0000,0.0000,-,2.915,-,2.028,-,-,-,-,-,-,-,-,6.00,-0.10,100,0.3250,45.45%,4.61%,40.84%,54.55%,0.00%,0.00%,-,-,-1.62,26.52,22 Nov 2021,30 Dec 2021,-,-,1286121370.00,Z-EQ,128612137
RELIANCE1,Reliance One the 1st scheme of Reliance Insurance Mutual Fund,Mutual Funds,A,774.40,-,12.80,-1.54,12.80,17.3730,"1,348,282",50.8826,-54.5455,12.5850,12.5240,12.5950,12.9749,12.9221,12.7365,0.1856,0.1569,13.7831,11.3869,929.9300,-2815405.8568,13.1133,13.0513,12.8238,0.6960,0.0000,0.0000,0.0000,-,-,-,-,-,-,-,-,-,-,-,-,13.00,-0.20,567,17.3730,80.00%,33.80%,46.20%,20.00%,0.00%,0.00%,-,10.00,1.15,11.62,17 Aug 2026,-,-,11.30,605000000.00,A-MF,60500000
RELIANCINS,Reliance Insurance PLC,Insurance,A,11052.43,12.62,105.10,-1.13,105.10,78.3440,"736,826",46.0198,-71.3483,106.0600,109.6280,89.1210,107.3583,107.3785,107.7836,-0.4050,-0.5513,114.1332,97.9868,238.8500,-1572890.3056,107.5022,107.8154,107.2238,1.2141,0.0000,0.0000,0.0000,2.85,-,-,-,-,-,-,-,-,-,-,-,106.30,-1.20,"2,211",78.3440,32.05%,9.91%,22.14%,67.95%,0.00%,0.00%,-,30.00,8.42,78.95,01 Mar 2026,30 Apr 2026,12.62,8.15,1051610870.00,A-EQ,105161087
RENATA,Renata PLC.,Pharmaceuticals & Chemicals,A,51464.32,23.42,448.70,-1.04,448.70,6.6770,"14,879",40.2755,-63.6943,453.0500,462.6600,434.2225,450.1692,450.8577,454.4832,-3.6255,-3.8196,464.0945,442.0055,5.1000,-15085.9214,449.4222,449.6103,450.7700,0.6991,0.0000,0.0000,0.0000,1.23,1.570,0.268,0.540,-,0.098,0.052,0.410,0.038,0.063,-,-,453.40,-4.70,421,6.6770,48.71%,23.21%,7.92%,51.29%,0.00%,17.58%,-,55.00,19.36,305.49,28 Oct 2025,20 Dec 2025,23.42,16.68,1146964900.00,A-EQ,114696490
RENATAPS,Renata PLC,Pharmaceuticals & Chemicals,P,3250.00,-,0.00,0.00,1900.00,0.0000,0,,,,,,,,,,,,,,,,,,,,,,-,-,-,-,-,-,-,-,-,-,-,-,1900.00,0.00,0,0.0000,0.00%,0.00%,0.00%,0.00%,0.00%,0.00%,-,-,0.00,0.00,-,-,-,-,17105260.00,-,1710526
RENWICKJA,Renwick Jajneswar & Company (Bd),Engineering,Z,1465.20,-,736.70,0.73,732.60,1.0780,"1,460",44.5249,-58.9091,734.9050,797.8200,602.5580,730.7657,732.8614,747.7403,-14.8789,-17.2784,757.9825,711.8275,14.2400,-2475.0616,730.2600,730.2577,731.4405,0.5616,0.0000,0.0000,0.0000,-,0.664,-,0.411,-,-,-,0.196,-,0.073,-,-,727.30,5.30,26,1.0780,49.00%,14.05%,34.95%,0.00%,51.00%,0.00%,-,-,-7.76,-105.59,27 Oct 2025,15 Dec 2025,-,-,20000000.00,Z-EQ,2000000
REPUBLIC,Republic Insurance PLC,Insurance,A,2089.70,20.74,38.20,-2.05,38.20,9.5120,"246,217",45.8853,-52.3810,38.6600,39.0700,34.2730,38.7795,38.8016,38.9489,-0.1473,-0.1680,40.3576,36.9624,144.9000,-336209.0048,38.8756,38.8385,38.6614,1.3873,0.0000,0.0000,0.0000,2.68,-,-,-,-,-,-,-,-,-,-,-,39.00,-0.80,312,9.5120,58.29%,18.24%,40.05%,41.71%,0.00%,0.00%,-,10.25,1.88,19.70,30 Apr 2026,29 Jun 2026,20.74,17.89,547041560.00,A-EQ,54704156
RINGSHINE,Ring Shine Textiles Ltd.,Textile,Z,1851.16,-,3.70,-2.63,3.70,0.8100,"215,463",39.5952,-80.0000,3.8050,4.2000,3.5805,3.7698,3.7913,3.9010,-0.1097,-0.1141,3.9824,3.6276,30.5800,-565344.1568,3.7533,3.7731,3.7924,1.5730,0.0000,0.0000,0.0000,-,0.576,-,0.300,-,-,-,-,-,-,-,-,3.80,-0.10,139,0.8100,63.54%,4.56%,58.97%,36.46%,0.00%,0.01%,-,-,-3.06,-8.03,28 Oct 2024,18 Dec 2024,-,-,5003130430.00,Z-EQ,500313043
ROBI,Robi Axiata PLC.,Telecommunication,A,157661.78,16.70,30.10,0.67,30.10,34.7540,"1,161,520",46.3065,-77.5000,29.9450,30.8820,30.2820,30.0215,30.0328,30.2395,-0.2067,-0.2793,30.3679,29.5221,4.2800,-505725.6693,30.0222,30.0359,29.9948,1.1897,0.0000,0.0000,0.0000,5.81,0.247,0.000,0.242,0.113,0.188,0.094,0.387,0.045,0.134,-,-,29.90,0.20,728,34.7540,10.00%,3.01%,6.99%,90.00%,0.00%,0.00%,-,17.50,1.79,13.34,22 Feb 2026,22 Apr 2026,16.70,15.74,52379328950.00,A-EQ,5237932895
RSRMSTEEL,Ratanpur Steel Re-Rolling Mills Limited,Engineering,Z,657.73,-,6.50,0.00,6.50,0.4120,"63,249",27.0592,-88.8889,6.8550,7.3700,7.4800,6.6645,6.7229,6.9616,-0.2387,-0.2228,7.2729,6.4371,9.6400,-37766.8935,6.6156,6.6628,6.7552,1.5739,0.0000,0.0000,0.0000,-,3.334,0.217,2.357,-,-,-,-,-,-,-,-,6.50,0.00,82,0.4120,70.07%,34.04%,36.03%,29.93%,0.00%,0.00%,-,-,-3.75,44.94,21 Nov 2021,30 Dec 2021,-,-,1011890880.00,Z-EQ,101189088
RUNNERAUTO,Runner Automobiles PLC,Engineering,A,4950.34,49.44,43.60,-2.02,43.60,11.7070,"266,573",37.1116,-93.3333,45.3950,46.5200,40.3245,45.1278,45.3612,45.9208,-0.5596,-0.3103,47.5986,43.1914,141.2100,-598108.8400,45.0467,45.3577,45.4429,1.3491,0.0000,0.0000,0.0000,2.29,1.498,0.437,1.217,-,0.181,0.012,0.310,0.005,0.014,-,-,44.50,-0.90,671,11.7070,65.81%,36.69%,29.12%,34.19%,0.00%,0.00%,-,10.00,0.90,66.70,28 Oct 2025,23 Dec 2025,49.44,66.75,1135399320.00,A-EQ,113539932
RUPALIBANK,Rupali Bank PLC.,Bank,Z,15624.95,120.71,16.80,-1.78,16.60,0.6660,"39,912",39.4905,-88.8889,16.9900,17.2760,17.6905,16.8563,16.8965,17.0391,-0.1426,-0.1214,17.3388,16.6412,1.1300,-62469.8199,16.8289,16.8577,16.9233,1.3547,0.0000,0.0000,0.0000,-,-,-,-,-,0.094,0.005,-,0.000,0.004,0.000,-,16.90,-0.30,38,0.6660,5.09%,1.66%,3.43%,0.00%,94.91%,0.00%,-,-,0.14,35.02,03 May 2026,19 Jul 2026,120.71,-,9412623180.00,Z-EQ,941262318
RUPALIINS,Rupali Insurance Company Limited,Insurance,A,2237.86,27.75,27.80,-1.77,27.80,3.1350,"111,704",44.3689,-44.1176,27.9450,29.1320,25.5890,28.2318,28.2260,28.4171,-0.1911,-0.2937,29.4096,26.4804,81.1500,-244829.6888,28.3711,28.3308,28.0805,1.4696,0.0000,0.0000,0.0000,1.80,-,-,-,-,-,-,-,-,-,-,-,28.30,-0.50,270,3.1350,53.65%,17.89%,35.76%,46.35%,0.00%,0.00%,5.00,5.00,1.02,20.41,27 Apr 2026,29 Jul 2026,27.75,19.93,804986810.00,A-EQ,80498681
RUPALILIFE,Rupali Life Insurance PLC,Insurance,A,2362.12,-,78.70,-1.25,78.70,12.3550,"155,417",47.5017,-29.8969,77.8250,82.8160,85.1845,78.5847,78.4783,79.4465,-0.9682,-1.6576,82.2668,73.3832,104.1100,-89490.8911,78.9244,78.6038,77.9271,1.4766,0.0000,0.0000,0.0000,1.52,-,-,-,-,-,-,-,-,-,-,-,79.70,-1.00,546,12.3550,68.97%,21.03%,47.94%,31.03%,0.00%,0.00%,-,12.00,0.00,0.00,21 Jul 2026,24 Sep 2026,-,-,300142360.00,A-EQ,30014236
SAFKOSPINN,Safko Spinnings Mills Limited,Textile,Z,635.61,-,21.20,1.92,21.20,3.7880,"178,009",57.6264,-19.0476,20.5850,20.6420,17.9355,20.5883,20.5771,20.6114,-0.0343,-0.0750,21.4317,19.7383,59.6400,-4966.1514,20.5222,20.5269,20.5238,1.3116,0.0000,0.0000,0.0000,-,0.114,-,0.021,-,-,-,-,-,-,-,-,20.80,0.40,305,3.7880,70.00%,4.76%,65.24%,30.00%,0.00%,0.00%,-,-,-7.52,-4.50,29 Oct 2025,24 Dec 2025,-,-,299817160.00,Z-EQ,29981716
SAIFPOWER,Saif Powertec Limited,Services & Real Estate,Z,2882.97,11.00,7.60,-1.30,7.60,1.2720,"166,489",32.9803,-77.7778,8.1000,9.1220,7.2510,7.8056,7.8936,8.3225,-0.4289,-0.4376,9.0989,7.1011,19.1100,-297581.7379,7.7467,7.7833,7.8871,1.7718,0.0000,0.0000,0.0000,-,1.467,-,1.122,0.068,0.283,0.053,0.432,0.008,0.036,-,-,7.70,-0.10,114,1.2720,59.94%,18.44%,41.50%,40.06%,0.00%,0.00%,-,1.00,0.70,17.01,27 Oct 2024,30 Dec 2024,11.00,11.00,3793386470.00,Z-EQ,379338647
SAIFPOWER,Saif Powertec Limited,Services & Real Estate,Z,2882.97,11.00,7.60,-1.30,7.60,1.2720,"166,489",32.9803,-77.7778,8.1000,9.1220,7.2510,7.8056,7.8936,8.3225,-0.4289,-0.4376,9.0989,7.1011,19.1100,-297581.7379,7.7467,7.7833,7.8871,1.7718,0.0000,0.0000,0.0000,1.32,1.467,-,1.122,0.068,0.283,0.053,0.432,0.008,0.036,-,-,7.70,-0.10,114,1.2720,59.94%,18.44%,41.50%,40.06%,0.00%,0.00%,-,1.00,0.70,17.01,27 Oct 2024,30 Dec 2024,11.00,11.00,3793386470.00,Z-EQ,379338647
SAIHAMCOT,Saiham Cotton Mills Limited,Textile,B,3555.72,23.94,23.90,0.84,23.90,145.4150,"6,068,252",57.2627,-19.2308,22.8800,22.5980,20.3945,23.1734,23.0829,22.8488,0.2341,0.1454,24.1965,21.5635,1024.6600,-1367466.9779,23.1711,23.0603,22.9343,1.2794,0.0000,0.0000,0.0000,2.93,1.120,-,0.255,-,-,-,-,-,-,-,-,23.70,0.20,"2,783",145.4150,57.60%,17.55%,40.05%,42.40%,0.00%,0.00%,-,7.00,0.99,38.26,29 Oct 2025,29 Dec 2025,23.94,22.50,1487750000.00,B-EQ,148775000
SAIHAMTEX,Saiham Textile Mills Limited,Textile,B,3848.91,68.64,42.50,4.94,42.50,214.1930,"5,097,203",70.3722,-5.0000,35.3000,31.1020,21.9020,38.5721,37.8121,35.2440,2.5682,2.1079,42.1858,28.4142,1311.9800,8047300.1509,39.0756,38.3897,36.9819,1.2563,0.0000,0.0000,0.0000,1.41,1.691,-,0.608,-,-,-,-,-,-,-,-,40.50,2.00,"2,948",214.1930,65.80%,23.73%,42.07%,34.20%,0.00%,0.00%,-,6.00,0.59,43.77,29 Oct 2025,29 Dec 2025,68.64,59.56,905625000.00,B-EQ,90562500
SALAMCRST,S. Alam Cold Rolled Steels Limited,Engineering,Z,1180.45,24.90,12.00,-1.64,12.00,0.8190,"67,852",46.7312,-61.5385,11.8800,12.5260,14.1565,12.1555,12.1284,12.1974,-0.0689,-0.1608,12.8284,10.9316,32.8200,-162259.5965,12.2556,12.2218,12.0290,1.3226,0.0000,0.0000,0.0000,4.17,0.881,-,0.422,-,0.151,0.007,0.160,0.002,0.022,-,-,12.20,-0.20,90,0.8190,51.50%,24.42%,27.08%,48.50%,0.00%,0.00%,-,5.00,0.49,18.55,01 Nov 2023,23 Jan 2024,24.90,32.68,983711000.00,Z-EQ,98371100
SALVO,Salvo Organic Industries PLC.,Pharmaceuticals & Chemicals,B,1983.20,54.14,30.50,-2.87,30.50,14.2420,"462,190",42.3426,-43.2432,30.7200,33.8220,0.0000,30.7502,30.8128,31.6147,-0.8019,-1.0418,32.8451,28.5949,151.6300,-366258.2908,30.7778,30.7718,30.6143,1.2174,0.0000,0.0000,0.0000,0.82,0.478,0.355,0.300,-,0.077,0.014,0.115,0.013,0.035,-,-,31.40,-0.90,670,14.2420,69.85%,4.57%,65.28%,30.15%,0.00%,0.00%,-,2.50,0.58,16.57,19 Aug 2025,29 Sep 2025,54.14,53.52,650227930.00,B-EQ,65022793
SAMATALETH,Samata Leather Complex Limited,Tannery Industries,B,996.91,-,96.60,7.33,96.60,44.7910,"455,990",60.8140,-8.6331,83.4550,93.6160,94.3725,87.2015,86.5408,87.4966,-0.9558,-2.8565,93.9319,72.9781,203.3000,-1349.5718,87.5911,86.7577,84.7519,1.2403,0.0000,0.0000,0.0000,-,3.999,-,2.977,0.007,0.001,-,0.101,-,-,-,-,90.00,6.60,"1,556",44.7910,66.13%,3.96%,62.17%,33.87%,0.00%,0.00%,-,-,-0.02,14.35,27 Nov 2025,31 Dec 2025,-,-,103200000.00,B-EQ,10320000
SAMORITA,Samorita Hospital Limited,Services & Real Estate,B,2034.02,151.61,93.30,-0.74,93.30,12.0900,"128,113",47.9128,-40.4651,92.0000,97.2840,78.7190,93.8048,93.8274,94.5752,-0.7478,-1.0501,100.0509,83.9491,415.5400,-60590.8532,93.9800,94.2410,93.2205,1.0968,0.0000,0.0000,0.0000,0.54,1.668,-,1.342,0.045,0.040,0.034,0.580,0.011,0.013,-,-,94.00,-0.70,672,12.0900,55.40%,9.13%,46.26%,44.60%,0.00%,0.01%,-,5.00,0.62,48.39,22 Oct 2025,09 Dec 2025,151.61,91.56,218008970.00,B-EQ,21800897
SANDHANINS,Sandhani Life Insurance Company Ltd.,Insurance,A,2665.68,20.58,24.30,-1.62,24.30,7.2530,"296,811",43.4532,-60.0000,24.3600,26.2200,23.0500,24.4513,24.4811,24.9077,-0.4266,-0.5619,24.9837,23.7363,63.7800,-142604.7171,24.4778,24.4538,24.3819,1.3831,0.0000,0.0000,0.0000,4.94,-,-,-,-,-,-,-,-,-,-,-,24.70,-0.40,318,7.2530,68.33%,16.47%,51.86%,31.67%,0.00%,0.00%,-,12.00,1.20,18.00,20 Jul 2026,29 Sep 2026,20.58,20.58,1096986330.00,A-EQ,109698633
SAPORTL,Summit Alliance Port Limited,Services & Real Estate,A,13833.04,20.95,58.40,-2.18,58.40,45.3300,"771,617",42.0244,-92.8571,60.1950,59.1080,50.3195,60.1941,60.2637,59.9433,0.3204,0.6239,62.5919,57.7981,125.6100,-956552.2627,60.2733,60.4744,60.4671,1.2070,0.0000,0.0000,0.0000,3.08,0.627,-,0.623,0.153,0.214,0.116,0.264,0.061,0.100,-,-,59.70,-1.30,739,45.3300,37.32%,11.04%,26.26%,62.68%,0.00%,0.02%,-,18.00,2.85,35.67,09 Nov 2025,23 Dec 2025,20.95,27.64,2368671230.00,A-EQ,236867123
SAVAREFR,Savar Refractories Limited,Miscellaneous,Z,300.15,-,0.00,0.00,215.50,0.0000,0,8.6600,-52.3810,215.5000,216.5680,245.1760,216.0274,216.9502,223.9176,-6.9674,-8.2196,224.7257,206.2743,0.6400,-0.1356,215.5000,215.5000,215.5000,0.8663,0.0000,0.0000,0.0000,-,0.349,-,0.147,-,-,-,0.181,-,-,-,-,215.50,0.00,0,0.0000,49.32%,7.18%,42.14%,50.68%,0.00%,0.00%,-,-,-4.86,90.66,29 Oct 2023,17 Feb 2024,-,-,13928000.00,Z-EQ,1392800
SBACBANK,SBAC Bank PLC,Bank,Z,5522.08,670.00,6.70,0.00,6.70,0.4190,"62,544",47.0657,-75.0000,6.7150,6.9160,6.5145,6.7286,6.7357,6.7647,-0.0290,-0.0272,6.9329,6.4971,1.8000,-76148.8178,6.7289,6.7487,6.7395,1.5636,0.0000,0.0000,0.0000,-,-,-,-,-,0.274,0.002,-,0.000,0.001,0.000,-,6.70,0.00,72,0.4190,29.77%,15.11%,14.66%,70.23%,0.00%,0.00%,-,-,0.01,13.61,30 Apr 2026,15 Jun 2026,670.00,19.71,8241916500.00,Z-EQ,824191650
SEAPEARL,Sea Pearl Beach Resort & Spa Limited,Travel & Leisure,B,4298.70,-,35.60,-1.39,35.60,20.0180,"555,177",49.3390,-51.8519,34.6750,36.8880,35.7815,35.7833,35.6520,35.7198,-0.0678,-0.3880,38.0919,31.2581,133.0100,-610057.1253,36.1178,35.9821,35.3133,1.3361,0.0000,0.0000,0.0000,0.28,0.303,0.070,0.303,-,0.212,-,0.706,-,-,-,-,36.10,-0.50,909,20.0180,53.17%,10.83%,42.34%,46.83%,0.00%,0.00%,-,1.00,-2.46,15.28,28 Oct 2025,-,-,-,1207500000.00,B-EQ,120750000
SEB1PBOND,Southeast Bank 1st Perpetual Bond,Corporate Bond,A,438.00,-,0.00,0.00,4380.00,0.0000,0,,,,,,,,,,,,,,,,,,,,,,0.02,-,-,-,-,-,-,-,-,-,-,-,4380.00,0.00,0,0.0000,0.00%,0.00%,0.00%,0.00%,0.00%,0.00%,-,-,0.00,0.00,-,-,-,-,1000000.00,A-CB,100000
SEMLFBSLGF,SEML FBLSL Growth Fund,Mutual Funds,A,496.02,-,6.90,-2.86,6.80,2.7160,"395,736",44.9180,-77.7778,6.9300,7.1220,5.7665,7.0099,7.0005,6.9720,0.0285,0.0214,7.3252,6.5348,211.4400,-887647.8931,7.0600,7.0513,6.9852,1.2592,0.0000,0.0000,0.0000,-,-,-,-,-,-,-,-,-,-,-,-,7.00,-0.20,141,2.7160,85.61%,22.53%,63.08%,14.39%,0.00%,0.00%,-,-,0.00,0.00,-,-,-,7.78,729445000.00,A-MF,72944500
SEMLIBBLSF,SEML IBBL Shariah Fund,Mutual Funds,A,790.00,57.14,7.90,-1.25,7.90,3.8020,"481,006",48.3385,-66.6667,7.9350,7.9360,6.6490,8.0045,7.9933,7.9379,0.0554,0.0569,8.1725,7.6975,73.8700,-212652.6810,8.0356,8.0269,7.9800,0.9123,0.0000,0.0000,0.0000,-,-,-,-,-,-,-,-,-,-,-,-,8.00,-0.10,61,3.8020,50.00%,27.47%,22.53%,50.00%,0.00%,0.00%,-,-,0.49,10.00,19 Aug 2026,-,57.14,16.33,1000000000.00,A-MF,100000000
SHAHJABANK,Shahjalal Islami Bank PLC.,Bank,A,19254.35,5.29,17.30,-1.14,17.30,2.3370,"135,117",46.2372,-62.5000,17.4000,17.4660,17.2550,17.3972,17.4034,17.4257,-0.0224,-0.0195,17.6596,17.1404,4.7100,120251.6533,17.3911,17.4064,17.4024,0.5274,0.0000,0.0000,0.0000,7.51,-,-,-,-,0.674,0.172,-,0.009,0.142,0.010,-,17.50,-0.20,82,2.3370,56.99%,24.57%,32.42%,43.01%,0.00%,0.00%,-,13.00,3.31,23.07,09 Apr 2026,24 May 2026,5.29,3.16,11129683510.00,A-EQ,1112968351
SHARPIND,Sharp Industries PLC,Textile,B,5522.83,174.55,18.20,-5.21,18.20,158.1600,"8,462,999",36.7655,-77.1429,18.9000,28.4420,19.5845,18.7963,19.0831,21.4483,-2.3652,-2.8484,20.6472,17.1528,970.3500,-11658560.6683,18.6489,18.7974,18.8076,1.4519,0.0000,0.0000,0.0000,-,1.048,-,0.594,-,-,-,-,-,-,-,-,19.20,-1.00,"4,391",158.1600,63.37%,33.59%,29.78%,36.63%,0.00%,0.00%,-,-,0.11,10.08,27 Oct 2025,21 Dec 2025,174.55,-,3034521090.00,B-EQ,303452109
SHASHADNIM,Shasha Denims PLC,Textile,B,3892.59,17.45,27.60,0.73,27.60,16.6970,"606,198",52.7576,-34.6154,27.3350,27.9380,21.6645,27.1303,27.1535,27.3143,-0.1607,-0.1855,28.3615,26.3085,88.9700,-246715.6957,27.0222,27.0436,27.1614,1.1738,0.0000,0.0000,0.0000,1.81,1.131,-,0.699,-,-,-,-,0.001,0.001,-,-,27.40,0.20,383,16.6970,55.60%,25.07%,30.32%,44.40%,0.00%,0.21%,-,5.00,1.57,41.84,29 Oct 2025,23 Dec 2025,17.45,52.69,1410359100.00,B-EQ,141035910
SHEPHERD,Shepherd Industries PLC,Textile,B,1971.79,322.50,12.80,-0.78,12.80,8.3330,"640,737",37.7946,-55.0000,13.1400,15.1440,14.5605,12.9819,13.0710,13.6780,-0.6070,-0.6969,14.2070,12.0730,121.8300,-727786.7594,12.9511,12.9949,13.0090,1.1650,0.0000,0.0000,0.0000,0.78,1.287,-,0.510,-,-,-,-,-,-,-,-,12.90,-0.10,280,8.3330,55.01%,22.51%,30.03%,44.99%,0.00%,2.47%,-,1.00,0.04,13.41,29 Oct 2025,30 Dec 2025,322.50,-,1540464730.00,B-EQ,154046473
SHURWID,Shurwid Industries Limited,Engineering,Z,321.26,4.20,5.60,-3.45,5.60,0.7890,"140,147",38.1671,-80.0000,5.8400,6.0600,5.9010,5.7478,5.7751,5.8844,-0.1093,-0.1007,6.0775,5.6025,26.9700,-14385.6157,5.7244,5.7474,5.7933,1.4582,0.0000,0.0000,0.0000,17.86,5.671,0.087,5.525,-,0.407,0.369,0.483,0.088,0.113,-,-,5.80,-0.20,72,0.7890,87.99%,9.75%,78.24%,12.01%,0.00%,0.00%,-,10.00,1.38,12.21,03 Nov 2019,30 Dec 2019,4.20,2.30,573677500.00,Z-EQ,57367750
SHYAMPSUG,Shyampur Sugar Mills Limited,Food & Allied,Z,1436.50,-,287.30,0.52,287.30,1.2340,"4,292",45.1481,-79.0155,294.5250,299.3480,206.8370,290.8286,292.0108,294.5779,-2.5671,-1.1788,310.5716,278.4784,147.6600,-49304.8481,290.4644,291.6372,293.0400,0.8733,0.0000,0.0000,0.0000,-,0.037,-,0.028,-,-,-,-,-,0.039,-,-,285.80,1.50,78,1.2340,49.00%,6.07%,42.93%,0.00%,51.00%,0.00%,-,-,-50.77,-1310.44,27 Oct 2025,15 Dec 2025,-,-,50000000.00,Z-EQ,5000000
SIBL,Social Islami Bank PLC,Bank,A,3420.47,-,0.00,0.00,3.00,0.0000,0,31.3124,-100.0000,3.7100,4.3600,7.5535,3.3115,3.4113,3.8136,-0.4023,-0.3725,4.6456,2.7744,59.6900,-962520.2054,3.2244,3.2923,3.4724,1.2836,0.0000,0.0000,0.0000,-,-,-,-,-,-,-,-,-,-,-,-,3.00,0.00,0,0.0000,88.38%,68.54%,18.97%,11.62%,0.00%,0.87%,-,-,-0.89,18.15,01 Jun 2025,18 Aug 2025,-,-,11401551000.00,A-EQ,1140155100
SICL,Sikder Insurance Company Limited,Insurance,B,1436.00,28.91,35.90,-2.97,35.90,23.2340,"641,095",46.0509,-39.3443,36.2200,37.3160,29.3720,36.3361,36.3631,36.7264,-0.3633,-0.4751,38.6082,33.8318,530.5500,-831005.2121,36.3667,36.3590,36.1695,1.5134,0.0000,0.0000,0.0000,2.79,-,-,-,-,-,-,-,-,-,-,-,37.00,-1.10,789,23.2340,49.60%,7.03%,42.57%,50.40%,0.00%,0.00%,-,10.00,1.36,13.94,15 Jun 2026,27 Sep 2026,28.91,17.62,400000000.00,B-EQ,40000000
SILCOPHL,Silco Pharmaceuticals Limited,Pharmaceuticals & Chemicals,B,1733.58,41.95,16.70,-2.91,16.70,4.1690,"246,898",41.3348,-65.3846,17.1150,18.6440,16.5610,17.1271,17.1784,17.5381,-0.3597,-0.4163,18.2543,15.9757,110.0200,-233888.4954,17.1000,17.2167,17.1919,1.4165,0.0000,0.0000,0.0000,0.66,4.707,-,2.622,-,0.190,0.099,0.356,0.015,0.018,-,-,17.20,-0.50,288,4.1690,64.73%,16.34%,48.39%,35.27%,0.00%,0.00%,-,1.10,0.41,23.02,18 Nov 2025,15 Dec 2025,41.95,40.31,1038070000.00,B-EQ,103807000
SILVAPHL,Silva Pharmaceuticals Ltd.,Pharmaceuticals & Chemicals,B,1706.25,-,12.50,-2.34,12.50,2.6550,"210,496",39.3577,-63.1579,12.7600,14.4460,12.0775,12.7505,12.8034,13.1990,-0.3956,-0.4655,13.5611,11.9589,79.7700,-59348.9432,12.7400,12.8167,12.7871,1.5704,0.0000,0.0000,0.0000,-,14.899,-,6.945,-,-,-,0.267,-,-,-,-,12.80,-0.30,169,2.6550,54.85%,16.18%,38.66%,45.15%,0.00%,0.01%,-,-,-0.97,15.48,29 Oct 2025,30 Dec 2025,-,-,1365000000.00,B-EQ,136500000
SIMTEX,Simtex Industries PLC.,Textile,A,2013.76,23.50,25.30,4.55,25.30,57.1730,"2,284,901",55.7938,-8.0000,24.1750,25.7120,24.5145,24.3336,24.3169,24.6375,-0.3205,-0.5080,25.1372,23.2128,252.4300,-58341.6872,24.3089,24.2641,24.1733,1.2572,0.0000,0.0000,0.0000,3.95,1.982,-,1.689,-,-,-,-,-,-,-,-,24.20,1.10,"1,991",57.1730,68.35%,4.32%,64.03%,31.65%,0.00%,0.00%,-,10.00,1.03,22.43,28 Oct 2025,24 Dec 2025,23.50,18.91,795953810.00,A-EQ,79595381
SINGERBD,Singer Bangladesh Limited,Engineering,Z,7936.35,-,79.40,-0.50,79.60,0.9550,"11,957",62.3848,-27.2727,75.9150,76.1100,82.4895,78.7858,78.2334,76.8397,1.3937,0.8363,83.0726,68.7574,10.1700,3164.3830,79.6267,79.2397,77.5557,0.6907,0.0000,0.0000,0.0000,-,0.715,36.911,0.326,-,0.026,-,0.242,-,-,-,-,80.00,-0.40,87,0.9550,43.00%,28.80%,14.20%,57.00%,0.00%,0.00%,-,-,-22.56,1.69,01 Feb 2026,20 Apr 2026,-,-,997028380.00,Z-EQ,99702838
SINOBANGLA,Sinobangla Industries Limited,Miscellaneous,A,1469.30,38.58,48.50,-1.02,48.50,7.3830,"150,838",39.0310,-48.8889,49.4650,52.8600,51.0745,49.0707,49.2206,50.2815,-1.0608,-1.2309,52.2951,46.6349,181.4200,-126858.8632,49.0444,49.1321,49.1290,1.5161,0.0000,0.0000,0.0000,2.06,1.076,-,0.665,0.022,0.058,0.013,0.110,0.013,0.048,-,-,49.00,-0.50,425,7.3830,69.39%,2.65%,66.66%,30.61%,0.00%,0.08%,-,10.00,1.27,26.39,28 Oct 2025,26 Jan 2026,38.58,34.35,302948490.00,A-EQ,30294849
SIPLC,Sena Insurance PLC,Insurance,A,6048.00,30.08,151.20,-2.77,151.20,52.4350,"340,510",56.2700,-36.0577,139.1250,137.3400,87.8760,149.1456,147.2991,142.3947,4.9044,3.1573,162.3555,115.8945,282.3600,22638.1590,151.5556,149.1103,144.2914,1.4986,0.0000,0.0000,0.0000,0.99,-,-,-,-,-,-,-,-,-,-,-,155.50,-4.30,"1,188",52.4350,40.00%,9.21%,30.79%,60.00%,0.00%,0.00%,-,15.00,5.17,28.58,17 Feb 2026,31 Mar 2026,30.08,22.94,400000000.00,A-EQ,40000000
SJIBLPBOND,SJIBL Mudaraba Perpetual Bond,Corporate Bond,A,470.00,-,0.00,0.00,4700.00,0.0000,0,47.0743,-23.7762,4741.3250,4738.1200,0.0000,4688.3935,4701.4018,4804.3352,-102.9334,-122.8053,5646.3919,3836.2581,0.1200,-1181.2894,4734.8000,4736.8077,4739.3571,-0.0840,0.0000,0.0000,0.0000,0.02,-,-,-,-,-,-,-,-,-,-,-,4700.00,0.00,0,0.0000,0.00%,0.00%,0.00%,0.00%,0.00%,0.00%,-,-,0.00,0.00,-,-,-,-,1000000.00,A-CB,100000
SKTRIMS,SK Trims & Industries Limited,Miscellaneous,Z,1185.80,25.56,14.00,1.45,14.00,7.2300,"493,960",62.8773,-27.5000,12.6350,13.6580,10.8370,12.9281,12.8440,12.9646,-0.1206,-0.3620,14.0921,11.1779,28.0700,-21904.9393,12.9578,12.7731,12.5990,1.2254,0.0000,0.0000,0.0000,-,2.441,-,1.611,0.057,0.065,0.041,0.118,0.027,0.034,-,-,13.80,0.20,394,7.2300,68.77%,26.34%,42.43%,31.23%,0.00%,0.00%,-,-,-3.33,12.03,01 Jun 2026,-,25.56,-,847000000.00,Z-EQ,84700000
SONALIANSH,Sonali Aansh Industries Limited,Jute,A,2364.86,25.10,218.00,-1.18,218.00,27.7910,"126,628",54.7481,-29.4118,211.4350,214.5900,189.5405,217.5880,216.4998,214.3340,2.1658,0.7952,226.5433,196.3267,297.3000,-148740.2609,219.3200,218.1744,214.5490,1.3101,0.0000,0.0000,0.0000,0.69,1.983,-,1.538,0.073,0.069,0.055,0.114,0.070,0.268,-,-,220.60,-2.60,"1,172",27.7910,68.98%,9.94%,59.04%,31.02%,0.00%,0.00%,-,15.00,8.79,32.81,19 Nov 2025,31 Dec 2025,25.10,29.44,108480000.00,A-EQ,10848000
SONALILIFE,Sonali Life Insurance PLC,Insurance,A,4308.25,56.73,90.70,-1.31,90.70,58.9050,"643,015",64.0387,-17.6471,84.5600,85.3720,73.3050,87.2167,86.5425,85.4192,1.1233,0.1713,90.6038,78.5162,135.3900,178592.4326,87.8267,86.9026,85.4562,1.3108,0.0000,0.0000,0.0000,1.65,-,-,-,-,-,-,-,-,-,-,-,91.90,-1.20,"1,438",58.9050,45.15%,3.99%,41.16%,54.85%,0.00%,0.00%,-,15.00,1.62,32.15,13 Jul 2026,27 Aug 2026,56.73,-,475000000.00,A-EQ,47500000
SONALIPAPR,Sonali Paper & Board Mills Limited,Paper & Printing,A,7228.17,31.13,219.40,-1.70,219.40,13.0020,"58,636",43.3375,-51.8519,220.8850,231.0940,231.6235,222.2638,222.4362,224.5850,-2.1488,-2.7814,230.3218,211.4482,58.5900,-84649.3116,222.7756,223.0013,221.7552,1.2779,0.0000,0.0000,0.0000,1.82,0.981,-,0.610,0.100,0.137,0.084,0.163,0.033,0.043,-,-,223.20,-3.80,591,13.0020,32.49%,6.27%,26.22%,67.51%,0.00%,0.00%,-,40.00,7.17,167.90,28 Oct 2025,18 Dec 2025,31.13,25.48,329451880.00,A-EQ,32945188
SONARBAINS,Sonar Bangla Insurance Limited,Insurance,A,1726.10,55.36,39.10,2.36,39.10,25.6640,"661,996",58.2473,-6.0000,36.7500,38.1280,34.3810,37.5847,37.4118,37.4416,-0.0298,-0.4235,38.7912,34.7088,119.3900,128546.4285,37.7022,37.5397,37.1057,1.4631,0.0000,0.0000,0.0000,1.28,-,-,-,-,-,-,-,-,-,-,-,38.20,0.90,791,25.6640,63.15%,11.81%,51.34%,36.85%,0.00%,0.00%,5.00,5.00,0.69,20.02,10 May 2026,13 Aug 2026,55.36,36.73,441456920.00,A-EQ,44145692
SONARGAON,Sonargaon Textiles Limited,Textile,B,2882.26,-,108.90,-4.97,108.90,29.0970,"259,941",57.7871,-24.5033,98.5200,103.9900,60.9625,106.5452,105.1435,102.6303,2.5132,0.6177,115.7253,81.3147,215.9100,4627.2797,108.2022,106.8769,102.7381,1.5460,0.0000,0.0000,0.0000,-,13.694,-,0.558,-,-,-,-,-,-,-,-,114.60,-5.70,"1,134",29.0970,55.55%,22.29%,33.25%,44.45%,0.00%,0.01%,-,-,-0.80,18.35,27 Oct 2025,29 Dec 2025,-,-,264670560.00,B-EQ,26467056
SOUTHEASTB,Southeast Bank PLC.,Bank,A,16170.46,4.54,11.30,-0.88,11.30,18.9830,"1,677,103",38.3743,-94.1176,12.0100,11.4880,10.0890,11.6183,11.6898,11.7243,-0.0345,0.1064,12.8900,11.1300,65.7600,-654253.2912,11.5200,11.6103,11.8405,0.9103,0.0000,0.0000,0.0000,2.65,-,-,-,-,0.604,0.169,-,0.006,0.097,0.007,-,11.40,-0.10,296,18.9830,68.88%,38.25%,29.41%,31.12%,0.00%,1.22%,7.00,3.00,2.51,25.74,30 Apr 2026,23 Jul 2026,4.54,3.48,14310141350.00,A-EQ,1431014135
SPCERAMICS,Shinepukur Ceramics PLC.,Ceramics Sector,B,3380.22,146.25,23.00,-1.71,23.00,12.0940,"520,551",57.9286,-34.6939,21.8100,21.8040,19.8820,22.9585,22.7143,22.0998,0.6144,0.3672,24.6107,19.0093,160.6700,-452611.7785,23.3511,23.1205,22.4705,1.5584,0.0000,0.0000,0.0000,0.87,-,-,-,-,-,-,0.136,-,-,-,-,23.40,-0.40,444,12.0940,50.00%,5.88%,44.12%,50.00%,0.00%,0.00%,-,2.00,0.16,31.22,29 Oct 2024,30 Dec 2024,146.25,-,1469660550.00,B-EQ,146966055
SPCL,Shahjibazar Power Co. Ltd.,Fuel & Power,A,9536.88,20.28,51.10,-0.39,51.10,17.2140,"334,053",49.8270,-30.0000,50.0200,53.1960,51.7440,50.4815,50.4500,51.0711,-0.6212,-0.9828,52.3994,47.6406,42.1000,-122828.6735,50.5533,50.4795,50.1267,1.0613,0.0000,0.0000,0.0000,3.91,1.341,-,0.949,0.064,0.082,0.038,0.096,0.036,0.062,-,-,51.30,-0.20,589,17.2140,46.62%,17.33%,29.29%,53.38%,0.00%,0.00%,-,20.00,2.53,39.25,28 Oct 2025,14 Jan 2026,20.28,8.80,1866316290.00,A-EQ,186631629
SQUARETEXT,Square Textile PLC.,Textile,A,9547.00,6.75,48.40,-1.02,48.40,1.6750,"34,472",43.9380,-68.0000,48.7450,49.8560,49.0290,48.6865,48.7292,49.0382,-0.3089,-0.3604,49.8528,47.6372,7.6200,-59570.7647,48.6689,48.6949,48.7162,0.9750,0.0000,0.0000,0.0000,6.61,1.340,-,0.726,-,-,-,-,-,-,-,-,48.90,-0.50,171,1.6750,38.17%,24.02%,11.40%,61.83%,0.00%,2.75%,-,32.00,7.24,55.86,22 Oct 2025,15 Dec 2025,6.75,23.81,1972520000.00,A-EQ,197252000
SQURPHARMA,Square Pharmaceuticals PLC.,Pharmaceuticals & Chemicals,A,193512.26,8.06,218.30,0.14,218.30,60.7590,"278,295",60.8755,-5.6818,215.7300,217.5800,214.6555,217.2160,216.9474,216.7796,0.1678,-0.3431,219.2454,212.2146,10.7300,56369.0052,217.6267,217.2859,216.3743,0.5145,0.0000,0.0000,0.0000,5.50,12.804,0.001,10.561,-,0.275,0.272,0.479,0.141,0.148,-,-,218.00,0.30,"1,280",60.7590,55.85%,13.90%,27.62%,44.15%,0.00%,14.33%,-,120.00,27.04,157.88,23 Oct 2025,15 Dec 2025,8.06,7.02,8864510100.00,A-EQ,886451010
SSSTEEL,S.S. Steel Limited,Engineering,Z,1906.07,33.53,5.90,1.75,5.80,0.7280,"125,687",36.0005,-83.3333,6.0600,6.6160,5.3970,5.8992,5.9463,6.1603,-0.2140,-0.2112,6.4875,5.6325,21.9100,-401379.5564,5.8622,5.8949,5.9610,1.7408,0.0000,0.0000,0.0000,3.45,2.240,-,1.157,-,0.106,0.002,0.129,0.002,0.007,-,-,5.70,0.10,117,0.7280,69.06%,6.23%,62.83%,30.94%,0.00%,0.00%,-,2.00,0.17,23.87,17 Nov 2024,31 Dec 2024,33.53,-,3286332000.00,Z-EQ,328633200
STANCERAM,Standard Ceramic Industries Ltd.,Ceramics Sector,Z,418.65,-,65.40,-0.92,64.80,0.0440,680,42.5825,-64.9351,65.9100,69.3040,70.0665,65.3134,65.4898,66.6837,-1.1938,-1.3681,69.0702,62.7498,10.1200,-1547.8979,65.1800,65.1962,65.4152,1.0140,0.0000,0.0000,0.0000,-,-,-,-,-,-,-,-,-,-,-,-,65.40,-0.60,9,0.0440,71.76%,4.63%,67.13%,28.24%,0.00%,0.00%,-,-,-23.02,-37.84,17 Nov 2024,26 Dec 2024,-,-,64606500.00,Z-EQ,6460650
STANDARINS,Standard Insurance PLC,Insurance,A,2195.14,21.40,50.70,-2.12,50.70,11.8970,"232,278",47.2898,-63.3333,51.1200,50.5880,45.5545,51.8786,51.7881,51.3040,0.4841,0.5131,54.8406,47.3994,220.7500,-333971.3647,52.0711,52.1500,51.8238,1.2207,0.0000,0.0000,0.0000,2.37,-,-,-,-,-,-,-,-,-,-,-,51.80,-1.10,343,11.8970,35.72%,10.35%,25.37%,64.28%,0.00%,0.00%,-,12.00,2.42,22.15,30 Apr 2026,29 Jun 2026,21.40,18.91,432965920.00,A-EQ,43296592
STANDBANKL,Standard Islami Bank PLC.,Bank,Z,4909.71,6.11,4.40,0.00,4.40,0.6340,"144,000",42.9130,-75.0000,4.4550,4.7040,4.9020,4.4286,4.4408,4.5080,-0.0672,-0.0719,4.5923,4.3177,9.4600,-519095.5457,4.4156,4.4333,4.4471,0.9717,0.0000,0.0000,0.0000,-,-,-,-,-,0.318,0.128,-,0.003,0.043,0.003,-,4.40,0.00,104,0.6340,66.47%,30.05%,36.42%,33.53%,0.00%,0.00%,-,-,0.72,16.94,30 Apr 2026,30 Jul 2026,6.11,73.33,11158423080.00,Z-EQ,1115842308
STYLECRAFT,Stylecraft Limited,Textile,Z,733.11,-,52.70,0.57,52.80,0.2750,"5,207",45.6664,-50.9804,52.5650,55.7360,52.0075,52.8563,52.9074,53.5702,-0.6628,-0.8625,54.5579,50.5721,10.2200,-9505.8515,52.8933,52.9756,52.7729,1.3724,0.0000,0.0000,0.0000,-,1.409,-,0.779,-,-,-,-,-,-,-,-,52.50,0.30,38,0.2750,67.97%,7.11%,60.86%,32.03%,0.00%,0.00%,-,-,-1.08,4.62,29 Oct 2025,11 Dec 2025,-,-,138847500.00,Z-EQ,13884750
SUMITPOWER,Summit Power Limited,Fuel & Power,A,16338.52,40.53,15.30,-0.65,15.30,7.4290,"483,465",41.4164,-72.7273,15.3800,16.0420,14.4285,15.4067,15.4221,15.5668,-0.1446,-0.1789,15.6522,15.1078,10.2800,-389302.0394,15.4133,15.4269,15.4048,0.9279,0.0000,0.0000,0.0000,6.86,1.490,-,1.454,0.087,0.133,0.080,0.145,0.033,0.055,-,-,15.40,-0.10,275,7.4290,36.81%,17.95%,15.21%,63.19%,0.00%,3.65%,-,10.50,0.38,40.57,23 Oct 2025,24 Dec 2025,40.53,7.86,10678772390.00,A-EQ,1067877239
SUNLIFEINS,Sunlife Insurance Company Limited,Insurance,B,2063.39,-,57.70,-1.54,57.70,44.0390,"760,519",60.4132,-10.6383,50.9800,57.0360,60.4995,54.8622,54.0719,53.7425,0.3294,-1.2510,58.8325,43.1275,272.0000,181586.8968,55.7156,54.7718,52.7133,0.9497,0.0000,0.0000,0.0000,-,-,-,-,-,-,-,-,-,-,-,-,58.60,-0.90,"1,172",44.0390,64.34%,13.29%,51.05%,35.66%,0.00%,0.00%,-,-,0.00,0.00,14 Jun 2026,03 Sep 2026,-,-,357606900.00,B-EQ,35760690
TAKAFULINS,Takaful Islami Insurance PLC.,Insurance,A,2214.52,43.97,52.00,-2.26,52.00,7.4410,"141,989",44.2260,-93.4783,54.3450,53.2440,39.7425,53.4925,53.6189,53.5059,0.1130,0.4439,56.9034,51.7866,266.6600,-487338.8110,53.3800,53.5333,53.9667,1.0341,0.0000,0.0000,0.0000,1.92,-,-,-,-,-,-,-,-,-,-,-,53.20,-1.20,335,7.4410,50.48%,15.93%,34.50%,49.52%,0.00%,0.05%,-,10.00,1.21,18.44,30 Apr 2026,20 Jun 2026,43.97,19.28,425869770.00,A-EQ,42586977
TALLUSPIN,Tallu Spinning Mills Limited,Textile,Z,598.55,-,6.70,0.00,6.70,0.2720,"40,448",33.1884,-75.0000,7.1150,7.6820,7.6825,6.8881,6.9551,7.2206,-0.2655,-0.2432,7.6964,6.5336,31.1700,-121783.7921,6.8444,6.9000,6.9890,1.3089,0.0000,0.0000,0.0000,-,1.346,-,0.734,-,-,-,-,-,-,-,-,6.70,0.00,51,0.2720,70.39%,14.05%,55.99%,29.61%,0.00%,0.35%,-,-,-2.84,10.51,29 Sep 2026,12 Nov 2026,-,-,893353750.00,Z-EQ,89335375
TAMIJTEX,Tamijuddin Textile Mills PLC,Textile,A,3710.59,16.53,112.20,1.17,112.20,7.2380,"64,699",38.7362,-70.6422,115.1450,123.7540,122.4615,113.3381,113.9946,117.2139,-3.2194,-3.2927,121.4534,108.8366,41.2000,-81710.3782,112.9244,113.5128,114.1495,1.4222,0.0000,0.0000,0.0000,1.07,1.196,-,0.505,-,-,-,-,-,-,-,-,110.90,1.30,391,7.2380,38.77%,1.56%,37.21%,61.23%,0.00%,0.00%,10.00,12.00,6.71,102.79,30 Oct 2025,30 Dec 2025,16.53,20.39,330712430.00,A-EQ,33071243
TB10Y0127,10Y BGTB 18/01/2027,G-SEC (T.Bond),A,0.00,-,0.00,-0.01,99.39,0.0000,0,,,,,,,,,,,,,,,,,,,,,,-,-,-,-,-,-,-,-,-,-,-,-,99.40,-0.01,0,0.0000,0.00%,0.00%,0.00%,0.00%,0.00%,0.00%,-,-,0.00,0.00,-,-,-,-,-,A-GOVDBT,-
TB10Y0130,10Y BGTB 22/01/2030,G-SEC (T.Bond),A,0.00,-,0.00,0.14,100.55,0.0000,0,,,,,,,,,,,,,,,,,,,,,,-,-,-,-,-,-,-,-,-,-,-,-,100.41,0.14,0,0.0000,0.00%,0.00%,0.00%,0.00%,0.00%,0.00%,-,-,0.00,0.00,-,-,-,-,-,A-GOVDBT,-
TB10Y0132,10Y BGTB 19/01/2032,G-SEC (T.Bond),A,41512.50,-,0.00,-0.05,92.25,0.0000,0,,,,,,,,,,,,,,,,,,,,,,-,-,-,-,-,-,-,-,-,-,-,-,92.30,-0.05,0,0.0000,0.00%,0.00%,0.00%,0.00%,0.00%,0.00%,-,-,0.00,0.00,-,-,-,-,4500000000.00,A-GOVDBT,450000000
TB10Y0135,10Y BGTB 22/01/2035,G-SEC (T.Bond),A,0.00,-,0.00,-0.86,117.35,0.0000,0,61.2208,0.0000,118.8850,0.0000,0.0000,112.9726,112.4528,111.5461,0.9067,0.1918,125.2424,112.5276,0.0000,-827.0650,118.3987,118.7199,118.9421,0.0512,0.0000,0.0000,0.0000,-,-,-,-,-,-,-,-,-,-,-,-,118.37,-1.02,0,0.0000,0.00%,0.00%,0.00%,0.00%,0.00%,0.00%,-,-,0.00,0.00,-,-,-,-,-,A-GOVDBT,-
TB10Y0231,10Y BGTB 17/02/2031,G-SEC (T.Bond),A,0.00,-,0.00,-0.68,88.58,0.0000,0,,,,,,,,,,,,,,,,,,,,,,-,-,-,-,-,-,-,-,-,-,-,-,89.19,-0.61,0,0.0000,0.00%,0.00%,0.00%,0.00%,0.00%,0.00%,-,-,0.00,0.00,-,-,-,-,-,A-GOVDBT,-
TB10Y0234,10Y BGTB 22/02/2034,G-SEC (T.Bond),A,0.00,-,0.00,0.72,115.53,0.0000,0,67.3098,0.0000,117.3835,0.0000,0.0000,108.6944,108.3529,107.6690,0.6839,0.2558,123.5523,111.2147,0.0000,108.3149,116.4682,116.9191,117.2913,0.2215,0.0000,0.0000,0.0000,-,-,-,-,-,-,-,-,-,-,-,-,114.70,0.83,0,0.0000,0.00%,0.00%,0.00%,0.00%,0.00%,0.00%,-,-,0.00,0.00,-,-,-,-,-,A-GOVDBT,-
TB10Y0333,10Y BGTB 15/03/2033,G-SEC (T.Bond),A,0.00,-,0.00,0.00,98.18,0.0000,0,,,,,,,,,,,,,,,,,,,,,,-,-,-,-,-,-,-,-,-,-,-,-,98.18,0.00,0,0.0000,0.00%,0.00%,0.00%,0.00%,0.00%,0.00%,-,-,0.00,0.00,-,-,-,-,-,A-GOVDBT,-
TB10Y0335,10Y BGTB 19/03/2035,G-SEC (T.Bond),A,0.00,-,0.00,-0.51,116.85,0.0000,0,,,,,,,,,,,,,,,,,,,,,,-,-,-,-,-,-,-,-,-,-,-,-,117.45,-0.60,0,0.0000,0.00%,0.00%,0.00%,0.00%,0.00%,0.00%,-,-,0.00,0.00,-,-,-,-,-,A-GOVDBT,-
TB10Y0429,10Y BGTB 17/04/2029,G-SEC (T.Bond),A,0.00,-,0.00,0.25,97.84,0.0000,0,,,,,,,,,,,,,,,,,,,,,,-,-,-,-,-,-,-,-,-,-,-,-,97.60,0.24,0,0.0000,0.00%,0.00%,0.00%,0.00%,0.00%,0.00%,-,-,0.00,0.00,-,-,-,-,-,A-GOVDBT,-
TB10Y0434,10Y BGTB 17/04/2034,G-SEC (T.Bond),A,0.00,-,0.00,2.02,118.02,0.0000,0,68.2570,-5.6108,117.4870,0.0000,0.0000,114.3537,113.3233,110.8521,2.4712,1.3712,125.6467,109.3273,0.0000,0.0000,118.3042,118.1679,117.8745,0.1883,0.0000,0.0000,0.0000,-,-,-,-,-,-,-,-,-,-,-,-,115.68,2.34,0,0.0000,0.00%,0.00%,0.00%,0.00%,0.00%,0.00%,-,-,0.00,0.00,-,-,-,-,-,A-GOVDBT,-
TB10Y0530,10Y BGTB 07/05/2030,G-SEC (T.Bond),A,0.00,-,0.00,0.07,99.10,0.0000,0,,,,,,,,,,,,,,,,,,,,,,-,-,-,-,-,-,-,-,-,-,-,-,99.03,0.07,0,0.0000,0.00%,0.00%,0.00%,0.00%,0.00%,0.00%,-,-,0.00,0.00,-,-,-,-,-,A-GOVDBT,-
TB10Y0531,10Y BGTB 19/05/2031,G-SEC (T.Bond),A,0.00,-,0.00,-1.13,87.00,0.0000,0,,,,,,,,,,,,,,,,,,,,,,-,-,-,-,-,-,-,-,-,-,-,-,87.99,-0.99,0,0.0000,0.00%,0.00%,0.00%,0.00%,0.00%,0.00%,-,-,0.00,0.00,-,-,-,-,-,A-GOVDBT,-
TB10Y0532,10Y BGTB 25/05/2032,G-SEC (T.Bond),A,0.00,-,0.00,1.46,97.39,0.0000,0,,,,,,,,,,,,,,,,,,,,,,-,-,-,-,-,-,-,-,-,-,-,-,95.99,1.40,0,0.0000,0.00%,0.00%,0.00%,0.00%,0.00%,0.00%,-,-,0.00,0.00,-,-,-,-,-,A-GOVDBT,-
TB10Y0535,10Y BGTB 21/05/2035,G-SEC (T.Bond),A,0.00,-,0.00,-0.11,115.41,0.0000,0,66.4011,0.0000,118.1340,0.0000,0.0000,111.5609,110.8475,108.9512,1.8964,1.2222,123.2435,113.0245,0.0000,6785.6093,118.4307,118.5151,118.4317,0.0179,0.0000,0.0000,0.0000,-,-,-,-,-,-,-,-,-,-,-,-,115.54,-0.13,0,0.0000,0.00%,0.00%,0.00%,0.00%,0.00%,0.00%,-,-,0.00,0.00,-,-,-,-,-,A-GOVDBT,-
TB10Y0628,10Y BGTB 20/06/2028,G-SEC (T.Bond),A,0.00,-,0.00,0.02,98.50,0.0000,0,,,,,,,,,,,,,,,,,,,,,,-,-,-,-,-,-,-,-,-,-,-,-,98.48,0.02,0,0.0000,0.00%,0.00%,0.00%,0.00%,0.00%,0.00%,-,-,0.00,0.00,-,-,-,-,-,A-GOVDBT,-
TB10Y0629,10Y BGTB 19/06/2029,G-SEC (T.Bond),A,0.00,-,0.00,0.26,99.23,0.0000,0,,,,,,,,,,,,,,,,,,,,,,-,-,-,-,-,-,-,-,-,-,-,-,98.97,0.26,0,0.0000,0.00%,0.00%,0.00%,0.00%,0.00%,0.00%,-,-,0.00,0.00,-,-,-,-,-,A-GOVDBT,-
TB10Y0630,10Y BGTB 17/06/2030,G-SEC (T.Bond),A,0.00,-,0.00,0.04,98.75,0.0000,0,,,,,,,,,,,,,,,,,,,,,,-,-,-,-,-,-,-,-,-,-,-,-,98.71,0.04,0,0.0000,0.00%,0.00%,0.00%,0.00%,0.00%,0.00%,-,-,0.00,0.00,-,-,-,-,-,A-GOVDBT,-
TB10Y0632,10Y BGTB 22/06/2032,G-SEC (T.Bond),A,0.00,-,0.00,0.90,97.30,0.0000,0,,,,,,,,,,,,,,,,,,,,,,-,-,-,-,-,-,-,-,-,-,-,-,96.43,0.87,0,0.0000,0.00%,0.00%,0.00%,0.00%,0.00%,0.00%,-,-,0.00,0.00,-,-,-,-,-,A-GOVDBT,-
TB10Y0634,10 Years BGTB 20/06/2034,G-SEC (T.Bond),A,0.00,-,0.00,0.83,119.61,0.0000,0,60.3191,-31.6824,120.0675,0.0000,0.0000,114.5281,113.6299,111.4429,2.1870,1.2436,133.2508,106.8842,0.0000,6181.7769,118.8711,119.3690,119.8714,0.1174,0.0000,0.0000,0.0000,-,-,-,-,-,-,-,-,-,-,-,-,118.63,0.98,0,0.0000,0.00%,0.00%,0.00%,0.00%,0.00%,0.00%,-,-,0.00,0.00,-,-,-,-,-,A-GOVDBT,-
TB10Y0730,10Y BGTB 22/07/2030,G-SEC (T.Bond),A,0.00,-,0.00,0.03,96.24,0.0000,0,,,,,,,,,,,,,,,,,,,,,,-,-,-,-,-,-,-,-,-,-,-,-,96.21,0.03,0,0.0000,0.00%,0.00%,0.00%,0.00%,0.00%,0.00%,-,-,0.00,0.00,-,-,-,-,-,A-GOVDBT,-
TB10Y0731,10Y BGTB 25/07/2031,G-SEC (T.Bond),A,0.00,-,0.00,-1.49,84.86,0.0000,0,,,,,,,,,,,,,,,,,,,,,,-,-,-,-,-,-,-,-,-,-,-,-,86.14,-1.28,0,0.0000,0.00%,0.00%,0.00%,0.00%,0.00%,0.00%,-,-,0.00,0.00,-,-,-,-,-,A-GOVDBT,-
TB10Y0735,10Y BGTB 23/07/2035,G-SEC (T.Bond),A,31905.00,-,0.00,0.00,106.35,0.0000,0,,,,,,,,,,,,,,,,,,,,,,-,-,-,-,-,-,-,-,-,-,-,-,106.35,0.00,0,0.0000,0.00%,0.00%,0.00%,0.00%,0.00%,0.00%,-,-,0.00,0.00,-,-,-,-,3000000000.00,A-GOVDBT,300000000
TB10Y0829,10Y BGTB 21/08/2029,G-SEC (T.Bond),A,0.00,-,0.00,0.23,101.13,0.0000,0,,,,,,,,,,,,,,,,,,,,,,-,-,-,-,-,-,-,-,-,-,-,-,100.90,0.23,0,0.0000,0.00%,0.00%,0.00%,0.00%,0.00%,0.00%,-,-,0.00,0.00,-,-,-,-,-,A-GOVDBT,-
TB10Y0833,10Y BGTB 16/08/2033,G-SEC (T.Bond),A,0.00,-,0.00,-0.16,100.49,0.0000,0,,,,,,,,,,,,,,,,,,,,,,-,-,-,-,-,-,-,-,-,-,-,-,100.65,-0.16,0,0.0000,0.00%,0.00%,0.00%,0.00%,0.00%,0.00%,-,-,0.00,0.00,-,-,-,-,-,A-GOVDBT,-
TB10Y0932,10Y BGTB 21/09/2032,G-SEC (T.Bond),A,0.00,-,0.00,-0.92,95.56,0.0000,0,,,,,,,,,,,,,,,,,,,,,,-,-,-,-,-,-,-,-,-,-,-,-,96.45,-0.89,0,0.0000,0.00%,0.00%,0.00%,0.00%,0.00%,0.00%,-,-,0.00,0.00,-,-,-,-,-,A-GOVDBT,-
TB10Y1027,10Y BGTB 18/10/2027,G-SEC (T.Bond),A,0.00,-,0.00,0.01,98.57,0.0000,0,,,,,,,,,,,,,,,,,,,,,,-,-,-,-,-,-,-,-,-,-,-,-,98.56,0.01,0,0.0000,0.00%,0.00%,0.00%,0.00%,0.00%,0.00%,-,-,0.00,0.00,-,-,-,-,-,A-GOVDBT,-
TB10Y1030,10Y BGTB 21/10/2030,G-SEC (T.Bond),A,0.00,-,0.00,-0.17,88.33,0.0000,0,,,,,,,,,,,,,,,,,,,,,,-,-,-,-,-,-,-,-,-,-,-,-,88.48,-0.15,0,0.0000,0.00%,0.00%,0.00%,0.00%,0.00%,0.00%,-,-,0.00,0.00,-,-,-,-,-,A-GOVDBT,-
TB10Y1031,10Y BGTB 19/10/2031,G-SEC (T.Bond),A,0.00,-,0.00,-1.05,90.34,0.0000,0,,,,,,,,,,,,,,,,,,,,,,-,-,-,-,-,-,-,-,-,-,-,-,91.30,-0.96,0,0.0000,0.00%,0.00%,0.00%,0.00%,0.00%,0.00%,-,-,0.00,0.00,-,-,-,-,-,A-GOVDBT,-
TB10Y1128,10Y BGTB 22/11/2028,G-SEC (T.Bond),A,0.00,-,0.00,0.11,97.24,0.0000,0,,,,,,,,,,,,,,,,,,,,,,-,-,-,-,-,-,-,-,-,-,-,-,97.13,0.11,0,0.0000,0.00%,0.00%,0.00%,0.00%,0.00%,0.00%,-,-,0.00,0.00,-,-,-,-,-,A-GOVDBT,-
TB10Y1135,10Y BGTB 19/11/2035,G-SEC (T.Bond),A,26827.50,-,0.00,0.23,107.31,0.0000,0,,,,,,,,,,,,,,,,,,,,,,-,-,-,-,-,-,-,-,-,-,-,-,107.06,0.25,0,0.0000,0.00%,0.00%,0.00%,0.00%,0.00%,0.00%,-,-,0.00,0.00,-,-,-,-,2500000000.00,A-GOVDBT,250000000
TB10Y1229,10Y BGTB 18/12/2029,G-SEC (T.Bond),A,0.00,-,0.00,0.18,100.85,0.0000,0,,,,,,,,,,,,,,,,,,,,,,-,-,-,-,-,-,-,-,-,-,-,-,100.67,0.18,0,0.0000,0.00%,0.00%,0.00%,0.00%,0.00%,0.00%,-,-,0.00,0.00,-,-,-,-,-,A-GOVDBT,-
TB10Y1232,10Y BGTB 21/12/2032,G-SEC (T.Bond),A,0.00,-,0.00,-0.46,97.08,0.0000,0,,,,,,,,,,,,,,,,,,,,,,-,-,-,-,-,-,-,-,-,-,-,-,97.53,-0.45,0,0.0000,0.00%,0.00%,0.00%,0.00%,0.00%,0.00%,-,-,0.00,0.00,-,-,-,-,-,A-GOVDBT,-
TB15Y0127,15Y BGTB 18/01/2027,G-SEC (T.Bond),A,0.00,-,0.00,-0.01,100.74,0.0000,0,,,,,,,,,,,,,,,,,,,,,,-,-,-,-,-,-,-,-,-,-,-,-,100.75,-0.01,0,0.0000,0.00%,0.00%,0.00%,0.00%,0.00%,0.00%,-,-,0.00,0.00,-,-,-,-,-,A-GOVDBT,-
TB15Y0128,15Y BGTB 16/01/2028,G-SEC (T.Bond),A,0.00,-,0.00,0.00,104.47,0.0000,0,,,,,,,,,,,,,,,,,,,,,,-,-,-,-,-,-,-,-,-,-,-,-,104.47,0.00,0,0.0000,0.00%,0.00%,0.00%,0.00%,0.00%,0.00%,-,-,0.00,0.00,-,-,-,-,-,A-GOVDBT,-
TB15Y0129,15Y BGTB 29/01/2029,G-SEC (T.Bond),A,0.00,-,0.00,0.16,107.34,0.0000,0,,,,,,,,,,,,,,,,,,,,,,-,-,-,-,-,-,-,-,-,-,-,-,107.17,0.17,0,0.0000,0.00%,0.00%,0.00%,0.00%,0.00%,0.00%,-,-,0.00,0.00,-,-,-,-,-,A-GOVDBT,-
TB15Y0227,15Y BGTB 22/02/2027,G-SEC (T.Bond),A,0.00,-,0.00,-0.01,101.04,0.0000,0,,,,,,,,,,,,,,,,,,,,,,-,-,-,-,-,-,-,-,-,-,-,-,101.05,-0.01,0,0.0000,0.00%,0.00%,0.00%,0.00%,0.00%,0.00%,-,-,0.00,0.00,-,-,-,-,-,A-GOVDBT,-
TB15Y0228,15Y BGTB 20/02/2028,G-SEC (T.Bond),A,0.00,-,0.00,0.00,104.92,0.0000,0,,,,,,,,,,,,,,,,,,,,,,-,-,-,-,-,-,-,-,-,-,-,-,104.92,0.00,0,0.0000,0.00%,0.00%,0.00%,0.00%,0.00%,0.00%,-,-,0.00,0.00,-,-,-,-,-,A-GOVDBT,-
TB15Y0229,15Y BGTB 26/02/2029,G-SEC (T.Bond),A,0.00,-,0.00,0.18,107.30,0.0000,0,,,,,,,,,,,,,,,,,,,,,,-,-,-,-,-,-,-,-,-,-,-,-,107.11,0.19,0,0.0000,0.00%,0.00%,0.00%,0.00%,0.00%,0.00%,-,-,0.00,0.00,-,-,-,-,-,A-GOVDBT,-
TB15Y0327,15Y BGTB 21/03/2027,G-SEC (T.Bond),A,0.00,-,0.00,-0.01,101.33,0.0000,0,,,,,,,,,,,,,,,,,,,,,,-,-,-,-,-,-,-,-,-,-,-,-,101.34,-0.01,0,0.0000,0.00%,0.00%,0.00%,0.00%,0.00%,0.00%,-,-,0.00,0.00,-,-,-,-,-,A-GOVDBT,-
TB15Y0328,15Y BGTB 20/03/2028,G-SEC (T.Bond),A,0.00,-,0.00,0.00,105.32,0.0000,0,,,,,,,,,,,,,,,,,,,,,,-,-,-,-,-,-,-,-,-,-,-,-,105.32,0.00,0,0.0000,0.00%,0.00%,0.00%,0.00%,0.00%,0.00%,-,-,0.00,0.00,-,-,-,-,-,A-GOVDBT,-
TB15Y0329,15Y BGTB 27/03/2029,G-SEC (T.Bond),A,0.00,-,0.00,0.21,107.28,0.0000,0,,,,,,,,,,,,,,,,,,,,,,-,-,-,-,-,-,-,-,-,-,-,-,107.06,0.22,0,0.0000,0.00%,0.00%,0.00%,0.00%,0.00%,0.00%,-,-,0.00,0.00,-,-,-,-,-,A-GOVDBT,-
TB15Y0339,15Y BGTB 27/03/2039,G-SEC (T.Bond),A,0.00,-,121.63,0.53,121.63,0.1220,"1,000",71.5503,-10.8292,122.5150,0.0000,0.0000,118.7331,117.6919,115.3036,2.3883,1.2258,132.2014,112.8286,0.0000,0.0000,121.3367,121.8808,122.3590,-0.0841,0.0000,0.0000,0.0000,-,-,-,-,-,-,-,-,-,-,-,-,120.99,0.64,1,0.1220,0.00%,0.00%,0.00%,0.00%,0.00%,0.00%,-,-,0.00,0.00,-,-,-,-,-,A-GOVDBT,-
TB15Y0340,15Y BGTB 27/03/2040,G-SEC (T.Bond),A,0.00,-,0.00,0.00,123.08,0.0000,0,59.5600,-29.4816,126.0255,0.0000,0.0000,121.6274,120.4279,117.6020,2.8259,1.5215,138.1620,113.8890,0.0000,0.0000,125.6918,126.0271,126.1760,0.3150,0.0000,0.0000,0.0000,-,-,-,-,-,-,-,-,-,-,-,-,123.08,0.00,0,0.0000,0.00%,0.00%,0.00%,0.00%,0.00%,0.00%,-,-,0.00,0.00,-,-,-,-,-,A-GOVDBT,-
TB15Y0427,15Y BGTB 18/04/2027,G-SEC (T.Bond),A,0.00,-,0.00,-0.01,101.58,0.0000,0,,,,,,,,,,,,,,,,,,,,,,-,-,-,-,-,-,-,-,-,-,-,-,101.59,-0.01,0,0.0000,0.00%,0.00%,0.00%,0.00%,0.00%,0.00%,-,-,0.00,0.00,-,-,-,-,-,A-GOVDBT,-
TB15Y0428,15Y BGTB 17/04/2028,G-SEC (T.Bond),A,0.00,-,0.00,0.00,105.57,0.0000,0,,,,,,,,,,,,,,,,,,,,,,-,-,-,-,-,-,-,-,-,-,-,-,105.57,0.00,0,0.0000,0.00%,0.00%,0.00%,0.00%,0.00%,0.00%,-,-,0.00,0.00,-,-,-,-,-,A-GOVDBT,-
TB15Y0429,15Y BGTB 23/04/2029,G-SEC (T.Bond),A,0.00,-,0.00,0.23,107.33,0.0000,0,,,,,,,,,,,,,,,,,,,,,,-,-,-,-,-,-,-,-,-,-,-,-,107.08,0.25,0,0.0000,0.00%,0.00%,0.00%,0.00%,0.00%,0.00%,-,-,0.00,0.00,-,-,-,-,-,A-GOVDBT,-
TB15Y0431,15Y BGTB 27/04/2031,G-SEC (T.Bond),A,0.00,-,0.00,-0.99,94.48,0.0000,0,,,,,,,,,,,,,,,,,,,,,,-,-,-,-,-,-,-,-,-,-,-,-,95.42,-0.94,0,0.0000,0.00%,0.00%,0.00%,0.00%,0.00%,0.00%,-,-,0.00,0.00,-,-,-,-,-,A-GOVDBT,-
TB15Y0437,15Y BGTB 27/04/2037,G-SEC (T.Bond),A,0.00,-,0.00,-4.10,94.24,0.0000,0,,,,,,,,,,,,,,,,,,,,,,-,-,-,-,-,-,-,-,-,-,-,-,98.27,-4.03,0,0.0000,0.00%,0.00%,0.00%,0.00%,0.00%,0.00%,-,-,0.00,0.00,-,-,-,-,-,A-GOVDBT,-
TB15Y0527,15Y BGTB 23/05/2027,G-SEC (T.Bond),A,0.00,-,0.00,-0.01,101.90,0.0000,0,,,,,,,,,,,,,,,,,,,,,,-,-,-,-,-,-,-,-,-,-,-,-,101.91,-0.01,0,0.0000,0.00%,0.00%,0.00%,0.00%,0.00%,0.00%,-,-,0.00,0.00,-,-,-,-,-,A-GOVDBT,-
TB15Y0528,15Y BGTB 22/05/2028,G-SEC (T.Bond),A,0.00,-,0.00,0.01,105.89,0.0000,0,,,,,,,,,,,,,,,,,,,,,,-,-,-,-,-,-,-,-,-,-,-,-,105.88,0.01,0,0.0000,0.00%,0.00%,0.00%,0.00%,0.00%,0.00%,-,-,0.00,0.00,-,-,-,-,-,A-GOVDBT,-
TB15Y0529,15Y BGTB 28/05/2029,G-SEC (T.Bond),A,0.00,-,0.00,0.24,107.49,0.0000,0,,,,,,,,,,,,,,,,,,,,,,-,-,-,-,-,-,-,-,-,-,-,-,107.23,0.26,0,0.0000,0.00%,0.00%,0.00%,0.00%,0.00%,0.00%,-,-,0.00,0.00,-,-,-,-,-,A-GOVDBT,-
TB15Y0535,15Y BGTB 13/05/2035,G-SEC (T.Bond),A,0.00,-,0.00,-0.17,98.03,0.0000,0,,,,,,,,,,,,,,,,,,,,,,-,-,-,-,-,-,-,-,-,-,-,-,98.20,-0.17,0,0.0000,0.00%,0.00%,0.00%,0.00%,0.00%,0.00%,-,-,0.00,0.00,-,-,-,-,-,A-GOVDBT,-
TB15Y0627,15Y BGTB 20/06/2027,G-SEC (T.Bond),A,0.00,-,0.00,-0.01,102.18,0.0000,0,,,,,,,,,,,,,,,,,,,,,,-,-,-,-,-,-,-,-,-,-,-,-,102.19,-0.01,0,0.0000,0.00%,0.00%,0.00%,0.00%,0.00%,0.00%,-,-,0.00,0.00,-,-,-,-,-,A-GOVDBT,-
TB15Y0628,15Y BGTB 19/06/2028,G-SEC (T.Bond),A,0.00,-,0.00,0.00,106.16,0.0000,0,,,,,,,,,,,,,,,,,,,,,,-,-,-,-,-,-,-,-,-,-,-,-,106.16,0.00,0,0.0000,0.00%,0.00%,0.00%,0.00%,0.00%,0.00%,-,-,0.00,0.00,-,-,-,-,-,A-GOVDBT,-
TB15Y0629,15Y BGTB 25/06/2029,G-SEC (T.Bond),A,0.00,-,0.00,0.24,107.62,0.0000,0,,,,,,,,,,,,,,,,,,,,,,-,-,-,-,-,-,-,-,-,-,-,-,107.36,0.26,0,0.0000,0.00%,0.00%,0.00%,0.00%,0.00%,0.00%,-,-,0.00,0.00,-,-,-,-,-,A-GOVDBT,-
TB15Y0635,15Y BGTB 24/06/2035,G-SEC (T.Bond),A,0.00,-,0.00,0.11,96.44,0.0000,0,,,,,,,,,,,,,,,,,,,,,,-,-,-,-,-,-,-,-,-,-,-,-,96.33,0.11,0,0.0000,0.00%,0.00%,0.00%,0.00%,0.00%,0.00%,-,-,0.00,0.00,-,-,-,-,-,A-GOVDBT,-
TB15Y0637,15Y BGTB 29/06/2037,G-SEC (T.Bond),A,0.00,-,0.00,-4.61,98.37,0.0000,0,,,,,,,,,,,,,,,,,,,,,,-,-,-,-,-,-,-,-,-,-,-,-,103.12,-4.75,0,0.0000,0.00%,0.00%,0.00%,0.00%,0.00%,0.00%,-,-,0.00,0.00,-,-,-,-,-,A-GOVDBT,-
TB15Y0727,15Y BGTB 18/07/2027,G-SEC (T.Bond),A,0.00,-,0.00,-0.01,102.48,0.0000,0,,,,,,,,,,,,,,,,,,,,,,-,-,-,-,-,-,-,-,-,-,-,-,102.49,-0.01,0,0.0000,0.00%,0.00%,0.00%,0.00%,0.00%,0.00%,-,-,0.00,0.00,-,-,-,-,-,A-GOVDBT,-
TB15Y0728,15Y BGTB 24/07/2028,G-SEC (T.Bond),A,0.00,-,0.00,0.03,106.44,0.0000,0,,,,,,,,,,,,,,,,,,,,,,-,-,-,-,-,-,-,-,-,-,-,-,106.41,0.03,0,0.0000,0.00%,0.00%,0.00%,0.00%,0.00%,0.00%,-,-,0.00,0.00,-,-,-,-,-,A-GOVDBT,-
TB15Y0729,15Y BGTB 23/07/2029,G-SEC (T.Bond),A,0.00,-,0.00,0.22,107.50,0.0000,0,,,,,,,,,,,,,,,,,,,,,,-,-,-,-,-,-,-,-,-,-,-,-,107.26,0.24,0,0.0000,0.00%,0.00%,0.00%,0.00%,0.00%,0.00%,-,-,0.00,0.00,-,-,-,-,-,A-GOVDBT,-
TB15Y0730,15Y BGTB 29/07/2030,G-SEC (T.Bond),A,0.00,-,0.00,0.02,103.09,0.0000,0,,,,,,,,,,,,,,,,,,,,,,-,-,-,-,-,-,-,-,-,-,-,-,103.07,0.02,0,0.0000,0.00%,0.00%,0.00%,0.00%,0.00%,0.00%,-,-,0.00,0.00,-,-,-,-,-,A-GOVDBT,-
TB15Y0736,15Y BGTB 28/07/2036,G-SEC (T.Bond),A,0.00,-,0.00,-1.85,78.36,0.0000,0,,,,,,,,,,,,,,,,,,,,,,-,-,-,-,-,-,-,-,-,-,-,-,79.84,-1.48,0,0.0000,0.00%,0.00%,0.00%,0.00%,0.00%,0.00%,-,-,0.00,0.00,-,-,-,-,-,A-GOVDBT,-
TB15Y0828,15Y BGTB 29/08/2028,G-SEC (T.Bond),A,0.00,-,0.00,0.04,106.71,0.0000,0,,,,,,,,,,,,,,,,,,,,,,-,-,-,-,-,-,-,-,-,-,-,-,106.67,0.04,0,0.0000,0.00%,0.00%,0.00%,0.00%,0.00%,0.00%,-,-,0.00,0.00,-,-,-,-,-,A-GOVDBT,-
TB15Y0829,15Y BGTB 27/08/2029,G-SEC (T.Bond),A,0.00,-,0.00,0.22,106.96,0.0000,0,,,,,,,,,,,,,,,,,,,,,,-,-,-,-,-,-,-,-,-,-,-,-,106.73,0.23,0,0.0000,0.00%,0.00%,0.00%,0.00%,0.00%,0.00%,-,-,0.00,0.00,-,-,-,-,-,A-GOVDBT,-
TB15Y0840,15Y BGTB 27/08/2040,G-SEC (T.Bond),A,0.00,-,0.00,0.00,106.58,0.0000,0,,,,,,,,,,,,,,,,,,,,,,-,-,-,-,-,-,-,-,-,-,-,-,106.58,0.00,0,0.0000,0.00%,0.00%,0.00%,0.00%,0.00%,0.00%,-,-,0.00,0.00,-,-,-,-,-,A-GOVDBT,-
TB15Y0927,15Y BGTB 19/09/2027,G-SEC (T.Bond),A,0.00,-,0.00,-0.01,103.11,0.0000,0,,,,,,,,,,,,,,,,,,,,,,-,-,-,-,-,-,-,-,-,-,-,-,103.12,-0.01,0,0.0000,0.00%,0.00%,0.00%,0.00%,0.00%,0.00%,-,-,0.00,0.00,-,-,-,-,-,A-GOVDBT,-
TB15Y0928,15Y BGTB 25/09/2028,G-SEC (T.Bond),A,0.00,-,0.00,0.06,106.96,0.0000,0,,,,,,,,,,,,,,,,,,,,,,-,-,-,-,-,-,-,-,-,-,-,-,106.90,0.06,0,0.0000,0.00%,0.00%,0.00%,0.00%,0.00%,0.00%,-,-,0.00,0.00,-,-,-,-,-,A-GOVDBT,-
TB15Y0929,15Y BGTB 24/09/2029,G-SEC (T.Bond),A,0.00,-,0.00,0.21,106.84,0.0000,0,,,,,,,,,,,,,,,,,,,,,,-,-,-,-,-,-,-,-,-,-,-,-,106.62,0.22,0,0.0000,0.00%,0.00%,0.00%,0.00%,0.00%,0.00%,-,-,0.00,0.00,-,-,-,-,-,A-GOVDBT,-
TB15Y0930,15Y BGTB 23/09/2030,G-SEC (T.Bond),A,0.00,-,0.00,-0.05,97.80,0.0000,0,,,,,,,,,,,,,,,,,,,,,,-,-,-,-,-,-,-,-,-,-,-,-,97.85,-0.05,0,0.0000,0.00%,0.00%,0.00%,0.00%,0.00%,0.00%,-,-,0.00,0.00,-,-,-,-,-,A-GOVDBT,-
TB15Y0933,15Y BGTB 26/09/2033,G-SEC (T.Bond),A,0.00,-,0.00,0.03,90.32,0.0000,0,,,,,,,,,,,,,,,,,,,,,,-,-,-,-,-,-,-,-,-,-,-,-,90.29,0.03,0,0.0000,0.00%,0.00%,0.00%,0.00%,0.00%,0.00%,-,-,0.00,0.00,-,-,-,-,-,A-GOVDBT,-
TB15Y1026,15Y BGTB 19/10/2026,G-SEC (T.Bond),A,0.00,-,0.00,-0.01,100.09,0.0000,0,,,,,,,,,,,,,,,,,,,,,,-,-,-,-,-,-,-,-,-,-,-,-,100.10,-0.01,0,0.0000,0.00%,0.00%,0.00%,0.00%,0.00%,0.00%,-,-,0.00,0.00,-,-,-,-,-,A-GOVDBT,-
TB15Y1027,15Y BGTB 17/10/2027,G-SEC (T.Bond),A,0.00,-,0.00,0.00,103.40,0.0000,0,,,,,,,,,,,,,,,,,,,,,,-,-,-,-,-,-,-,-,-,-,-,-,103.40,0.00,0,0.0000,0.00%,0.00%,0.00%,0.00%,0.00%,0.00%,-,-,0.00,0.00,-,-,-,-,-,A-GOVDBT,-
TB15Y1028,15Y BGTB 23/10/2028,G-SEC (T.Bond),A,0.00,-,0.00,0.07,107.15,0.0000,0,,,,,,,,,,,,,,,,,,,,,,-,-,-,-,-,-,-,-,-,-,-,-,107.07,0.08,0,0.0000,0.00%,0.00%,0.00%,0.00%,0.00%,0.00%,-,-,0.00,0.00,-,-,-,-,-,A-GOVDBT,-
TB15Y1029,15Y BGTB 29/10/2029,G-SEC (T.Bond),A,0.00,-,0.00,0.19,106.72,0.0000,0,,,,,,,,,,,,,,,,,,,,,,-,-,-,-,-,-,-,-,-,-,-,-,106.52,0.20,0,0.0000,0.00%,0.00%,0.00%,0.00%,0.00%,0.00%,-,-,0.00,0.00,-,-,-,-,-,A-GOVDBT,-
TB15Y1126,15Y BGTB 16/11/2026,G-SEC (T.Bond),A,0.00,-,0.00,-0.01,100.24,0.0000,0,,,,,,,,,,,,,,,,,,,,,,-,-,-,-,-,-,-,-,-,-,-,-,100.25,-0.01,0,0.0000,0.00%,0.00%,0.00%,0.00%,0.00%,0.00%,-,-,0.00,0.00,-,-,-,-,-,A-GOVDBT,-
TB15Y1127,15Y BGTB 21/11/2027,G-SEC (T.Bond),A,0.00,-,0.00,0.00,103.75,0.0000,0,,,,,,,,,,,,,,,,,,,,,,-,-,-,-,-,-,-,-,-,-,-,-,103.75,0.00,0,0.0000,0.00%,0.00%,0.00%,0.00%,0.00%,0.00%,-,-,0.00,0.00,-,-,-,-,-,A-GOVDBT,-
TB15Y1128,15Y BGTB 27/11/2028,G-SEC (T.Bond),A,0.00,-,0.00,0.11,107.13,0.0000,0,,,,,,,,,,,,,,,,,,,,,,-,-,-,-,-,-,-,-,-,-,-,-,107.01,0.12,0,0.0000,0.00%,0.00%,0.00%,0.00%,0.00%,0.00%,-,-,0.00,0.00,-,-,-,-,-,A-GOVDBT,-
TB15Y1129,15Y BGTB 26/11/2029,G-SEC (T.Bond),A,0.00,-,0.00,0.18,106.93,0.0000,0,,,,,,,,,,,,,,,,,,,,,,-,-,-,-,-,-,-,-,-,-,-,-,106.74,0.19,0,0.0000,0.00%,0.00%,0.00%,0.00%,0.00%,0.00%,-,-,0.00,0.00,-,-,-,-,-,A-GOVDBT,-
TB15Y1133,15Y BGTB 28/11/2033,G-SEC (T.Bond),A,0.00,-,0.00,0.35,91.93,0.0000,0,,,,,,,,,,,,,,,,,,,,,,-,-,-,-,-,-,-,-,-,-,-,-,91.61,0.32,0,0.0000,0.00%,0.00%,0.00%,0.00%,0.00%,0.00%,-,-,0.00,0.00,-,-,-,-,-,A-GOVDBT,-
TB15Y1226,15Y BGTB 21/12/2026,G-SEC (T.Bond),A,0.00,-,0.00,-0.01,100.44,0.0000,0,,,,,,,,,,,,,,,,,,,,,,-,-,-,-,-,-,-,-,-,-,-,-,100.45,-0.01,0,0.0000,0.00%,0.00%,0.00%,0.00%,0.00%,0.00%,-,-,0.00,0.00,-,-,-,-,-,A-GOVDBT,-
TB15Y1227,15Y BGTB 19/12/2027,G-SEC (T.Bond),A,0.00,-,0.00,0.00,104.10,0.0000,0,,,,,,,,,,,,,,,,,,,,,,-,-,-,-,-,-,-,-,-,-,-,-,104.10,0.00,0,0.0000,0.00%,0.00%,0.00%,0.00%,0.00%,0.00%,-,-,0.00,0.00,-,-,-,-,-,A-GOVDBT,-
TB15Y1228,15Y BGTB 26/12/2028,G-SEC (T.Bond),A,0.00,-,0.00,0.12,107.31,0.0000,0,,,,,,,,,,,,,,,,,,,,,,-,-,-,-,-,-,-,-,-,-,-,-,107.18,0.13,0,0.0000,0.00%,0.00%,0.00%,0.00%,0.00%,0.00%,-,-,0.00,0.00,-,-,-,-,-,A-GOVDBT,-
TB20Y0128,20Y BGTB 23/01/2028,G-SEC (T.Bond),A,0.00,-,0.00,0.00,105.73,0.0000,0,,,,,,,,,,,,,,,,,,,,,,-,-,-,-,-,-,-,-,-,-,-,-,105.73,0.00,0,0.0000,0.00%,0.00%,0.00%,0.00%,0.00%,0.00%,-,-,0.00,0.00,-,-,-,-,-,A-GOVDBT,-
TB20Y0129,20Y BGTB 28/01/2029,G-SEC (T.Bond),A,0.00,-,0.00,0.15,108.98,0.0000,0,,,,,,,,,,,,,,,,,,,,,,-,-,-,-,-,-,-,-,-,-,-,-,108.82,0.16,0,0.0000,0.00%,0.00%,0.00%,0.00%,0.00%,0.00%,-,-,0.00,0.00,-,-,-,-,-,A-GOVDBT,-
TB20Y0131,20Y BGTB 26/01/2031,G-SEC (T.Bond),A,0.00,-,0.00,-0.56,101.31,0.0000,0,,,,,,,,,,,,,,,,,,,,,,-,-,-,-,-,-,-,-,-,-,-,-,101.88,-0.57,0,0.0000,0.00%,0.00%,0.00%,0.00%,0.00%,0.00%,-,-,0.00,0.00,-,-,-,-,-,A-GOVDBT,-
TB20Y0132,20Y BGTB 25/01/2032,G-SEC (T.Bond),A,0.00,-,0.00,0.01,112.46,0.0000,0,,,,,,,,,,,,,,,,,,,,,,-,-,-,-,-,-,-,-,-,-,-,-,112.45,0.01,0,0.0000,0.00%,0.00%,0.00%,0.00%,0.00%,0.00%,-,-,0.00,0.00,-,-,-,-,-,A-GOVDBT,-
TB20Y0133,20Y BGTB 23/01/2033,G-SEC (T.Bond),A,0.00,-,0.00,-0.27,116.50,0.0000,0,,,,,,,,,,,,,,,,,,,,,,-,-,-,-,-,-,-,-,-,-,-,-,116.82,-0.32,0,0.0000,0.00%,0.00%,0.00%,0.00%,0.00%,0.00%,-,-,0.00,0.00,-,-,-,-,-,A-GOVDBT,-
TB20Y0134,20Y BGTB 29/01/2034,G-SEC (T.Bond),A,0.00,-,0.00,0.61,116.54,0.0000,0,,,,,,,,,,,,,,,,,,,,,,-,-,-,-,-,-,-,-,-,-,-,-,115.83,0.71,0,0.0000,0.00%,0.00%,0.00%,0.00%,0.00%,0.00%,-,-,0.00,0.00,-,-,-,-,-,A-GOVDBT,-
TB20Y0143,20Y BGTB 25/01/2043,G-SEC (T.Bond),A,0.00,-,0.00,-0.12,96.41,0.0000,0,67.5325,-5.7361,95.9010,0.0000,0.0000,95.4960,94.6072,92.2145,2.3927,1.5667,106.7874,85.0146,0.0000,-8197.0386,97.7742,97.5735,96.8222,0.4839,0.0000,0.0000,0.0000,-,-,-,-,-,-,-,-,-,-,-,-,96.53,-0.12,0,0.0000,0.00%,0.00%,0.00%,0.00%,0.00%,0.00%,-,-,0.00,0.00,-,-,-,-,-,A-GOVDBT,-
TB20Y0228,20Y BGTB 27/02/2028,G-SEC (T.Bond),A,0.00,-,0.00,-0.01,106.07,0.0000,0,,,,,,,,,,,,,,,,,,,,,,-,-,-,-,-,-,-,-,-,-,-,-,106.08,-0.01,0,0.0000,0.00%,0.00%,0.00%,0.00%,0.00%,0.00%,-,-,0.00,0.00,-,-,-,-,-,A-GOVDBT,-
TB20Y0229,20Y BGTB 25/02/2029,G-SEC (T.Bond),A,0.00,-,0.00,0.17,109.18,0.0000,0,,,,,,,,,,,,,,,,,,,,,,-,-,-,-,-,-,-,-,-,-,-,-,108.99,0.19,0,0.0000,0.00%,0.00%,0.00%,0.00%,0.00%,0.00%,-,-,0.00,0.00,-,-,-,-,-,A-GOVDBT,-
TB20Y0230,20Y BGTB 24/02/2030,G-SEC (T.Bond),A,0.00,-,0.00,0.12,100.37,0.0000,0,,,,,,,,,,,,,,,,,,,,,,-,-,-,-,-,-,-,-,-,-,-,-,100.25,0.12,0,0.0000,0.00%,0.00%,0.00%,0.00%,0.00%,0.00%,-,-,0.00,0.00,-,-,-,-,-,A-GOVDBT,-
TB20Y0231,20Y BGTB 23/02/2031,G-SEC (T.Bond),A,0.00,-,0.00,-0.68,101.25,0.0000,0,,,,,,,,,,,,,,,,,,,,,,-,-,-,-,-,-,-,-,-,-,-,-,101.94,-0.69,0,0.0000,0.00%,0.00%,0.00%,0.00%,0.00%,0.00%,-,-,0.00,0.00,-,-,-,-,-,A-GOVDBT,-
TB20Y0232,20Y BGTB 29/02/2032,G-SEC (T.Bond),A,0.00,-,0.00,0.39,113.33,0.0000,0,,,,,,,,,,,,,,,,,,,,,,-,-,-,-,-,-,-,-,-,-,-,-,112.89,0.44,0,0.0000,0.00%,0.00%,0.00%,0.00%,0.00%,0.00%,-,-,0.00,0.00,-,-,-,-,-,A-GOVDBT,-
TB20Y0233,20Y BGTB 27/02/2033,G-SEC (T.Bond),A,0.00,-,0.00,-0.09,117.45,0.0000,0,,,,,,,,,,,,,,,,,,,,,,-,-,-,-,-,-,-,-,-,-,-,-,117.56,-0.11,0,0.0000,0.00%,0.00%,0.00%,0.00%,0.00%,0.00%,-,-,0.00,0.00,-,-,-,-,-,A-GOVDBT,-
TB20Y0234,20Y BGTB 26/02/2034,G-SEC (T.Bond),A,0.00,-,0.00,0.82,116.68,0.0000,0,,,,,,,,,,,,,,,,,,,,,,-,-,-,-,-,-,-,-,-,-,-,-,115.73,0.95,0,0.0000,0.00%,0.00%,0.00%,0.00%,0.00%,0.00%,-,-,0.00,0.00,-,-,-,-,-,A-GOVDBT,-
TB20Y0328,20Y BGTB 27/03/2028,G-SEC (T.Bond),A,0.00,-,0.00,-0.01,106.43,0.0000,0,,,,,,,,,,,,,,,,,,,,,,-,-,-,-,-,-,-,-,-,-,-,-,106.44,-0.01,0,0.0000,0.00%,0.00%,0.00%,0.00%,0.00%,0.00%,-,-,0.00,0.00,-,-,-,-,-,A-GOVDBT,-
TB20Y0329,20Y BGTB 25/03/2029,G-SEC (T.Bond),A,0.00,-,0.00,0.20,109.41,0.0000,0,,,,,,,,,,,,,,,,,,,,,,-,-,-,-,-,-,-,-,-,-,-,-,109.19,0.22,0,0.0000,0.00%,0.00%,0.00%,0.00%,0.00%,0.00%,-,-,0.00,0.00,-,-,-,-,-,A-GOVDBT,-
TB20Y0330,20Y BGTB 24/03/2030,G-SEC (T.Bond),A,0.00,-,0.00,0.10,100.43,0.0000,0,,,,,,,,,,,,,,,,,,,,,,-,-,-,-,-,-,-,-,-,-,-,-,100.33,0.10,0,0.0000,0.00%,0.00%,0.00%,0.00%,0.00%,0.00%,-,-,0.00,0.00,-,-,-,-,-,A-GOVDBT,-
TB20Y0331,20Y BGTB 23/03/2031,G-SEC (T.Bond),A,0.00,-,0.00,-0.80,101.30,0.0000,0,,,,,,,,,,,,,,,,,,,,,,-,-,-,-,-,-,-,-,-,-,-,-,102.12,-0.82,0,0.0000,0.00%,0.00%,0.00%,0.00%,0.00%,0.00%,-,-,0.00,0.00,-,-,-,-,-,A-GOVDBT,-
TB20Y0332,20Y BGTB 28/03/2032,G-SEC (T.Bond),A,0.00,-,0.00,0.69,114.01,0.0000,0,,,,,,,,,,,,,,,,,,,,,,-,-,-,-,-,-,-,-,-,-,-,-,113.23,0.78,0,0.0000,0.00%,0.00%,0.00%,0.00%,0.00%,0.00%,-,-,0.00,0.00,-,-,-,-,-,A-GOVDBT,-
TB20Y0333,20Y BGTB 27/03/2033,G-SEC (T.Bond),A,0.00,-,0.00,-0.02,117.65,0.0000,0,,,,,,,,,,,,,,,,,,,,,,-,-,-,-,-,-,-,-,-,-,-,-,117.67,-0.02,0,0.0000,0.00%,0.00%,0.00%,0.00%,0.00%,0.00%,-,-,0.00,0.00,-,-,-,-,-,A-GOVDBT,-
TB20Y0334,20Y BGTB 27/03/2034,G-SEC (T.Bond),A,0.00,-,0.00,1.51,117.21,0.0000,0,,,,,,,,,,,,,,,,,,,,,,-,-,-,-,-,-,-,-,-,-,-,-,115.47,1.74,0,0.0000,0.00%,0.00%,0.00%,0.00%,0.00%,0.00%,-,-,0.00,0.00,-,-,-,-,-,A-GOVDBT,-
TB20Y0342,20Y BGTB 30/03/2042,G-SEC (T.Bond),A,0.00,-,0.00,-0.01,87.76,0.0000,0,,,,,,,,,,,,,,,,,,,,,,-,-,-,-,-,-,-,-,-,-,-,-,87.77,-0.01,0,0.0000,0.00%,0.00%,0.00%,0.00%,0.00%,0.00%,-,-,0.00,0.00,-,-,-,-,-,A-GOVDBT,-
TB20Y0428,20Y BGTB 23/04/2028,G-SEC (T.Bond),A,0.00,-,0.00,0.00,106.71,0.0000,0,,,,,,,,,,,,,,,,,,,,,,-,-,-,-,-,-,-,-,-,-,-,-,106.71,0.00,0,0.0000,0.00%,0.00%,0.00%,0.00%,0.00%,0.00%,-,-,0.00,0.00,-,-,-,-,-,A-GOVDBT,-
TB20Y0429,20Y BGTB 29/04/2029,G-SEC (T.Bond),A,0.00,-,0.00,0.25,106.25,0.0000,0,,,,,,,,,,,,,,,,,,,,,,-,-,-,-,-,-,-,-,-,-,-,-,105.99,0.26,0,0.0000,0.00%,0.00%,0.00%,0.00%,0.00%,0.00%,-,-,0.00,0.00,-,-,-,-,-,A-GOVDBT,-
TB20Y0430,20Y BGTB 28/04/2030,G-SEC (T.Bond),A,0.00,-,0.00,0.07,100.41,0.0000,0,,,,,,,,,,,,,,,,,,,,,,-,-,-,-,-,-,-,-,-,-,-,-,100.34,0.07,0,0.0000,0.00%,0.00%,0.00%,0.00%,0.00%,0.00%,-,-,0.00,0.00,-,-,-,-,-,A-GOVDBT,-
TB20Y0431,20Y BGTB 27/04/2031,G-SEC (T.Bond),A,0.00,-,0.00,-0.96,101.28,0.0000,0,,,,,,,,,,,,,,,,,,,,,,-,-,-,-,-,-,-,-,-,-,-,-,102.26,-0.98,0,0.0000,0.00%,0.00%,0.00%,0.00%,0.00%,0.00%,-,-,0.00,0.00,-,-,-,-,-,A-GOVDBT,-
TB20Y0432,20Y BGTB 25/04/2032,G-SEC (T.Bond),A,0.00,-,0.00,1.00,114.71,0.0000,0,,,,,,,,,,,,,,,,,,,,,,-,-,-,-,-,-,-,-,-,-,-,-,113.57,1.14,0,0.0000,0.00%,0.00%,0.00%,0.00%,0.00%,0.00%,-,-,0.00,0.00,-,-,-,-,-,A-GOVDBT,-
TB20Y0433,20Y BGTB 24/04/2033,G-SEC (T.Bond),A,0.00,-,0.00,-0.04,117.52,0.0000,0,,,,,,,,,,,,,,,,,,,,,,-,-,-,-,-,-,-,-,-,-,-,-,117.57,-0.05,0,0.0000,0.00%,0.00%,0.00%,0.00%,0.00%,0.00%,-,-,0.00,0.00,-,-,-,-,-,A-GOVDBT,-
TB20Y0434,20Y BGTB 23/04/2034,G-SEC (T.Bond),A,0.00,-,0.00,1.91,117.88,0.0000,0,,,,,,,,,,,,,,,,,,,,,,-,-,-,-,-,-,-,-,-,-,-,-,115.67,2.21,0,0.0000,0.00%,0.00%,0.00%,0.00%,0.00%,0.00%,-,-,0.00,0.00,-,-,-,-,-,A-GOVDBT,-
TB20Y0436,20Y BGTB 27/04/2036,G-SEC (T.Bond),A,0.00,-,0.00,-0.99,94.70,0.0000,0,,,,,,,,,,,,,,,,,,,,,,-,-,-,-,-,-,-,-,-,-,-,-,95.65,-0.95,0,0.0000,0.00%,0.00%,0.00%,0.00%,0.00%,0.00%,-,-,0.00,0.00,-,-,-,-,-,A-GOVDBT,-
TB20Y0528,20Y BGTB 28/05/2028,G-SEC (T.Bond),A,0.00,-,0.00,0.00,107.07,0.0000,0,,,,,,,,,,,,,,,,,,,,,,-,-,-,-,-,-,-,-,-,-,-,-,107.07,0.00,0,0.0000,0.00%,0.00%,0.00%,0.00%,0.00%,0.00%,-,-,0.00,0.00,-,-,-,-,-,A-GOVDBT,-
TB20Y0529,20Y BGTB 27/05/2029,G-SEC (T.Bond),A,0.00,-,0.00,0.25,105.44,0.0000,0,,,,,,,,,,,,,,,,,,,,,,-,-,-,-,-,-,-,-,-,-,-,-,105.18,0.26,0,0.0000,0.00%,0.00%,0.00%,0.00%,0.00%,0.00%,-,-,0.00,0.00,-,-,-,-,-,A-GOVDBT,-
TB20Y0530,20Y BGTB 26/05/2030,G-SEC (T.Bond),A,0.00,-,0.00,0.05,100.45,0.0000,0,,,,,,,,,,,,,,,,,,,,,,-,-,-,-,-,-,-,-,-,-,-,-,100.40,0.05,0,0.0000,0.00%,0.00%,0.00%,0.00%,0.00%,0.00%,-,-,0.00,0.00,-,-,-,-,-,A-GOVDBT,-
TB20Y0531,20Y BGTB 25/05/2031,G-SEC (T.Bond),A,0.00,-,0.00,-1.10,101.19,0.0000,0,,,,,,,,,,,,,,,,,,,,,,-,-,-,-,-,-,-,-,-,-,-,-,102.32,-1.13,0,0.0000,0.00%,0.00%,0.00%,0.00%,0.00%,0.00%,-,-,0.00,0.00,-,-,-,-,-,A-GOVDBT,-
TB20Y0532,20Y BGTB 30/05/2032,G-SEC (T.Bond),A,0.00,-,0.00,1.26,115.36,0.0000,0,,,,,,,,,,,,,,,,,,,,,,-,-,-,-,-,-,-,-,-,-,-,-,113.92,1.44,0,0.0000,0.00%,0.00%,0.00%,0.00%,0.00%,0.00%,-,-,0.00,0.00,-,-,-,-,-,A-GOVDBT,-
TB20Y0533,20Y BGTB 29/05/2033,G-SEC (T.Bond),A,0.00,-,0.00,-0.08,117.30,0.0000,0,,,,,,,,,,,,,,,,,,,,,,-,-,-,-,-,-,-,-,-,-,-,-,117.39,-0.09,0,0.0000,0.00%,0.00%,0.00%,0.00%,0.00%,0.00%,-,-,0.00,0.00,-,-,-,-,-,A-GOVDBT,-
TB20Y0534,20Y BGTB 28/05/2034,G-SEC (T.Bond),A,0.00,-,0.00,1.26,117.41,0.0000,0,,,,,,,,,,,,,,,,,,,,,,-,-,-,-,-,-,-,-,-,-,-,-,115.95,1.46,0,0.0000,0.00%,0.00%,0.00%,0.00%,0.00%,0.00%,-,-,0.00,0.00,-,-,-,-,-,A-GOVDBT,-
TB20Y0540,20Y BGTB 20/05/2040,G-SEC (T.Bond),A,0.00,-,0.00,0.06,99.21,0.0000,0,,,,,,,,,,,,,,,,,,,,,,-,-,-,-,-,-,-,-,-,-,-,-,99.15,0.06,0,0.0000,0.00%,0.00%,0.00%,0.00%,0.00%,0.00%,-,-,0.00,0.00,-,-,-,-,-,A-GOVDBT,-
TB20Y0545,20Y BGTB 28/05/2045,G-SEC (T.Bond),A,0.00,-,0.00,3.65,122.58,0.0000,0,65.5537,-49.2439,113.9895,0.0000,0.0000,112.8171,112.4232,111.6986,0.7246,0.2006,122.1700,105.8090,0.0000,0.0000,116.1807,115.9555,115.1235,0.4785,0.0000,0.0000,0.0000,-,-,-,-,-,-,-,-,-,-,-,-,118.26,4.32,0,0.0000,0.00%,0.00%,0.00%,0.00%,0.00%,0.00%,-,-,0.00,0.00,-,-,-,-,-,A-GOVDBT,-
TB20Y0628,20Y BGTB 25/06/2028,G-SEC (T.Bond),A,0.00,-,0.00,0.01,107.30,0.0000,0,,,,,,,,,,,,,,,,,,,,,,-,-,-,-,-,-,-,-,-,-,-,-,107.29,0.01,0,0.0000,0.00%,0.00%,0.00%,0.00%,0.00%,0.00%,-,-,0.00,0.00,-,-,-,-,-,A-GOVDBT,-
TB20Y0629,20Y BGTB 24/06/2029,G-SEC (T.Bond),A,0.00,-,0.00,0.24,103.09,0.0000,0,,,,,,,,,,,,,,,,,,,,,,-,-,-,-,-,-,-,-,-,-,-,-,102.84,0.25,0,0.0000,0.00%,0.00%,0.00%,0.00%,0.00%,0.00%,-,-,0.00,0.00,-,-,-,-,-,A-GOVDBT,-
TB20Y0630,20Y BGTB 23/06/2030,G-SEC (T.Bond),A,0.00,-,0.00,0.04,100.26,0.0000,0,,,,,,,,,,,,,,,,,,,,,,-,-,-,-,-,-,-,-,-,-,-,-,100.22,0.04,0,0.0000,0.00%,0.00%,0.00%,0.00%,0.00%,0.00%,-,-,0.00,0.00,-,-,-,-,-,A-GOVDBT,-
TB20Y0631,20Y BGTB 29/06/2031,G-SEC (T.Bond),A,0.00,-,0.00,-1.27,101.09,0.0000,0,,,,,,,,,,,,,,,,,,,,,,-,-,-,-,-,-,-,-,-,-,-,-,102.39,-1.30,0,0.0000,0.00%,0.00%,0.00%,0.00%,0.00%,0.00%,-,-,0.00,0.00,-,-,-,-,-,A-GOVDBT,-
TB20Y0632,20Y BGTB 27/06/2032,G-SEC (T.Bond),A,0.00,-,0.00,0.75,115.04,0.0000,0,,,,,,,,,,,,,,,,,,,,,,-,-,-,-,-,-,-,-,-,-,-,-,114.18,0.86,0,0.0000,0.00%,0.00%,0.00%,0.00%,0.00%,0.00%,-,-,0.00,0.00,-,-,-,-,-,A-GOVDBT,-
TB20Y0633,20Y BGTB 26/06/2033,G-SEC (T.Bond),A,0.00,-,0.00,-0.10,117.22,0.0000,0,,,,,,,,,,,,,,,,,,,,,,-,-,-,-,-,-,-,-,-,-,-,-,117.34,-0.12,0,0.0000,0.00%,0.00%,0.00%,0.00%,0.00%,0.00%,-,-,0.00,0.00,-,-,-,-,-,A-GOVDBT,-
TB20Y0634,20Y BGTB 25/06/2034,G-SEC (T.Bond),A,0.00,-,0.00,0.78,116.99,0.0000,0,,,,,,,,,,,,,,,,,,,,,,-,-,-,-,-,-,-,-,-,-,-,-,116.08,0.91,0,0.0000,0.00%,0.00%,0.00%,0.00%,0.00%,0.00%,-,-,0.00,0.00,-,-,-,-,-,A-GOVDBT,-
TB20Y0639,20Y BGTB 26/06/2039,G-SEC (T.Bond),A,0.00,-,0.00,0.09,100.21,0.0000,0,,,,,,,,,,,,,,,,,,,,,,-,-,-,-,-,-,-,-,-,-,-,-,100.12,0.09,0,0.0000,0.00%,0.00%,0.00%,0.00%,0.00%,0.00%,-,-,0.00,0.00,-,-,-,-,-,A-GOVDBT,-
TB20Y0640,20Y BGTB 24/06/2040,G-SEC (T.Bond),A,0.00,-,0.00,0.04,96.90,0.0000,0,,,,,,,,,,,,,,,,,,,,,,-,-,-,-,-,-,-,-,-,-,-,-,96.86,0.04,0,0.0000,0.00%,0.00%,0.00%,0.00%,0.00%,0.00%,-,-,0.00,0.00,-,-,-,-,-,A-GOVDBT,-
TB20Y0641,20Y BGTB 30/06/2041,G-SEC (T.Bond),A,0.00,-,0.00,0.00,74.14,0.0000,0,,,,,,,,,,,,,,,,,,,,,,-,-,-,-,-,-,-,-,-,-,-,-,74.14,0.00,0,0.0000,0.00%,0.00%,0.00%,0.00%,0.00%,0.00%,-,-,0.00,0.00,-,-,-,-,-,A-GOVDBT,-
TB20Y0642,20Y BGTB 29/06/2042,G-SEC (T.Bond),A,0.00,-,0.00,-0.01,95.24,0.0000,0,,,,,,,,,,,,,,,,,,,,,,-,-,-,-,-,-,-,-,-,-,-,-,95.25,-0.01,0,0.0000,0.00%,0.00%,0.00%,0.00%,0.00%,0.00%,-,-,0.00,0.00,-,-,-,-,-,A-GOVDBT,-
TB20Y0727,20Y BGTB 25/07/2027,G-SEC (T.Bond),A,0.00,-,0.00,-0.02,105.70,0.0000,0,,,,,,,,,,,,,,,,,,,,,,-,-,-,-,-,-,-,-,-,-,-,-,105.72,-0.02,0,0.0000,0.00%,0.00%,0.00%,0.00%,0.00%,0.00%,-,-,0.00,0.00,-,-,-,-,-,A-GOVDBT,-
TB20Y0728,20Y BGTB 23/07/2028,G-SEC (T.Bond),A,0.00,-,0.00,0.02,107.53,0.0000,0,,,,,,,,,,,,,,,,,,,,,,-,-,-,-,-,-,-,-,-,-,-,-,107.51,0.02,0,0.0000,0.00%,0.00%,0.00%,0.00%,0.00%,0.00%,-,-,0.00,0.00,-,-,-,-,-,A-GOVDBT,-
TB20Y0729,20Y BGTB 29/07/2029,G-SEC (T.Bond),A,0.00,-,0.00,0.24,100.42,0.0000,0,,,,,,,,,,,,,,,,,,,,,,-,-,-,-,-,-,-,-,-,-,-,-,100.18,0.24,0,0.0000,0.00%,0.00%,0.00%,0.00%,0.00%,0.00%,-,-,0.00,0.00,-,-,-,-,-,A-GOVDBT,-
TB20Y0730,20Y BGTB 29/07/2030,G-SEC (T.Bond),A,0.00,-,0.00,0.03,100.37,0.0000,0,,,,,,,,,,,,,,,,,,,,,,-,-,-,-,-,-,-,-,-,-,-,-,100.34,0.03,0,0.0000,0.00%,0.00%,0.00%,0.00%,0.00%,0.00%,-,-,0.00,0.00,-,-,-,-,-,A-GOVDBT,-
TB20Y0731,20Y BGTB 27/07/2031,G-SEC (T.Bond),A,0.00,-,0.00,-1.40,102.35,0.0000,0,,,,,,,,,,,,,,,,,,,,,,-,-,-,-,-,-,-,-,-,-,-,-,103.80,-1.45,0,0.0000,0.00%,0.00%,0.00%,0.00%,0.00%,0.00%,-,-,0.00,0.00,-,-,-,-,-,A-GOVDBT,-
TB20Y0732,20Y BGTB 25/07/2032,G-SEC (T.Bond),A,0.00,-,0.00,0.24,114.64,0.0000,0,,,,,,,,,,,,,,,,,,,,,,-,-,-,-,-,-,-,-,-,-,-,-,114.37,0.27,0,0.0000,0.00%,0.00%,0.00%,0.00%,0.00%,0.00%,-,-,0.00,0.00,-,-,-,-,-,A-GOVDBT,-
TB20Y0733,20Y BGTB 24/07/2033,G-SEC (T.Bond),A,0.00,-,0.00,-0.13,117.09,0.0000,0,,,,,,,,,,,,,,,,,,,,,,-,-,-,-,-,-,-,-,-,-,-,-,117.24,-0.15,0,0.0000,0.00%,0.00%,0.00%,0.00%,0.00%,0.00%,-,-,0.00,0.00,-,-,-,-,-,A-GOVDBT,-
TB20Y0734,20Y BGTB 23/07/2034,G-SEC (T.Bond),A,0.00,-,0.00,0.58,116.97,0.0000,0,,,,,,,,,,,,,,,,,,,,,,-,-,-,-,-,-,-,-,-,-,-,-,116.30,0.67,0,0.0000,0.00%,0.00%,0.00%,0.00%,0.00%,0.00%,-,-,0.00,0.00,-,-,-,-,-,A-GOVDBT,-
TB20Y0735,20Y BGTB 29/07/2035,G-SEC (T.Bond),A,0.00,-,0.00,0.01,105.72,0.0000,0,,,,,,,,,,,,,,,,,,,,,,-,-,-,-,-,-,-,-,-,-,-,-,105.71,0.01,0,0.0000,0.00%,0.00%,0.00%,0.00%,0.00%,0.00%,-,-,0.00,0.00,-,-,-,-,-,A-GOVDBT,-
TB20Y0744,20Y BGTB 28/07/2044,G-SEC (T.Bond),A,27891.31,-,0.00,0.02,128.72,0.0000,0,46.8983,-66.6667,129.7950,125.7776,0.0000,127.4805,126.6761,123.3956,3.2805,3.0578,144.7290,114.8610,0.0000,4952.3912,130.6260,130.9069,130.5169,0.4936,0.0000,0.0000,0.0000,-,-,-,-,-,-,-,-,-,-,-,-,128.70,0.02,0,0.0000,0.00%,0.00%,0.00%,0.00%,0.00%,0.00%,-,-,0.00,0.00,-,-,-,-,2166820000.00,A-GOVDBT,216682000
TB20Y0827,20Y BGTB 29/08/2027,G-SEC (T.Bond),A,0.00,-,0.00,-0.01,105.97,0.0000,0,,,,,,,,,,,,,,,,,,,,,,-,-,-,-,-,-,-,-,-,-,-,-,105.98,-0.01,0,0.0000,0.00%,0.00%,0.00%,0.00%,0.00%,0.00%,-,-,0.00,0.00,-,-,-,-,-,A-GOVDBT,-
TB20Y0828,20Y BGTB 27/08/2028,G-SEC (T.Bond),A,0.00,-,0.00,0.04,107.85,0.0000,0,,,,,,,,,,,,,,,,,,,,,,-,-,-,-,-,-,-,-,-,-,-,-,107.81,0.04,0,0.0000,0.00%,0.00%,0.00%,0.00%,0.00%,0.00%,-,-,0.00,0.00,-,-,-,-,-,A-GOVDBT,-
TB20Y0829,20Y BGTB 26/08/2029,G-SEC (T.Bond),A,0.00,-,0.00,0.23,99.42,0.0000,0,,,,,,,,,,,,,,,,,,,,,,-,-,-,-,-,-,-,-,-,-,-,-,99.19,0.23,0,0.0000,0.00%,0.00%,0.00%,0.00%,0.00%,0.00%,-,-,0.00,0.00,-,-,-,-,-,A-GOVDBT,-
TB20Y0830,20Y BGTB 25/08/2030,G-SEC (T.Bond),A,0.00,-,0.00,0.01,100.43,0.0000,0,,,,,,,,,,,,,,,,,,,,,,-,-,-,-,-,-,-,-,-,-,-,-,100.42,0.01,0,0.0000,0.00%,0.00%,0.00%,0.00%,0.00%,0.00%,-,-,0.00,0.00,-,-,-,-,-,A-GOVDBT,-
TB20Y0831,20Y BGTB 24/08/2031,G-SEC (T.Bond),A,0.00,-,0.00,-1.54,103.26,0.0000,0,,,,,,,,,,,,,,,,,,,,,,-,-,-,-,-,-,-,-,-,-,-,-,104.87,-1.61,0,0.0000,0.00%,0.00%,0.00%,0.00%,0.00%,0.00%,-,-,0.00,0.00,-,-,-,-,-,A-GOVDBT,-
TB20Y0832,20Y BGTB 29/08/2032,G-SEC (T.Bond),A,0.00,-,0.00,-0.44,114.30,0.0000,0,,,,,,,,,,,,,,,,,,,,,,-,-,-,-,-,-,-,-,-,-,-,-,114.80,-0.50,0,0.0000,0.00%,0.00%,0.00%,0.00%,0.00%,0.00%,-,-,0.00,0.00,-,-,-,-,-,A-GOVDBT,-
TB20Y0833,20Y BGTB 29/08/2033,G-SEC (T.Bond),A,0.00,-,0.00,-0.10,117.04,0.0000,0,,,,,,,,,,,,,,,,,,,,,,-,-,-,-,-,-,-,-,-,-,-,-,117.16,-0.12,0,0.0000,0.00%,0.00%,0.00%,0.00%,0.00%,0.00%,-,-,0.00,0.00,-,-,-,-,-,A-GOVDBT,-
TB20Y0834,20Y BGTB 27/08/2034,G-SEC (T.Bond),A,0.00,-,0.00,0.31,115.91,0.0000,0,,,,,,,,,,,,,,,,,,,,,,-,-,-,-,-,-,-,-,-,-,-,-,115.55,0.36,0,0.0000,0.00%,0.00%,0.00%,0.00%,0.00%,0.00%,-,-,0.00,0.00,-,-,-,-,-,A-GOVDBT,-
TB20Y0845,20Y BGTB 27/08/2045,G-SEC (T.Bond),A,10536.00,-,0.00,4.91,105.36,0.0000,0,,,,,,,,,,,,,,,,,,,,,,-,-,-,-,-,-,-,-,-,-,-,-,100.43,4.93,0,0.0000,0.00%,0.00%,0.00%,0.00%,0.00%,0.00%,-,-,0.00,0.00,-,-,-,-,1000000000.00,A-GOVDBT,100000000
TB20Y0927,20Y BGTB 26/09/2027,G-SEC (T.Bond),A,0.00,-,0.00,-0.01,105.35,0.0000,0,,,,,,,,,,,,,,,,,,,,,,-,-,-,-,-,-,-,-,-,-,-,-,105.36,-0.01,0,0.0000,0.00%,0.00%,0.00%,0.00%,0.00%,0.00%,-,-,0.00,0.00,-,-,-,-,-,A-GOVDBT,-
TB20Y0928,20Y BGTB 24/09/2028,G-SEC (T.Bond),A,0.00,-,0.00,0.06,108.11,0.0000,0,,,,,,,,,,,,,,,,,,,,,,-,-,-,-,-,-,-,-,-,-,-,-,108.05,0.06,0,0.0000,0.00%,0.00%,0.00%,0.00%,0.00%,0.00%,-,-,0.00,0.00,-,-,-,-,-,A-GOVDBT,-
TB20Y0930,20Y BGTB 29/09/2030,G-SEC (T.Bond),A,0.00,-,0.00,-0.07,100.44,0.0000,0,,,,,,,,,,,,,,,,,,,,,,-,-,-,-,-,-,-,-,-,-,-,-,100.51,-0.07,0,0.0000,0.00%,0.00%,0.00%,0.00%,0.00%,0.00%,-,-,0.00,0.00,-,-,-,-,-,A-GOVDBT,-
TB20Y0931,20Y BGTB 28/09/2031,G-SEC (T.Bond),A,0.00,-,0.00,-1.19,106.09,0.0000,0,,,,,,,,,,,,,,,,,,,,,,-,-,-,-,-,-,-,-,-,-,-,-,107.37,-1.28,0,0.0000,0.00%,0.00%,0.00%,0.00%,0.00%,0.00%,-,-,0.00,0.00,-,-,-,-,-,A-GOVDBT,-
TB20Y0932,20Y BGTB 26/09/2032,G-SEC (T.Bond),A,0.00,-,0.00,-0.85,114.02,0.0000,0,,,,,,,,,,,,,,,,,,,,,,-,-,-,-,-,-,-,-,-,-,-,-,115.00,-0.98,0,0.0000,0.00%,0.00%,0.00%,0.00%,0.00%,0.00%,-,-,0.00,0.00,-,-,-,-,-,A-GOVDBT,-
TB20Y0933,20Y BGTB 25/09/2033,G-SEC (T.Bond),A,0.00,-,0.00,0.03,117.18,0.0000,0,,,,,,,,,,,,,,,,,,,,,,-,-,-,-,-,-,-,-,-,-,-,-,117.15,0.03,0,0.0000,0.00%,0.00%,0.00%,0.00%,0.00%,0.00%,-,-,0.00,0.00,-,-,-,-,-,A-GOVDBT,-
TB20Y0934,20Y BGTB 24/09/2034,G-SEC (T.Bond),A,0.00,-,0.00,0.09,116.50,0.0000,0,,,,,,,,,,,,,,,,,,,,,,-,-,-,-,-,-,-,-,-,-,-,-,116.39,0.11,0,0.0000,0.00%,0.00%,0.00%,0.00%,0.00%,0.00%,-,-,0.00,0.00,-,-,-,-,-,A-GOVDBT,-
TB20Y1027,20Y BGTB 24/10/2027,G-SEC (T.Bond),A,0.00,-,0.00,-0.01,105.39,0.0000,0,,,,,,,,,,,,,,,,,,,,,,-,-,-,-,-,-,-,-,-,-,-,-,105.40,-0.01,0,0.0000,0.00%,0.00%,0.00%,0.00%,0.00%,0.00%,-,-,0.00,0.00,-,-,-,-,-,A-GOVDBT,-
TB20Y1028,20Y BGTB 29/10/2028,G-SEC (T.Bond),A,0.00,-,0.00,0.08,108.35,0.0000,0,,,,,,,,,,,,,,,,,,,,,,-,-,-,-,-,-,-,-,-,-,-,-,108.26,0.09,0,0.0000,0.00%,0.00%,0.00%,0.00%,0.00%,0.00%,-,-,0.00,0.00,-,-,-,-,-,A-GOVDBT,-
TB20Y1029,20Y BGTB 28/10/2029,G-SEC (T.Bond),A,0.00,-,0.00,0.20,100.60,0.0000,0,,,,,,,,,,,,,,,,,,,,,,-,-,-,-,-,-,-,-,-,-,-,-,100.40,0.20,0,0.0000,0.00%,0.00%,0.00%,0.00%,0.00%,0.00%,-,-,0.00,0.00,-,-,-,-,-,A-GOVDBT,-
TB20Y1030,20Y BGTB 27/10/2030,G-SEC (T.Bond),A,0.00,-,0.00,-0.19,100.35,0.0000,0,,,,,,,,,,,,,,,,,,,,,,-,-,-,-,-,-,-,-,-,-,-,-,100.54,-0.19,0,0.0000,0.00%,0.00%,0.00%,0.00%,0.00%,0.00%,-,-,0.00,0.00,-,-,-,-,-,A-GOVDBT,-
TB20Y1031,20Y BGTB 26/10/2031,G-SEC (T.Bond),A,0.00,-,0.00,-0.92,109.08,0.0000,0,,,,,,,,,,,,,,,,,,,,,,-,-,-,-,-,-,-,-,-,-,-,-,110.09,-1.01,0,0.0000,0.00%,0.00%,0.00%,0.00%,0.00%,0.00%,-,-,0.00,0.00,-,-,-,-,-,A-GOVDBT,-
TB20Y1032,20Y BGTB 25/10/2032,G-SEC (T.Bond),A,0.00,-,0.00,-0.71,114.36,0.0000,0,,,,,,,,,,,,,,,,,,,,,,-,-,-,-,-,-,-,-,-,-,-,-,115.18,-0.82,0,0.0000,0.00%,0.00%,0.00%,0.00%,0.00%,0.00%,-,-,0.00,0.00,-,-,-,-,-,A-GOVDBT,-
TB20Y1033,20Y BGTB 23/10/2033,G-SEC (T.Bond),A,0.00,-,0.00,0.15,117.29,0.0000,0,,,,,,,,,,,,,,,,,,,,,,-,-,-,-,-,-,-,-,-,-,-,-,117.12,0.17,0,0.0000,0.00%,0.00%,0.00%,0.00%,0.00%,0.00%,-,-,0.00,0.00,-,-,-,-,-,A-GOVDBT,-
TB20Y1034,20Y BGTB 29/10/2034,G-SEC (T.Bond),A,0.00,-,0.00,-0.18,116.58,0.0000,0,,,,,,,,,,,,,,,,,,,,,,-,-,-,-,-,-,-,-,-,-,-,-,116.79,-0.21,0,0.0000,0.00%,0.00%,0.00%,0.00%,0.00%,0.00%,-,-,0.00,0.00,-,-,-,-,-,A-GOVDBT,-
TB20Y1127,20Y BGTB 28/11/2027,G-SEC (T.Bond),A,0.00,-,0.00,0.00,105.42,0.0000,0,,,,,,,,,,,,,,,,,,,,,,-,-,-,-,-,-,-,-,-,-,-,-,105.42,0.00,0,0.0000,0.00%,0.00%,0.00%,0.00%,0.00%,0.00%,-,-,0.00,0.00,-,-,-,-,-,A-GOVDBT,-
TB20Y1128,20Y BGTB 26/11/2028,G-SEC (T.Bond),A,0.00,-,0.00,0.10,108.56,0.0000,0,,,,,,,,,,,,,,,,,,,,,,-,-,-,-,-,-,-,-,-,-,-,-,108.45,0.11,0,0.0000,0.00%,0.00%,0.00%,0.00%,0.00%,0.00%,-,-,0.00,0.00,-,-,-,-,-,A-GOVDBT,-
TB20Y1130,20Y BGTB 24/11/2030,G-SEC (T.Bond),A,0.00,-,0.00,-0.30,100.94,0.0000,0,,,,,,,,,,,,,,,,,,,,,,-,-,-,-,-,-,-,-,-,-,-,-,101.24,-0.30,0,0.0000,0.00%,0.00%,0.00%,0.00%,0.00%,0.00%,-,-,0.00,0.00,-,-,-,-,-,A-GOVDBT,-
TB20Y1131,20Y BGTB 23/11/2031,G-SEC (T.Bond),A,0.00,-,0.00,-0.64,109.53,0.0000,0,,,,,,,,,,,,,,,,,,,,,,-,-,-,-,-,-,-,-,-,-,-,-,110.23,-0.70,0,0.0000,0.00%,0.00%,0.00%,0.00%,0.00%,0.00%,-,-,0.00,0.00,-,-,-,-,-,A-GOVDBT,-
TB20Y1132,20Y BGTB 28/11/2032,G-SEC (T.Bond),A,0.00,-,0.00,-0.55,114.86,0.0000,0,,,,,,,,,,,,,,,,,,,,,,-,-,-,-,-,-,-,-,-,-,-,-,115.49,-0.63,0,0.0000,0.00%,0.00%,0.00%,0.00%,0.00%,0.00%,-,-,0.00,0.00,-,-,-,-,-,A-GOVDBT,-
TB20Y1133,20Y BGTB 27/11/2033,G-SEC (T.Bond),A,0.00,-,0.00,0.31,116.65,0.0000,0,,,,,,,,,,,,,,,,,,,,,,-,-,-,-,-,-,-,-,-,-,-,-,116.29,0.36,0,0.0000,0.00%,0.00%,0.00%,0.00%,0.00%,0.00%,-,-,0.00,0.00,-,-,-,-,-,A-GOVDBT,-
TB20Y1134,20Y BGTB 26/11/2034,G-SEC (T.Bond),A,0.00,-,0.00,-0.40,116.64,0.0000,0,,,,,,,,,,,,,,,,,,,,,,-,-,-,-,-,-,-,-,-,-,-,-,117.11,-0.47,0,0.0000,0.00%,0.00%,0.00%,0.00%,0.00%,0.00%,-,-,0.00,0.00,-,-,-,-,-,A-GOVDBT,-
TB20Y1135,20Y BGTB 25/11/2035,G-SEC (T.Bond),A,0.00,-,0.00,0.20,97.03,0.0000,0,,,,,,,,,,,,,,,,,,,,,,-,-,-,-,-,-,-,-,-,-,-,-,96.84,0.19,0,0.0000,0.00%,0.00%,0.00%,0.00%,0.00%,0.00%,-,-,0.00,0.00,-,-,-,-,-,A-GOVDBT,-
TB20Y1138,20Y BGTB 28/11/2038,G-SEC (T.Bond),A,0.00,-,0.00,-0.84,93.24,0.0000,0,,,,,,,,,,,,,,,,,,,,,,-,-,-,-,-,-,-,-,-,-,-,-,94.03,-0.79,0,0.0000,0.00%,0.00%,0.00%,0.00%,0.00%,0.00%,-,-,0.00,0.00,-,-,-,-,-,A-GOVDBT,-
TB20Y1227,20Y BGTB 26/12/2027,G-SEC (T.Bond),A,0.00,-,0.00,0.00,105.53,0.0000,0,,,,,,,,,,,,,,,,,,,,,,-,-,-,-,-,-,-,-,-,-,-,-,105.53,0.00,0,0.0000,0.00%,0.00%,0.00%,0.00%,0.00%,0.00%,-,-,0.00,0.00,-,-,-,-,-,A-GOVDBT,-
TB20Y1228,20Y BGTB 24/12/2028,G-SEC (T.Bond),A,0.00,-,0.00,0.12,108.75,0.0000,0,,,,,,,,,,,,,,,,,,,,,,-,-,-,-,-,-,-,-,-,-,-,-,108.62,0.13,0,0.0000,0.00%,0.00%,0.00%,0.00%,0.00%,0.00%,-,-,0.00,0.00,-,-,-,-,-,A-GOVDBT,-
TB20Y1229,20Y BGTB 23/12/2029,G-SEC (T.Bond),A,0.00,-,0.00,0.17,100.48,0.0000,0,,,,,,,,,,,,,,,,,,,,,,-,-,-,-,-,-,-,-,-,-,-,-,100.31,0.17,0,0.0000,0.00%,0.00%,0.00%,0.00%,0.00%,0.00%,-,-,0.00,0.00,-,-,-,-,-,A-GOVDBT,-
TB20Y1230,20Y BGTB 29/12/2030,G-SEC (T.Bond),A,0.00,-,0.00,-0.43,101.27,0.0000,0,,,,,,,,,,,,,,,,,,,,,,-,-,-,-,-,-,-,-,-,-,-,-,101.71,-0.44,0,0.0000,0.00%,0.00%,0.00%,0.00%,0.00%,0.00%,-,-,0.00,0.00,-,-,-,-,-,A-GOVDBT,-
TB20Y1231,20Y BGTB 28/12/2031,G-SEC (T.Bond),A,0.00,-,0.00,-0.28,110.11,0.0000,0,,,,,,,,,,,,,,,,,,,,,,-,-,-,-,-,-,-,-,-,-,-,-,110.42,-0.31,0,0.0000,0.00%,0.00%,0.00%,0.00%,0.00%,0.00%,-,-,0.00,0.00,-,-,-,-,-,A-GOVDBT,-
TB20Y1232,20Y BGTB 26/12/2032,G-SEC (T.Bond),A,0.00,-,0.00,-0.41,115.67,0.0000,0,,,,,,,,,,,,,,,,,,,,,,-,-,-,-,-,-,-,-,-,-,-,-,116.15,-0.48,0,0.0000,0.00%,0.00%,0.00%,0.00%,0.00%,0.00%,-,-,0.00,0.00,-,-,-,-,-,A-GOVDBT,-
TB20Y1233,20Y BGTB 26/12/2033,G-SEC (T.Bond),A,0.00,-,0.00,0.45,116.77,0.0000,0,,,,,,,,,,,,,,,,,,,,,,-,-,-,-,-,-,-,-,-,-,-,-,116.25,0.52,0,0.0000,0.00%,0.00%,0.00%,0.00%,0.00%,0.00%,-,-,0.00,0.00,-,-,-,-,-,A-GOVDBT,-
TB20Y1242,20Y BGTB 28/12/2042,G-SEC (T.Bond),A,0.00,-,95.00,-2.13,95.00,0.6650,"7,000",57.7156,-27.1804,99.2095,0.0000,0.0000,95.2213,93.8944,89.9426,3.9519,2.8977,116.8321,81.5869,0.0000,2603.1532,97.4227,98.0762,98.8334,0.5733,0.0000,0.0000,0.0000,-,-,-,-,-,-,-,-,-,-,-,-,97.07,-2.07,3,0.6650,0.00%,0.00%,0.00%,0.00%,0.00%,0.00%,-,-,0.00,0.00,-,-,-,-,-,A-GOVDBT,-
TB2Y0126,,,,,,,,,,,58.6375,-22.5080,0.0000,0.0000,0.0000,100.3720,100.3646,100.3519,0.0128,0.0026,0.0000,0.0000,0.0000,0.0000,100.4411,100.4459,100.4364,0.0627,0.0000,0.0000,0.0000,,,,,,,,,,,,,,,,,,,,,,,,,,,,,,,,,
TB2Y0127,02Y BGTB 08/01/2027,G-SEC (T.Bond),A,0.00,-,0.00,-0.02,100.82,0.0000,0,52.7909,-32.0988,101.0270,0.0000,0.0000,100.7539,100.7947,100.9282,-0.1335,-0.1066,103.0372,99.0168,0.0000,0.0000,100.8858,100.9192,100.9764,0.0170,0.0000,0.0000,0.0000,-,-,-,-,-,-,-,-,-,-,-,-,100.84,-0.02,0,0.0000,0.00%,0.00%,0.00%,0.00%,0.00%,0.00%,-,-,0.00,0.00,-,-,-,-,-,A-GOVDBT,-
TB2Y0227,02 Year BGTB 05/02/2027,G-SEC (T.Bond),A,0.00,-,0.00,-0.01,100.69,0.0000,0,46.3956,-13.8298,0.0000,0.0000,0.0000,99.9934,99.9498,99.8551,0.0946,0.0435,0.0000,0.0000,0.0000,0.0000,100.7131,100.7435,100.7644,0.0945,0.0000,0.0000,0.0000,-,-,-,-,-,-,-,-,-,-,-,-,100.70,-0.01,0,0.0000,0.00%,0.00%,0.00%,0.00%,0.00%,0.00%,-,-,0.00,0.00,-,-,-,-,-,A-GOVDBT,-
TB2Y0327,02 Year BGTB 05/03/2027,G-SEC (T.Bond),A,0.00,-,0.00,-0.01,100.99,0.0000,0,53.7778,-97.3568,0.0000,0.0000,0.0000,100.7700,100.7700,100.7700,0.0000,0.0000,0.0000,0.0000,0.0000,0.0000,101.0864,101.1024,101.1058,-0.0171,0.0000,0.0000,0.0000,-,-,-,-,-,-,-,-,-,-,-,-,101.00,-0.01,0,0.0000,0.00%,0.00%,0.00%,0.00%,0.00%,0.00%,-,-,0.00,0.00,-,-,-,-,-,A-GOVDBT,-
TB2Y0427,02Y BGTB 09/04/2027,G-SEC (T.Bond),A,0.00,-,0.00,-0.01,101.75,0.0000,0,,,,,,,,,,,,,,,,,,,,,,-,-,-,-,-,-,-,-,-,-,-,-,101.76,-0.01,0,0.0000,0.00%,0.00%,0.00%,0.00%,0.00%,0.00%,-,-,0.00,0.00,-,-,-,-,-,A-GOVDBT,-
TB2Y0526,,,,,,,,,,,48.6380,-54.7486,100.3000,0.0000,0.0000,100.2468,100.2368,100.1685,0.0683,0.0784,101.9737,98.6263,0.0000,14217.9795,100.2600,100.2732,100.2894,-0.0246,0.0000,0.0000,0.0000,,,,,,,,,,,,,,,,,,,,,,,,,,,,,,,,,
TB2Y0527,02Y BGTB 07/05/2027,G-SEC (T.Bond),A,0.00,-,0.00,0.00,101.90,0.0000,0,,,,,,,,,,,,,,,,,,,,,,-,-,-,-,-,-,-,-,-,-,-,-,101.90,0.00,0,0.0000,0.00%,0.00%,0.00%,0.00%,0.00%,0.00%,-,-,0.00,0.00,-,-,-,-,-,A-GOVDBT,-
TB2Y0627,02Y BGTB 04/06/2027,G-SEC (T.Bond),A,0.00,-,0.00,-0.01,102.35,0.0000,0,52.2340,-13.1455,102.3875,0.0000,0.0000,101.1360,101.1128,101.0556,0.0572,0.0331,103.9913,100.7837,0.0000,-4642.2450,102.3513,102.3537,102.3777,0.0164,0.0000,0.0000,0.0000,-,-,-,-,-,-,-,-,-,-,-,-,102.36,-0.01,0,0.0000,0.00%,0.00%,0.00%,0.00%,0.00%,0.00%,-,-,0.00,0.00,-,-,-,-,-,A-GOVDBT,-
TB2Y0727,02Y BGTB 09/07/2027,G-SEC (T.Bond),A,42320.05,-,0.00,-0.01,102.21,0.0000,0,,,,,,,,,,,,,,,,,,,,,,-,-,-,-,-,-,-,-,-,-,-,-,102.22,-0.01,0,0.0000,0.00%,0.00%,0.00%,0.00%,0.00%,0.00%,-,-,0.00,0.00,-,-,-,-,4140500000.00,A-GOVDBT,414050000
TB2Y0826,,,,,,,,,,,43.6017,-85.6655,100.2005,0.0000,0.0000,100.1312,100.2104,100.3081,-0.0977,0.0302,101.8150,98.5860,0.0000,969.4793,100.0320,100.0751,100.1407,-0.0309,0.0000,0.0000,0.0000,,,,,,,,,,,,,,,,,,,,,,,,,,,,,,,,,
TB2Y0927,02Y BGTB 03/09/2027,G-SEC (T.Bond),A,25370.00,-,0.00,0.00,101.48,0.0000,0,,,,,,,,,,,,,,,,,,,,,,-,-,-,-,-,-,-,-,-,-,-,-,101.48,0.00,0,0.0000,0.00%,0.00%,0.00%,0.00%,0.00%,0.00%,-,-,0.00,0.00,-,-,-,-,2500000000.00,A-GOVDBT,250000000
TB2Y1026,02Y BGTB 02/10/2026,G-SEC (T.Bond),A,0.00,-,0.00,-0.01,100.01,0.0000,0,42.7099,-100.0000,100.0855,0.0000,0.0000,100.1292,100.2291,100.4326,-0.2035,-0.0800,101.2273,98.9437,0.0000,0.0000,99.9342,99.9677,100.0260,0.0138,0.0000,0.0000,0.0000,-,-,-,-,-,-,-,-,-,-,-,-,100.02,-0.01,0,0.0000,0.00%,0.00%,0.00%,0.00%,0.00%,0.00%,-,-,0.00,0.00,-,-,-,-,-,A-GOVDBT,-
TB2Y1126,02Y BGTB 06/11/2026,G-SEC (T.Bond),A,0.00,-,0.00,-0.01,100.31,0.0000,0,50.4653,-45.9854,100.4420,100.5760,0.0000,100.0982,100.1788,100.2792,-0.1004,0.0293,101.9513,98.9327,0.0000,-87.6994,100.3247,100.3315,100.3776,0.0101,0.0000,0.0000,0.0000,-,-,-,-,-,-,-,-,-,-,-,-,100.32,-0.01,0,0.0000,0.00%,0.00%,0.00%,0.00%,0.00%,0.00%,-,-,0.00,0.00,-,-,-,-,-,A-GOVDBT,-
TB2Y1127,02Y BGTB 05/11/2027,G-SEC (T.Bond),A,40668.00,-,0.00,0.00,101.67,0.0000,0,,,,,,,,,,,,,,,,,,,,,,-,-,-,-,-,-,-,-,-,-,-,-,101.67,0.00,0,0.0000,0.00%,0.00%,0.00%,0.00%,0.00%,0.00%,-,-,0.00,0.00,-,-,-,-,4000000000.00,A-GOVDBT,400000000
TB5Y0128,5Y BGTB 11/01/2028,G-SEC (T.Bond),A,0.00,-,0.00,0.01,99.79,0.0000,0,,,,,,,,,,,,,,,,,,,,,,-,-,-,-,-,-,-,-,-,-,-,-,99.78,0.01,0,0.0000,0.00%,0.00%,0.00%,0.00%,0.00%,0.00%,-,-,0.00,0.00,-,-,-,-,-,A-GOVDBT,-
TB5Y0230,05Y BGTB 12/02/2030,G-SEC (T.Bond),A,0.00,-,0.00,0.12,104.27,0.0000,0,,,,,,,,,,,,,,,,,,,,,,-,-,-,-,-,-,-,-,-,-,-,-,104.14,0.13,0,0.0000,0.00%,0.00%,0.00%,0.00%,0.00%,0.00%,-,-,0.00,0.00,-,-,-,-,-,A-GOVDBT,-
TB5Y0327,05Y BGTB 16/03/2027,G-SEC (T.Bond),A,0.00,-,0.00,0.01,98.91,0.0000,0,,,,,,,,,,,,,,,,,,,,,,-,-,-,-,-,-,-,-,-,-,-,-,98.90,0.01,0,0.0000,0.00%,0.00%,0.00%,0.00%,0.00%,0.00%,-,-,0.00,0.00,-,-,-,-,-,A-GOVDBT,-
TB5Y0428,5Y BGTB 14/06/2028,G-SEC (T.Bond),A,0.00,-,0.00,0.01,99.73,0.0000,0,,,,,,,,,,,,,,,,,,,,,,-,-,-,-,-,-,-,-,-,-,-,-,99.72,0.01,0,0.0000,0.00%,0.00%,0.00%,0.00%,0.00%,0.00%,-,-,0.00,0.00,-,-,-,-,-,A-GOVDBT,-
TB5Y0429,05Y BGTB 15/04/2029,G-SEC (T.Bond),A,0.00,-,0.00,0.22,107.58,0.0000,0,53.2578,-47.9167,107.2860,0.0000,0.0000,105.2411,105.0238,104.4514,0.5724,0.3647,109.9161,104.6559,0.0000,25.3104,106.9820,107.1906,107.3392,-0.0218,0.0000,0.0000,0.0000,-,-,-,-,-,-,-,-,-,-,-,-,107.34,0.24,0,0.0000,0.00%,0.00%,0.00%,0.00%,0.00%,0.00%,-,-,0.00,0.00,-,-,-,-,-,A-GOVDBT,-
TB5Y0430,05Y BGTB 16/04/2030,G-SEC (T.Bond),A,0.00,-,0.00,0.06,110.00,0.0000,0,,,,,,,,,,,,,,,,,,,,,,-,-,-,-,-,-,-,-,-,-,-,-,109.93,0.07,0,0.0000,0.00%,0.00%,0.00%,0.00%,0.00%,0.00%,-,-,0.00,0.00,-,-,-,-,-,A-GOVDBT,-
TB5Y0527,05Y BGTB 18/05/2027,G-SEC (T.Bond),A,0.00,-,0.00,0.01,99.44,0.0000,0,,,,,,,,,,,,,,,,,,,,,,-,-,-,-,-,-,-,-,-,-,-,-,99.43,0.01,0,0.0000,0.00%,0.00%,0.00%,0.00%,0.00%,0.00%,-,-,0.00,0.00,-,-,-,-,-,A-GOVDBT,-
TB5Y0529,05Y BGTB 15/05/2029,G-SEC (T.Bond),A,0.00,-,0.00,0.63,108.42,0.0000,0,59.1370,-5.4852,108.3175,107.5930,0.0000,106.4917,106.2005,105.3505,0.8500,0.6105,111.2124,105.4226,0.0000,9.6235,107.8887,108.0962,108.2799,0.0821,0.0000,0.0000,0.0000,-,-,-,-,-,-,-,-,-,-,-,-,107.74,0.68,0,0.0000,0.00%,0.00%,0.00%,0.00%,0.00%,0.00%,-,-,0.00,0.00,-,-,-,-,-,A-GOVDBT,-
TB5Y0628,5Y BGTB 14/06/2028,G-SEC (T.Bond),A,0.00,-,0.00,0.01,100.45,0.0000,0,,,,,,,,,,,,,,,,,,,,,,-,-,-,-,-,-,-,-,-,-,-,-,100.44,0.01,0,0.0000,0.00%,0.00%,0.00%,0.00%,0.00%,0.00%,-,-,0.00,0.00,-,-,-,-,-,A-GOVDBT,-
TB5Y0630,05Y BGTB 18/06/2030,G-SEC (T.Bond),A,0.00,-,0.00,0.04,110.31,0.0000,0,70.2367,0.0000,110.7230,0.0000,0.0000,108.7949,108.2442,107.2359,1.0083,0.2734,115.5040,105.9420,0.0000,0.0000,111.3838,111.1545,110.9310,-0.2313,0.0000,0.0000,0.0000,-,-,-,-,-,-,-,-,-,-,-,-,110.27,0.04,0,0.0000,0.00%,0.00%,0.00%,0.00%,0.00%,0.00%,-,-,0.00,0.00,-,-,-,-,-,A-GOVDBT,-
TB5Y0727,5Y BGTB 13/07/2027,G-SEC (T.Bond),A,0.00,-,0.00,0.00,99.50,0.0000,0,,,,,,,,,,,,,,,,,,,,,,-,-,-,-,-,-,-,-,-,-,-,-,99.50,0.00,0,0.0000,0.00%,0.00%,0.00%,0.00%,0.00%,0.00%,-,-,0.00,0.00,-,-,-,-,-,A-GOVDBT,-
TB5Y0828,5Y BGTB 09/08/2028,G-SEC (T.Bond),A,0.00,-,0.00,0.04,100.84,0.0000,0,,,,,,,,,,,,,,,,,,,,,,-,-,-,-,-,-,-,-,-,-,-,-,100.80,0.04,0,0.0000,0.00%,0.00%,0.00%,0.00%,0.00%,0.00%,-,-,0.00,0.00,-,-,-,-,-,A-GOVDBT,-
TB5Y0928,5Y BGTB 13/09/2028,G-SEC (T.Bond),A,0.00,-,0.00,0.07,101.02,0.0000,0,,,,,,,,,,,,,,,,,,,,,,-,-,-,-,-,-,-,-,-,-,-,-,100.95,0.07,0,0.0000,0.00%,0.00%,0.00%,0.00%,0.00%,0.00%,-,-,0.00,0.00,-,-,-,-,-,A-GOVDBT,-
TB5Y0930,05Y BGTB 10/09/2030,G-SEC (T.Bond),A,20602.00,-,0.00,0.00,103.01,0.0000,0,,,,,,,,,,,,,,,,,,,,,,-,-,-,-,-,-,-,-,-,-,-,-,103.01,0.00,0,0.0000,0.00%,0.00%,0.00%,0.00%,0.00%,0.00%,-,-,0.00,0.00,-,-,-,-,2000000000.00,A-GOVDBT,200000000
TB5Y1029,05Y BGTB 09/10/2029,G-SEC (T.Bond),A,0.00,-,0.00,0.19,108.96,0.0000,0,54.8007,-50.2525,109.4020,0.0000,0.0000,107.5498,107.1684,106.2702,0.8982,0.4831,113.0751,105.7289,0.0000,-831.5093,109.1251,109.2618,109.3870,0.1033,0.0000,0.0000,0.0000,-,-,-,-,-,-,-,-,-,-,-,-,108.75,0.21,0,0.0000,0.00%,0.00%,0.00%,0.00%,0.00%,0.00%,-,-,0.00,0.00,-,-,-,-,-,A-GOVDBT,-
TB5Y1126,05Y BGTB 10/11/2026,G-SEC (T.Bond),A,0.00,-,0.00,0.01,99.74,0.0000,0,,,,,,,,,,,,,,,,,,,,,,-,-,-,-,-,-,-,-,-,-,-,-,99.73,0.01,0,0.0000,0.00%,0.00%,0.00%,0.00%,0.00%,0.00%,-,-,0.00,0.00,-,-,-,-,-,A-GOVDBT,-
TB5Y1127,5Y BGTB 16/11/2027,G-SEC (T.Bond),A,0.00,-,0.00,0.01,99.35,0.0000,0,,,,,,,,,,,,,,,,,,,,,,-,-,-,-,-,-,-,-,-,-,-,-,99.34,0.01,0,0.0000,0.00%,0.00%,0.00%,0.00%,0.00%,0.00%,-,-,0.00,0.00,-,-,-,-,-,A-GOVDBT,-
TB5Y1128,5Y BGTB 15/11/2028,G-SEC (T.Bond),A,0.00,-,0.00,0.10,104.58,0.0000,0,58.6215,0.0000,103.2760,0.0000,0.0000,102.9672,102.7674,102.1781,0.5894,0.4280,106.1088,100.4432,0.0000,1692.5825,103.8556,103.7899,103.5509,0.1717,0.0000,0.0000,0.0000,-,-,-,-,-,-,-,-,-,-,-,-,104.48,0.10,0,0.0000,0.00%,0.00%,0.00%,0.00%,0.00%,0.00%,-,-,0.00,0.00,-,-,-,-,-,A-GOVDBT,-
TB5Y1130,05Y BGTB 30/11/2030,G-SEC (T.Bond),A,52740.00,-,0.00,-0.31,105.48,0.0000,0,,,,,,,,,,,,,,,,,,,,,,-,-,-,-,-,-,-,-,-,-,-,-,105.81,-0.33,0,0.0000,0.00%,0.00%,0.00%,0.00%,0.00%,0.00%,-,-,0.00,0.00,-,-,-,-,5000000000.00,A-GOVDBT,500000000
TB5Y1228,5Y BGTB 13/12/2028,G-SEC (T.Bond),A,0.00,-,0.00,0.13,103.42,0.0000,0,61.9564,-14.2857,102.9345,0.0000,0.0000,101.1791,100.9506,100.4051,0.5455,0.3003,107.0773,98.7917,0.0000,14976.2717,103.1891,103.2051,103.0882,0.1943,0.0000,0.0000,0.0000,-,-,-,-,-,-,-,-,-,-,-,-,103.29,0.13,0,0.0000,0.00%,0.00%,0.00%,0.00%,0.00%,0.00%,-,-,0.00,0.00,-,-,-,-,-,A-GOVDBT,-
TB5Y1229,05Y BGTB 11/12/2029,G-SEC (T.Bond),A,32835.00,-,0.00,-1.04,109.45,0.0000,0,61.5335,0.0000,109.8745,0.0000,0.0000,107.7643,107.3611,106.0091,1.3520,1.1028,114.0581,105.6909,0.0000,71764.0900,109.5549,109.6891,109.8317,0.0180,0.0000,0.0000,0.0000,-,-,-,-,-,-,-,-,-,-,-,-,110.60,-1.15,0,0.0000,0.00%,0.00%,0.00%,0.00%,0.00%,0.00%,-,-,0.00,0.00,-,-,-,-,3000000000.00,A-GOVDBT,300000000
TECHNODRUG,Techno Drugs Limited,Pharmaceuticals & Chemicals,A,5438.33,22.95,41.20,1.98,41.20,78.9130,"1,914,481",48.8879,-28.9474,40.7400,43.5920,37.6155,40.4674,40.5594,41.3911,-0.8317,-1.0211,43.2677,38.2123,249.6400,-766041.3076,40.3778,40.3731,40.4043,1.0083,0.0000,0.0000,0.0000,2.43,2.281,0.386,1.639,-,0.211,0.069,0.436,0.032,0.058,-,-,40.40,0.80,"1,869",78.9130,37.29%,4.73%,32.56%,62.71%,0.00%,0.00%,-,10.00,1.76,30.58,29 Oct 2025,24 Dec 2025,22.95,25.68,1319981880.00,A-EQ,131998188
TILIL,Trust Islami Life Insurance PLC,Insurance,B,1852.00,238.50,46.30,-2.94,46.30,9.8840,"209,895",51.2383,-29.4118,45.0400,47.6080,47.1815,45.9350,45.7218,45.9012,-0.1794,-0.7319,48.6008,41.4792,121.4900,19433.3751,46.2489,45.8692,45.2352,1.6426,0.0000,0.0000,0.0000,1.08,-,-,-,-,-,-,-,-,-,-,-,47.70,-1.40,579,9.8840,46.62%,2.73%,43.89%,53.38%,0.00%,0.00%,-,5.00,0.20,12.13,18 Aug 2025,30 Sep 2025,238.50,-,400000000.00,B-EQ,40000000
TITASGAS,Titas Gas Transmission and Distribution  PLC,Fuel & Power,B,17410.30,-,17.50,-0.56,17.60,2.1890,"123,780",45.7198,-50.0000,17.4500,18.6100,17.4065,17.6638,17.6488,17.8178,-0.1690,-0.2815,18.2354,16.6646,4.6400,-29831.2858,17.7356,17.7000,17.5519,1.3703,0.0000,0.0000,0.0000,1.14,1.127,-,1.108,-,-,-,0.001,-,-,-,-,17.70,-0.10,228,2.1890,25.00%,15.16%,9.81%,0.00%,75.00%,0.03%,-,2.00,-7.80,90.13,28 Oct 2025,24 Dec 2025,-,-,9892218310.00,B-EQ,989221831
TOSRIFA,Tosrifa Industries PLC,Textile,B,1339.31,26.53,19.70,-1.01,19.70,6.4580,"325,145",48.3830,-40.0000,19.2050,21.1440,18.8745,19.5973,19.5676,19.8741,-0.3065,-0.5161,20.7385,17.6715,127.1400,81632.4466,19.7267,19.6282,19.3448,1.2607,0.0000,0.0000,0.0000,2.03,0.900,-,0.411,-,-,-,-,-,-,-,-,19.90,-0.20,263,6.4580,56.98%,22.41%,34.57%,43.02%,0.00%,0.00%,-,4.00,0.75,31.52,27 Oct 2025,28 Dec 2025,26.53,59.70,679851190.00,B-EQ,67985119
TRUSTB1MF,Trust Bank 1st Mutual Fund,Mutual Funds,A,1123.27,-,3.70,0.00,3.70,1.9120,"518,413",49.4566,-50.0000,3.6900,3.7920,3.1115,3.7292,3.7231,3.7110,0.0121,0.0046,3.8836,3.4964,89.9200,-1094357.3797,3.7467,3.7410,3.7114,1.2834,0.0000,0.0000,0.0000,-,-,-,-,-,-,-,-,-,-,-,-,3.70,0.00,102,1.9120,98.49%,34.01%,64.48%,1.51%,0.00%,0.00%,-,-,-1.96,8.16,15 Sep 2024,-,-,-,3035866750.00,A-MF,303586675
TRUSTBANK,Trust Bank PLC.,Bank,A,14091.08,3.99,13.50,0.00,13.50,9.5050,"702,772",21.9756,-88.8889,13.9550,14.7480,16.5720,13.6330,13.7146,14.0889,-0.3742,-0.3712,14.7821,13.1279,39.9700,-262940.9891,13.5556,13.6026,13.7486,0.7014,0.0000,0.0000,0.0000,5.93,-,-,-,-,0.617,0.146,-,0.005,0.119,0.006,-,13.50,0.00,422,9.5050,40.00%,23.37%,16.63%,60.00%,0.00%,0.00%,5.00,8.00,3.38,28.52,03 May 2026,28 Jul 2025,3.99,5.63,10437834560.00,A-EQ,1043783456
TUNGHAI,Tung Hai Knitting & Dyeing Limited,Textile,Z,490.60,-,4.60,9.52,4.60,17.0160,"3,728,857",59.8322,0.0000,4.1500,4.1200,2.9685,4.2206,4.2058,4.1895,0.0163,-0.0084,4.4712,3.8288,104.7600,850723.2693,4.2156,4.1808,4.1586,1.3923,0.0000,0.0000,0.0000,-,0.182,-,0.044,-,-,-,-,-,-,-,-,4.20,0.40,351,17.0160,69.96%,7.58%,62.38%,30.04%,0.00%,0.00%,-,-,-0.42,-6.18,31 Oct 2022,12 Dec 2022,-,-,1066530300.00,Z-EQ,106653030
UCB,United Commercial Bank PLC,Bank,Z,20232.41,59.33,8.70,-2.25,8.70,7.2020,"824,637",38.1538,-90.0000,9.0700,9.3200,9.4575,8.8809,8.9260,9.0651,-0.1391,-0.1055,9.6248,8.5152,4.9700,-177595.4302,8.8178,8.8615,8.9843,0.9801,0.0000,0.0000,0.0000,-,-,-,-,-,0.344,0.007,-,0.000,0.006,0.000,-,8.90,-0.20,152,7.2020,88.92%,36.43%,52.03%,10.27%,0.81%,0.46%,-,-,0.15,25.71,03 May 2026,11 Jun 2026,59.33,20.23,23255638470.00,Z-EQ,2325563847
UCB2PBOND,UCB 2nd Perpetual Bond,Corporate Bond,A,282.00,-,0.00,0.00,4700.00,0.0000,0,,,,,,,,,,,,,,,,,,,,,,0.02,-,-,-,-,-,-,-,-,-,-,-,4700.00,0.00,0,0.0000,0.00%,0.00%,0.00%,0.00%,0.00%,0.00%,-,10.00,0.00,0.00,29 Jan 2026,-,-,-,600000.00,A-CB,60000
UNILEVERCL,Unilever Consumer Care Limited,Food & Allied,A,38053.29,48.05,1974.30,-0.29,1974.30,0.2370,120,36.4480,-84.0741,1984.5400,2013.3200,2097.7785,1981.6385,1982.9486,1991.9768,-9.0282,-10.3998,2001.4586,1967.6214,0.2100,-132.2910,1982.0756,1982.2013,1982.5895,0.3328,0.0000,0.0000,0.0000,2.13,0.753,5.520,0.509,-,0.178,0.131,0.668,0.070,1.102,-,-,1980.00,-5.70,40,0.2370,7.18%,3.45%,3.62%,92.82%,0.00%,0.11%,-,420.00,41.21,116.30,08 Mar 2026,18 May 2026,48.05,95.84,192743180.00,A-EQ,19274318
UNIONBANK,Union Bank PLC.,Bank,Z,1554.42,0.96,0.00,0.00,1.50,0.0000,0,31.6231,-100.0000,1.7050,1.9000,3.0850,1.6132,1.6390,1.7458,-0.1068,-0.1005,1.9248,1.4852,48.5200,-791884.7608,1.5867,1.6077,1.6590,1.0097,0.0000,0.0000,0.0000,-,-,-,-,-,1.265,17.228,-,-,1.048,-,-,1.50,0.00,0,0.0000,45.51%,13.47%,32.03%,54.49%,0.00%,0.01%,-,-,1.58,16.03,28 Apr 2024,12 Aug 2024,0.96,-,10362804480.00,Z-EQ,1036280448
UNIONCAP,Union Capital Limited,Financial Institutions,Z,724.81,-,4.10,0.00,4.20,0.5980,"142,528",40.0957,-75.0000,4.2750,4.5480,4.3940,4.2175,4.2388,4.3335,-0.0947,-0.0924,4.4571,4.0929,18.9000,-118442.6675,4.1933,4.2192,4.2500,1.7891,0.0000,0.0000,0.0000,-,-,-,-,-,1.360,0.667,-,-,-,-,-,4.20,0.00,33,0.5980,71.06%,15.15%,55.91%,28.94%,0.00%,0.00%,-,-,-2.46,-65.49,20 May 2026,29 Jul 2026,-,-,1725738430.00,Z-EQ,172573843
UNIONINS,Union Insurance PLC,Insurance,A,2405.59,26.32,49.70,-0.60,49.70,33.3230,"656,831",56.4786,-30.2632,47.8800,49.6540,40.1860,48.4115,48.2724,48.3617,-0.0893,-0.4366,50.3446,45.4154,150.0300,-162665.8937,48.4689,48.2564,47.9076,1.6562,0.0000,0.0000,0.0000,2.01,-,-,-,-,-,-,-,-,-,-,-,50.00,-0.30,963,33.3230,43.02%,12.08%,30.94%,56.98%,0.00%,0.00%,-,10.00,1.90,19.23,12 May 2026,25 Aug 2026,26.32,20.33,484022600.00,A-EQ,48402260
UNIQUEHRL,Unique Hotel & Resorts PLC,Travel & Leisure,A,12629.76,8.34,42.90,-0.69,42.90,13.0720,"302,285",53.6834,-37.6623,41.4200,42.9240,40.1350,42.3327,42.1582,42.1219,0.0363,-0.3298,44.6829,38.1571,23.1700,54810.7911,42.6556,42.3500,41.7181,1.3169,0.0000,0.0000,0.0000,3.73,1.026,0.113,1.008,0.131,0.380,0.095,0.700,0.006,0.009,-,-,43.20,-0.30,472,13.0720,47.55%,29.36%,18.03%,52.45%,0.00%,0.16%,-,16.00,5.18,93.91,28 Oct 2025,24 Dec 2025,8.34,10.84,2944000000.00,A-EQ,294400000
UNITEDFIN,United Finance PLC.,Financial Institutions,A,3124.81,16.04,16.70,-1.76,16.70,9.4350,"563,568",45.9599,-47.3684,16.7200,17.5700,14.1770,16.8072,16.8089,16.9493,-0.1404,-0.2027,17.3544,16.0856,98.1000,-452627.1852,16.8511,16.8128,16.7290,1.6392,0.0000,0.0000,0.0000,5.99,-,-,-,-,0.372,0.163,-,-,-,-,0.091,17.00,-0.30,345,9.4350,59.87%,14.49%,45.38%,40.13%,0.00%,0.00%,-,10.00,1.06,17.90,29 Apr 2026,29 Jun 2026,16.04,31.48,1871146140.00,A-EQ,187114614
UNITEDINS,United Insurance Company Ltd.,Insurance,A,2723.40,18.09,61.20,-2.24,61.20,6.3240,"102,539",49.3651,-47.3684,61.1800,61.3640,47.6875,62.0814,61.9550,61.4484,0.5066,0.4672,64.0259,58.3341,90.1100,-127425.5744,62.4178,62.2205,61.6410,1.0844,0.0000,0.0000,0.0000,2.45,-,-,-,-,-,-,-,-,-,-,-,62.60,-1.40,316,6.3240,40.10%,16.98%,23.12%,59.90%,0.00%,0.00%,-,15.00,3.46,31.04,29 Apr 2026,29 Jun 2026,18.09,15.73,445000000.00,A-EQ,44500000
UPGDCL,United Power Generation & Distribution Company Limited,Fuel & Power,A,65911.35,5.53,113.70,-0.52,113.70,2.1440,"18,814",43.5078,-44.4444,113.2800,118.2840,119.7885,114.0548,114.0725,115.0433,-0.9708,-1.3889,116.4784,110.0816,1.7900,-20530.8754,114.1778,114.2859,113.8005,0.8555,0.0000,0.0000,0.0000,5.72,1.368,-,1.250,0.319,0.337,0.312,0.340,0.158,0.281,-,-,114.30,-0.60,197,2.1440,10.00%,7.42%,2.57%,90.00%,0.00%,0.01%,-,65.00,20.66,73.89,27 Oct 2025,30 Dec 2025,5.53,5.84,5796952700.00,A-EQ,579695270
USMANIAGL,Usmania Glass Sheet Factory Limited,Miscellaneous,Z,914.07,-,52.30,-0.38,52.50,0.5400,"10,178",37.5262,-75.7576,54.2750,60.5320,43.6895,53.5431,53.9762,55.9120,-1.9358,-1.8957,58.4747,50.0753,22.5100,-17212.5871,53.1800,53.8192,54.1024,1.2762,0.0000,0.0000,0.0000,-,0.654,-,0.293,-,-,-,-,-,-,-,-,52.70,-0.20,85,0.5400,47.00%,14.39%,32.61%,2.00%,51.00%,0.00%,-,-,-5.34,64.73,29 Oct 2025,21 Dec 2025,-,-,174109000.00,Z-EQ,17410900
UTTARABANK,Uttara Bank PLC,Bank,A,25105.71,3.39,20.70,0.49,20.70,16.4200,"793,724",44.5382,-50.0000,20.7100,20.9580,22.9170,20.6563,20.6711,20.7674,-0.0962,-0.1090,20.8924,20.5276,18.4200,-795295.2242,20.6333,20.6462,20.6762,0.6822,0.0000,0.0000,0.0000,2.42,-,-,-,-,0.608,0.298,-,0.018,0.190,0.020,-,20.60,0.10,216,16.4200,69.34%,24.87%,44.02%,30.66%,0.00%,0.45%,25.00,5.00,6.08,31.95,30 Apr 2026,15 Jun 2026,3.39,4.62,12128360900.00,A-EQ,1212836090
UTTARAFIN,Uttara Finance and Investments Limited,Financial Institutions,Z,1538.33,1.24,11.70,0.00,11.70,0.2840,"24,367",36.2684,-88.8889,12.1000,12.8180,12.3610,11.8709,11.9415,12.2398,-0.2983,-0.2836,12.7391,11.4609,2.4300,-39091.9982,11.8133,11.8859,11.9743,1.3327,0.0000,0.0000,0.0000,12.82,-,-,-,-,0.983,0.593,-,-,-,-,0.564,11.70,0.00,27,0.2840,55.56%,31.62%,16.12%,44.44%,0.00%,7.82%,5.00,15.00,9.45,62.45,24 Aug 2020,30 Sep 2020,1.24,5.22,1314815040.00,Z-EQ,131481504
VAMLBDMF1,Vanguard AML BD Finance Mutual Fund One,Mutual Funds,A,740.67,-,0.00,0.00,7.10,0.0000,0,45.8140,-71.4286,7.1600,7.2120,6.8430,7.2057,7.2027,7.1776,0.0250,0.0300,7.4458,6.8742,37.4300,-4593.5110,7.2333,7.2385,7.2100,0.6339,0.0000,0.0000,0.0000,-,-,-,-,-,-,-,-,-,-,-,-,7.10,0.00,0,0.0000,98.08%,81.13%,16.95%,1.92%,0.00%,0.00%,-,-,-0.10,9.55,01 Dec 2025,-,-,-,1043200000.00,A-MF,104320000
VAMLRBBF,Vanguard AML Rupali Bank Balanced Fund,Mutual Funds,A,1333.46,-,0.00,1.20,8.40,9.1940,"1,115,297",58.1610,-44.4444,8.1750,8.1520,6.5870,8.3002,8.2687,8.1826,0.0861,0.0575,8.5690,7.7810,42.1700,369841.3920,8.3511,8.3026,8.2252,0.8719,0.0000,0.0000,0.0000,-,-,-,-,-,-,-,-,-,-,-,-,8.30,0.10,207,9.1940,74.80%,68.24%,6.56%,25.20%,0.00%,0.00%,-,-,-0.37,8.38,18 Feb 2026,-,-,3.49,1587450000.00,A-MF,158745000
VFSTDL,VFS Thread Dyeing Limited,Textile,B,1383.10,146.67,13.10,-0.76,13.10,4.1670,"316,567",40.3230,-64.7059,13.5400,14.9720,13.5460,13.3297,13.4116,13.8586,-0.4470,-0.4774,14.5055,12.5745,155.2400,-633207.7027,13.2822,13.3718,13.4262,1.5844,0.0000,0.0000,0.0000,0.19,5.475,-,3.946,-,-,-,-,-,-,-,-,13.20,-0.10,185,4.1670,69.23%,10.92%,58.26%,30.77%,0.00%,0.05%,-,0.25,0.09,20.34,29 Oct 2025,30 Dec 2025,146.67,330.00,1055800550.00,B-EQ,105580055
WALTONHIL,Walton Hi-Tech Industries PLC,Engineering,A,123415.13,9.86,336.70,-0.18,336.70,13.7970,"40,903",17.3425,-97.4359,368.7600,382.5500,382.2705,346.4736,351.4318,366.1759,-14.7441,-10.7938,419.3968,318.1232,4.6200,-64378.5583,339.4244,344.4192,356.9814,0.9073,0.0000,0.0000,0.0000,5.35,2.550,0.046,1.513,-,0.209,0.146,0.360,0.066,0.086,-,-,337.30,-0.60,"1,044",13.7970,28.91%,1.04%,27.84%,71.09%,0.00%,0.03%,10.00,180.00,33.75,381.26,30 Aug 2026,15 Oct 2026,9.86,9.99,3665432940.00,A-EQ,366543294
WATACHEM,Wata Chemicals Ltd,Pharmaceuticals & Chemicals,A,1895.81,173.92,127.60,-0.62,127.90,1.6880,"13,132",41.0470,-64.5455,130.3150,136.4180,135.0365,129.1054,129.5692,131.8878,-2.3186,-2.3912,135.4009,125.2291,24.3900,-21514.1912,128.7400,129.1731,129.5800,1.1956,0.0000,0.0000,0.0000,0.78,0.545,0.439,0.490,-,0.249,0.014,0.296,0.004,0.012,-,-,128.70,-0.80,158,1.6880,63.59%,35.65%,27.94%,36.41%,0.00%,0.00%,-,10.00,0.74,61.09,09 Nov 2025,24 Dec 2025,173.92,110.95,148226180.00,A-EQ,14822618
WMSHIPYARD,Western Marine Shipyard Limited,Engineering,Z,2022.75,-,8.60,0.00,8.60,1.4740,"171,680",35.9281,-50.0000,8.7350,9.3940,8.8320,8.6766,8.7071,8.9016,-0.1945,-0.2190,9.0480,8.4220,19.2900,-38934.8114,8.6644,8.6859,8.6967,1.5874,0.0000,0.0000,0.0000,-,7.577,-,4.239,-,0.363,-,0.374,-,-,-,-,8.60,0.00,115,1.4740,69.99%,15.39%,54.60%,30.01%,0.00%,0.00%,-,-,-0.02,16.16,16 Nov 2025,28 Dec 2025,-,-,2352037690.00,Z-EQ,235203769
YPL,Yeakin Polymer Limited,Engineering,Z,1488.72,-,20.20,-3.81,20.20,1.9950,"97,422",44.4189,-36.2069,20.1200,22.2500,20.2375,20.7126,20.6745,20.9636,-0.2891,-0.5088,22.5065,17.7335,56.4600,-99658.4019,20.9289,20.8718,20.4229,1.4947,0.0000,0.0000,0.0000,-,0.860,-,0.442,-,-,-,-,-,-,-,-,21.00,-0.80,162,1.9950,69.90%,17.00%,52.90%,30.10%,0.00%,0.00%,-,-,-0.71,6.16,08 Dec 2022,-,-,-,736988170.00,Z-EQ,73698817
ZAHEENSPIN,Zaheen Spinning Limited,Textile,Z,557.76,-,5.00,0.00,4.90,0.1590,"32,142",38.9068,-100.0000,5.1850,5.5020,5.1940,5.0420,5.0853,5.2489,-0.1637,-0.1456,5.5864,4.7836,34.8800,-259272.8910,5.0133,5.0474,5.1033,1.4430,0.0000,0.0000,0.0000,-,1.404,-,1.398,-,-,-,-,-,-,-,-,4.90,0.00,38,0.1590,68.90%,24.15%,44.75%,31.10%,0.00%,0.00%,-,-,-0.55,3.39,28 Oct 2025,30 Dec 2025,-,-,1138283680.00,Z-EQ,113828368
ZAHINTEX,Zahintex Industries Limited,Textile,Z,605.53,-,7.40,2.78,7.40,0.1580,"21,499",39.6402,-72.7273,7.8050,8.4160,7.4690,7.5236,7.6033,7.9046,-0.3013,-0.2681,8.4993,7.1107,18.1000,-73404.2665,7.4489,7.5282,7.6705,1.0033,0.0000,0.0000,0.0000,-,2.167,-,0.632,-,-,-,-,-,-,-,-,7.20,0.20,29,0.1580,63.06%,20.93%,42.13%,36.94%,0.00%,0.00%,-,-,-2.58,10.01,29 Oct 2023,24 Dec 2023,-,-,818285490.00,Z-EQ,81828549
ZEALBANGLA,Zeal Bangla Sugar Mills Limited,Food & Allied,Z,1039.20,-,174.70,-1.65,173.20,0.9160,"5,250",45.3160,-62.7168,173.5850,191.1240,152.3360,176.3400,176.4453,178.8694,-2.4241,-3.3337,187.6146,159.5554,35.6400,-6519.3188,177.5400,177.4846,175.5686,0.9936,0.0000,0.0000,0.0000,-,0.269,-,0.057,-,-,-,-,-,0.069,-,-,176.10,-2.90,123,0.9160,49.00%,11.95%,37.05%,0.00%,51.00%,0.00%,-,-,-78.87,-1139.19,27 Oct 2025,15 Dec 2025,-,-,60000000.00,Z-EQ,6000000
