Symbol,Company,Sector,Category,Market Cap (mn),PE,LTP,%,Close,Value(Turnover) (mn),Volume(Qty),RSI [14],Willams %R [14],SMA [20],SMA [50],SMA [200],EMA [9],EMA [12],EMA [26],"MACD [12,26]",MACD Signal [9],"BB Upper [20,2]","BB Lower [20,2]",TV [22],"CO [3,10]",WMA [9],WMA [12],WMA [20],Beta [5],Dividend Yield,Current Ratio,Quick Ratio,Debt To Equity,EBITDA Margin,Operating Profit Margin,Net Profit Margin,Gross Profit Margin,Return on Assets (ROA),Return on Equity (ROE),Return on Earnings Assets (ROEA),Return on Investment (ROI),EPS,NAV(Year End),Audited PE,Forward PE,PaidUp Capital,Total Shares
1JANATAMF,First Janata Bank Mutual Fund,Mutual Funds,A,782.79,-,2.7,-3.57,2.7,2.902,1050182.0,50.9575,-83.3333,2.725,2.576,3.0185,2.7588,2.7498,2.6838,0.066,0.0773,3.0551,2.3949,124.38,-1239685.5464,2.7644,2.7731,2.7719,1.2147,-,-,-,-,-,-,-,-,-,-,-,-,-2.24,7.54,-,-,2899233490.00,289923349
1STPRIMFMF,Prime Finance First Mutual Fund,Mutual Funds,A,364.0,-,18.2,-4.21,18.2,9.133,491562.0,35.6779,-92.5926,19.35,19.604,20.251,19.0019,19.1069,19.3317,-0.2248,-0.1001,20.2526,18.4474,584.14,-375104.0324,18.8978,19.0269,19.2338,1.0571,-,-,-,-,-,-,-,-,-,-,-,-,-0.53,8.6,-,-,200000000.00,20000000
AAMRANET,Aamra Networks Limited.,IT Sector,Z,1506.27,6.79,16.2,-2.99,16.2,2.384,146122.0,43.6532,-95.0,16.645,16.878,18.1625,16.6997,16.7202,16.7506,-0.0304,0.0003,17.8458,15.4442,48.67,-133841.9121,16.7022,16.7667,16.7895,1.3332,6.17,2.957,-,2.304,0.204,0.214,0.188,0.399,0.055,0.067,-,-,2.46,37.01,6.79,16.27,929799120.00,92979912
AAMRATECH,Aamra Technologies Limited,IT Sector,Z,770.02,-,11.9,-3.25,11.9,1.203,100894.0,51.2066,-75.0,11.875,11.546,12.127,12.0489,12.0151,11.8355,0.1796,0.19,12.7257,11.0243,37.04,-140646.9964,12.0778,12.0808,12.0281,1.4986,0.84,1.988,-,1.236,-,-,-,0.200,-,-,-,-,-0.12,21.73,-,-,647074420.00,64707442
ABB1STMF,AB BANK 1ST MUTUAL FUND,Mutual Funds,A,669.45,-,2.8,-6.67,2.8,13.568,4696284.0,50.408,-71.4286,2.815,2.676,3.276,2.8804,2.8656,2.7932,0.0724,0.0739,3.1779,2.4521,345.62,-617789.7984,2.8889,2.8885,2.8724,1.2263,-,-,-,-,-,-,-,-,-,-,-,-,-1.37,8.69,-,-,2390903960.00,239090396
ABBANK,AB Bank PLC,Bank,B,6269.86,-,7.0,0.0,7.0,88.728,12476524.0,71.0532,-26.9231,5.9,4.918,5.5845,6.5952,6.4404,5.8291,0.6113,0.5591,7.881,3.919,129.1,1942432.5904,6.7156,6.6859,6.3743,1.7884,-,-,-,-,-,1.575,1.647,-,-,-,-,-,-21.28,7.19,-,-,8956947490.00,895694749
ABBLPBOND,AB Bank Perpetual Bond,Corporate Bond,A,5710.94,-,0.0,0.0,1000.0,0.0,0.0,63.0012,0.0,993.75,997.5,0.0,963.019,951.2235,924.1223,27.1012,13.9509,1149.7424,837.7576,12.57,-733.0375,979.1667,983.1731,988.9881,0.019,0.10,-,-,-,-,-,-,-,-,-,-,-,0.0,0.0,-,-,57109360.00,5710936
ACFL,Aman Cotton Fibrous PLC,Textile,A,1754.5,83.81,17.4,-1.14,17.4,1.562,89409.0,43.783,-76.1905,17.725,17.616,17.605,17.7481,17.7627,17.7249,0.0377,0.0875,18.7609,16.6891,10.09,-55463.9279,17.7511,17.8064,17.8333,1.3002,5.75,2.447,-,1.271,-,-,-,-,-,-,-,-,0.21,33.63,83.81,97.78,1008333330.00,100833333
ACI,ACI Limited,Pharmaceuticals & Chemicals,A,18550.09,-,211.2,-4.69,211.2,63.918,297327.0,48.7211,-60.3659,212.8,206.16,187.8595,218.0967,217.2386,212.8352,4.4033,4.5909,232.3145,193.2855,97.28,145075.856,219.5222,219.6487,216.569,1.0903,1.18,0.676,0.568,0.384,-,0.074,-,0.249,-,-,-,-,-7.4,91.64,-,151.78,878318430.00,87831843
ACIFORMULA,ACI Formulations PLC,Pharmaceuticals & Chemicals,A,6709.5,18.51,142.0,-2.27,142.0,18.389,129562.0,50.9156,-72.9064,142.61,135.714,134.4845,145.2935,144.8116,141.6079,3.2037,3.6528,154.5652,130.6548,45.91,387.8753,146.12,146.3269,145.0343,1.2629,1.76,1.236,-,0.925,-,0.142,0.072,0.323,0.043,0.104,-,-,7.85,75.51,18.51,11.18,472500000.00,47250000
ACMELAB,The ACME Laboratories Limited,Pharmaceuticals & Chemicals,A,16589.57,6.93,78.4,-1.38,78.4,50.118,638156.0,53.0611,-64.1975,78.45,74.568,75.2205,79.4315,79.2323,77.739,1.4933,1.7586,83.9424,72.9576,89.81,413707.6539,79.6244,79.8205,79.4167,1.1968,4.46,1.154,0.265,0.680,-,0.098,0.068,0.422,0.042,0.091,-,-,11.48,126.37,6.93,6.51,2116017000.00,211601700
ACMEPL,Acme Pesticides Limited,Pharmaceuticals & Chemicals,B,2214.0,-,16.4,-0.61,16.4,65.404,3988870.0,50.7749,-66.6667,16.48,16.042,15.0705,16.4692,16.468,16.3483,0.1197,0.1734,17.4036,15.5564,463.48,-1517092.9101,16.4489,16.4936,16.5514,1.5928,0.01,4.422,0.117,3.222,-,-,-,-,-,-,-,-,-1.14,16.41,-,-,1350000000.00,135000000
ACTIVEFINE,Active Fine Chemicals Limited,Pharmaceuticals & Chemicals,Z,1583.58,63.64,6.6,-5.71,6.6,3.852,575945.0,54.2146,-76.9231,6.475,5.996,7.4865,6.7502,6.6908,6.4246,0.2662,0.261,7.5311,5.4189,52.18,199858.0803,6.8022,6.7897,6.6943,1.4473,0.38,-,-,-,-,-,-,-,-,-,-,-,0.11,22.07,63.64,43.75,2399365800.00,239936580
ADNTEL,ADN Telecom Limited,IT Sector,A,3788.59,24.71,58.6,-6.98,58.6,28.455,473377.0,38.8954,-88.3495,63.365,59.746,66.3615,62.7104,62.8261,62.1525,0.6736,1.2446,66.6038,60.1262,273.4,-376305.5721,62.8378,63.159,63.2719,1.3326,1.71,2.057,-,2.048,0.146,0.164,0.100,0.385,0.047,0.074,-,-,2.55,32.82,24.71,25.00,646516660.00,64651666
ADVENT,Advent Pharma Limited,Pharmaceuticals & Chemicals,Z,1266.61,19.31,13.6,-2.16,13.6,3.535,258815.0,43.7136,-63.6364,14.09,13.572,14.2585,13.9405,13.962,13.889,0.073,0.1546,14.5751,13.6049,65.62,-36693.0566,13.92,13.9615,14.0519,1.4702,0.37,1.507,0.005,1.157,-,0.200,0.134,0.352,0.035,0.044,-,-,0.72,16.43,19.31,28.96,931327320.00,93132732
AFCAGRO,AFC Agro Biotech Limited,Pharmaceuticals & Chemicals,Z,794.99,33.18,6.9,-5.48,6.9,0.705,101055.0,59.1274,-35.2941,6.44,5.646,6.8315,6.9574,6.8433,6.3682,0.4751,0.4482,7.9911,4.8889,33.06,78250.1663,7.0822,7.0321,6.8057,1.7148,0.72,5.609,-,4.057,-,0.066,0.036,0.232,0.010,0.012,-,-,0.22,18.19,33.18,32.21,1152162000.00,115216200
AFTABAUTO,Aftab Automobiles Limited,Engineering,Z,2955.26,-,28.0,-3.45,28.0,7.282,257238.0,30.462,-98.0392,30.225,31.602,33.1645,29.2911,29.5428,30.3901,-0.8473,-0.6933,32.1672,28.2828,102.66,-298760.807,29.0556,29.3026,29.8148,1.257,3.57,1.931,2.289,1.802,-,-,-,0.254,-,-,-,-,-1.37,47.57,-,-,1055449950.00,105544995
AGNISYSL,Agni Systems PLC.,IT Sector,B,1501.91,26.91,20.7,-5.05,20.7,17.416,824134.0,42.5429,-90.4762,21.425,21.062,23.969,21.5834,21.5761,21.4329,0.1432,0.1945,22.5336,20.3164,274.08,-352763.0168,21.66,21.6756,21.5995,1.2902,1.21,4.147,-,4.091,0.135,0.140,0.123,0.318,0.059,0.069,-,-,0.81,16.95,26.91,19.12,725561920.00,72556192
AGRANINS,Agrani Insurance PLC.,Insurance,A,806.82,15.19,22.2,-4.27,22.4,0.418,18357.0,37.0429,-82.8571,23.83,23.252,24.162,23.3968,23.5192,23.6341,-0.1148,0.0999,24.9218,22.7382,49.56,-30260.3615,23.3,23.4474,23.6771,1.3893,2.68,-,-,-,-,-,-,-,-,-,-,-,1.54,19.81,15.19,117.00,360186980.00,36018698
AIBL1STIMF,AIBL 1st Islamic Mutual Fund,Mutual Funds,A,360.0,76.00,3.6,-5.26,3.6,1.807,487843.0,47.4212,-100.0,3.715,3.508,4.5405,3.7479,3.7446,3.6694,0.0752,0.1033,4.1319,3.2981,158.74,-474918.9541,3.7556,3.7769,3.7757,0.8376,-,-,-,-,-,-,-,-,-,-,-,-,0.05,10.27,76.00,43.18,1000000000.00,100000000
AIBLPBOND,AIBL Mudaraba Perpetual Bond,Corporate Bond,A,344.9,-,0.0,0.0,3449.0,0.0,0.0,29.1311,-88.9533,3400.45,3446.18,4224.2175,3705.6046,3818.3736,4127.9665,-309.5929,-207.6342,4404.7118,2396.1882,0.05,-0.778,3328.8,3341.9615,3372.119,0.0345,0.03,-,-,-,-,-,-,-,-,-,-,-,0.0,0.0,-,-,1000000.00,100000
AIL,Alif Industries Limited,Textile,Z,1348.35,12.37,27.7,-5.14,27.7,12.715,447352.0,41.8444,-70.2128,28.055,31.39,44.3775,28.4149,28.3937,29.0312,-0.6375,-0.984,30.0629,26.0471,153.81,47239.6425,28.4733,28.4372,28.3552,1.1788,3.61,4.992,-,4.235,-,-,-,-,-,-,-,-,2.36,24.56,12.37,9.69,486768350.00,48676835
AL-HAJTEX,Al-Haj Textile Mills Limited,Textile,B,2809.62,12.82,126.0,-2.4,126.0,11.683,92161.0,41.4677,-96.2963,134.18,134.198,136.312,130.524,131.2931,132.5101,-1.217,-0.1007,145.9271,122.4329,259.2,-61144.6244,129.3178,130.6744,133.1662,1.1145,0.40,1.616,-,1.134,-,-,-,-,-,-,-,-,10.07,18.52,12.82,12.82,222985490.00,22298549
ALARABANK,Al-Arafah Islami Bank PLC.,Bank,A,19118.08,25.61,16.6,-1.78,16.6,7.855,474179.0,56.8966,-59.0909,16.42,15.006,16.657,16.4285,16.3308,15.8554,0.4754,0.4844,18.0009,14.8391,23.24,211038.3645,16.4533,16.3756,16.4381,0.6204,-,-,-,-,-,0.425,0.038,-,0.001,0.030,0.001,-,0.66,20.85,25.61,37.28,11516917130.00,1151691713
ALIF,Alif Manufacturing Company Ltd,Textile,Z,1247.65,14.55,4.8,0.0,4.8,7.87,1592997.0,63.2611,-25.0,4.32,4.106,5.008,4.5757,4.5184,4.3306,0.1877,0.1502,5.1003,3.5397,47.3,214284.9116,4.6089,4.5833,4.4876,1.6386,2.08,15.328,-,13.723,-,-,-,-,-,-,-,-,0.33,15.15,14.55,22.50,2599270220.00,259927022
ALLTEX,Alltex Industries Limited,Textile,Z,777.96,-,13.9,-5.44,13.9,7.723,534068.0,43.8607,-89.2857,14.625,13.91,12.4295,14.6415,14.6458,14.4296,0.2163,0.3275,15.7764,13.4736,231.97,-710314.7556,14.6956,14.7436,14.7567,1.486,-,0.214,-,0.212,-,-,-,-,-,-,-,-,-0.18,24.77,-,183.75,559680000.00,55968000
AMANFEED,Aman Feed PLC,Miscellaneous,A,2999.22,108.18,22.9,-3.78,22.9,9.184,396058.0,40.7557,-96.0,24.035,23.366,24.2555,23.7879,23.8417,23.7817,0.06,0.2065,24.9915,23.0785,91.06,-411258.1254,23.7689,23.8756,23.9919,1.3768,5.02,2.425,-,1.527,0.016,0.066,0.003,0.108,0.003,0.008,-,-,0.22,28.03,108.18,25.87,1309704000.00,130970400
AMBEEPHA,Ambee Pharmaceuticals PLC.,Pharmaceuticals & Chemicals,A,1799.28,345.29,755.0,-1.76,749.7,0.46,610.0,46.3994,-94.0633,771.315,732.876,782.5005,767.5541,767.4648,758.5508,8.914,12.9128,807.8299,734.8001,18.87,-712.238,767.68,769.0974,772.7057,0.8185,0.13,0.828,0.006,0.526,-,0.035,0.023,0.475,0.007,0.164,-,-,2.21,13.47,345.29,205.13,24000000.00,2400000
AMCL(PRAN),Agricultural Marketing Co Ltd.,Food & Allied,A,1656.0,42.36,206.5,-2.45,207.0,2.436,11652.0,42.3678,-97.1429,213.695,210.07,216.1375,212.2487,212.6843,212.5682,0.116,1.1272,221.4125,205.9775,25.47,-8898.3094,211.9044,212.7795,213.5771,0.9302,1.55,1.656,-,0.601,0.019,0.026,0.013,0.191,0.027,0.061,-,-,5.01,92.88,42.36,31.11,80000000.00,8000000
ANLIMAYARN,Anlima Yarn Dyeing Limited,Textile,Z,332.34,-,18.6,-3.63,18.6,1.588,84696.0,46.7587,-81.4815,18.855,18.874,20.5895,18.9724,18.9551,18.8758,0.0793,0.0786,19.6922,18.0178,64.55,-98399.7359,19.0244,19.0205,18.98,1.1755,-,0.767,-,0.528,-,-,-,-,-,-,-,-,-2.99,5.63,-,-,178678000.00,17867800
ANWARGALV,Anwar Galvanizing Limited,Engineering,A,2807.4,-,93.0,-6.72,93.0,80.13,836341.0,45.8476,-74.8815,95.415,91.512,77.9325,98.6301,98.2508,95.7602,2.4907,2.8299,109.3079,81.5221,818.4,-1034926.4615,99.6511,100.0936,98.2433,1.5382,-,0.720,0.601,0.433,-,-,-,-,-,-,-,-,-12.32,1.38,-,16.51,301870800.00,30187080
AOL,Associated Oxygen Limited,Fuel & Power,Z,1712.6,9.58,15.6,-2.5,15.6,3.943,252329.0,51.5053,-83.3333,15.63,14.81,14.685,15.8292,15.7899,15.4615,0.3283,0.3964,17.7387,13.5213,109.96,-243403.3005,15.8333,15.8526,15.8919,1.7332,0.64,-,-,-,-,-,-,-,-,-,-,-,1.59,19.33,9.58,10.06,1097820000.00,109782000
APEXFOODS,Apex Foods Limited,Food & Allied,A,1247.11,35.90,218.7,-4.95,218.7,3.776,16923.0,31.2641,-94.0774,236.3,236.682,221.4465,231.5264,232.8484,234.9756,-2.1272,-0.2251,247.1344,225.4656,122.63,-29565.272,230.8222,232.2962,234.641,1.114,0.91,2.027,-,1.741,0.040,0.033,0.016,0.096,0.028,0.044,-,-,6.41,126.05,35.90,32.78,57024000.00,5702400
APEXFOOT,Apex Footwear Limited,Tannery Industries,A,3600.44,21.90,183.2,-2.97,183.2,24.512,132782.0,42.0621,-87.6404,189.535,182.668,204.679,188.5536,188.7117,187.3926,1.3191,2.2872,195.636,183.434,146.81,-67397.5502,188.5178,189.2346,189.6914,0.8909,1.36,1.084,-,0.194,0.018,0.085,0.012,0.303,0.006,0.026,-,-,8.62,436.68,21.90,23.66,196530460.00,19653046
APEXSPINN,Apex Spinning & Knitting Mills Limited,Textile,A,1609.44,56.53,191.6,-5.85,191.6,18.698,95654.0,38.4281,-98.6079,212.195,197.072,147.5575,205.8735,207.1699,206.119,1.051,4.3926,227.7033,196.6867,668.44,-94365.0757,205.2444,206.5923,209.8705,1.0002,1.04,1.074,-,0.894,-,-,-,-,0.007,0.024,-,-,3.6,83.11,56.53,60.21,84000000.00,8400000
APEXTANRY,Apex Tannery Limited,Tannery Industries,B,993.65,-,65.2,-5.37,65.2,1.307,19707.0,39.6097,-94.7368,70.51,65.93,66.5615,69.1641,69.5073,69.2093,0.2981,1.1922,73.8985,67.1215,92.44,-49610.7742,69.0044,69.409,69.9767,0.9444,-,0.952,-,0.208,-,0.059,-,0.125,-,-,-,-,-14.62,30.19,-,-,152400000.00,15240000
APOLOISPAT,Appollo Ispat Complex Limited,Engineering,Z,1484.84,-,3.7,8.82,3.7,23.743,6426099.0,81.202,0.0,2.45,2.064,2.658,2.9942,2.8563,2.4834,0.3729,0.2455,3.5406,1.3594,93.69,7360874.1622,3.0911,2.9654,2.7229,1.4619,-,0.749,20.371,0.727,-,-,-,-,-,-,-,-,-0.82,0.7,-,-,4013086000.00,401308600
APSCLBOND,APSCL Non-Convertible and Fully Redeemable Coupon Bearing Bond,Corporate Bond,A,363.0,-,0.0,0.0,1815.0,0.0,0.0,16.66,-100.0,2224.725,2374.39,2555.025,2155.2359,2223.8477,2478.3864,-254.5387,-223.6448,2687.5082,1761.9418,0.3,-1.5809,1958.3556,2019.0321,2128.2881,0.2157,0.03,-,-,-,-,-,-,-,-,-,-,-,0.0,0.0,-,-,2000000.00,200000
ARAMIT,Aramit Limited,Miscellaneous,A,988.2,80.62,163.5,-2.26,164.7,1.534,9233.0,38.5628,-93.7037,171.1,173.858,188.2315,170.1902,170.6192,171.7511,-1.132,-0.7227,178.8536,163.3464,58.19,-15326.2528,170.0267,171.0,171.4238,1.0781,0.61,3.153,-,2.395,0.057,0.063,0.046,0.073,0.009,0.014,-,-,1.75,128.67,80.62,-,60000000.00,6000000
ARAMITCEM,Aramit Cement Limited,Cement,Z,399.78,-,11.8,-1.67,11.8,1.395,113539.0,59.5092,-55.0,11.595,10.07,11.2695,11.7527,11.6664,11.1464,0.52,0.5751,12.3503,10.8397,29.15,-6469.7464,11.8156,11.7821,11.7052,1.4762,-,2.410,-,2.363,-,-,-,-,-,0.766,-,-,-14.47,-18.9,-,-,338800000.00,33880000
ARGONDENIM,Argon Denims Limited,Textile,A,2333.33,10.24,16.8,-2.33,16.8,3.989,237013.0,40.3114,-92.8571,17.315,17.576,17.561,17.2423,17.2904,17.4148,-0.1244,-0.0773,18.0296,16.6004,77.07,-300844.2826,17.2244,17.2846,17.3486,1.2018,5.95,1.703,-,0.950,-,-,-,-,-,-,-,-,1.68,24.57,10.24,12.84,1388886060.00,138888606
ASIAINS,Asia Insurance PLC.,Insurance,A,1746.29,19.51,37.1,-7.71,37.1,28.718,751719.0,46.0296,-94.6809,40.29,34.01,28.6255,40.0641,40.1023,38.5674,1.5349,2.341,44.6088,35.9712,785.96,-696386.7094,40.1311,40.5192,40.6576,1.5331,2.70,-,-,-,-,-,-,-,-,-,-,-,2.06,29.63,19.51,20.79,470698580.00,47069858
ASIAPACINS,Asia Pacific General Insurance PLC,Insurance,A,1482.25,19.79,35.0,-6.42,35.0,7.117,197150.0,40.939,-95.0,39.055,35.288,32.644,37.8506,38.1248,37.7879,0.337,1.0978,42.6424,35.4676,239.34,-161462.9601,37.6289,38.0731,38.6838,1.3819,2.86,-,-,-,-,-,-,-,-,-,-,-,1.89,23.79,19.79,12.93,423500000.00,42350000
ASIATICLAB,Asiatic Laboratories Limited,Pharmaceuticals & Chemicals,A,7380.33,49.03,61.0,-0.82,60.3,170.631,2756145.0,50.7574,-67.1958,63.03,55.228,50.3525,60.7617,61.0187,60.0635,0.9552,1.9692,70.6067,55.4533,535.42,-1648168.3784,59.9756,60.5718,62.18,1.0102,1.66,4.084,0.157,2.848,-,0.308,0.145,0.434,0.029,0.039,-,-,2.09,54.08,49.03,11.78,1223934550.00,122393455
ATCSLGF,Asian Tiger Sandhani Life Growth Fund,Mutual Funds,A,463.4,-,0.0,0.0,7.5,0.0,0.0,75.3136,-13.3333,6.525,6.336,6.5045,6.8857,6.7912,6.5537,0.2376,0.1419,7.2786,5.7714,347.71,2587526.6542,6.9489,6.8628,6.7014,1.0635,-,-,-,-,-,-,-,-,-,-,-,-,-1.95,8.31,-,-,617860500.00,61786050
ATLASBANG,Atlas Bangladesh Limited,Engineering,Z,2106.88,-,63.6,7.61,63.6,5.954,93434.0,75.2907,-10.7692,54.485,53.704,56.3215,57.1078,56.4141,54.9239,1.4902,0.6682,59.9492,49.0208,8.21,34198.3357,57.4222,56.741,55.6,0.9076,-,1.732,0.001,1.667,-,-,-,-,-,-,-,-,-1.23,121.0,-,-,331271080.00,33127108
AZIZPIPES,Aziz Pipes Limited,Engineering,Z,259.34,-,49.1,-6.01,48.5,3.516,70325.0,55.6208,-59.8592,45.825,43.694,47.77,49.6741,48.8224,46.3177,2.5047,1.8128,55.1649,36.4851,161.14,38152.7405,50.9489,49.9231,47.94,1.3227,-,0.259,-,0.182,-,-,-,-,-,0.214,-,-,-10.12,-47.37,-,-,53471250.00,5347125
BANGAS,Bangas Limited,Food & Allied,B,872.26,434.29,114.4,-5.92,114.4,10.279,87669.0,36.4976,-80.0,123.335,123.444,111.2775,121.9901,122.4238,122.5046,-0.0808,0.8336,129.6968,116.9732,416.27,-59256.3725,121.9444,122.7423,123.3176,1.1048,0.26,2.238,-,1.617,0.018,0.018,0.013,0.191,0.011,0.015,-,-,0.28,21.02,434.29,506.67,76246430.00,7624643
BANKASI1PB,Bank Asia 1st Perpetual Bond,Corporate Bond,N,588.63,-,0.0,0.0,8650.0,0.0,0.0,,,,,,,,,,,,,,,,,,,0.01,-,-,-,-,-,-,-,-,-,-,-,0.0,0.0,-,-,680500.00,68050
BANKASIA,Bank Asia PLC.,Bank,A,28214.95,11.07,22.0,-7.17,22.0,137.609,6099494.0,61.4208,-46.3415,21.01,19.778,18.1995,21.8387,21.5882,20.8143,0.7739,0.588,23.0061,19.0139,58.54,5453121.9308,22.1622,21.9,21.4433,0.77,4.55,-,-,-,-,0.630,0.104,-,0.005,0.090,0.006,-,2.14,27.28,11.07,6.89,12824975460.00,1282497546
BARKAPOWER,Baraka Power Limited,Fuel & Power,Z,1813.09,22.22,7.7,-3.75,7.7,3.23,417231.0,47.5664,-85.7143,7.915,7.492,9.0435,7.9136,7.9135,7.814,0.0996,0.1464,8.3974,7.4326,49.19,143795.4238,7.92,7.9256,7.9448,1.4582,-,1.348,-,1.179,0.121,0.137,0.090,0.169,0.037,0.056,-,-,0.36,22.63,22.22,36.36,2354656610.00,235465661
BATASHOE,Bata Shoe Company (Bangladesh) Limited,Tannery Industries,A,11365.34,39.30,830.8,-2.21,830.8,1.139,1368.0,49.5863,-49.0756,834.15,819.258,839.286,839.4712,838.3079,831.8803,6.4276,6.8977,857.4648,810.8352,1.04,377.8314,840.6289,840.5821,838.6919,0.4156,1.72,1.466,-,0.350,0.077,0.091,0.041,0.459,0.049,0.123,-,-,0.0,0.0,39.30,68.37,136800000.00,13680000
BATBC,British American Tobacco Bangladesh Company Limited,Food & Allied,A,130842.0,8.21,242.3,-8.94,242.3,192.192,794444.0,28.7172,-90.5188,271.955,261.976,271.991,266.3316,268.0292,268.2853,-0.2562,3.3513,292.0997,251.8103,8.57,-212454.5102,265.7311,268.2974,271.34,1.0766,1.24,1.806,-,0.888,0.340,0.365,0.176,0.445,0.172,0.303,-,-,10.81,102.5,8.21,14.96,5400000000.00,540000000
BAYLEASING,Bay Leasing & Investment Limited,Financial Institutions,Z,845.33,-,6.0,-3.23,6.0,8.796,1427273.0,70.8726,-27.2727,4.885,3.854,4.085,5.5447,5.37,4.7592,0.6107,0.5145,6.3891,3.3809,141.54,882006.6025,5.6911,5.5359,5.249,2.0703,-,-,-,-,-,1.293,8.991,-,-,-,-,-,-31.16,-25.2,-,-,1408884430.00,140888443
BBS,Bangladesh Building Systems PLC.,Engineering,B,1678.18,-,10.3,0.98,10.3,31.681,2970754.0,59.2009,-36.8421,9.725,9.266,9.998,10.1195,10.0382,9.7161,0.3221,0.2952,10.9248,8.5252,139.92,-288302.8884,10.1956,10.1821,10.0024,1.6442,-,2.624,0.324,2.056,-,0.101,-,0.207,-,-,-,-,-0.59,10.74,-,-,1629297320.00,162929732
BBSCABLES,BBS Cables PLC.,Engineering,B,3450.87,-,16.6,-0.61,16.3,29.623,1758075.0,56.9186,-42.3077,15.62,15.152,15.7365,16.3145,16.1879,15.717,0.4708,0.4142,17.6633,13.5767,94.85,-489107.9556,16.4689,16.4231,16.1067,1.4986,-,2.519,0.074,1.725,-,-,-,0.151,-,-,-,-,-4.05,28.01,-,-,2117097670.00,211709767
BDAUTOCA,Bangladesh Autocars Limited,Engineering,B,600.88,799.44,138.9,-3.47,138.9,16.492,117348.0,55.6064,-48.8136,134.595,129.138,115.046,141.1137,139.8031,134.9983,4.8048,4.1876,151.5389,117.6511,531.49,-38521.1601,142.9511,142.1897,138.6486,1.1215,0.14,1.833,0.022,1.744,-,0.020,0.013,0.043,0.023,0.035,-,-,0.18,7.45,799.44,1439.00,43260130.00,4326013
BDCOM,BDCOM Online Limited,IT Sector,A,1661.56,32.21,26.4,-4.69,26.4,29.753,1104985.0,48.7254,-76.4706,26.48,26.03,25.241,27.1243,27.0074,26.5932,0.4141,0.3521,28.3114,24.6486,377.29,-538607.8925,27.3222,27.209,26.8833,1.7275,1.89,2.192,-,2.155,0.133,0.099,0.065,0.536,0.040,0.056,-,-,0.86,15.58,32.21,30.78,629378650.00,62937865
BDFINANCE,Bangladesh Finance PLC,Financial Institutions,Z,2616.48,-,13.9,0.72,13.9,14.637,1049916.0,58.9267,-29.6296,13.145,13.058,11.748,13.2999,13.2472,13.1542,0.093,0.0209,14.1322,12.1578,39.32,207289.2329,13.2756,13.2269,13.23,1.6797,-,-,-,-,-,1.819,18.372,-,-,-,-,-,-41.61,-30.05,-,18.16,1882362670.00,188236267
BDLAMPS,Bangladesh Lamps PLC.,Engineering,A,1407.58,-,133.7,-5.31,133.7,2.713,19825.0,36.2858,-78.2443,142.57,138.816,135.8075,141.5636,141.9694,141.4183,0.551,1.7014,149.7811,135.3589,45.64,-17841.3394,141.6578,142.6167,142.8643,1.4048,0.75,0.921,-,0.488,-,0.046,-,0.213,-,-,-,-,-6.22,39.93,-,-,105278770.00,10527877
BDSERVICE,Bangladesh Services Limited,Travel & Leisure,Z,508.5,-,0.0,0.0,5.2,0.0,0.0,,,,,,,,,,,,,,,,,,,-,0.346,0.018,0.339,-,-,-,0.569,-,-,-,-,-8.94,219.74,-,-,977889130.00,97788913
BDTHAI,Bangladesh Thai Aluminium Limited,Engineering,B,1392.75,-,10.9,-5.22,10.9,16.688,1492203.0,44.308,-84.6154,11.32,11.062,11.8235,11.3721,11.3668,11.2614,0.1054,0.1433,11.9478,10.6922,247.49,-672858.5079,11.4222,11.4321,11.4062,1.624,-,2.274,0.238,1.417,-,-,-,-,-,-,-,-,-2.01,28.6,-,-,1277752500.00,127775250
BDTHAIFOOD,BD Thai Food & Beverage Limited,Food & Allied,B,1304.0,-,16.0,-2.44,16.0,53.101,3250191.0,54.3193,-71.4286,15.84,14.478,13.846,16.4338,16.298,15.5967,0.7012,0.7331,17.9847,13.6953,1268.11,-745253.3065,16.6889,16.5987,16.2967,1.5017,-,1.502,-,1.039,0.038,0.040,0.003,0.265,0.001,0.001,-,-,-1.64,12.41,-,-,815000000.00,81500000
BDWELDING,Bangladesh Welding Electrodes Limited,Fuel & Power,Z,706.59,-,16.6,-8.94,16.3,3.248,195092.0,41.4023,-91.8367,18.245,17.08,11.5035,18.0087,18.1171,17.8386,0.2784,0.6475,20.556,15.934,144.04,-93517.3328,17.9822,18.2949,18.4086,1.3442,-,1.557,-,1.207,6.501,7.509,2.015,0.193,0.075,0.162,-,-,-0.08,11.61,-,-,433493050.00,43349305
BEACHHATCH,Beach Hatchery Limited,Food & Allied,Z,1287.57,16.06,31.1,-4.6,31.1,12.319,388423.0,42.9455,-70.7317,31.3,35.416,46.025,31.7966,31.7403,32.447,-0.7067,-1.1629,33.3906,29.2094,179.42,-28364.1671,31.8822,31.7987,31.6362,1.1257,3.22,5.789,-,5.616,0.494,0.534,0.383,0.567,0.138,0.163,-,-,2.03,12.49,16.06,5.34,414010210.00,41401021
BEACONPHAR,Beacon Pharmaceuticals PLC.,Pharmaceuticals & Chemicals,A,23677.5,25.76,102.5,-2.94,102.5,22.325,215566.0,39.8762,-97.6563,107.23,105.31,110.9105,106.529,106.7383,106.5355,0.2028,0.7578,112.2905,102.1695,43.97,-346907.601,106.5267,107.0,107.3352,1.521,2.05,1.373,0.448,1.061,-,0.174,0.049,0.517,0.028,0.086,-,-,4.1,28.86,25.76,11.16,2310000000.00,231000000
BENGALWTL,Bengal Windsor Thermoplastics PLC.,Engineering,B,1600.83,33.45,17.5,-4.89,17.5,5.858,324832.0,43.5165,-94.7368,18.08,17.576,18.206,18.1621,18.1487,17.967,0.1817,0.2377,18.935,17.225,71.0,-81231.0363,18.1956,18.2321,18.2057,1.4446,2.86,11.790,0.000,9.087,-,0.092,0.055,0.190,0.019,0.021,-,-,0.55,26.12,33.45,29.68,914760000.00,91476000
BERGERPBL,Berger Paints Bangladesh Limited,Miscellaneous,A,68802.4,19.64,1401.1,-1.84,1401.1,8.672,6140.0,37.618,-90.7246,1434.105,1412.498,1502.524,1427.8711,1429.3907,1426.9512,2.4395,6.9245,1466.5149,1401.6951,4.28,-7985.8588,1427.4111,1429.6256,1433.9914,0.2254,3.75,1.931,-,1.188,0.155,0.152,0.118,0.319,0.141,0.218,-,-,72.66,333.42,19.64,19.31,491059910.00,49105991
BESTHLDNG,Best Holdings PLC.,Travel & Leisure,Z,13346.3,9.23,12.6,-4.55,12.6,3.848,301686.0,48.323,-76.0,12.76,12.414,14.836,12.9893,12.949,12.7324,0.2166,0.2301,14.194,11.326,7.82,-46661.8017,13.0267,13.0603,12.999,1.6156,7.94,4.760,0.016,4.709,0.365,0.380,0.367,0.683,0.018,0.025,-,-,1.43,57.82,9.23,39.60,10592303650.00,1059230365
BEXGSUKUK,Beximco Green Sukuk Al Istisna'a,Corporate Bond,A,16714.99,-,60.0,0.0,59.5,0.674,11326.0,54.0156,-20.0,59.15,58.52,55.6425,59.0652,59.0467,58.9391,0.1076,0.1175,60.3243,57.9757,1.61,-8780.4834,58.9889,59.0,59.05,0.2235,0.77,-,-,-,-,-,-,-,-,-,-,-,0.0,0.0,-,-,2809242630.00,280924263
BEXIMCO,BEXIMCO Limited,Miscellaneous,B,103850.31,-,0.0,0.0,110.1,0.0,0.0,8.1081,0.0,110.1,110.1,110.1,110.1,110.1,110.1,-0.0,-0.0,110.1,110.1,0.0,-0.0,110.1,110.1,110.1,0.5643,-,1.885,-,1.568,-,0.190,-,0.245,-,-,-,-,-0.41,92.58,-,-,9432362620.00,943236262
BGIC,Bangladesh General Insurance Company PLC.,Insurance,A,1745.08,24.21,32.3,-4.72,32.3,2.088,63263.0,37.1277,-95.2381,34.345,33.238,32.242,33.7365,33.8923,33.9797,-0.0875,0.2133,35.7981,32.8919,33.5,-77202.5635,33.6089,33.7897,34.109,1.1451,3.10,-,-,-,-,-,-,-,-,-,-,-,1.4,19.25,24.21,14.70,540272550.00,54027255
BIFC,Bangladesh Industrial Fin. Company Limited,Financial Institutions,Z,724.9,-,7.2,9.09,7.2,10.768,1498887.0,93.6419,0.0,3.805,2.4056,3.9489,5.4439,5.0282,3.8394,1.1887,0.8352,6.9895,0.6205,68.18,1643247.2821,5.7778,5.4103,4.6324,0.8598,-,-,-,-,-,1.085,0.993,-,-,-,-,-,-6.66,-126.11,-,-,1006799440.00,100679944
BNICL,Bangladesh National Insurance Company Limited.,Insurance,A,2265.6,12.82,51.2,-4.66,51.2,17.812,343597.0,39.624,-92.7273,54.86,51.53,44.201,54.2237,54.4493,54.001,0.4483,1.1547,58.7799,50.9401,383.14,-520046.709,54.1333,54.6551,54.9114,1.3182,3.91,-,-,-,-,-,-,-,-,-,-,-,4.19,28.45,12.82,11.47,442500000.00,44250000
BPML,Bashundhara Paper Mills Limited,Paper & Printing,Z,4848.78,-,27.9,-4.45,27.9,2.382,83466.0,53.8186,-51.9481,27.36,25.584,30.045,28.4531,28.2525,27.2242,1.0283,1.0718,32.1964,22.5236,18.07,-3729.8063,28.6467,28.7154,28.3076,1.7305,-,1.199,-,0.531,0.026,0.148,0.015,0.194,0.004,0.014,-,-,-18.98,57.82,-,-,1737914410.00,173791441
BPPL,Baraka Patenga Power Limited,Fuel & Power,B,2456.54,11.02,14.2,-5.96,14.2,27.553,1886778.0,35.3065,-92.5926,15.62,14.992,14.6235,15.15,15.2477,15.3054,-0.0578,0.1295,16.5794,14.6606,440.35,-2465196.7058,15.0889,15.2051,15.4295,1.4849,1.41,0.999,-,0.707,0.018,0.217,0.014,0.240,0.007,0.029,-,-,1.37,27.72,11.02,5.28,1729954880.00,172995488
BRACBANK,BRAC Bank PLC.,Bank,A,157283.17,11.90,79.0,-4.47,79.0,239.613,3010059.0,48.6133,-80.303,81.52,72.97,65.885,83.4584,83.0521,79.7785,3.2736,3.9216,90.6618,72.3782,38.52,437204.6488,84.5244,84.5513,83.3086,1.0103,1.58,-,-,-,-,0.434,0.223,-,0.013,0.142,0.015,-,6.95,44.11,11.90,10.18,19909261670.00,1990926167
BSC,Bangladesh Shipping Corporation,Miscellaneous,A,16534.8,5.65,108.4,-4.58,108.4,95.393,864317.0,37.0514,-94.4882,114.435,111.816,106.537,113.4632,113.7555,113.4718,0.2837,1.0591,119.4045,109.4655,173.27,-497772.5212,113.3756,113.9077,114.4643,1.7458,2.31,3.689,-,3.670,0.773,0.921,0.620,1.195,0.086,0.192,-,-,20.1,104.84,5.65,6.36,1525350400.00,152535040
BSCPLC,Bangladesh Submarine Cables PLC,Telecommunication,A,26017.1,14.65,139.1,-4.4,139.1,37.041,261575.0,43.6192,-66.2983,144.49,135.878,133.026,144.0485,144.0449,141.8904,2.1545,3.1605,150.8791,138.1009,34.29,-58094.0951,144.0844,144.5115,144.9643,1.2722,2.88,4.200,0.015,4.200,0.592,0.578,0.459,0.791,0.083,0.119,-,-,11.01,90.99,14.65,9.28,1870388430.00,187038843
BSRMLTD,Bangladesh Steel Re-Rolling Mills Limited,Engineering,A,24603.37,4.12,81.5,-2.72,82.4,9.725,117313.0,46.6985,-68.0,84.08,81.146,80.978,83.6938,83.7422,83.2606,0.4817,0.8147,85.8231,82.3369,6.84,-52858.7118,83.62,83.7628,83.9733,0.8014,6.07,1.243,0.029,0.586,-,0.094,0.064,0.118,0.066,0.123,-,-,20.57,166.79,4.12,6.24,2985846260.00,298584626
BSRMSTEEL,BSRM Steels Limited,Engineering,A,25865.53,5.29,68.8,-5.62,68.8,19.398,277214.0,38.9929,-93.5484,73.31,69.2,63.72,72.4355,72.6128,71.9826,0.6301,1.3159,76.5106,70.1094,17.84,-85654.7591,72.36,72.6962,73.1405,1.0749,7.27,1.496,0.653,0.648,-,0.087,0.050,0.111,0.059,0.152,-,-,13.77,90.52,5.29,7.09,3759525000.00,375952500
BXPHARMA,Beximco Pharmaceuticals PLC,Pharmaceuticals & Chemicals,A,53042.73,9.72,118.9,-6.38,118.9,101.407,834775.0,47.3806,-87.7419,122.125,113.696,108.569,124.6264,124.0907,120.6898,3.4009,3.8247,132.4612,111.7888,44.94,-304083.6079,125.4422,125.3141,124.1933,1.2343,3.36,2.177,0.034,0.910,-,0.195,0.132,0.442,0.085,0.113,-,-,13.07,107.48,9.72,8.07,4461120890.00,446112089
CAPITECGBF,Capitec Grameen Bank Growth Fund,Mutual Funds,A,1043.06,20.29,6.7,-2.9,6.7,8.495,1258726.0,39.5114,-100.0,6.985,6.906,7.223,6.9092,6.9314,6.9539,-0.0225,0.0157,7.33,6.64,152.63,-581885.206,6.8867,6.9218,6.9771,1.2876,-,-,-,-,-,-,-,-,-,-,-,-,0.34,9.61,20.29,6.27,1556800000.00,155680000
CAPMBDBLMF,CAPM BDBL Mutual Fund 01,Mutual Funds,A,496.3,-,9.9,0.0,9.9,7.074,712383.0,43.441,-72.7273,10.245,10.052,10.0395,10.0478,10.0815,10.1123,-0.0308,0.0286,10.6777,9.8123,404.25,194042.1531,10.0111,10.0667,10.1624,1.001,-,-,-,-,-,-,-,-,-,-,-,-,-1.15,7.66,-,12.69,501310000.00,50131000
CAPMIBBLMF,CAPM IBBL Islamic Mutual Fund,Mutual Funds,A,528.14,-,7.9,-4.82,7.9,4.472,565895.0,44.5724,-88.8889,8.31,8.082,8.1325,8.2335,8.255,8.2152,0.0399,0.1058,8.8038,7.8162,151.95,388391.4985,8.2311,8.2692,8.3105,1.3359,-,-,-,-,-,-,-,-,-,-,-,-,-0.71,7.96,-,-,668535000.00,66853500
CBLPBOND,City Bank Perpetual Bond,Corporate Bond,A,4150.0,-,0.0,0.0,1037500.0,0.0,0.0,,,,,,,,,,,,,,,,,,,-,-,-,-,-,-,-,-,-,-,-,-,0.0,0.0,-,-,40000.00,4000
CENTRALINS,Central Insurance PLC,Insurance,A,2035.45,21.62,38.3,-4.25,38.3,20.332,522864.0,31.7348,-92.9577,42.21,42.012,38.3325,40.8746,41.2801,41.9584,-0.6782,-0.1069,45.2865,39.1335,316.95,-693781.2325,40.5733,41.0833,41.7714,1.3419,3.13,-,-,-,-,-,-,-,-,-,-,-,1.85,50.17,21.62,20.69,531448230.00,53144823
CENTRALPHL,Central Pharmaceuticals Limited,Pharmaceuticals & Chemicals,Z,1018.31,-,8.5,-4.49,8.5,7.395,860796.0,43.0492,-75.0,8.88,8.584,9.635,8.839,8.8481,8.7823,0.0658,0.1166,9.4662,8.2938,96.72,-77703.6561,8.8333,8.8769,8.9224,1.4351,-,1.101,0.282,1.071,-,-,-,-,-,-,-,-,-0.18,6.87,-,-,1198008440.00,119800844
CITYBANK,City Bank PLC.,Bank,A,47918.5,4.42,31.5,-5.41,31.5,552.041,17159913.0,63.6381,-31.8841,29.235,26.8,24.2135,31.3496,30.8591,29.1538,1.7053,1.4306,34.0338,24.4362,166.96,10195589.508,31.9333,31.5026,30.4419,1.0534,3.97,-,-,-,-,0.580,0.250,-,0.014,0.219,0.016,-,7.53,34.39,4.42,5.26,15212220690.00,1521222069
CITYGENINS,City Insurance PLC.,Insurance,A,6216.75,29.16,0.0,1.56,91.2,46.556,513316.0,79.0453,-8.6957,85.925,84.392,65.119,87.479,87.0361,85.8282,1.2079,0.8037,89.1836,82.6664,155.03,48214.3585,87.64,87.1513,86.4767,0.866,1.10,-,-,-,-,-,-,-,-,-,-,-,3.4,23.24,29.16,26.41,681661220.00,68166122
CLICL,Chartered Life Insurance PLC,Insurance,B,1950.0,-,52.0,-7.8,52.0,19.395,370880.0,35.5479,-85.8824,57.375,57.056,52.356,56.0245,56.3514,56.8719,-0.5205,-0.0474,61.2742,53.4758,441.6,-171242.5751,56.0,56.1641,56.6586,1.2713,-,-,-,-,-,-,-,-,-,-,-,-,-0.11,8.94,-,-,375000000.00,37500000
CNATEX,C & A Textiles Limited,Textile,Z,813.67,16.32,3.4,9.68,3.4,15.27,4508499.0,80.6626,0.0,2.7,2.424,2.7955,2.9859,2.9161,2.6969,0.2192,0.169,3.4049,1.9951,78.22,1727482.1469,3.0267,2.9859,2.869,1.3878,1.47,3.384,-,3.384,-,-,-,-,-,-,-,-,0.19,-3.81,16.32,10.11,2393160000.00,239316000
CONFIDCEM,Confidence Cement PLC,Cement,A,5442.61,6.01,63.1,-6.52,63.1,37.162,572194.0,54.7729,-75.7895,63.015,55.174,54.307,65.5654,64.9013,61.4419,3.4594,3.6289,71.2559,54.7741,190.43,315617.4039,66.3222,66.1192,64.9333,1.3629,1.58,0.589,-,0.503,0.202,0.125,0.184,0.152,0.053,0.117,-,-,11.23,88.68,6.01,4.57,862537900.00,86253790
CONTININS,Continental Insurance PLC.,Insurance,B,1048.45,17.68,24.0,-4.38,24.0,5.26,215424.0,35.2075,-90.4762,25.75,25.252,24.7465,25.3211,25.4602,25.5866,-0.1265,0.1195,27.0599,24.4401,154.37,-173030.2398,25.2489,25.4308,25.6405,1.5314,2.08,-,-,-,-,-,-,-,-,-,-,-,1.42,21.85,17.68,15.30,436855760.00,43685576
COPPERTECH,Coppertech Industries Ltd.,Engineering,B,1192.46,27.75,18.2,-7.61,18.2,8.108,432216.0,39.1111,-93.1034,19.525,19.358,19.7525,19.4917,19.5324,19.5114,0.021,0.1201,20.6691,18.3809,129.74,-159506.9306,19.5311,19.5949,19.6148,1.4881,1.18,1.288,0.143,0.672,-,0.102,0.028,0.137,0.023,0.050,-,-,0.71,14.32,27.75,65.67,655200000.00,65520000
CROWNCEMNT,Crown Cement PLC,Cement,A,7306.2,11.11,49.2,-1.99,49.2,1.274,25875.0,48.7719,-69.5652,49.84,47.904,49.506,50.0774,50.048,49.48,0.5681,0.7709,53.0178,46.6622,2.83,-5928.4057,50.1156,50.2244,50.2519,1.0502,4.27,0.932,-,0.680,0.059,0.118,0.036,0.151,0.037,0.118,-,-,4.52,62.66,11.11,31.77,1485000000.00,148500000
CRYSTALINS,Crystal Insurance Company Limited,Insurance,A,3168.0,24.25,72.0,-5.14,72.0,12.119,165209.0,41.7011,-89.5349,80.11,71.582,54.3755,75.9758,76.7313,76.7112,0.0201,1.6886,89.6048,70.6152,412.25,-174898.7491,75.0956,75.7705,77.86,1.6305,1.67,-,-,-,-,-,-,-,-,-,-,-,3.34,27.65,24.25,22.72,440000000.00,44000000
CVOPRL,CVO Petrochemical Refinery PLC.,Fuel & Power,A,4622.04,41.94,152.7,-4.68,152.7,45.69,292957.0,38.3733,-94.717,163.325,156.808,156.621,161.8303,162.3759,161.6575,0.7184,2.2547,173.9044,152.7456,397.05,-385323.0684,161.74,163.25,163.841,1.3134,0.72,0.735,-,0.320,0.121,0.158,0.106,0.189,0.079,0.227,-,-,3.82,13.12,41.94,20.23,302687550.00,30268755
DACCADYE,The Dacca Dyeing & Manufacturing Co.Limited,Textile,Z,1568.76,-,18.0,-3.74,18.0,4.456,244303.0,49.1972,-80.3279,18.165,17.888,18.0705,18.348,18.3301,18.1292,0.2008,0.2561,20.9486,15.3814,147.16,40404.1215,18.3222,18.3679,18.4752,1.5136,-,0.328,-,0.259,-,-,-,-,-,-,-,-,-5.82,25.71,-,-,871534530.00,87153453
DAFODILCOM,Daffodil Computers PLC.,IT Sector,B,2909.88,375.00,58.3,-2.83,58.3,11.411,192710.0,70.6745,-17.3684,51.885,43.558,49.2615,57.5244,56.3057,51.4153,4.8904,4.5153,65.9576,37.8124,99.97,31058.2236,58.9267,58.3231,55.4457,0.7058,-,0.693,-,0.634,0.028,0.128,0.020,0.356,0.007,0.016,-,-,0.16,12.9,375.00,142.86,499122620.00,49912262
DBH,DBH Finance PLC,Financial Institutions,A,7668.41,7.67,37.8,-2.83,37.8,9.907,259144.0,46.5729,-77.4194,38.57,37.074,36.3675,38.5878,38.5915,38.2211,0.3704,0.5528,39.8582,37.2818,49.09,17537.4393,38.6111,38.7026,38.7124,1.0755,3.97,-,-,-,-,0.714,0.395,-,-,-,-,0.099,5.07,47.25,7.67,7.95,2028679740.00,202867974
DBH1STMF,DBH First Mutual Fund,Mutual Funds,A,528.0,15.86,4.4,-4.35,4.4,3.704,822267.0,33.4394,-100.0,4.805,5.722,5.5885,4.6143,4.6798,5.0157,-0.3359,-0.3502,5.5903,4.0197,559.72,-2695609.1044,4.58,4.591,4.6543,0.848,-,-,-,-,-,-,-,-,-,-,-,-,0.29,10.32,15.86,-,1200000000.00,120000000
DBLPBOND,Dhaka Bank Perpetual Bond,Corporate Bond,A,240.0,-,0.0,0.0,6000.0,0.0,0.0,73.5003,-14.9178,6079.225,0.0,0.0,5789.1421,5711.074,5517.9026,193.1714,112.6319,6729.5287,5428.9213,0.12,0.0,5973.1778,5999.9487,6042.8095,0.0784,0.02,-,-,-,-,-,-,-,-,-,-,-,0.0,0.0,-,-,400000.00,40000
DELTALIFE,Delta Life Insurance Limited,Insurance,A,8712.0,-,70.4,-6.26,70.4,8.63,119594.0,38.9399,-93.0693,75.13,72.242,72.0905,74.4464,74.6962,74.4055,0.2907,0.976,79.3031,70.9569,19.54,-48267.1895,74.2889,74.8167,75.2224,1.5324,4.26,-,-,-,-,-,-,-,-,-,-,-,0.0,0.0,-,-,1237500000.00,123750000
DELTASPINN,Delta Spinners Limited,Textile,Z,965.6,20.69,5.8,-3.33,5.8,8.176,1371590.0,55.7299,-72.7273,5.725,5.21,5.2865,5.7966,5.7732,5.5938,0.1794,0.2127,6.3157,5.1343,112.65,-697235.4775,5.7956,5.8103,5.8086,1.5929,1.72,1.821,-,0.910,-,-,-,-,-,-,-,-,0.0,0.0,20.69,150.00,1664819640.00,166481964
DESCO,Dhaka Electric Supply Company Limited,Fuel & Power,Z,9024.83,-,22.6,-1.73,22.7,1.835,80441.0,49.4717,-91.3043,23.265,21.67,22.3645,23.1479,23.1418,22.7751,0.3667,0.526,23.9884,22.5416,6.37,-33417.5876,23.1511,23.1808,23.2462,1.0223,-,0.877,-,0.877,-,-,-,0.054,-,-,-,-,-3.15,35.33,-,5.07,3975698040.00,397569804
DESHBANDHU,Deshbandhu Polymer Limited,Engineering,B,987.98,-,16.1,-5.29,16.1,15.226,921672.0,48.9504,-77.7778,16.165,16.102,17.5655,16.5047,16.4394,16.2126,0.2268,0.19,17.3637,14.9663,223.82,26242.7349,16.58,16.5628,16.419,1.6733,-,2.280,0.870,1.509,-,-,-,-,-,-,-,-,-3.93,14.54,-,-,613651500.00,61365150
DGIC,Desh General Insurance Company Limited,Insurance,B,816.0,-,20.5,-4.23,20.4,2.308,111620.0,36.7567,-90.3226,21.66,21.26,22.117,21.3249,21.4317,21.5401,-0.1083,0.0753,22.6492,20.6708,89.96,-89774.2798,21.24,21.3795,21.5724,1.4264,0.49,-,-,-,-,-,-,-,-,-,-,-,-0.4,11.3,-,27.08,400000000.00,40000000
DHAKABANK,Dhaka Bank PLC.,Bank,A,14057.2,10.87,13.3,-3.62,13.3,93.781,6943509.0,49.299,-90.0,13.625,12.63,11.499,13.7213,13.7026,13.3793,0.3233,0.4343,15.1045,12.1455,244.73,-1049014.6807,13.7289,13.7949,13.8052,1.0804,3.76,-,-,-,-,0.587,0.070,-,0.003,0.057,0.003,-,1.27,22.54,10.87,7.78,10569323490.00,1056932349
DHAKAINS,Dhaka Insurance Limited,Insurance,A,1524.75,16.18,37.5,-2.56,38.0,5.334,138515.0,45.313,-91.5254,39.305,38.126,36.632,39.0509,39.1655,39.0302,0.1353,0.4508,42.2704,36.3396,98.69,-45363.8494,38.9222,39.1846,39.4043,1.499,2.63,-,-,-,-,-,-,-,-,-,-,-,2.41,35.65,16.18,17.41,401250000.00,40125000
DOMINAGE,Dominage Steel Building Systems Limited,Engineering,B,3744.9,750.00,36.5,-2.67,36.5,70.908,1926045.0,66.0805,-35.2941,34.865,31.036,20.335,36.044,35.6442,33.8114,1.8329,1.8174,37.9018,31.8282,593.24,740218.5179,36.4089,36.1628,35.6043,1.6668,0.10,6.171,0.004,3.379,-,0.105,0.027,0.205,0.003,0.003,-,-,0.05,17.16,750.00,-,1026000000.00,102600000
DOREENPWR,Doreen Power Generations and Systems Limited,Fuel & Power,A,4817.76,8.81,26.6,-5.34,26.6,15.144,556544.0,35.9171,-98.0392,28.855,28.09,27.1675,28.3857,28.5175,28.5455,-0.028,0.2483,30.7069,27.0031,100.72,-493850.5278,28.32,28.5859,28.8114,1.3418,3.76,1.281,-,1.119,0.039,0.197,0.039,0.212,0.023,0.061,-,-,3.19,52.43,8.81,4.61,1811189010.00,181118901
DSHGARME,Desh Garmants Limited,Textile,Z,870.28,151.37,105.0,-4.98,105.0,3.176,29654.0,39.4598,-81.8182,110.865,112.508,108.262,110.0534,110.3897,110.9382,-0.5484,-0.068,115.8336,105.8964,117.26,-21705.9554,110.1333,110.5064,110.9714,1.3371,0.29,1.942,-,0.978,-,-,-,-,-,-,-,-,0.73,157.02,151.37,240.22,82883420.00,8288342
DSSL,Dragon Sweater and Spinning Limited,Textile,B,1749.58,62.14,8.3,-4.6,8.3,11.067,1307379.0,46.5054,-92.8571,8.48,8.352,9.371,8.5634,8.5585,8.4798,0.0787,0.1051,9.3023,7.6577,119.2,-1061146.8828,8.5733,8.609,8.601,1.7916,0.60,16.911,-,12.803,-,-,-,-,-,-,-,-,0.14,18.18,62.14,-,2107932750.00,210793275
DULAMIACOT,Dulamia Cotton Spinning Mills Limited,Textile,Z,1001.25,542.80,132.5,-2.36,132.5,5.4,40616.0,47.6521,-86.1111,134.125,131.864,112.4295,135.4262,135.2647,133.8187,1.446,1.7718,144.5972,123.6528,108.5,-13017.4535,135.4156,136.0821,135.7619,0.8786,0.23,0.062,-,0.057,-,-,-,-,-,-,-,-,0.25,-39.83,542.80,233.97,75566000.00,7556600
DUTCHBANGL,Dutch-Bangla Bank PLC.,Bank,A,40311.44,7.98,41.7,-3.02,41.7,14.145,338914.0,51.0587,-78.5714,41.825,40.45,40.826,42.3308,42.2039,41.5708,0.6332,0.6525,43.7509,39.8991,13.75,74508.1356,42.4778,42.4103,42.1776,0.7809,2.40,-,-,-,-,0.476,0.101,-,0.007,0.092,0.008,-,5.39,58.72,7.98,12.17,9667011390.00,966701139
EASTERNINS,Eastern Insurance PLC,Insurance,A,2181.37,21.85,51.9,-4.71,50.6,4.349,85483.0,36.0327,-93.8144,55.075,53.31,47.937,53.3838,53.7856,54.2159,-0.4303,0.2496,58.8345,51.3155,129.29,-155091.3301,52.9822,53.4513,54.3614,1.565,2.96,-,-,-,-,-,-,-,-,-,-,-,2.43,50.63,21.85,14.38,431101440.00,43110144
EASTLAND,Eastland Insurance PLC.,Insurance,A,1686.0,19.44,20.1,-3.37,20.1,1.916,94304.0,39.1322,-93.5484,21.54,20.378,19.4125,21.0435,21.1703,21.1557,0.0146,0.2998,22.7972,20.2828,81.84,-180319.4244,20.9333,21.1103,21.3867,1.272,4.98,-,-,-,-,-,-,-,-,-,-,-,1.07,21.12,19.44,22.61,838805810.00,83880581
EASTRNLUB,Eastern Lubricants Blenders PLC.,Fuel & Power,A,3672.63,36.41,1542.2,-1.94,1542.2,13.072,8394.0,29.4208,-97.4474,1591.085,1685.724,2306.034,1575.6747,1581.0363,1621.2345,-40.1982,-47.3404,1645.638,1536.532,83.18,-9356.107,1570.1933,1575.8821,1586.0419,0.7668,0.52,1.625,-,1.461,0.070,0.002,0.058,0.030,0.054,0.130,-,-,43.18,209.35,36.41,40.26,23814240.00,2381424
EBL,Eastern Bank PLC.,Bank,A,42767.8,5.82,26.8,-5.3,26.8,103.051,3750346.0,50.9139,-53.8462,26.985,25.612,24.207,27.6335,27.487,26.7588,0.7281,0.7489,28.9492,25.0208,55.9,4418922.9127,27.8622,27.7628,27.4329,0.5292,6.53,-,-,-,-,0.591,0.246,-,0.011,0.154,0.011,-,4.86,31.63,5.82,5.80,15958133880.00,1595813388
EBL1STMF,EBL First Mutual Fund,Mutual Funds,A,521.12,-,3.5,-2.7,3.6,0.999,277841.0,54.834,-66.6667,3.53,3.29,3.94,3.6396,3.6159,3.4963,0.1196,0.1239,4.0576,3.0024,56.73,-11937.5995,3.6578,3.6615,3.631,1.0206,-,-,-,-,-,-,-,-,-,-,-,-,-1.89,7.88,-,-,1447542220.00,144754222
EBLNRBMF,EBL NRB Mutual Fund,Mutual Funds,A,605.51,-,2.7,-3.57,2.7,5.422,1999536.0,57.1564,-60.0,2.6,2.434,3.027,2.6864,2.6646,2.5751,0.0895,0.0836,2.9309,2.2691,185.44,1033946.487,2.6978,2.6923,2.6629,1.1864,-,-,-,-,-,-,-,-,-,-,-,-,-1.93,8.25,-,-,2242613030.00,224261303
ECABLES,Eastern Cables Limited,Engineering,B,2954.16,-,111.7,-2.61,111.9,1.234,10969.0,43.3417,-61.4525,114.98,114.282,116.94,114.6729,114.8279,114.8033,0.0246,0.3767,119.0118,110.9482,6.48,-12031.1158,114.6511,114.9244,115.18,1.296,-,1.179,0.009,0.945,-,-,-,0.082,-,-,-,-,-4.43,339.32,-,-,264000000.00,26400000
EGEN,eGeneration PLC.,IT Sector,B,1530.0,29.33,20.4,-7.27,20.4,29.708,1405703.0,45.1697,-86.2069,21.08,20.21,21.2675,21.5481,21.4685,20.995,0.4735,0.5214,23.1499,19.0101,537.95,-624224.1976,21.7089,21.7244,21.4967,1.6245,1.10,2.864,-,2.839,0.168,0.171,0.168,0.300,0.054,0.062,-,-,0.75,23.38,29.33,29.73,750000000.00,75000000
EHL,Eastern Housing Limited,Services & Real Estate,A,7178.24,9.64,76.9,-3.51,76.9,17.569,225165.0,41.1875,-90.7895,80.27,77.136,77.669,79.2412,79.4236,79.1103,0.3133,0.8612,82.9431,77.5969,65.19,-125415.6229,79.0489,79.3487,79.9133,1.7412,3.25,1.204,-,0.347,0.286,0.193,0.205,0.347,0.024,0.072,-,-,8.27,89.99,9.64,8.46,933451530.00,93345153
EIL,Express Insurance Limited,Insurance,B,1753.81,23.01,26.9,-4.95,26.9,8.976,325764.0,35.7712,-91.3043,29.035,28.888,34.7095,28.4459,28.6366,28.9201,-0.2835,0.0021,30.7024,27.3676,174.71,-311142.227,28.3267,28.5756,28.8762,1.1943,1.86,-,-,-,-,-,-,-,-,-,-,-,1.23,19.29,23.01,21.88,651974640.00,65197464
EMERALDOIL,Emerald Oil Industries Limited,Food & Allied,Z,1560.75,25.48,17.1,-8.06,17.1,14.128,810198.0,63.6292,-36.5385,14.905,14.024,17.4145,16.2289,15.8658,14.9458,0.92,0.5555,18.0974,11.7126,104.5,720952.0752,16.4533,16.0474,15.5362,1.4909,2.92,0.874,-,0.739,0.066,0.066,0.059,0.097,0.081,-,-,-,0.0,0.0,25.48,5.57,912720040.00,91272004
ENVOYTEX,Envoy Textiles Limited,Textile,A,8336.42,6.13,49.7,-3.5,49.7,17.152,343271.0,41.769,-63.2353,51.345,50.394,48.0605,51.2614,51.326,51.1723,0.1538,0.368,53.4838,49.2062,55.51,-82082.1391,51.2222,51.4064,51.5176,0.9277,6.04,1.215,-,0.723,-,-,-,-,-,-,-,-,8.4,58.32,6.13,5.92,1677347670.00,167734767
EPGL,Energypac Power Generation PLC.,Fuel & Power,B,3156.71,-,16.6,-6.74,16.6,11.595,676993.0,53.567,-50.0,15.88,15.68,16.857,16.7552,16.598,16.1526,0.4455,0.31,18.1848,13.5752,71.06,423284.4985,16.9911,16.85,16.4238,1.7908,1.20,-,-,-,-,-,-,-,-,-,-,-,-5.5,32.86,-,-,1901632160.00,190163216
ESQUIRENIT,Esquire Knit Composite PLC,Textile,A,2738.39,46.59,20.5,-0.98,20.3,3.276,160085.0,51.7506,-61.1111,20.015,20.118,22.2015,20.3259,20.2734,20.1727,0.1007,0.0328,21.2102,18.8198,19.78,-72484.2119,20.3822,20.3346,20.2386,1.2537,4.93,1.040,-,0.442,-,-,-,-,-,-,-,-,0.44,65.1,46.59,-,1348958330.00,134895833
ETL,Evince Textiles Limited,Textile,B,1745.57,33.79,9.5,-3.06,9.5,13.365,1383836.0,40.5891,-90.9091,9.895,9.82,9.514,9.7984,9.8205,9.8355,-0.015,0.0266,10.259,9.531,240.72,-737730.3969,9.7889,9.8167,9.8762,1.4279,2.63,0.945,-,0.426,-,-,-,-,-,-,-,-,0.29,12.83,33.79,25.79,1837440000.00,183744000
EXIM1STMF,EXIM Bank 1st Mutual Fund,Mutual Funds,A,415.44,-,2.9,-3.33,2.9,3.177,1088491.0,43.8437,-81.8182,3.165,3.01,3.673,3.0313,3.064,3.088,-0.0241,0.0364,3.7984,2.5316,356.55,907989.9501,2.9644,3.0346,3.1429,1.3436,-,-,-,-,-,-,-,-,-,-,-,-,-1.91,8.16,-,-,1432563430.00,143256343
EXIMBANK,Export Import Bank of Bangladesh PLC.,Bank,A,4342.67,16.67,0.0,0.0,3.0,0.0,0.0,35.3827,-100.0,3.435,3.81,5.5645,3.191,3.255,3.5011,-0.2461,-0.2212,4.0054,2.8646,70.57,-721052.8574,3.1222,3.1744,3.299,1.0394,-,-,-,-,-,0.465,0.016,-,0.000,0.008,0.000,-,0.18,21.82,16.67,-,14475573440.00,1447557344
FAMILYTEX,Familytex (BD) Limited,Textile,Z,991.65,-,2.8,7.69,2.8,4.014,1433433.0,86.3735,0.0,1.765,1.414,1.7911,2.2356,2.1166,1.789,0.3276,0.2205,2.6924,0.8376,90.14,7637031.0822,2.3156,2.2154,2.001,1.1972,-,9.943,-,5.485,-,-,-,-,-,-,-,-,-0.15,11.48,-,-,3541603880.00,354160388
FARCHEM,Far Chemicals Industries Limited,Pharmaceuticals & Chemicals,B,2128.05,157.78,13.8,-2.11,13.9,1.011,72384.0,46.6253,-86.3636,14.045,14.18,18.386,14.0843,14.1041,14.151,-0.0469,-0.0257,15.3074,12.7826,18.5,-32323.1537,14.0178,14.0936,14.1571,1.4678,-,1.151,0.045,0.520,-,0.068,0.004,0.079,0.002,0.003,-,-,0.09,32.52,157.78,-,1530973330.00,153097333
FAREASTFIN,Fareast Finance & Investment Limited,Financial Institutions,Z,328.13,-,2.0,5.26,2.0,0.113,56275.0,86.779,0.0,1.3315,0.9048,1.9926,1.6878,1.6005,1.3125,0.288,0.2318,2.0912,0.5718,112.54,1330610.751,1.7578,1.6974,1.5324,1.4097,-,-,-,-,-,1.071,1.324,-,-,-,-,-,-5.13,-50.48,-,-,1640633300.00,164063330
FAREASTLIF,Fareast Islami Life Insurance Company Limited,Insurance,Z,1719.08,-,23.0,-3.77,23.0,0.396,16917.0,52.5016,-76.5957,23.065,21.368,24.4915,23.541,23.4367,22.7603,0.6764,0.7656,25.3103,20.8197,19.36,-44365.8581,23.6578,23.6756,23.4752,1.6809,-,-,-,-,-,-,-,-,-,-,-,-,0.0,0.0,-,-,747427510.00,74742751
FASFIN,FAS Finance & Investment Limited,Financial Institutions,Z,298.15,-,2.0,5.26,2.0,0.137,68740.0,81.5158,0.0,1.3355,0.935,1.7879,1.6879,1.6021,1.3247,0.2774,0.2194,2.1111,0.5599,128.14,926934.6577,1.7556,1.6923,1.5377,1.4173,-,-,-,-,-,1.038,1.660,-,-,-,-,-,-21.37,-125.55,-,-,1490773640.00,149077364
FBFIF,First Bangladesh Fixed Income Fund,Mutual Funds,A,2173.21,-,2.8,-3.45,2.8,1.035,360940.0,54.0677,-50.0,2.75,2.582,3.079,2.8446,2.8249,2.7301,0.0948,0.0963,3.1474,2.3526,19.05,-15061.4205,2.8667,2.8667,2.8319,1.0873,-,-,-,-,-,-,-,-,-,-,-,-,-1.82,8.32,-,-,7761470280.00,776147028
FEDERALINS,Federal Insurance PLC.,Insurance,A,1406.58,20.69,19.8,-5.26,19.8,1.661,82535.0,40.7106,-78.7879,20.935,20.18,20.058,20.713,20.7832,20.7438,0.0393,0.212,21.9899,19.8801,63.47,-11301.142,20.6533,20.7718,20.9119,1.3604,5.05,-,-,-,-,-,-,-,-,-,-,-,1.01,12.94,20.69,18.44,710396430.00,71039643
FEKDIL,Far East Knitting & Dyeing Industries PLC,Textile,A,3084.29,8.42,14.1,-2.08,14.1,18.503,1304398.0,44.035,-100.0,14.365,14.228,16.244,14.3963,14.4025,14.375,0.0274,0.0539,15.0083,13.7217,140.01,-500897.3089,14.4156,14.4346,14.4448,1.3689,8.51,2.459,-,1.406,-,-,-,-,-,-,-,-,1.71,21.37,8.42,-,2187441710.00,218744171
FINEFOODS,Fine Foods Limited,Food & Allied,A,6555.16,112.78,469.1,-0.49,469.1,42.037,89835.0,78.4687,-15.2355,464.465,429.716,313.4405,469.5634,467.9675,455.3894,12.5781,14.9924,483.0325,445.8975,293.0,226081.012,470.88,470.7872,468.6605,0.8452,0.30,11.334,-,1.157,0.200,0.211,0.168,0.262,0.073,0.078,-,-,4.18,14.65,112.78,45.68,139739180.00,13973918
FIRSTFIN,First Finance Limited,Financial Institutions,Z,723.12,-,6.1,8.93,6.1,8.934,1468214.0,77.4057,0.0,4.47,3.33,2.9595,5.2328,5.0364,4.3343,0.7021,0.6011,6.2377,2.7023,117.32,1171360.8567,5.3711,5.2603,4.919,1.3483,-,-,-,-,-,1.343,1.626,-,-,-,-,-,-5.88,-37.86,-,-,1185446630.00,118544663
FIRSTSBANK,First Security Islami Bank PLC.,Bank,Z,2295.46,0.67,0.0,0.0,1.9,0.0,0.0,32.9434,-91.6667,2.49,2.59,3.914,2.1778,2.2479,2.4402,-0.1923,-0.1289,3.145,1.835,146.65,-4143929.6253,2.1044,2.1705,2.331,1.3354,-,-,-,-,-,-,-,-,-,-,-,-,-3.35,16.4,0.67,-,12081393790.00,1208139379
FORTUNE,Fortune Shoes Limited,Tannery Industries,Z,2406.34,134.55,14.1,-4.73,14.1,6.748,470235.0,45.6914,-80.6452,14.825,14.108,14.7725,14.6386,14.6637,14.526,0.1377,0.2577,15.9783,13.6717,74.65,-198820.0711,14.5911,14.6744,14.8271,1.6318,0.35,3.458,-,1.857,0.061,0.046,0.049,0.106,0.027,0.036,-,-,0.11,14.7,134.55,-,1706622630.00,170662263
FUWANGCER,Fu-Wang Ceramic Industries Ltd.,Ceramics Sector,B,1580.72,110.91,11.6,-4.92,11.6,15.931,1335015.0,51.2322,-57.1429,11.525,11.3,12.3075,11.7536,11.7076,11.5309,0.1767,0.1588,12.4144,10.6356,166.28,15743.4558,11.7889,11.7846,11.701,1.6301,0.86,-,-,-,-,-,-,0.235,-,-,-,-,0.11,12.0,110.91,122.00,1362690930.00,136269093
FUWANGFOOD,Fu Wang Food Limited,Food & Allied,Z,1108.39,-,10.0,-4.76,10.0,3.46,340982.0,50.7955,-61.9048,9.91,9.928,12.767,10.1084,10.0686,9.9558,0.1128,0.0786,10.8722,8.9478,90.04,31805.4862,10.1289,10.1321,10.079,1.6775,-,0.648,-,0.546,-,-,-,0.181,-,-,-,-,-0.31,2.03,-,-,1108392840.00,110839284
GBBPOWER,GBB Power Limited,Fuel & Power,Z,814.43,76.36,8.0,-4.76,8.0,2.822,349431.0,53.3909,-87.5,8.185,6.9,6.916,8.2274,8.1751,7.7718,0.4033,0.4784,8.8937,7.4763,114.78,-231232.5902,8.2644,8.2449,8.2476,1.52,-,14.616,-,13.941,-,-,-,-,-,-,-,-,0.11,20.31,76.36,60.00,1018035480.00,101803548
GEMINISEA,Gemini Sea Food PLC,Food & Allied,Z,1333.46,25.74,116.1,-3.41,116.1,2.403,20488.0,40.4092,-96.5714,120.56,123.492,140.539,120.046,120.366,121.3051,-0.9391,-0.6782,129.5537,111.5663,50.78,-20304.3564,119.7489,120.4526,121.1514,1.2741,0.65,1.175,-,0.604,0.095,0.078,0.076,0.258,0.049,0.237,-,-,4.67,19.69,25.74,-,114854180.00,11485418
GENEXIL,Genex Infosys PLC.,IT Sector,B,3095.57,12.72,25.7,-6.88,25.7,38.012,1431421.0,41.4863,-84.0909,27.315,26.564,25.036,27.2743,27.3073,27.0825,0.2248,0.4029,28.8902,25.7398,295.91,-962622.1365,27.32,27.4513,27.4519,1.7261,0.39,0.701,-,0.666,0.175,0.367,0.171,0.437,0.053,0.129,-,-,2.17,22.11,12.72,9.45,1204500210.00,120450021
GENNEXT,Generation Next Fashions Limited,Textile,Z,1682.91,44.29,3.4,9.68,3.4,45.216,13367338.0,73.1198,0.0,2.685,2.544,2.645,2.9503,2.8859,2.7173,0.1686,0.1066,3.2771,2.0929,80.48,6193980.2616,2.9867,2.9321,2.8229,1.5336,2.94,2.920,-,1.339,-,-,-,-,-,-,-,-,0.07,11.88,44.29,-,4949745550.00,494974555
GHAIL,Golden Harvest Agro Industries Limited,Food & Allied,B,2417.38,-,11.2,-1.75,11.2,9.145,808183.0,53.2313,-66.6667,11.06,10.786,11.749,11.2561,11.2113,11.0454,0.1658,0.1455,11.8178,10.3022,68.01,-313389.2942,11.3,11.2744,11.21,1.4278,0.89,1.598,-,1.208,-,-,-,0.415,-,-,-,-,-0.24,12.33,-,-,2158376210.00,215837621
GHCL,Global Heavy Chemicals Limited,Pharmaceuticals & Chemicals,Z,1296.0,-,18.0,-5.76,18.0,2.547,139418.0,36.5119,-96.1538,19.055,19.388,20.459,19.0862,19.1321,19.235,-0.1029,-0.0504,20.2904,17.8196,16.25,-66047.2044,19.1222,19.1923,19.2029,1.1217,-,0.123,-,0.102,-,-,-,-,-,-,-,-,-2.19,71.89,-,-,720000000.00,72000000
GIB,Global Islami Bank PLC,Bank,Z,1678.65,-,0.0,0.0,1.7,0.0,0.0,39.315,-75.0,1.83,1.944,3.145,1.7469,1.7665,1.8431,-0.0767,-0.0699,2.0362,1.6238,50.46,-1277163.4522,1.72,1.7423,1.791,1.1715,-,-,-,-,-,2.014,3.128,-,-,0.580,-,-,-12.62,-21.77,-,-,9874396880.00,987439688
GLDNJMF,ICB AMCL CMSF Golden Jubilee Mutual Fund,Mutual Funds,A,590.0,-,5.9,-3.28,5.9,5.183,874372.0,39.6222,-100.0,6.15,6.104,6.909,6.0694,6.0889,6.1181,-0.0292,-0.0,6.484,5.816,170.96,-197961.6855,6.0444,6.0705,6.1305,1.1553,-,-,-,-,-,-,-,-,-,-,-,-,0.35,9.39,-,17.43,1000000000.00,100000000
GLOBALINS,Global Insurance PLC,Insurance,A,1111.12,18.23,27.4,-4.86,27.4,6.571,239333.0,42.63,-92.3077,28.915,27.488,27.523,28.7703,28.8468,28.5731,0.2738,0.5707,31.2295,26.6005,220.03,-215872.1543,28.7311,28.9603,29.0771,1.5695,3.65,-,-,-,-,-,-,-,-,-,-,-,1.58,14.54,18.23,21.49,405517630.00,40551763
GOLDENSON,Golden Son Limited,Engineering,B,1820.34,-,10.6,1.92,10.6,45.648,4241065.0,59.9475,-41.1765,10.045,9.844,10.879,10.3137,10.2566,10.0687,0.1879,0.1511,11.1239,8.9661,126.28,-178487.5312,10.3378,10.3244,10.2481,1.6662,-,1.628,0.945,0.943,-,-,-,-,-,-,-,-,-1.83,16.06,-,-,1717297720.00,171729772
GP,Grameenphone Limited,Telecommunication,A,350402.86,9.65,0.0,0.0,259.5,0.0,0.0,42.1417,-88.0952,264.855,261.116,285.543,263.0884,263.5806,263.9164,-0.3358,0.5872,271.8414,257.8686,3.96,-155232.7511,262.6044,263.5385,264.4676,0.6904,4.05,0.185,0.077,0.180,0.338,0.373,0.229,1.000,0.183,0.561,-,-,0.0,0.0,9.65,11.61,13503000220.00,1350300022
GPHISPAT,GPH Ispat Limited,Engineering,B,7984.08,-,16.5,-3.51,16.5,8.251,492971.0,48.282,-80.0,16.665,16.246,17.8955,16.9139,16.879,16.6514,0.2276,0.2583,18.1705,15.1595,33.47,124491.5698,16.9511,17.0,16.9276,1.5705,3.03,1.024,1.164,0.595,-,0.112,-,0.140,-,-,-,-,-0.51,51.72,-,95.00,4838834560.00,483883456
GQBALLPEN,GQ Ball Pen Industries Limited,Miscellaneous,A,4690.82,-,525.4,-1.72,525.4,24.151,45947.0,61.1288,-22.2707,495.74,484.702,381.236,515.8024,511.0052,498.6438,12.3614,7.6434,539.711,451.769,146.31,40891.6853,521.3511,514.8885,504.8505,1.0579,0.19,2.247,-,2.213,-,-,-,-,-,-,-,-,-1.83,135.81,-,-,89280910.00,8928091
GRAMEENS2,Grameen One : Scheme Two,Mutual Funds,A,2279.97,15.68,12.5,-1.57,12.5,6.579,526964.0,55.6932,-57.1429,12.485,11.628,12.204,12.62,12.5777,12.2759,0.3018,0.3508,13.349,11.621,46.48,86569.8685,12.6444,12.6462,12.6271,0.979,-,-,-,-,-,-,-,-,-,-,-,-,0.81,15.89,15.68,12.96,1823979020.00,182397902
GREENDELMF,Green Delta Mutual Fund,Mutual Funds,A,480.0,23.57,3.2,-3.03,3.2,0.277,86737.0,53.4536,-71.4286,3.175,3.052,3.5025,3.2124,3.203,3.1505,0.0525,0.0565,3.4853,2.8647,46.34,185357.9512,3.2111,3.209,3.2119,1.1085,-,-,-,-,-,-,-,-,-,-,-,-,0.14,10.16,23.57,-,1500000000.00,150000000
GREENDELT,Green Delta Insurance Company PLC.,Insurance,A,5580.48,10.69,55.7,-3.3,55.7,2.218,39440.0,44.6188,-61.3861,57.07,55.608,49.923,57.1462,57.1845,56.8126,0.3719,0.6311,59.5006,54.6394,29.87,-72559.875,57.1822,57.3564,57.3062,1.3991,4.85,-,-,-,-,-,-,-,-,-,-,-,5.44,70.53,10.69,10.59,1001881940.00,100188194
GSPFINANCE,GSP Finance Company (Bangladesh) PLC,Financial Institutions,Z,973.83,-,6.2,8.77,6.2,22.218,3616477.0,86.9256,0.0,3.94,2.508,3.212,4.9655,4.6883,3.7856,0.9027,0.7187,6.0738,1.8062,153.44,3211608.9699,5.1578,4.9321,4.4852,2.0176,-,-,-,-,-,1.171,5.228,-,-,-,-,-,-11.79,4.6,-,-,1570685850.00,157068585
HAKKANIPUL,Hakkani Pulp & Paper Mills PLC.,Paper & Printing,B,1259.7,1021.43,66.3,-7.27,66.3,27.672,401495.0,32.744,-95.8333,72.395,70.956,69.31,71.9666,72.2486,72.1244,0.1242,0.8018,77.6315,67.1585,706.18,-634458.8817,72.1378,72.7385,72.7648,1.3207,0.75,1.736,-,0.844,0.007,0.068,0.001,0.144,0.001,0.002,-,-,0.07,24.24,1021.43,132.41,190000000.00,19000000
HAMI,Hami Industries PLC.,Miscellaneous,Z,1186.57,-,154.1,-3.39,154.1,11.926,76498.0,74.566,-26.1589,139.095,122.176,111.7395,149.6171,146.9731,137.1635,9.8097,8.6197,162.7846,115.4054,218.97,30615.9911,152.0133,150.3359,145.3152,1.0737,0.06,0.508,-,0.360,-,-,-,0.020,-,-,-,-,0.0,0.0,-,569.64,77000000.00,7700000
HEIDELBCEM,Heidelberg Materials Bangladesh PLC.,Cement,A,12837.61,28.69,230.8,-3.07,227.2,2.807,12313.0,43.6164,-83.2,235.245,226.898,229.7995,234.3498,234.5989,233.0697,1.5292,2.7957,242.9204,227.5696,5.56,-7972.1907,234.3111,235.109,235.5295,1.0619,1.10,0.847,-,0.655,0.044,0.049,0.026,0.115,0.036,0.121,-,-,8.17,72.87,28.69,42.77,565035800.00,56503580
HFL,Hamid Fabrics PLC.,Textile,Z,673.82,41.58,7.3,-6.33,7.4,2.037,259284.0,57.7818,-56.25,6.965,6.464,7.138,7.3028,7.2204,6.9018,0.3186,0.2877,8.2069,5.7231,31.06,46807.9333,7.3356,7.3013,7.2019,1.4769,-,1.653,-,0.845,-,-,-,-,-,-,-,-,-4.06,33.66,41.58,-,910573120.00,91057312
HRTEX,H.R.Textile Limited,Textile,Z,514.3,-,17.6,-3.83,17.6,0.867,48515.0,50.2544,-63.3333,17.81,17.174,21.701,17.843,17.8206,17.5799,0.2407,0.3046,19.2181,16.4019,62.83,1491.766,17.8133,17.8744,17.941,1.4518,-,1.843,-,1.404,-,-,-,-,-,-,-,-,-19.67,21.43,-,-,292215000.00,29221500
HWAWELLTEX,Hwa Well Textiles (BD) PLC,Textile,A,2318.4,11.57,41.4,-1.66,41.4,2.13,51219.0,45.7806,-96.0,41.855,41.4,42.8425,41.9652,41.9555,41.771,0.1844,0.2499,43.2921,40.4179,25.13,-37532.2977,41.9822,42.0231,42.0395,0.8031,4.83,4.226,-,4.124,-,-,-,-,-,-,-,-,3.64,40.16,11.57,11.02,560000000.00,56000000
IBBL2PBOND,IBBL 2nd Mudaraba Perpetual Bond,Corporate Bond,N,672.0,-,0.0,0.0,4200.0,0.0,0.0,60.6748,0.0,4125.0,4110.0,0.0,4090.4918,4067.1517,4008.3082,58.8434,35.2776,4371.0649,3878.9351,0.04,0.9436,4195.5556,4175.641,4147.1429,0.1812,0.02,-,-,-,-,-,-,-,-,-,-,-,0.0,0.0,-,-,1600000.00,160000
IBBLPBOND,IBBL Mudaraba Perpetual Bond,Corporate Bond,A,1980.0,-,660.0,-1.46,660.0,0.001,1.0,47.1164,-66.6667,678.8,663.98,664.065,677.0104,677.8222,674.0779,3.7443,7.2891,710.6873,646.9127,1.09,84.8329,672.9333,675.1154,678.4381,0.1076,0.11,-,-,-,-,-,-,-,-,-,-,-,0.0,0.0,-,-,30000000.00,3000000
IBNSINA,The Ibn Sina Pharmaceutical Industry PLC,Pharmaceuticals & Chemicals,A,10088.57,16.18,322.9,-1.55,322.9,24.13,74811.0,39.9875,-58.2,339.48,328.07,308.1485,329.535,331.0203,332.3908,-1.3705,1.2464,363.3659,315.5941,129.32,-45204.2007,327.7467,329.2038,333.4567,0.7646,1.98,1.149,0.244,0.419,-,0.080,0.053,0.404,0.084,0.158,-,-,20.27,125.69,16.18,10.74,312436270.00,31243627
IBP,Indo-Bangla Pharmaceuticals Limited,Pharmaceuticals & Chemicals,B,1545.53,-,13.3,-5.67,13.3,27.674,2025134.0,52.9329,-54.5455,13.19,12.314,12.0915,13.6698,13.5713,13.1011,0.4701,0.475,14.7089,11.6711,418.23,-510317.6724,13.8289,13.7923,13.54,1.5879,0.11,3.622,-,2.741,-,-,-,0.114,-,-,-,-,-0.32,12.53,-,352.50,1162051780.00,116205178
ICB,Investment Corporation of Bangladesh,Financial Institutions,B,33562.92,-,38.7,-4.91,38.7,4.929,124524.0,49.3905,-75.9494,39.01,37.486,43.9585,39.8422,39.7006,38.8796,0.821,0.8963,43.5633,34.4567,4.17,-64998.1044,39.98,40.0795,39.8214,1.6084,-,-,-,-,-,0.182,0.174,-,-,-,-,0.002,-14.0,37.45,-,-,8672589610.00,867258961
ICB3RDNRB,ICB AMCL Third NRB Mutual Fund,Mutual Funds,A,430.0,-,4.3,-4.44,4.3,0.364,84313.0,48.0339,-87.5,4.4,4.282,4.44,4.3833,4.3872,4.3596,0.0276,0.049,4.6753,4.1247,30.62,-105574.8881,4.3711,4.3936,4.4095,0.8901,-,-,-,-,-,-,-,-,-,-,-,-,-0.02,7.26,-,7.76,1000000000.00,100000000
ICBAGRANI1,ICB AMCL First Agrani Bank Mutual Fund,Mutual Funds,A,628.17,18.06,6.4,-1.54,6.4,0.21,32650.0,47.1913,-66.6667,6.48,6.404,6.707,6.49,6.4919,6.4678,0.0241,0.0396,6.7522,6.2078,30.09,-138598.1461,6.4911,6.5103,6.5095,0.638,-,-,-,-,-,-,-,-,-,-,-,-,0.36,9.0,18.06,8.33,981510000.00,98151000
ICBAMCL2ND,ICB AMCL Second Mutual Fund,Mutual Funds,A,275.0,-,5.4,-8.33,5.5,0.345,62131.0,43.5879,-87.5,5.84,5.486,5.8665,5.9541,5.9461,5.7904,0.1556,0.2111,6.844,4.836,162.66,-146352.37,5.9822,6.059,6.0043,0.9122,-,-,-,-,-,-,-,-,-,-,-,-,-0.15,8.08,-,10.00,500000000.00,50000000
ICBEPMF1S1,ICB Employees Provident MF 1: Scheme 1,Mutual Funds,A,367.5,-,4.9,2.08,4.9,1.576,325224.0,65.4849,-33.3333,4.665,3.972,4.453,4.8505,4.8023,4.5176,0.2847,0.313,5.471,3.859,280.79,712021.0764,4.8867,4.8936,4.8319,0.8854,-,-,-,-,-,-,-,-,-,-,-,-,-0.23,7.38,-,15.00,750000000.00,75000000
ICBIBANK,ICB Islamic Bank Limited,Bank,Z,2658.81,-,4.0,8.11,4.0,13.792,3491543.0,80.4269,0.0,2.79,2.512,2.627,3.2714,3.1428,2.8314,0.3114,0.1756,3.7653,1.8147,34.16,5247001.6244,3.3489,3.2077,3.0062,0.8808,-,-,-,-,-,3.183,4.053,-,-,0.068,-,-,-1.42,-20.78,-,-,6647023000.00,664702300
ICBSONALI1,ICB AMCL Sonali Bank Limited 1st Mutual Fund,Mutual Funds,A,440.0,-,4.4,-2.22,4.4,0.387,88053.0,48.4812,-75.0,4.505,4.324,4.996,4.4677,4.4748,4.4427,0.032,0.0625,4.8513,4.1587,112.7,-446040.3456,4.4489,4.4756,4.5162,0.8549,-,-,-,-,-,-,-,-,-,-,-,-,-0.04,8.23,-,112.50,1000000000.00,100000000
ICICL,Islami Commercial Insurance PLC,Insurance,A,1068.77,20.27,20.6,-7.05,21.1,4.244,195380.0,31.1561,-87.5,22.88,23.102,22.149,22.5275,22.658,22.9258,-0.2678,-0.1073,24.0455,21.7145,138.68,-158449.0493,22.4578,22.6103,22.8033,1.5601,4.74,-,-,-,-,-,-,-,-,-,-,-,1.12,17.24,20.27,34.05,506527660.00,50652766
IDLC,IDLC Finance PLC.,Financial Institutions,A,17764.87,8.71,40.7,-3.1,40.7,31.344,759955.0,49.6444,-61.3636,41.215,39.266,36.528,41.5181,41.4447,40.801,0.6438,0.7857,43.1533,39.2767,26.16,76921.145,41.6244,41.6141,41.529,1.4066,3.69,-,-,-,-,0.580,0.276,-,-,-,-,0.108,4.82,48.26,8.71,7.80,4364834090.00,436483409
IFADAUTOS,IFAD Autos PLC.,Engineering,B,5633.33,-,21.0,-4.11,21.0,5.712,268349.0,47.2852,-82.7586,21.225,21.094,22.408,21.623,21.5666,21.3175,0.2492,0.2426,22.9732,19.4768,34.07,-156661.8266,21.7222,21.7551,21.581,1.4949,0.95,3.428,2.164,3.214,-,0.054,-,0.126,-,-,-,-,-0.27,35.56,-,64.41,2682539110.00,268253911
IFIC,IFIC Bank PLC,Bank,B,12109.15,-,6.3,-3.08,6.3,116.33,18208763.0,61.785,-41.1765,5.77,5.102,5.5175,6.1503,6.0634,5.6891,0.3743,0.3594,7.1482,4.3918,131.85,3289477.9056,6.1933,6.1872,6.0548,1.6896,-,-,-,-,-,0.012,-,-,-,-,-,-,-0.63,18.16,-,-,19220866470.00,1922086647
IFIC1STMF,IFIC Bank 1st Mutual Fund,Mutual Funds,A,528.29,-,2.9,-3.33,2.9,4.68,1606816.0,54.0437,-50.0,2.84,2.64,3.1955,2.926,2.9061,2.8079,0.0981,0.1006,3.2368,2.4432,174.41,920310.9932,2.94,2.941,2.9124,1.1345,-,-,-,-,-,-,-,-,-,-,-,-,-1.79,8.19,-,-,1821679650.00,182167965
IFILISLMF1,IFIL Islamic Mutual Fund-1,Mutual Funds,A,390.0,-,3.9,-4.88,3.9,0.411,104234.0,51.5239,-75.0,3.945,3.65,4.1015,3.9879,3.9752,3.8745,0.1007,0.1202,4.266,3.624,34.62,-146376.8375,4.0022,4.0013,3.9938,0.9711,-,-,-,-,-,-,-,-,-,-,-,-,-0.32,6.8,-,102.50,1000000000.00,100000000
ILFSL,International Leasing & Financial Services Limited,Financial Institutions,Z,421.44,-,1.9,5.56,1.9,0.21,110407.0,78.4374,0.0,1.3075,0.874,1.7975,1.6193,1.5413,1.27,0.2713,0.2277,2.0309,0.5841,142.18,680374.921,1.6778,1.6282,1.4938,1.5552,-,-,-,-,-,1.065,2.866,-,-,-,-,-,-39.01,-212.32,-,-,2218102460.00,221810246
INDEXAGRO,Index Agro Industries Limited,Miscellaneous,A,3220.1,12.12,64.9,-2.99,64.9,2.193,33680.0,38.8993,-76.7241,68.195,66.6,69.2445,67.6299,67.8351,67.6772,0.1579,0.683,72.5039,63.8861,33.61,-11083.4404,67.4911,68.0141,68.4267,1.258,1.85,1.663,-,0.676,0.078,0.166,0.059,0.204,0.036,0.064,-,-,5.52,85.74,12.12,19.01,496163310.00,49616331
INTECH,Intech Limited,IT Sector,B,1030.47,-,32.9,-8.61,32.9,91.517,2662223.0,55.135,-57.732,31.065,30.378,26.398,33.677,33.1028,31.5811,1.5217,0.9767,36.9746,25.1554,1157.77,362983.528,34.4578,33.7577,32.3886,1.5327,-,0.391,-,0.391,0.427,-,0.379,0.052,0.048,-,-,-,-0.38,-0.45,-,-,313212260.00,31321226
INTRACO,Intraco Refueling Station PLC,Fuel & Power,Z,1797.66,22.21,18.3,-4.19,18.3,4.907,263323.0,35.7163,-79.4118,19.44,19.866,22.321,19.0761,19.1833,19.5036,-0.3204,-0.2358,20.5207,18.3593,141.23,-26509.6,18.9889,19.0897,19.3233,1.7512,0.68,0.847,-,0.827,0.088,0.085,0.061,0.119,0.034,0.071,-,-,0.86,13.24,22.21,28.09,982327500.00,98232750
IPDC,IPDC Finance PLC.,Financial Institutions,A,8141.66,22.26,19.9,-3.86,19.9,44.191,2189941.0,47.7715,-85.0,20.37,19.724,18.69,20.2483,20.2585,20.1462,0.1123,0.1876,21.2088,19.5312,132.14,-157616.0475,20.2089,20.2449,20.3438,1.8076,2.51,-,-,-,-,0.544,0.112,-,-,-,-,0.038,0.93,17.73,22.26,24.26,4091284300.00,409128430
ISLAMIBANK,Islami Bank Bangladesh PLC,Bank,A,67780.61,65.29,42.1,-5.18,42.1,48.025,1104963.0,44.1817,-91.6667,47.57,40.66,39.583,44.6193,44.9452,44.4131,0.5321,1.4982,54.6575,40.4825,44.14,-867071.921,44.1978,44.5,45.939,0.9181,-,-,-,-,-,0.332,0.017,-,0.001,0.015,0.001,-,0.68,44.36,65.29,53.71,16099906680.00,1609990668
ISLAMICFIN,Islamic Finance & Investment PLC.,Financial Institutions,Z,1585.69,-,11.3,-4.24,11.3,8.46,730145.0,55.5712,-39.1304,11.09,10.076,8.3295,11.5286,11.4291,10.9229,0.5062,0.5259,12.3844,9.7956,139.76,104402.142,11.6889,11.6385,11.3895,1.8904,-,-,-,-,-,-,-,-,-,-,-,-,-12.22,0.2,-,-,1403266700.00,140326670
ISLAMIINS,Islami Insurance Bangladesh Limited,Insurance,A,1523.11,11.32,37.1,-4.15,37.0,1.77,47345.0,31.0883,-90.1961,39.71,38.966,38.754,38.8725,39.1078,39.4054,-0.2977,0.0788,41.6972,37.7228,40.35,-39917.7878,38.6867,38.9782,39.4124,1.4075,5.41,-,-,-,-,-,-,-,-,-,-,-,3.41,22.56,11.32,14.85,411652150.00,41165215
ISNLTD,Information Services Network Limited,IT Sector,B,821.18,-,75.2,-9.07,75.2,53.105,672989.0,47.198,-87.5,75.945,75.492,71.2595,78.2191,77.7444,76.793,0.9514,0.3565,82.5866,69.3034,805.47,-81605.3383,78.7733,78.1641,77.0538,1.2978,-,1.643,-,1.643,0.035,0.027,0.011,0.448,0.010,0.042,-,-,-0.43,2.42,-,4135.00,109200030.00,10920003
ITC,IT Consultants PLC.,IT Sector,A,4847.94,10.99,37.7,-5.28,37.7,38.77,1007931.0,37.4651,-92.1053,39.465,39.072,39.233,39.3468,39.4202,39.4207,-0.0005,0.1605,40.9479,37.9821,144.9,-397525.0377,39.3467,39.4692,39.5581,1.3824,3.18,2.747,-,2.558,0.298,0.346,0.281,0.514,0.108,0.144,-,-,3.62,23.25,10.99,11.18,1285926640.00,128592664
JAMUNABANK,Jamuna Bank PLC.,Bank,A,22544.1,8.01,24.0,-5.51,24.0,164.26,6731611.0,48.2943,-88.0,24.58,23.0,20.598,24.9249,24.8362,24.2237,0.6125,0.706,26.1341,23.0259,105.72,1003826.317,25.08,25.041,24.8714,0.8965,7.29,-,-,-,-,0.499,0.161,-,0.008,0.129,0.008,-,3.17,24.61,8.01,4.29,9393376300.00,939337630
JAMUNAOIL,Jamuna Oil Company Limited,Fuel & Power,A,19037.2,2.98,170.2,-1.54,172.4,6.135,35443.0,44.7974,-75.5906,174.1,173.232,181.2625,174.8517,174.7886,174.2651,0.5235,0.6312,180.4911,167.7089,10.63,18484.7296,175.0289,175.309,175.0933,0.5009,10.44,1.165,-,0.922,4.114,0.338,3.291,1.000,0.042,0.175,-,-,58.7,274.03,2.98,4.46,1104246000.00,110424600
JANATAINS,Janata Insurance PLC.,Insurance,A,1168.43,19.39,24.1,-5.12,24.1,2.84,115753.0,36.442,-86.2745,26.11,25.362,24.78,25.4495,25.625,25.8163,-0.1913,0.1043,27.6495,24.5705,83.3,-88522.4674,25.2933,25.5026,25.8686,1.4321,2.49,-,-,-,-,-,-,-,-,-,-,-,1.31,14.96,19.39,16.01,484826280.00,48482628
JHRML,JMI Hospital Requisite Manufacturing Limited,Pharmaceuticals & Chemicals,B,5425.24,24.03,43.3,-3.13,43.3,6.213,142417.0,43.6558,-82.4561,44.545,43.65,48.1865,44.7139,44.7446,44.4568,0.2878,0.4906,47.5513,41.5387,33.04,-53024.1202,44.7467,45.0013,44.9605,1.6587,1.15,-,-,-,-,-,-,-,-,-,-,-,1.86,35.14,24.03,45.61,1252941200.00,125294120
JMISMDL,JMI Syringes & Medical Devices Ltd,Pharmaceuticals & Chemicals,A,3603.71,81.68,120.0,-1.48,119.9,3.398,28240.0,40.7594,-72.3404,123.36,120.826,131.2985,123.9921,124.0788,123.1868,0.892,1.5022,131.2685,115.4515,16.81,-12174.0337,124.3889,124.9821,124.5857,1.2831,0.83,5.676,0.000,3.472,-,0.075,0.024,0.156,0.015,0.017,-,-,1.49,87.23,81.68,-,300560000.00,30056000
JUTESPINN,Jute Spinners Limited,Jute,Z,393.89,-,231.7,-8.74,231.7,1.714,7343.0,58.5143,-46.2418,216.65,206.712,205.662,232.118,228.425,217.9913,10.4337,7.2336,250.9144,182.3856,131.16,12863.0205,236.2956,231.9128,224.6024,0.8195,-,-,-,-,-,-,-,-,-,-,-,-,-36.32,-624.19,-,-,17000000.00,1700000
KARNAPHULI,Karnaphuli Insurance PLC.,Insurance,A,1256.53,13.81,28.0,-5.72,28.0,11.938,414179.0,32.5934,-96.0784,30.64,30.07,28.999,29.9392,30.1568,30.3995,-0.2427,0.1211,32.4735,28.8065,312.76,-692381.6993,29.8133,30.1179,30.4567,1.4279,3.57,-,-,-,-,-,-,-,-,-,-,-,2.15,22.75,13.81,12.95,448761130.00,44876113
KAY&QUE,Kay and Que Bangladesh Limited,Engineering,B,3079.74,49.46,440.4,-6.18,440.4,97.22,215237.0,48.2897,-90.5455,458.33,409.89,337.0975,470.865,468.6837,448.3558,20.3279,25.1036,545.6485,371.0115,820.04,-88683.4788,473.5667,478.2103,473.7876,1.0849,0.09,0.869,-,0.855,-,0.161,0.171,0.275,0.061,0.093,-,-,9.49,101.72,49.46,40.26,69930490.00,6993049
KBPPWBIL,Khan Brothers PP Woven Bag Industries Ltd.,Miscellaneous,A,5070.73,204.44,51.7,-6.34,51.7,189.63,3566967.0,52.2645,-57.5758,50.365,48.732,95.016,52.4925,52.0353,50.9666,1.0688,0.5678,55.3514,45.3786,571.2,-449219.4554,53.0822,52.6013,51.4967,1.2996,1.93,21.510,-,5.814,0.375,0.400,0.254,0.479,0.021,0.022,-,-,0.27,12.07,204.44,76.67,980798770.00,98079877
KDSALTD,KDS Accessories Limited,Engineering,A,2989.66,19.13,40.0,-4.53,40.0,13.81,338989.0,38.8832,-90.4762,41.84,41.328,42.1625,41.6375,41.7066,41.6651,0.0415,0.2128,43.3456,40.3344,142.14,-209584.9198,41.6667,41.7769,41.8848,1.5378,2.50,1.517,0.013,1.194,-,0.075,0.057,0.172,0.035,0.079,-,-,2.19,27.71,19.13,20.95,747414790.00,74741479
KEYACOSMET,Keya Cosmetics Limited,Pharmaceuticals & Chemicals,Z,5952.51,27.14,5.4,-5.26,5.4,11.006,1978131.0,57.5676,-63.6364,5.175,4.624,4.62,5.4043,5.3492,5.0734,0.2758,0.2845,6.1842,4.1658,52.45,474341.497,5.44,5.4308,5.3681,1.4344,-,1.465,44.309,0.868,-,0.169,0.026,0.209,0.009,0.927,-,-,0.24,0.25,27.14,23.75,11023173240.00,1102317324
KEYACOSMET,Keya Cosmetics Limited,Pharmaceuticals & Chemicals,Z,5952.51,27.14,5.4,-5.26,5.4,11.006,1978131.0,57.5676,-63.6364,5.175,4.624,4.62,5.4043,5.3492,5.0734,0.2758,0.2845,6.1842,4.1658,52.45,474341.497,5.44,5.4308,5.3681,1.4344,1.85,1.465,44.309,0.868,-,0.169,0.026,0.209,0.009,0.927,-,-,0.24,0.25,27.14,23.75,11023173240.00,1102317324
KOHINOOR,Kohinoor Chemicals Company (Bangladesh) Ltd.,Pharmaceuticals & Chemicals,A,20804.88,30.36,510.2,-1.43,510.2,9.779,19015.0,48.0764,-83.2215,514.47,504.866,521.001,515.1097,514.8562,512.1933,2.6629,3.3594,523.3855,505.5545,6.25,-7605.4438,515.5067,516.0321,515.5662,0.7413,1.27,4.768,0.135,2.500,-,0.136,0.098,0.282,0.184,0.262,-,-,17.05,65.16,30.36,31.95,407778930.00,40777893
KPCL,Khulna Power Company Limited,Fuel & Power,Z,4172.84,37.59,10.5,-3.67,10.5,3.949,370385.0,45.5384,-92.3077,10.925,10.342,10.4415,10.8081,10.8143,10.697,0.1173,0.186,11.2614,10.5886,31.68,-594371.3889,10.7956,10.8321,10.8895,0.8572,4.76,2.514,-,2.071,0.020,0.004,0.019,0.013,0.007,0.008,-,-,0.29,19.03,37.59,10.69,3974131790.00,397413179
KPPL,Khulna Printing & Packaging Limited,Paper & Printing,Z,1110.21,-,15.2,-7.88,15.2,10.86,692902.0,49.4311,-85.7143,15.48,14.774,15.649,15.8519,15.7575,15.3168,0.4407,0.4409,18.0294,12.9306,205.7,-523750.3361,15.94,15.8936,15.8414,1.4134,-,0.693,-,0.692,-,-,-,-,-,1.662,-,-,-3.1,-1.86,-,-,730400000.00,73040000
KTL,Kattali Textile Limited,Textile,Z,1035.12,-,8.9,-3.26,8.9,4.304,475348.0,38.5993,-87.5,9.315,9.708,11.133,9.2586,9.2844,9.3826,-0.0982,-0.0877,9.9349,8.6951,71.75,-274760.0027,9.2511,9.2962,9.3486,1.4678,0.11,5.749,-,4.046,-,-,-,-,-,-,-,-,0.08,15.1,-,115.00,1163052000.00,116305200
LANKABAFIN,LankaBangla Finance PLC,Financial Institutions,A,8513.65,32.35,15.8,-4.24,15.8,71.485,4365518.0,61.4163,-47.2222,14.785,13.398,14.7825,15.5408,15.3647,14.6144,0.7503,0.7168,17.3209,12.2491,82.36,365949.473,15.6422,15.6244,15.3343,1.9803,-,-,-,-,-,0.352,0.064,-,-,-,-,0.027,0.51,18.52,32.35,22.92,5388386230.00,538838623
LBS,LankaBangla Securities PLC.,Stock Brokers,P,2609.59,-,9.7,-3.96,9.7,0.223,22902.0,39.4555,-100.0,10.79,10.504,13.1345,10.0308,10.1563,10.475,-0.3188,-0.1933,12.6841,8.8959,2.63,21818.3637,9.8533,9.9551,10.299,0.4331,-,-,-,-,-,-,-,-,-,-,-,-,0.0,0.0,-,-,2690303320.00,269030332
LEGACYFOOT,Legacy Footwear Limited,Tannery Industries,B,2283.24,1106.00,53.0,-4.16,53.0,9.075,168296.0,41.1289,-85.9375,54.5,54.274,57.097,55.3357,55.3034,54.907,0.3964,0.5119,58.9787,50.0213,135.31,-195546.8428,55.6556,55.8244,55.3562,1.2899,0.09,9.666,-,8.645,0.237,-,0.140,0.244,0.006,0.006,-,-,0.05,11.21,1106.00,-,430799800.00,43079980
LHB,LafargeHolcim Bangladesh PLC.,Cement,A,59346.19,16.32,51.1,-4.84,51.1,58.831,1127925.0,43.3394,-95.1613,53.53,50.39,50.86,53.2507,53.2772,52.5736,0.7037,1.0932,56.0213,51.0387,25.77,-90629.0757,53.2578,53.4462,53.6319,1.4226,3.52,1.538,-,1.248,0.272,0.273,0.209,0.362,0.164,0.267,-,-,0.0,0.0,16.32,13.16,11613735000.00,1161373500
LIBRAINFU,Libra Infusions Limited,Pharmaceuticals & Chemicals,Z,1419.99,4364.00,630.3,-3.71,630.3,4.228,6657.0,40.6192,-93.7877,663.84,645.022,722.914,656.69,658.4337,656.6711,1.7626,6.4214,714.4039,613.2761,117.53,-6410.5656,655.1822,658.1692,664.5538,0.8877,0.48,1.468,0.040,0.897,-,0.160,0.001,0.437,0.000,0.000,-,-,0.15,1261.0,4364.00,122.74,22528800.00,2252880
LINDEBD,Linde Bangladesh Limited,Fuel & Power,A,11988.96,1.97,787.8,-5.12,787.8,13.151,16271.0,35.1245,-91.3191,832.04,801.692,848.939,825.3725,827.4445,823.6753,3.7692,10.0931,865.6465,798.4335,13.64,-11287.9721,824.5422,829.0769,832.2333,0.8169,5.08,1.701,-,1.489,3.445,0.121,2.900,0.471,1.081,1.840,-,-,0.0,0.0,1.97,33.12,152182800.00,15218280
LOVELLO,Taufika Foods and Lovello Ice-cream PLC.,Food & Allied,A,6666.08,42.06,67.9,-2.16,67.9,55.612,815027.0,43.9043,-30.5263,69.135,68.948,84.6185,68.761,68.8056,69.0924,-0.2868,-0.3238,70.9029,67.3671,303.84,344044.072,68.74,68.6936,68.8352,1.1944,1.62,2.608,-,1.631,0.153,0.275,0.123,0.417,0.045,0.107,-,-,1.65,12.01,42.06,16.29,981750000.00,98175000
LRBDL,Lub-rref (Bangladesh) Limited,Fuel & Power,Z,1379.81,-,9.5,-4.04,9.5,2.206,228875.0,46.6426,-86.6667,9.625,9.598,12.3795,9.7523,9.743,9.6862,0.0568,0.0632,10.585,8.665,45.92,-77658.0097,9.7667,9.7987,9.7795,1.7542,-,1.049,-,0.795,-,-,-,0.203,-,-,-,-,-4.56,32.72,-,-,1452431440.00,145243144
LRGLOBMF1,LR Global Bangladesh Mutual Fund One,Mutual Funds,A,933.24,10.69,3.0,-3.23,3.0,0.551,182730.0,49.1466,-77.7778,3.055,2.95,3.331,3.0328,3.0381,3.0231,0.0149,0.0335,3.3339,2.7761,21.88,-185184.2612,3.0156,3.0333,3.06,1.2044,-,-,-,-,-,-,-,-,-,-,-,-,0.29,10.47,10.69,-,3110803320.00,311080332
MAGURAPLEX,Magura Multiplex PLC.,Paper & Printing,A,2448.2,24.14,82.7,-4.83,82.7,13.542,161967.0,37.803,-95.2381,87.19,84.608,89.4685,87.5167,87.603,86.7728,0.8302,1.4103,94.1718,80.2082,161.73,-134614.7536,87.7467,88.3987,88.1662,1.8433,1.33,3.135,-,2.281,0.084,0.224,0.071,0.285,0.013,0.035,-,-,3.6,74.79,24.14,27.33,296033780.00,29603378
MAKSONSPIN,Maksons Spinning Mills PLC.,Textile,Z,1334.1,-,5.8,-3.45,5.6,1.549,271012.0,52.4867,-57.1429,5.55,5.106,5.7455,5.7272,5.695,5.4937,0.2013,0.2252,6.507,4.593,25.82,-170243.261,5.7578,5.7897,5.7257,1.9488,-,0.952,-,0.490,-,-,-,-,-,-,-,-,-9.42,2.84,-,-,2382325380.00,238232538
MALEKSPIN,Malek Spinning Mills PLC.,Textile,A,5324.0,3.86,27.5,-3.85,27.5,49.592,1781496.0,37.7385,-96.0784,29.215,29.032,27.8895,28.7184,28.8497,29.0167,-0.167,0.0428,30.862,27.568,259.95,-2332306.1186,28.62,28.7872,29.1048,1.5541,3.64,1.262,-,0.674,-,-,-,-,-,-,-,-,7.41,60.63,3.86,4.04,1936000000.00,193600000
MARICO,Marico Bangladesh Limited,Pharmaceuticals & Chemicals,A,87724.35,15.16,2790.0,-2.02,2784.9,10.895,3881.0,46.4634,-88.1615,2817.88,2765.99,2717.8,2825.1706,2823.0814,2806.5563,16.5251,19.7136,2886.9156,2748.8444,4.21,-4132.9402,2830.5044,2828.141,2825.5695,0.3226,1.71,1.990,-,1.506,-,0.435,0.362,0.595,0.427,0.784,-,-,0.0,0.0,15.16,13.48,315000000.00,31500000
MATINSPINN,Matin Spinning Mills PLC,Textile,A,4591.78,10.21,47.1,-1.87,47.1,13.616,289845.0,44.8919,-68.75,47.9,47.028,48.4855,47.8862,47.9207,47.7399,0.1809,0.3418,49.8358,45.9642,18.88,-96437.1747,47.8556,47.9846,48.0771,1.0782,7.43,1.143,-,0.762,-,-,-,-,-,-,-,-,4.7,69.89,10.21,11.37,974900000.00,97490000
MBL1STMF,MBL 1st Mutual Fund,Mutual Funds,A,400.0,9.52,4.0,0.0,4.0,0.237,60264.0,53.3984,-55.5556,3.97,3.762,4.134,4.02,4.0121,3.929,0.0831,0.1048,4.456,3.484,105.53,-227962.0762,4.0244,4.0436,4.0414,0.8246,-,-,-,-,-,-,-,-,-,-,-,-,0.42,10.44,9.52,28.04,1000000000.00,100000000
MBPLCPBOND,Mercantile Bank Perpetual Bond,Corporate Bond,A,485.0,-,0.0,0.0,4850.0,0.0,0.0,,,,,,,,,,,,,,,,,,,0.02,-,-,-,-,-,-,-,-,-,-,-,0.0,0.0,-,-,1000000.00,100000
MEGCONMILK,Meghna Condensed Milk Industries Limited,Food & Allied,Z,449.6,-,28.0,-0.71,28.1,7.678,273912.0,67.2666,-25.4545,26.205,19.39,17.7205,26.7376,26.3045,24.079,2.2254,2.3216,28.9144,23.4956,457.23,-39864.6973,26.9733,26.5769,26.2462,0.962,-,0.193,-,0.122,-,-,-,-,-,0.526,-,-,-10.05,-16.15,-,-,160000000.00,16000000
MEGHNACEM,Meghna Cement Mills PLC.,Cement,Z,1026.63,-,32.5,-1.52,32.5,0.493,15155.0,46.8476,-84.2697,34.24,31.572,38.271,33.4878,33.6035,33.2381,0.3654,0.7914,37.2124,31.2676,24.47,-29036.8785,33.24,33.5769,34.0971,0.7964,-,0.777,-,0.560,-,0.187,-,0.223,-,-,-,-,-36.58,-1.7,-,-,315885290.00,31588529
MEGHNAINS,Meghna Insurance PLC.,Insurance,A,1088.0,22.21,27.2,-6.53,27.2,18.26,654293.0,33.1701,-94.8276,29.795,29.446,26.2725,29.4226,29.6039,29.7244,-0.1205,0.2209,32.0207,27.5693,768.12,-1391827.0376,29.3911,29.7154,29.8395,1.5019,3.68,-,-,-,-,-,-,-,-,-,-,-,1.31,14.26,22.21,22.27,400000000.00,40000000
MEGHNALIFE,Meghna Life Insurance PLC,Insurance,A,2188.11,33.91,52.6,-5.49,51.6,11.503,216749.0,39.1324,-90.625,54.61,52.974,53.2085,54.198,54.376,54.2655,0.1105,0.5532,57.1728,52.0472,119.54,-43830.1018,54.1222,54.4615,54.6586,1.4547,2.91,-,-,-,-,-,-,-,-,-,-,-,1.61,22.9,33.91,-,424052180.00,42405218
MEGHNAPET,Meghna Pet Industries Limited,Food & Allied,Z,288.0,-,24.0,-6.25,24.0,0.674,27527.0,50.6702,-63.2653,24.65,22.472,23.2465,24.5779,24.474,23.8839,0.59,0.6394,27.5754,21.7246,157.67,29689.5868,24.7267,24.4782,24.3871,1.0843,-,2.775,-,1.426,-,-,-,-,-,-,-,-,-2.75,70.43,-,-,120000000.00,12000000
MERCANBANK,Mercantile Bank PLC.,Bank,A,9627.21,15.52,8.7,-3.33,8.7,15.866,1792769.0,56.606,-50.0,8.535,8.046,8.4625,8.7713,8.7173,8.4717,0.2455,0.2423,9.3436,7.7264,28.4,555037.8372,8.82,8.8026,8.71,1.0805,-,-,-,-,-,0.402,0.045,-,0.002,0.025,0.002,-,0.58,23.75,15.52,3.61,11065754350.00,1106575435
MERCINS,Mercantile Islami Insurance PLC,Insurance,A,1042.91,12.94,24.2,-3.59,24.2,1.723,69907.0,43.2778,-66.6667,25.055,24.844,24.819,24.8095,24.8888,25.0109,-0.122,-0.0052,26.0207,24.0893,21.41,-37528.5849,24.7489,24.8423,24.9467,1.0385,4.13,-,-,-,-,-,-,-,-,-,-,-,1.94,19.24,12.94,29.41,430953600.00,43095360
METROSPIN,Metro Spinning Limited,Textile,Z,505.93,-,8.4,-6.82,8.2,1.877,221959.0,47.6281,-93.3333,8.395,8.156,9.753,8.5241,8.5075,8.3775,0.1301,0.1548,9.3629,7.4271,33.37,-50932.6983,8.5578,8.5744,8.541,1.8334,-,2.840,-,2.794,-,-,-,-,-,-,-,-,-1.98,3.96,-,-,616982750.00,61698275
MHSML,Mozaffar Hossain Spinning Mills Limited,Textile,B,1848.18,26.94,18.3,-5.67,18.3,29.856,1608878.0,55.2559,-68.0,18.36,16.018,15.113,18.8278,18.6786,17.8291,0.8495,0.9217,19.7673,16.9527,320.16,926780.2165,19.0067,18.9077,18.6619,1.4401,1.64,1.424,-,0.534,-,-,-,-,-,-,-,-,0.72,20.41,26.94,19.80,1009933740.00,100993374
MIDASFIN,MIDAS Financing PLC.,Financial Institutions,Z,992.86,-,6.9,-4.17,6.9,1.493,215448.0,61.2011,-17.6471,6.295,5.324,6.0335,6.6938,6.5788,6.1211,0.4577,0.4203,7.3382,5.2518,26.49,129561.1326,6.8044,6.6872,6.5124,1.8767,-,-,-,-,-,3.217,3.201,-,-,-,-,-,-2.24,4.73,-,-,1438925070.00,143892507
MIDLANDBNK,Midland Bank PLC.,Bank,B,11134.73,13.78,16.9,-3.43,16.9,34.037,1994159.0,41.3493,-89.2857,17.88,17.454,20.424,17.5027,17.5732,17.6404,-0.0672,0.056,18.9415,16.8185,104.6,-2444343.684,17.4444,17.5231,17.7243,0.8933,1.78,-,-,-,-,0.571,0.220,-,0.008,0.084,0.009,-,1.27,15.12,13.78,21.88,6588598450.00,658859845
MIRACLEIND,Miracle Industries Limited,Miscellaneous,Z,1028.37,-,29.2,-5.5,29.2,4.951,165777.0,37.3482,-97.2973,32.005,31.04,29.9,31.2896,31.501,31.5937,-0.0928,0.3276,34.873,29.137,143.78,-180401.5766,31.0956,31.509,31.9652,1.5067,-,0.256,-,0.234,-,-,-,-,-,-,-,-,-2.3,11.32,-,-,352180550.00,35218055
MIRAKHTER,Mir Akhter Hossain Limited,Engineering,A,3236.68,16.45,26.8,-5.3,26.8,11.719,428588.0,37.3714,-97.6744,28.98,28.062,28.278,28.4786,28.6069,28.5889,0.018,0.3083,30.6877,27.2723,152.72,-242831.7534,28.4267,28.6462,28.9057,1.5966,3.92,1.160,2.507,0.309,-,0.205,0.160,0.324,0.008,0.033,-,-,1.72,51.51,16.45,23.98,1207715470.00,120771547
MITHUNKNIT,Mithun Knitting and Dyeing Limited,Textile,Z,506.86,-,15.8,-3.11,15.6,1.459,93923.0,52.7653,-54.2857,15.35,14.702,15.27,15.8898,15.7991,15.3266,0.4725,0.4956,17.5548,13.1452,71.06,-84920.9875,16.0133,16.0679,15.8148,1.2087,-,1.668,-,1.668,-,-,-,-,-,-,-,-,0.0,0.0,-,-,324911620.00,32491162
MJLBD,MJL Bangladesh PLC.,Fuel & Power,A,28507.68,8.10,90.0,-2.17,90.0,12.428,137410.0,41.7218,-81.8182,91.605,91.098,93.063,92.0207,92.0824,91.8907,0.1917,0.4173,95.7086,87.5014,15.68,17977.3693,92.0778,92.2654,92.2248,0.8699,5.78,0.614,-,0.445,0.118,0.179,0.086,0.162,0.075,0.188,-,-,11.36,54.06,8.10,11.92,3167520270.00,316752027
MLDYEING,M.L. Dyeing Limited,Textile,B,1952.45,440.00,8.4,-4.55,8.4,7.251,836900.0,47.9328,-76.9231,8.475,8.348,8.8135,8.6875,8.6595,8.5158,0.1437,0.15,9.4262,7.5238,144.19,-984054.7028,8.7489,8.75,8.6629,1.5073,0.60,2.983,-,2.084,-,-,-,-,-,-,-,-,0.02,13.3,440.00,-,2324340900.00,232434090
MONNOAGML,Monno Agro & General Machinery Limited,Engineering,B,1515.45,367.20,344.4,-6.21,344.4,13.153,37163.0,42.0283,-94.5679,367.245,356.572,340.4485,367.3519,368.022,363.5513,4.4707,8.0461,411.1328,323.3572,365.89,-23226.0776,367.0289,370.4949,372.279,1.2086,0.15,1.376,-,0.985,-,0.067,0.039,0.185,0.008,0.009,-,-,1.0,110.86,367.20,417.27,44002560.00,4400256
MONNOCERA,Monno Ceramic Industries Limited,Ceramics Sector,B,3040.58,385.00,80.6,-4.84,80.6,26.066,317343.0,41.3305,-96.6292,85.485,82.94,82.5805,85.3351,85.5404,84.729,0.8114,1.6443,94.5404,76.4296,376.26,-495329.6146,85.2444,86.1538,86.481,1.4258,0.25,-,10.293,-,-,-,-,0.151,-,-,-,-,0.22,80.14,385.00,136.61,377243170.00,37724317
MONNOFABR,Monno Fabrics Limited,Textile,B,2472.5,580.00,21.5,-7.33,21.5,73.26,3280754.0,43.5622,-90.625,22.975,21.572,17.8375,23.2082,23.2021,22.6124,0.5898,0.8539,26.5626,19.3874,1008.63,-3060035.0534,23.2511,23.5295,23.5105,1.6758,0.12,1.427,-,1.265,-,-,-,-,-,-,-,-,0.04,25.39,580.00,290.00,1150000000.00,115000000
MONOSPOOL,Monospool Bangladesh PLC,Paper & Printing,A,3608.32,25.66,92.0,-4.66,92.0,36.337,387195.0,38.5756,-93.75,97.08,96.088,99.33,96.8422,97.0733,97.0535,0.0198,0.5366,103.2059,90.9541,287.92,-342979.4863,96.8778,97.5449,97.6614,1.7458,0.54,1.286,-,0.798,0.106,0.270,0.095,0.323,0.017,0.070,-,-,3.76,45.05,25.66,25.00,392208660.00,39220866
MPETROLEUM,Meghna Petroleum Limited,Fuel & Power,A,21729.79,3.28,200.8,-0.3,200.8,9.684,48303.0,51.5643,-72.1739,200.94,197.034,204.929,201.1742,201.1015,200.373,0.7285,0.9115,205.3564,196.5236,6.41,-13372.8366,201.16,201.2372,201.34,0.3528,9.96,1.184,-,0.906,2.571,0.637,2.005,1.000,0.055,0.214,-,-,61.39,278.51,3.28,3.52,1082161080.00,108216108
MTB,Mutual Trust Bank PLC.,Bank,A,13842.33,4.16,12.8,-4.48,12.8,16.878,1298053.0,37.2732,-100.0,13.715,13.298,12.3595,13.4296,13.4951,13.5253,-0.0302,0.0993,14.4177,13.0123,53.38,-1140877.7107,13.3822,13.4551,13.6124,0.8153,-,-,-,-,-,0.524,0.141,-,0.007,0.124,0.008,-,3.22,25.94,4.16,5.35,10814317200.00,1081431720
MTBPBOND,Mutual Trust Bank Perpetual Bond,Corporate Bond,A,4000.0,-,0.0,0.0,1000000.0,0.0,0.0,,,,,,,,,,,,,,,,,,,-,-,-,-,-,-,-,-,-,-,-,-,0.0,0.0,-,-,40000.00,4000
NAHEEACP,Nahee Aluminum Composite Panel PLC,Engineering,B,1360.37,-,19.9,-7.44,19.9,17.677,852735.0,50.9625,-62.7119,19.68,18.55,19.815,21.0368,20.8004,19.7963,1.0041,0.9573,23.9526,15.4074,280.53,-95778.991,21.4911,21.4231,20.6805,1.427,0.50,7.608,0.112,5.160,-,0.126,-,0.191,-,-,-,-,-7.18,11.91,-,71.67,683601600.00,68360160
NATLIFEINS,National Life Insurance PLC,Insurance,A,10689.42,26.21,98.5,-3.9,98.5,6.195,62359.0,35.9844,-82.3232,104.165,99.356,98.5965,102.8169,103.1704,102.7767,0.3937,1.3552,107.9029,100.4271,22.61,-114194.0821,102.5556,103.1038,103.811,0.9441,3.55,-,-,-,-,-,-,-,-,-,-,-,3.91,58.43,26.21,26.21,1085219810.00,108521981
NAVANACNG,Navana CNG Limited,Engineering,Z,1526.17,206.00,20.2,-1.94,20.2,1.143,56046.0,39.3109,-81.8182,20.95,20.836,21.361,20.7199,20.7735,20.8495,-0.0759,0.0061,21.7219,20.1781,46.99,-38672.359,20.7,20.7526,20.891,1.2633,4.95,2.226,4.010,1.346,-,-,0.002,0.179,0.001,0.003,-,-,0.1,30.79,206.00,515.00,755527720.00,75552772
NAVANAPHAR,Navana Pharmaceuticals PLC.,Pharmaceuticals & Chemicals,A,6230.14,13.39,57.3,-4.61,58.0,31.395,534463.0,47.5084,-76.0,60.43,55.476,53.9645,60.3786,60.3263,58.9734,1.3529,1.8748,64.6642,56.1958,208.36,8237.4279,60.4467,60.6564,60.7514,1.6543,2.41,0.857,0.018,0.601,-,0.167,0.055,0.442,0.043,0.100,-,-,4.54,45.29,13.39,9.07,1074162170.00,107416217
NBL,National Bank Limited,Bank,Z,19318.44,-,6.0,0.0,6.0,145.083,23094369.0,76.3041,-23.0769,4.635,3.784,3.5475,5.3515,5.1812,4.5932,0.5879,0.4904,6.4957,2.7743,49.18,9197853.7413,5.4311,5.3821,5.0771,1.0051,-,-,-,-,-,2.015,1.331,-,-,-,-,-,-5.3,1.15,-,-,32197395700.00,3219739570
NCCBANK,National Credit and Commerce Bank PLC,Bank,A,13991.33,6.24,12.6,-3.82,12.6,37.397,2946336.0,44.6037,-91.6667,13.0,12.614,11.701,12.9517,12.9564,12.8657,0.0906,0.1435,13.4304,12.5696,33.83,-199295.8473,12.9556,12.9628,12.9943,1.0069,10.32,-,-,-,-,0.631,0.131,-,0.007,0.094,0.007,-,2.1,22.37,6.24,6.30,11104230960.00,1110423096
NCCBLMF1,NCCBL MUTUAL FUND-1,Mutual Funds,A,444.86,6.72,4.0,0.0,4.1,0.329,81134.0,48.333,-88.8889,4.185,4.058,4.6325,4.1575,4.1653,4.1405,0.0248,0.0535,4.53,3.84,19.07,-96667.6752,4.1467,4.1705,4.2019,1.0805,-,-,-,-,-,-,-,-,-,-,-,-,0.61,10.97,6.72,-,1085034010.00,108503401
NEWLINE,New Line Clothings Limited,Textile,Z,447.64,3.37,5.7,3.64,5.7,9.845,1680327.0,69.2194,-18.75,4.765,4.22,5.3185,5.2027,5.0951,4.7204,0.3748,0.3148,5.9812,3.5488,114.11,15262.4088,5.2622,5.209,5.0443,0.98,21.49,2.989,-,1.866,-,-,-,-,-,-,-,-,1.63,24.02,3.37,2.58,785326500.00,78532650
NFML,National Feed Mill Limited,Miscellaneous,Z,1325.73,-,14.2,-8.97,14.2,8.054,550751.0,42.0666,-77.1429,15.25,14.418,12.116,15.3817,15.365,15.0354,0.3296,0.448,16.7818,13.7182,361.31,-1070857.5188,15.52,15.6321,15.4824,1.4085,0.07,4.255,-,2.625,-,-,-,0.045,-,-,-,-,0.03,11.09,-,520.00,933613240.00,93361324
NHFIL,National Housing Finance PLC,Financial Institutions,A,3102.5,836.67,24.1,-3.98,24.1,11.713,478519.0,45.5022,-58.3333,24.83,24.082,24.1885,24.6941,24.7209,24.6157,0.1052,0.2135,25.7638,23.8962,107.37,34655.114,24.6733,24.7231,24.8119,1.9768,-,-,-,-,-,0.556,0.006,-,-,-,-,0.002,0.03,17.95,836.67,18.46,1287343200.00,128734320
NITOLINS,Nitol Insurance PLC,Insurance,A,1190.55,14.72,28.1,-2.76,28.2,0.792,27484.0,42.3073,-84.2105,29.395,28.688,26.5855,29.0661,29.17,29.1743,-0.0042,0.2221,30.669,28.121,40.89,-34567.0941,28.9933,29.1321,29.3262,1.1337,1.77,-,-,-,-,-,-,-,-,-,-,-,1.97,31.33,14.72,21.53,422180200.00,42218020
NORTHERN,Northern Jute Manufacturing Company Limited,Jute,Z,270.75,12.29,126.4,-9.2,126.4,6.839,53375.0,70.0465,-27.8719,99.585,93.126,97.3815,115.2056,111.171,101.6898,9.4813,5.0829,130.6006,68.5694,170.98,61149.4814,118.2778,113.6513,106.2843,1.0121,0.40,0.695,-,0.392,0.056,0.051,0.044,0.261,0.026,0.139,-,-,11.33,81.66,12.29,-,21420000.00,2142000
NORTHRNINS,Northern Islami Insurance PLC.,Insurance,A,1207.27,16.46,28.4,-5.03,28.3,1.163,41142.0,33.9347,-85.0,30.95,30.074,29.0965,30.1245,30.3547,30.6206,-0.2659,0.1144,32.8435,29.0565,23.32,-31114.4603,29.9289,30.2282,30.6552,1.2304,3.53,-,-,-,-,-,-,-,-,-,-,-,1.81,24.8,16.46,15.63,426596110.00,42659611
NPOLYMER,National Polymer Industries PLC,Engineering,B,1977.86,401.43,27.1,-3.56,27.1,2.248,81372.0,45.2055,-96.4286,27.88,27.226,28.631,27.8146,27.8372,27.7014,0.1358,0.2495,29.1492,26.6108,53.8,10510.3243,27.7822,27.8846,27.9343,1.3566,1.85,1.056,0.661,0.687,-,0.082,0.001,0.140,0.001,0.002,-,-,0.07,29.65,401.43,175.63,729836680.00,72983668
NRBBANK,NRB Bank PLC.,Bank,A,5041.29,69.09,7.3,-3.95,7.3,9.747,1299743.0,54.4935,-64.7059,7.165,6.792,8.3025,7.236,7.2137,7.0839,0.1298,0.1418,7.8464,6.4836,28.42,41439.7643,7.2111,7.2167,7.2295,1.1307,-,-,-,-,-,0.481,0.018,-,0.001,0.009,0.001,-,0.11,12.66,69.09,-,6905872000.00,690587200
NRBCBANK,NRBC Bank PLC.,Bank,A,5551.95,75.56,6.7,-1.47,6.7,4.423,659825.0,62.1071,-53.8462,6.375,5.774,6.234,6.5691,6.5137,6.2524,0.2613,0.2624,7.2232,5.5268,20.9,175208.2556,6.5889,6.5667,6.52,1.3502,-,-,-,-,-,0.300,0.009,-,0.000,0.005,0.000,-,0.09,16.55,75.56,53.68,8286495340.00,828649534
NTC,National Tea Company Limited,Food & Allied,Z,4760.0,-,160.0,-6.16,160.0,1.309,8100.0,44.7578,-98.0263,163.21,165.282,168.0985,164.6612,164.4538,164.1158,0.338,0.0417,170.3477,156.0723,5.54,-3866.5903,165.0978,164.8321,164.2443,0.9631,-,0.236,-,0.081,-,-,-,-,-,0.691,-,-,0.0,0.0,-,-,297500000.00,29750000
NTLTUBES,National Tubes Limited,Engineering,B,2064.93,35.64,59.3,-3.26,59.3,5.416,89930.0,43.9382,-87.6923,60.445,60.5,71.8455,61.1106,61.059,60.8136,0.2454,0.2474,63.9493,56.9407,68.72,-21408.4437,61.34,61.3936,61.0729,1.0858,0.17,1.788,0.012,0.892,-,0.251,0.123,0.385,0.009,0.013,-,-,1.72,137.61,35.64,-,348218030.00,34821803
NURANI,Nurani Dyeing & Sweater Limited,Textile,Z,416.93,-,3.4,9.68,3.4,5.997,1769257.0,76.8682,0.0,2.55,2.238,2.5185,2.8943,2.8092,2.5558,0.2534,0.1858,3.3219,1.7781,71.0,1354660.2506,2.94,2.8859,2.7371,1.1137,-,3.400,-,1.821,-,-,-,-,-,-,-,-,-0.41,11.23,-,-,1226250300.00,122625030
OAL,Olympic Accessories Limited,Engineering,Z,1068.02,-,6.3,-4.55,6.3,7.92,1215909.0,57.5996,-60.0,5.975,5.63,6.36,6.224,6.1678,5.9471,0.2207,0.2013,6.9195,5.0305,62.08,-75540.7061,6.2533,6.2321,6.16,1.6561,-,2.807,0.180,2.584,-,-,-,-,-,-,-,-,-0.75,9.5,-,-,1695269820.00,169526982
OIMEX,Oimex Electrode Limited,Engineering,Z,913.56,16.54,12.5,-3.1,12.5,2.583,201832.0,43.2308,-78.9474,12.78,13.31,20.113,12.8072,12.8152,12.9148,-0.0996,-0.129,13.5816,11.9784,50.41,-229436.3626,12.8022,12.8372,12.8676,1.3595,-,0.959,-,0.550,-,0.040,0.000,0.064,0.000,0.008,-,-,0.03,3.27,16.54,-,730847810.00,73084781
OLYMPIC,Olympic Industries PLC,Food & Allied,A,29770.9,15.40,148.9,-3.87,148.9,62.57,413882.0,44.5247,-93.913,153.5,146.136,150.73,154.8708,154.7193,152.1796,2.5397,3.4022,163.965,143.035,61.03,-528856.0475,155.6756,156.0115,155.319,1.0743,2.01,2.367,-,1.844,0.091,0.089,0.071,0.238,0.131,0.172,-,-,10.06,62.35,15.40,12.93,1999388860.00,199938886
ONEBANKPLC,One Bank PLC.,Bank,B,8419.99,6.69,7.9,-4.82,7.9,36.872,4597468.0,51.1311,-80.0,8.01,7.422,7.426,8.1058,8.0809,7.8711,0.2098,0.2539,8.8382,7.1818,75.99,-491677.0739,8.1178,8.1308,8.1243,1.3405,-,-,-,-,-,0.538,0.089,-,0.004,0.055,0.005,-,1.24,22.43,6.69,5.82,10658218870.00,1065821887
ORIONINFU,Orion Infusion Limited,Pharmaceuticals & Chemicals,A,7518.86,223.14,369.3,-3.78,369.3,303.059,807494.0,49.8644,-63.8889,368.03,364.1,399.188,372.9666,371.9714,369.5741,2.3973,1.3399,382.4138,353.6462,528.84,329507.0816,373.8356,372.8449,370.6943,1.3679,0.54,0.943,0.028,0.681,-,0.130,0.053,0.420,0.041,0.107,-,-,1.72,16.02,223.14,166.87,203597600.00,20359760
ORIONPHARM,Orion Pharma Limited,Pharmaceuticals & Chemicals,Z,7020.0,-,30.0,-2.91,30.0,34.826,1129582.0,53.1158,-52.0,29.57,28.424,30.5745,30.435,30.2721,29.5398,0.7323,0.7192,33.0511,26.0889,41.98,-14502.7817,30.6044,30.5936,30.2848,1.7746,-,2.072,1.164,1.894,-,0.014,-,0.339,-,-,-,-,-1.77,86.09,-,-,2340000000.00,234000000
PADMALIFE,Padma Islami Life Insurance Limited,Insurance,Z,660.96,-,16.9,-2.3,17.0,0.744,43645.0,47.0301,-94.7368,17.32,16.938,18.9275,17.2797,17.2975,17.2398,0.0577,0.124,18.0839,16.5561,22.71,-13259.1312,17.2578,17.309,17.349,1.5415,-,-,-,-,-,-,-,-,-,-,-,-,0.0,0.0,-,-,388800000.00,38880000
PADMAOIL,Padma Oil PLC,Fuel & Power,A,17554.19,3.14,178.7,-0.83,178.7,25.33,141143.0,54.627,-60.0,177.69,172.28,185.4195,179.7466,179.3118,177.0872,2.2246,2.3167,186.5284,168.8516,50.57,-97829.4144,180.2089,180.2218,179.4105,0.5283,8.95,1.153,-,0.935,1.591,0.544,1.272,0.950,0.032,0.180,-,-,57.3,274.86,3.14,2.95,982327500.00,98232750
PARAMOUNT,Paramount Insurance PLC,Insurance,A,2012.92,23.41,48.3,-5.17,49.5,12.263,241719.0,40.0129,-89.5652,54.185,50.488,43.162,52.7396,53.117,52.9939,0.1232,1.01,57.9754,50.3946,312.76,-340471.5406,52.4756,53.009,53.7114,1.3125,2.02,-,-,-,-,-,-,-,-,-,-,-,2.23,27.26,23.41,16.05,406649660.00,40664966
PBLPBOND,Pubali Bank Perpetual Bond,Corporate Bond,A,448.4,-,0.0,0.0,4484.0,0.0,0.0,30.7699,-100.0,4708.2,4713.23,0.0,4669.7242,4678.7982,4694.5373,-15.7391,-3.2187,4843.4186,4572.9814,1.5,1.3315,4672.8,4683.6923,4697.5238,-0.0687,0.02,-,-,-,-,-,-,-,-,-,-,-,0.0,0.0,-,-,1000000.00,100000
PDL,Pacific Denims Limited,Textile,Z,917.75,39.17,5.0,6.38,5.0,10.133,2023470.0,64.7361,-16.6667,4.39,4.27,5.3,4.5998,4.551,4.4046,0.1464,0.1081,5.1238,3.6562,46.45,168206.548,4.6111,4.6013,4.5295,1.5391,2.00,3.648,-,2.501,-,-,-,-,-,-,-,-,0.12,13.58,39.17,176.25,1835501430.00,183550143
PENINSULA,The Peninsula Chittagong PLC.,Travel & Leisure,B,2444.54,361.67,20.6,-5.07,20.6,22.309,1061140.0,46.0709,-80.6452,21.45,19.986,14.412,21.5264,21.5247,21.1176,0.4071,0.595,22.6769,20.2231,238.56,-733298.9949,21.5911,21.6705,21.6133,1.5331,0.24,1.289,0.105,1.210,-,0.050,-,0.241,-,-,-,-,0.06,27.9,361.67,271.25,1186668000.00,118666800
PEOPLESINS,Peoples Insurance PLC,Insurance,A,1718.64,13.84,36.9,-5.34,37.2,7.725,204643.0,41.9356,-95.5882,39.155,37.818,33.728,39.2822,39.3537,38.9758,0.3779,0.7129,42.5537,35.7563,293.91,-364776.0433,39.3489,39.6397,39.571,1.3279,2.82,-,-,-,-,-,-,-,-,-,-,-,2.84,34.81,13.84,12.82,462000000.00,46200000
PF1STMF,Phoenix Finance 1st Mutual Fund,Mutual Funds,A,288.0,-,4.8,-4.0,4.8,4.069,830257.0,36.9049,-100.0,5.1,5.068,5.128,4.9951,5.0239,5.0724,-0.0485,-0.0082,5.4244,4.7756,292.98,-1212910.0947,4.9667,4.9987,5.0681,0.9199,-,-,-,-,-,-,-,-,-,-,-,-,-0.17,7.2,-,6.41,600000000.00,60000000
PHARMAID,Pharma Aids,Pharmaceuticals & Chemicals,A,1667.64,27.20,534.5,-3.92,534.5,7.21,13264.0,42.962,-95.2663,567.955,526.092,546.3145,557.8066,559.0469,552.2568,6.7902,12.7093,606.2807,529.6293,224.88,-6990.8377,556.66,559.3731,565.9381,0.9431,0.56,3.328,-,2.894,-,0.200,0.146,0.303,0.110,0.148,-,-,20.45,138.58,27.20,19.74,31200000.00,3120000
PHENIXINS,Phoenix Insurance PLC,Insurance,A,1173.94,19.93,29.1,-3.32,29.1,4.093,138769.0,39.619,-85.0746,31.565,29.874,26.978,30.5663,30.8131,30.9088,-0.0956,0.4014,33.8658,29.2642,240.46,-179119.7577,30.3289,30.6744,31.201,1.4424,3.44,-,-,-,-,-,-,-,-,-,-,-,1.51,32.42,19.93,14.02,403415720.00,40341572
PHOENIXFIN,Phoenix Finance and Investments Limited,Financial Institutions,Z,812.78,-,4.9,2.08,4.9,12.627,2554602.0,72.6198,-17.6471,4.065,3.26,3.208,4.4392,4.3295,3.9266,0.4029,0.3516,4.929,3.201,121.25,896251.9955,4.5133,4.4167,4.2557,1.6545,-,-,-,-,-,1.141,3.873,-,-,-,-,-,-48.73,-82.01,-,-,1658741950.00,165874195
PHPMF1,PHP First Mutual Fund,Mutual Funds,A,789.3,-,2.8,-3.45,2.8,2.687,953693.0,57.7065,-50.0,2.69,2.502,2.9795,2.7755,2.7518,2.6562,0.0955,0.0883,3.0388,2.3412,91.37,908887.8082,2.7844,2.7756,2.7529,1.2331,-,-,-,-,-,-,-,-,-,-,-,-,-1.87,8.15,-,-,2818932640.00,281893264
PIONEERINS,Pioneer Insurance Company Limited,Insurance,A,4997.65,10.92,51.1,-2.29,51.1,18.975,366371.0,43.9718,-90.3226,52.78,51.01,45.4235,52.4252,52.5355,52.3213,0.2142,0.5573,54.8922,50.6678,73.96,-279064.3133,52.3578,52.5692,52.7329,1.4003,4.89,-,-,-,-,-,-,-,-,-,-,-,4.57,46.97,10.92,12.45,978014200.00,97801420
PLFSL,Peoples Leasing and Financial Services Limited,Financial Institutions,Z,570.88,-,2.0,5.26,2.0,0.74,370206.0,83.3947,0.0,1.3375,0.8942,1.3376,1.6878,1.6015,1.3127,0.2889,0.2352,2.105,0.57,133.67,3615702.0886,1.7556,1.6923,1.5377,1.3704,-,-,-,-,-,1.019,1.026,-,-,-,-,-,-14.95,-149.5,-,-,2854405970.00,285440597
POPULAR1MF,Popular Life First Mutual Fund,Mutual Funds,A,807.54,-,2.7,-3.57,2.7,3.437,1233817.0,52.788,-66.6667,2.66,2.494,3.0175,2.7437,2.7258,2.6364,0.0893,0.0919,3.0621,2.2579,130.36,-1379372.9879,2.7578,2.7615,2.7338,1.1975,-,-,-,-,-,-,-,-,-,-,-,-,-1.78,8.23,-,-,2990890270.00,299089027
POPULARLIF,Popular Life Insurance Co. Limited,Insurance,A,2761.58,19.33,45.7,-6.54,45.7,9.322,198263.0,40.982,-92.7835,48.735,45.578,46.492,49.3511,49.3563,48.2865,1.0698,1.5847,54.6769,42.7931,149.5,-18867.4968,49.6333,50.091,49.6833,1.3754,4.38,-,-,-,-,-,-,-,-,-,-,-,2.53,89.01,19.33,-,604283580.00,60428358
POWERGRID,Power Grid Company of Bangladesh Limited,Fuel & Power,Z,27688.35,-,30.3,-3.81,30.3,3.215,104980.0,45.4676,-78.3333,31.965,29.47,30.8535,31.2847,31.3706,31.0457,0.3249,0.6664,34.413,29.517,3.85,10167.7122,31.08,31.2436,31.7238,1.1443,-,1.618,-,1.487,-,0.410,-,0.442,-,-,-,-,-2.3,139.29,-,3.02,9138069910.00,913806991
PRAGATIINS,Pragati Insurance PLC,Insurance,A,5480.01,13.14,69.5,-5.7,69.5,38.401,540774.0,35.2334,-97.7941,76.275,73.832,62.477,74.4637,74.982,75.3378,-0.3558,0.6148,81.5581,70.9919,223.73,-809247.1672,74.1133,74.8244,75.7895,1.4676,2.88,-,-,-,-,-,-,-,-,-,-,-,5.61,57.58,13.14,17.49,788490860.00,78849086
PRAGATILIF,Pragati Life Insurance PLC.,Insurance,A,7029.78,-,216.0,-8.75,216.0,96.409,433937.0,45.296,-100.0,239.88,195.898,163.503,235.8672,236.0957,226.3602,9.7355,14.8187,258.5375,221.2225,411.47,-317354.8421,236.1867,238.7744,239.8867,1.1402,0.69,-,-,-,-,-,-,-,-,-,-,-,0.0,0.0,-,-,325452880.00,32545288
PREBPBOND,Premier Bank Perpetual Bond,Corporate Bond,A,188.0,-,0.0,0.0,4700.0,0.0,0.0,21.4982,-100.0,4700.0,0.0,0.0,4834.3324,4874.2188,4969.7284,-95.5096,-52.8615,5009.3286,4390.6714,0.06,0.0,4700.0,4700.0,4700.0,-0.0124,0.02,-,-,-,-,-,-,-,-,-,-,-,0.0,0.0,-,-,400000.00,40000
PREMIERBAN,The Premier Bank PLC.,Bank,A,7030.56,5.41,5.7,-3.39,5.7,24.403,4197630.0,62.1994,-31.5789,5.125,4.484,5.982,5.5367,5.4439,5.0722,0.3718,0.3429,6.4562,3.7938,74.52,3972718.4426,5.5956,5.5885,5.4162,1.1026,-,-,-,-,-,0.475,0.083,-,0.003,0.050,0.003,-,1.09,21.73,5.41,-,12334311330.00,1233431133
PREMIERCEM,Premier Cement Mills PLC,Cement,A,4049.28,30.62,38.4,-2.78,38.4,3.019,77928.0,47.5874,-77.5,38.75,38.75,44.802,38.9987,38.9552,38.8074,0.1479,0.122,40.4747,37.0253,33.5,-37934.0677,39.0778,39.0705,39.0038,0.8969,2.60,0.570,-,0.423,0.052,0.121,0.028,0.156,0.021,0.107,-,-,1.29,64.5,30.62,103.95,1054500000.00,105450000
PREMIERLEA,Premier Leasing & Finance Limited,Financial Institutions,Z,292.53,-,2.2,10.0,2.2,0.783,355767.0,89.0969,0.0,1.3575,0.871,1.7614,1.788,1.6821,1.3398,0.3424,0.2711,2.2702,0.4448,192.69,4580682.3079,1.8756,1.8,1.6,1.6377,-,-,-,-,-,1.120,3.540,-,-,-,-,-,-27.5,-74.36,-,-,1329702100.00,132970210
PRIME1ICBA,Prime Bank 1st ICB AMCL Mutual Fund,Mutual Funds,A,430.0,-,4.3,-4.44,4.3,0.532,123784.0,46.0594,-85.7143,4.475,4.376,4.724,4.3881,4.4028,4.4152,-0.0124,0.0141,4.8413,4.1087,28.31,-87551.5388,4.36,4.3756,4.4395,0.9143,-,-,-,-,-,-,-,-,-,-,-,-,-0.28,7.62,-,20.45,1000000000.00,100000000
PRIMEBANK,Prime Bank PLC.,Bank,A,37254.96,5.22,32.1,-5.03,32.1,35.909,1094712.0,44.0114,-83.3333,33.62,31.546,27.603,33.5559,33.5546,32.9806,0.574,0.8412,35.5125,31.7275,28.9,-301027.9125,33.6267,33.7346,33.7752,0.769,5.45,-,-,-,-,0.576,0.300,-,0.013,0.190,0.015,-,6.47,34.07,5.22,4.68,11605905630.00,1160590563
PRIMEFIN,Prime Finance & Investment Limited,Financial Institutions,Z,1419.17,-,5.2,8.33,5.2,5.267,1013141.0,90.7764,0.0,2.92,1.8598,2.7485,3.9978,3.714,2.8869,0.8271,0.5931,5.086,0.754,89.03,7232831.7648,4.22,3.9705,3.4586,1.6243,-,-,-,-,-,4.255,14.439,-,-,-,-,-,-5.53,1.46,-,-,2729164830.00,272916483
PRIMEINSUR,Prime Insurance Company PLC,Insurance,A,1254.94,15.46,30.7,-3.15,30.7,0.589,19152.0,36.5674,-89.0625,33.085,32.552,31.6695,32.2491,32.5021,32.8875,-0.3854,-0.0112,35.2713,30.8987,56.59,-50973.4585,32.0622,32.3731,32.7743,1.1913,3.26,-,-,-,-,-,-,-,-,-,-,-,2.05,21.79,15.46,11.60,408774980.00,40877498
PRIMELIFE,Prime Islami Life Insurance Limited,Insurance,B,1037.69,-,33.9,-4.76,34.0,0.544,15902.0,39.0767,-95.9184,36.38,35.34,36.8765,35.7894,35.9871,36.1123,-0.1252,0.25,38.4982,34.2618,41.25,-18408.0151,35.66,35.9821,36.2486,1.5128,-,-,-,-,-,-,-,-,-,-,-,-,0.0,0.0,-,-,305202300.00,30520230
PRIMETEX,Prime Textile Spinning Mills Limited,Textile,Z,687.6,-,18.0,5.88,18.0,13.181,734966.0,75.7814,-9.434,14.375,13.494,13.2175,15.6412,15.2867,14.3863,0.9005,0.5457,17.0234,11.7266,89.17,541970.3073,15.8,15.4628,14.951,1.3069,-,1.379,-,0.969,-,-,-,-,-,-,-,-,-8.05,64.83,-,-,382000000.00,38200000
PROGRESLIF,Progressive Life Insurance Co. Limited,Insurance,Z,715.66,-,43.6,-0.23,43.0,0.192,4461.0,41.3282,-89.5522,44.805,45.7,48.5485,43.9335,44.1844,44.8125,-0.6281,-0.3726,47.3535,42.2565,22.99,-42604.0388,43.7,43.9269,44.4681,0.9278,-,-,-,-,-,-,-,-,-,-,-,-,0.0,0.0,-,-,166431660.00,16643166
PROGRESLIF,Progressive Life Insurance Co. Limited,Insurance,Z,715.66,-,43.6,-0.23,43.0,0.192,4461.0,41.3282,-89.5522,44.805,45.7,48.5485,43.9335,44.1844,44.8125,-0.6281,-0.3726,47.3535,42.2565,22.99,-42604.0388,43.7,43.9269,44.4681,0.9278,0.58,-,-,-,-,-,-,-,-,-,-,-,0.0,0.0,-,-,166431660.00,16643166
PROVATIINS,Provati Insurance PLC,Insurance,A,1229.52,16.45,30.5,-5.86,30.5,3.666,117203.0,39.9511,-84.3137,32.525,30.9,30.7295,32.1483,32.2528,32.0673,0.1855,0.5023,34.1651,30.8849,190.22,-6407.1831,32.0911,32.2513,32.4467,1.1364,3.28,-,-,-,-,-,-,-,-,-,-,-,1.97,21.71,16.45,24.55,403122370.00,40312237
PTL,Paramount Textile PLC.,Textile,A,9152.87,8.21,51.1,-3.95,51.1,10.142,196524.0,46.8896,-83.0986,51.58,50.996,49.4255,52.6845,52.4911,51.7807,0.7104,0.62,55.1439,48.0161,31.62,11677.5985,53.1356,52.9051,52.3086,0.992,2.35,1.437,-,0.584,-,-,-,-,-,-,-,-,6.48,43.89,8.21,11.18,1791168860.00,179116886
PUBALIBANK,Pubali Bank PLC.,Bank,A,47242.09,5.73,36.3,-5.96,36.3,28.327,770829.0,36.3795,-96.25,39.695,36.718,30.1,38.7356,38.9023,38.5667,0.3356,0.8597,42.1389,37.2511,14.76,-360278.2191,38.7267,38.8833,39.2357,0.7022,3.44,-,-,-,-,0.543,0.184,-,0.008,0.146,0.009,-,6.74,46.08,5.73,4.14,13014348690.00,1301434869
PURABIGEN,Purabi General Insurance Co. Ltd.,Insurance,A,1214.19,13.90,20.3,-5.14,20.3,6.558,304414.0,40.5998,-88.8889,21.615,20.73,19.1655,21.3561,21.4458,21.3915,0.0543,0.2767,22.826,20.404,114.97,-131497.5161,21.3111,21.4551,21.6,1.3655,4.93,-,-,-,-,-,-,-,-,-,-,-,1.54,14.09,13.90,13.05,598125060.00,59812506
QUASEMIND,Quasem Industries Ltd.,Engineering,A,3079.97,38.65,38.5,-4.23,38.5,19.741,505015.0,39.1819,-97.1429,41.155,40.18,39.1155,40.6571,40.7989,40.6842,0.1148,0.4803,44.4716,37.8384,338.17,-809646.2258,40.5911,40.9038,41.2848,1.6158,-,1.042,0.047,0.384,-,0.122,0.052,0.245,0.019,0.036,-,-,1.04,29.06,38.65,32.42,799991950.00,79999195
QUEENSOUTH,Queen South Textile Mills Ltd.,Textile,B,1892.26,60.50,12.4,2.48,12.4,50.63,4037437.0,64.8445,-27.7778,11.455,11.442,12.0035,11.7473,11.6694,11.4983,0.1711,0.0807,12.2483,10.6617,111.46,117103.2195,11.7644,11.6897,11.5967,1.3396,0.40,1.848,-,0.872,-,-,-,-,-,-,-,-,0.2,15.82,60.50,40.33,1526014390.00,152601439
RAHIMAFOOD,Rahima Food Corporation Limited,Food & Allied,Z,2294.02,225.36,114.7,-9.11,114.7,22.937,192839.0,,,,,,,,,,,,,,,,,,,0.17,0.983,-,0.675,0.178,0.186,0.139,0.243,0.065,0.103,-,-,0.56,9.43,225.36,-,200002000.00,20000200
RAHIMTEXT,Rahim Textile Mills PLC.,Textile,A,1857.88,164.73,196.4,-7.58,196.4,8.016,39715.0,30.586,-94.6067,223.935,228.674,173.0265,213.4246,216.3322,222.7881,-6.4558,-3.1084,246.7658,201.1042,192.37,-71711.9956,211.26,213.9436,218.5805,1.0014,0.51,0.930,-,0.565,-,-,-,-,-,-,-,-,1.29,25.83,164.73,58.70,94596830.00,9459683
RAKCERAMIC,RAK Ceramics (Bangladesh) Limited,Ceramics Sector,A,9757.69,-,22.8,-3.8,22.8,2.069,89418.0,39.5631,-91.6667,24.265,23.356,22.295,24.0188,24.0971,23.9656,0.1315,0.3652,25.9306,22.5994,18.26,-105625.0228,23.9889,24.2064,24.3352,1.506,4.39,-,-,-,-,-,-,0.172,-,-,-,-,-0.93,15.3,-,-,4279687010.00,427968701
RANFOUNDRY,Rangpur Foundry Limited,Engineering,A,1442.0,37.82,144.2,-1.23,144.2,0.651,4483.0,38.5165,-98.7421,150.145,148.482,153.427,147.7254,148.3719,149.4785,-1.1067,-0.2077,155.9844,144.3056,28.0,-16392.7339,147.0622,147.8872,149.2524,0.9519,1.60,3.600,-,0.899,-,0.063,0.026,0.204,0.083,0.110,-,-,3.86,35.09,37.82,33.49,100000000.00,10000000
RDFOOD,Rangpur Dairy & Food Products Limited,Food & Allied,B,1511.88,34.59,19.9,-5.69,19.9,16.242,798167.0,42.1655,-95.4545,20.75,20.404,22.0585,20.8436,20.8503,20.689,0.1613,0.252,22.0421,19.4579,323.06,-550649.1516,20.9089,20.9667,20.9386,1.508,0.50,1.678,-,1.090,0.075,0.076,0.062,0.214,0.043,0.061,-,-,0.61,16.92,34.59,27.76,759739560.00,75973956
RECKITTBEN,Reckitt Benckiser (Bangladesh) PLC,Pharmaceuticals & Chemicals,A,16432.6,22.21,3461.0,-1.6,3477.8,4.793,1368.0,42.7764,-65.5457,3524.65,3477.406,3395.8455,3528.4619,3528.8138,3513.3519,15.4619,23.5108,3610.5474,3438.7526,4.91,-328.2144,3530.0422,3534.6026,3535.3595,0.2589,9.58,1.538,-,1.183,-,0.203,0.138,0.485,0.195,0.454,-,-,159.17,350.64,22.21,23.18,47250000.00,4725000
REGENTTEX,Regent Textile Mills Limited,Textile,Z,565.89,-,4.4,0.0,4.4,2.748,609438.0,65.4937,-30.0,3.945,3.758,3.235,4.1509,4.102,3.9289,0.1731,0.147,4.5889,3.3011,47.32,154689.8739,4.1756,4.1423,4.0738,1.4302,-,2.915,-,2.028,-,-,-,-,-,-,-,-,-1.62,26.52,-,-,1286121370.00,128612137
RELIANCE1,Reliance One the 1st scheme of Reliance Insurance Mutual Fund,Mutual Funds,A,768.35,-,12.7,-3.79,12.7,15.439,1196215.0,36.7939,-100.0,13.445,14.54,15.8515,13.1535,13.2422,13.6646,-0.4225,-0.4265,14.658,12.232,900.37,-1480658.1551,13.1222,13.1295,13.2205,0.6959,-,-,-,-,-,-,-,-,-,-,-,-,-0.31,10.47,-,110.00,605000000.00,60500000
RELIANCINS,Reliance Insurance PLC,Insurance,A,7329.73,7.99,70.0,-4.39,69.7,8.386,118853.0,42.2369,-89.7059,72.895,69.734,62.2565,72.4081,72.5329,72.0031,0.5298,1.0531,75.4211,70.3689,20.46,-10077.2191,72.4289,72.6256,72.8881,1.2977,4.30,-,-,-,-,-,-,-,-,-,-,-,8.42,78.95,7.99,8.66,1051610870.00,105161087
RENATA,Renata PLC.,Pharmaceuticals & Chemicals,A,49353.9,23.17,430.3,-4.08,430.3,29.324,67130.0,42.7486,-99.3115,456.91,421.074,456.6285,450.0009,450.9967,444.299,6.6977,12.0363,486.0001,427.8199,13.94,-55880.2343,448.84,452.0205,456.5019,0.6302,1.28,1.443,0.189,0.463,-,0.141,0.096,0.442,0.064,0.107,-,-,19.36,305.49,23.17,16.52,1146964900.00,114696490
RENWICKJA,Renwick Jajneswar & Company (Bd),Engineering,Z,1149.0,-,577.4,-1.08,574.5,0.722,1303.0,72.7205,-16.9559,492.055,486.768,584.014,537.6902,526.253,502.581,23.672,9.6949,582.8277,401.2823,8.08,2755.2899,547.5444,534.0244,511.8705,0.4819,-,0.581,-,0.299,-,-,-,-,-,0.186,-,-,-7.76,-105.59,-,-,20000000.00,2000000
REPUBLIC,Republic Insurance PLC,Insurance,A,1690.36,15.84,30.9,-6.65,30.9,4.519,140279.0,38.9522,-93.2203,33.895,31.54,29.426,33.0476,33.2733,33.185,0.0882,0.6252,36.1263,31.6637,189.99,-194822.9447,32.8867,33.2346,33.6257,1.4004,1.94,-,-,-,-,-,-,-,-,-,-,-,2.09,19.31,15.84,16.89,547041560.00,54704156
RINGSHINE,Ring Shine Textiles Ltd.,Textile,Z,1701.06,-,3.5,0.0,3.4,14.171,4076898.0,61.3843,-28.5714,3.04,2.93,2.976,3.2391,3.1939,3.0593,0.1346,0.0987,3.6109,2.4691,67.96,1677539.5638,3.2756,3.2372,3.1633,1.4842,-,0.576,-,0.300,-,-,-,-,-,-,-,-,-3.06,-8.03,-,-,5003130430.00,500313043
ROBI,Robi Axiata PLC.,Telecommunication,A,160804.54,24.10,30.7,-4.95,30.7,318.975,10206706.0,47.9357,-83.871,31.16,29.948,27.944,31.614,31.5242,30.9984,0.5258,0.5759,33.0015,29.3185,24.61,-361287.974,31.7489,31.7026,31.5071,1.2775,5.70,0.211,0.058,0.205,0.091,0.173,0.032,0.387,0.015,0.048,-,-,1.79,13.34,24.10,18.04,52379328950.00,5237932895
RSRMSTEEL,Ratanpur Steel Re-Rolling Mills Limited,Engineering,Z,809.51,-,8.0,-5.88,8.0,1.661,199098.0,55.6901,-47.3684,7.685,7.026,8.205,7.9514,7.8723,7.5567,0.3156,0.2903,8.6259,6.7441,37.77,71660.6368,8.0178,7.9372,7.8452,1.5648,-,3.334,0.217,2.357,-,-,-,-,-,-,-,-,-3.75,44.94,-,-,1011890880.00,101189088
RUNNERAUTO,Runner Automobiles PLC,Engineering,A,3553.8,36.33,31.3,-4.28,31.3,7.375,231396.0,36.1497,-90.0,33.235,35.052,31.576,33.0191,33.205,33.8791,-0.6741,-0.583,35.4434,31.0266,105.74,-18529.211,32.9889,33.2,33.351,1.3447,3.19,1.498,0.437,1.217,-,0.181,0.012,0.310,0.005,0.014,-,-,0.9,66.7,36.33,62.88,1135399320.00,113539932
RUPALIBANK,Rupali Bank PLC.,Bank,B,9173.12,84.78,18.8,-3.59,18.8,5.983,314351.0,42.8603,-76.4706,19.72,19.11,19.701,19.437,19.4962,19.4915,0.0047,0.1369,20.5896,18.8504,27.82,-379889.9141,19.4022,19.459,19.5962,1.3497,-,-,-,-,-,0.154,-,-,-,-,-,-,0.23,34.97,84.78,-,4879320650.00,487932065
RUPALIINS,Rupali Insurance Company Limited,Insurance,A,1694.31,23.33,22.1,-4.33,22.1,2.247,100420.0,40.2494,-79.4872,23.47,22.796,21.9125,23.063,23.1802,23.26,-0.0798,0.1401,24.6979,22.2421,70.25,-98226.2193,22.9733,23.1282,23.3376,1.5332,4.52,-,-,-,-,-,-,-,-,-,-,-,0.99,20.41,23.33,18.24,766654110.00,76665411
RUPALILIFE,Rupali Life Insurance Company Limited,Insurance,A,2425.15,-,80.8,-5.83,80.8,30.416,370175.0,37.6621,-93.8356,88.395,84.78,86.597,86.1962,86.8008,87.1617,-0.361,0.7969,94.3997,82.3903,473.49,-319362.2011,85.7089,86.6628,87.68,1.4536,1.24,-,-,-,-,-,-,-,-,-,-,-,0.0,0.0,-,-,300142360.00,30014236
SAFKOSPINN,Safko Spinnings Mills Limited,Textile,Z,410.75,-,13.7,-4.2,13.7,0.526,37995.0,44.6395,-90.0,13.995,13.684,12.896,14.087,14.0787,13.9481,0.1306,0.1738,14.7641,13.2259,57.48,-79794.4253,14.1089,14.15,14.121,1.3692,-,0.652,-,0.196,-,-,-,-,-,-,-,-,-7.52,-4.5,-,-,299817160.00,29981716
SAIFPOWER,Saif Powertec Limited,Services & Real Estate,Z,2351.9,9.57,6.2,-7.46,6.2,9.2,1442142.0,55.7903,-65.0,5.92,5.266,6.17,6.3242,6.2427,5.86,0.3828,0.3841,7.4481,4.3919,60.09,-635820.9106,6.3933,6.3974,6.2443,1.8485,-,1.467,-,1.122,0.068,0.283,0.053,0.432,0.008,0.036,-,-,0.7,17.01,9.57,9.57,3793386470.00,379338647
SAIFPOWER,Saif Powertec Limited,Services & Real Estate,Z,2351.9,9.57,6.2,-7.46,6.2,9.2,1442142.0,55.7903,-65.0,5.92,5.266,6.17,6.3242,6.2427,5.86,0.3828,0.3841,7.4481,4.3919,60.09,-635820.9106,6.3933,6.3974,6.2443,1.8485,1.61,1.467,-,1.122,0.068,0.283,0.053,0.432,0.008,0.036,-,-,0.7,17.01,9.57,9.57,3793386470.00,379338647
SAIHAMCOT,Saiham Cotton Mills Limited,Textile,B,2886.23,20.91,19.4,-6.28,19.4,39.282,1970941.0,46.3679,-82.1429,19.835,19.502,16.673,20.3482,20.2863,19.8885,0.3979,0.4492,22.2123,17.4577,681.56,63795.2849,20.52,20.5654,20.3162,1.243,3.61,1.147,-,0.206,-,-,-,-,-,-,-,-,0.99,38.26,20.91,21.56,1487750000.00,148775000
SAIHAMTEX,Saiham Textile Mills Limited,Textile,B,1775.03,36.10,19.6,-7.98,19.6,26.887,1317592.0,36.4762,-96.4912,21.985,20.326,15.9885,21.4644,21.6026,21.4053,0.1973,0.5934,23.857,20.113,796.03,-922294.7679,21.4,21.6115,21.9233,1.1978,3.06,1.500,-,0.557,-,-,-,-,-,-,-,-,0.59,43.77,36.10,38.04,905625000.00,90562500
SALAMCRST,S. Alam Cold Rolled Steels Limited,Engineering,Z,1573.94,35.92,16.0,-9.09,16.0,18.346,1107928.0,61.0581,-36.9231,14.18,13.276,17.357,15.9753,15.5872,14.4251,1.1621,0.8566,18.5745,9.7855,168.45,47152.4921,16.3578,16.1628,15.2914,1.3818,3.13,0.881,-,0.422,-,0.151,0.007,0.160,0.002,0.022,-,-,0.49,18.55,35.92,47.14,983711000.00,98371100
SALVO,Salvo Organic Industries PLC.,Pharmaceuticals & Chemicals,B,1950.68,55.86,30.0,-7.41,30.0,41.797,1344474.0,47.7808,-71.6981,30.31,29.846,0.0,31.423,31.2097,30.4873,0.7223,0.5937,33.586,27.034,495.99,1390037.5598,31.82,31.6859,31.0443,1.3429,0.83,0.478,0.355,0.300,-,0.077,0.014,0.115,0.013,0.035,-,-,0.58,16.57,55.86,64.80,650227930.00,65022793
SAMATALETH,Samata Leather Complex Limited,Tannery Industries,B,905.06,-,87.0,-3.63,87.7,7.086,79708.0,43.934,-90.2439,90.325,88.808,82.3005,91.098,91.0714,90.4628,0.6086,0.8367,95.4688,85.1812,247.4,-62272.3291,91.6511,91.6526,90.9714,1.1265,-,4.786,-,3.904,-,0.009,-,0.099,-,-,-,-,-0.02,14.35,-,-,103200000.00,10320000
SAMORITA,Samorita Hospital Limited,Services & Real Estate,B,1462.84,112.74,67.1,-4.01,67.1,2.654,38682.0,35.2134,-98.7952,70.67,70.384,67.569,70.1649,70.374,70.527,-0.153,0.2342,73.8136,67.5264,51.46,-45558.1338,70.1178,70.5731,70.7638,1.0496,0.75,1.397,-,1.141,0.045,0.044,0.032,0.594,0.010,0.012,-,-,0.62,48.39,112.74,42.11,218008970.00,21800897
SANDHANINS,Sandhani Life Insurance Company Ltd.,Insurance,A,2150.09,18.00,19.6,-5.31,19.6,3.575,179574.0,34.5013,-96.2963,21.0,20.468,20.5005,20.7358,20.8294,20.859,-0.0296,0.1622,22.08,19.92,49.93,-140663.6969,20.6956,20.8359,20.9762,1.4847,6.12,-,-,-,-,-,-,-,-,-,-,-,1.15,18.31,18.00,18.00,1096986330.00,109698633
SAPORTL,Summit Alliance Port Limited,Services & Real Estate,A,11274.88,16.91,47.6,-1.24,47.6,205.254,4304240.0,60.4723,-18.8679,45.265,43.88,35.141,46.8715,46.5248,45.4093,1.1155,0.8791,48.9387,41.5913,238.95,-23314.5855,47.2489,46.9821,46.1814,1.3539,3.78,0.627,-,0.623,0.153,0.214,0.116,0.264,0.061,0.100,-,-,2.85,35.67,16.91,25.10,2368671230.00,236867123
SAVAREFR,Savar Refractories Limited,Miscellaneous,Z,300.15,-,0.0,0.0,215.5,0.0,0.0,8.66,-52.381,215.5,216.568,245.176,216.0274,216.9502,223.9176,-6.9674,-8.2196,224.7257,206.2743,0.64,-0.1356,215.5,215.5,215.5,1.252,-,0.374,-,0.174,-,-,-,0.170,-,-,-,-,-4.86,90.66,-,-,13928000.00,1392800
SBACBANK,SBAC Bank PLC,Bank,B,5604.5,55.38,7.0,-5.56,6.8,2.906,418376.0,50.4867,-72.7273,6.875,6.488,7.009,6.9635,6.9401,6.7882,0.1518,0.1718,7.4657,6.2843,6.94,-175413.2792,6.9778,6.9744,6.9562,1.6901,-,-,-,-,-,0.479,0.019,-,0.001,0.010,0.001,-,0.13,13.45,55.38,36.00,8241916500.00,824191650
SEAPEARL,Sea Pearl Beach Resort & Spa Limited,Travel & Leisure,B,4262.47,15.69,35.3,-3.02,35.3,94.535,2614794.0,59.3346,-33.8462,33.005,32.56,42.6465,34.1483,33.871,33.2188,0.6523,0.3504,35.9239,30.0861,183.02,1066459.5221,34.2867,34.0679,33.6081,1.1593,0.28,0.314,0.052,0.314,0.214,0.544,0.169,0.754,0.032,0.126,-,-,-2.46,15.28,15.69,-,1207500000.00,120750000
SEB1PBOND,Southeast Bank 1st Perpetual Bond,Corporate Bond,A,480.0,-,0.0,0.0,4800.0,0.0,0.0,,,,,,,,,,,,,,,,,,,0.02,-,-,-,-,-,-,-,-,-,-,-,0.0,0.0,-,-,1000000.00,100000
SEMLFBSLGF,SEML FBLSL Growth Fund,Mutual Funds,A,372.02,-,5.0,-1.92,5.1,0.13,25496.0,45.7397,-83.3333,5.24,5.03,5.232,5.235,5.2399,5.1854,0.0545,0.091,5.5605,4.9195,46.93,28170.3433,5.2378,5.2615,5.2719,1.2145,-,-,-,-,-,-,-,-,-,-,-,-,-0.01,9.1,-,18.57,729445000.00,72944500
SEMLIBBLSF,SEML IBBL Shariah Fund,Mutual Funds,A,600.0,43.57,6.0,-1.64,6.0,0.34,56935.0,47.8338,-62.5,6.125,5.93,6.38,6.1021,6.108,6.0687,0.0393,0.0708,6.4737,5.7763,9.8,-10794.0584,6.0933,6.1179,6.1429,1.0406,-,-,-,-,-,-,-,-,-,-,-,-,0.14,9.51,43.57,-,1000000000.00,100000000
SEMLLECMF,SEML Lecture Equity Management Fund,Mutual Funds,A,370.0,17.21,0.0,0.0,7.4,0.0,0.0,47.8867,-80.0,7.395,7.254,8.5355,7.5592,7.5348,7.487,0.0479,0.0169,7.9436,6.8464,787.02,-2198428.9748,7.6178,7.6038,7.511,1.0255,-,-,-,-,-,-,-,-,-,-,-,-,0.43,9.74,17.21,5.97,500000000.00,50000000
SHAHJABANK,Shahjalal Islami Bank PLC.,Bank,A,20144.73,12.30,18.1,-3.21,18.1,9.564,526149.0,51.9412,-72.7273,18.175,17.402,17.417,18.3487,18.2985,17.9998,0.2988,0.3293,18.9145,17.4355,11.57,51697.632,18.4133,18.3859,18.3052,0.5254,5.52,-,-,-,-,0.601,0.095,-,0.004,0.071,0.005,-,1.52,21.09,12.30,4.01,11129683510.00,1112968351
SHARPIND,Sharp Industries PLC,Textile,B,4794.54,151.82,15.8,-5.39,15.8,2.122,129923.0,57.572,-40.0,15.13,13.73,15.4895,16.2475,16.0539,15.132,0.9218,0.9304,19.0957,11.1643,17.57,155335.7713,16.48,16.5051,16.0271,1.2744,-,1.034,-,0.703,-,-,-,-,-,-,-,-,0.11,10.08,151.82,-,3034521090.00,303452109
SHASHADNIM,Shasha Denims PLC,Textile,B,2552.75,12.23,18.1,-5.73,18.1,8.079,435049.0,55.0514,-68.4211,17.79,16.652,17.7005,18.3122,18.1723,17.5946,0.5777,0.5424,19.5693,16.0107,98.74,476438.2865,18.4244,18.3333,18.1481,1.2085,2.76,1.131,-,0.699,-,-,-,-,0.001,0.001,-,-,1.57,41.84,12.23,16.27,1410359100.00,141035910
SHEPHERD,Shepherd Industries PLC,Textile,B,1956.39,330.00,12.7,-3.79,12.7,4.191,327702.0,48.0333,-92.8571,12.81,12.752,15.353,13.047,13.0177,12.8653,0.1524,0.1598,14.0563,11.5637,68.06,-250960.0718,13.1156,13.1269,13.0448,1.1141,0.79,-,-,-,-,-,-,-,-,-,-,-,0.04,13.41,330.00,-,1540464730.00,154046473
SHURWID,Shurwid Industries Limited,Engineering,Z,372.89,5.07,6.6,-7.14,6.5,2.035,298251.0,60.4567,-31.8182,5.945,5.028,5.602,6.4536,6.3256,5.8004,0.5252,0.4912,7.3614,4.5286,132.85,18702.5482,6.5644,6.5295,6.2771,1.2944,15.38,5.671,0.087,5.525,-,0.407,0.369,0.483,0.088,0.113,-,-,1.38,12.21,5.07,2.78,573677500.00,57367750
SHYAMPSUG,Shyampur Sugar Mills Limited,Food & Allied,Z,781.0,-,156.2,-4.99,156.2,1.937,12155.0,47.2028,-79.5302,162.325,150.27,157.6655,163.2348,162.7978,159.4142,3.3836,4.0162,174.4976,150.1524,235.5,-74948.9097,163.8889,163.8718,163.7533,0.8872,-,0.038,-,0.029,-,-,-,0.095,-,0.039,-,-,-50.77,-1310.44,-,-,50000000.00,5000000
SIBL,Social Islami Bank PLC,Bank,A,3420.47,-,0.0,0.0,3.0,0.0,0.0,31.3124,-100.0,3.71,4.36,7.5535,3.3115,3.4113,3.8136,-0.4023,-0.3725,4.6456,2.7744,59.69,-962520.2054,3.2244,3.2923,3.4724,1.2391,-,-,-,-,-,0.128,-,-,-,-,-,-,-0.89,18.15,-,-,11401551000.00,1140155100
SICL,Sikder Insurance Company Limited,Insurance,B,800.0,16.02,20.0,-2.44,20.0,3.036,151146.0,41.4353,-79.1667,20.745,20.228,20.8515,20.6853,20.7433,20.714,0.0293,0.1705,21.6975,19.7925,127.48,-86123.8184,20.6844,20.7833,20.8152,1.6015,2.50,-,-,-,-,-,-,-,-,-,-,-,1.28,12.28,16.02,24.40,400000000.00,40000000
SILCOPHL,Silco Pharmaceuticals Limited,Pharmaceuticals & Chemicals,Z,1349.49,34.88,13.0,-9.09,13.0,17.082,1285309.0,33.3349,-95.6522,14.345,13.98,14.564,14.2282,14.2767,14.2411,0.0357,0.159,15.2358,13.4542,171.42,-478092.396,14.2822,14.35,14.3714,1.2932,0.85,4.707,-,2.622,-,0.190,0.099,0.356,0.015,0.018,-,-,0.41,23.02,34.88,26.48,1038070000.00,103807000
SILVAPHL,Silva Pharmaceuticals Ltd.,Pharmaceuticals & Chemicals,B,1296.75,-,9.5,-4.04,9.5,1.971,203590.0,43.188,-69.2308,9.84,9.666,10.3505,9.8247,9.8361,9.8046,0.0315,0.0712,10.2524,9.4276,58.58,-273658.3178,9.8311,9.8551,9.8695,1.5241,-,14.899,-,6.945,-,-,-,0.267,-,-,-,-,-0.97,15.48,-,-,1365000000.00,136500000
SIMTEX,Simtex Industries PLC.,Textile,A,1759.06,22.91,22.1,-6.36,22.1,52.332,2303354.0,42.0284,-90.566,23.77,22.214,21.3215,23.4721,23.5148,23.2759,0.2389,0.4451,25.8087,21.7313,1621.65,-1784175.0043,23.46,23.5795,23.8214,1.2103,4.52,2.167,-,1.751,-,-,-,-,-,-,-,-,1.03,22.43,22.91,17.61,795953810.00,79595381
SINGERBD,Singer Bangladesh Limited,Engineering,A,8484.71,-,85.1,-3.3,85.1,1.338,15621.0,41.0536,-82.7586,88.56,86.766,99.5115,88.6111,88.762,88.3516,0.4104,0.9351,95.6638,81.4562,5.51,-2351.4296,88.4578,89.109,89.3524,0.7153,-,0.896,2.836,0.428,-,0.052,-,0.265,-,-,-,-,-22.56,1.69,-,-,997028380.00,99702838
SINOBANGLA,Sinobangla Industries Limited,Miscellaneous,A,1399.62,38.98,46.2,-6.67,46.2,36.427,762832.0,39.951,-90.6667,49.395,47.194,45.6235,49.3902,49.4162,48.7867,0.6295,0.9828,52.3189,46.4711,839.7,-527193.0004,49.6178,49.759,49.6724,1.4406,2.16,1.076,-,0.665,0.022,0.058,0.013,0.110,0.013,0.048,-,-,1.27,26.39,38.98,42.67,302948490.00,30294849
SIPLC,Sena Insurance PLC,Insurance,A,2300.0,14.08,57.5,-4.8,57.5,19.146,326356.0,46.7583,-90.7692,58.73,56.396,50.6935,59.3713,59.279,58.428,0.851,1.0488,62.6212,54.8388,321.28,-92922.962,59.5689,59.4833,59.3214,1.6294,2.61,-,-,-,-,-,-,-,-,-,-,-,5.17,28.58,14.08,11.68,400000000.00,40000000
SJIBLPBOND,SJIBL Mudaraba Perpetual Bond,Corporate Bond,A,482.3,-,4823.0,-3.61,4823.0,0.005,1.0,45.5558,-79.08,5927.925,6136.77,0.0,5282.7715,5268.6893,5081.9716,186.7177,243.6592,7660.0901,4195.7599,13.55,0.0156,5307.5556,5411.5705,5655.0262,-0.1104,0.02,-,-,-,-,-,-,-,-,-,-,-,0.0,0.0,-,-,1000000.00,100000
SKTRIMS,SK Trims & Industries Limited,Miscellaneous,Z,745.36,16.11,8.8,1.15,8.8,3.197,362301.0,68.2206,-13.3333,7.94,7.73,8.6815,8.3944,8.2965,8.0073,0.2893,0.2103,9.096,6.784,41.95,40333.1304,8.4756,8.4103,8.219,1.158,1.99,2.441,-,1.611,0.057,0.065,0.041,0.118,0.027,0.034,-,-,0.54,15.65,16.11,-,847000000.00,84700000
SONALIANSH,Sonali Aansh Industries Limited,Jute,Z,1751.95,19.12,161.5,-3.93,161.5,9.505,58271.0,22.6635,-95.6376,178.43,182.858,191.4465,171.7943,173.5126,178.1184,-4.6058,-2.9997,191.071,165.789,242.23,-94346.3508,170.5156,172.2282,175.4567,1.2793,0.93,1.830,-,1.276,0.065,0.114,0.044,0.149,0.021,0.052,-,-,8.79,32.81,19.12,23.03,108480000.00,10848000
SONALILIFE,Sonali Life Insurance Company Ltd,Insurance,A,2816.75,35.26,59.3,-2.79,59.3,2.051,34392.0,35.1486,-81.6327,64.245,63.298,62.2995,62.3183,62.8444,63.7379,-0.8934,-0.1583,68.3981,60.0919,48.73,-50697.2659,61.9244,62.5756,63.4614,1.291,2.53,-,-,-,-,-,-,-,-,-,-,-,1.73,39.64,35.26,-,475000000.00,47500000
SONALIPAPR,Sonali Paper & Board Mills Limited,Paper & Printing,A,7702.58,34.50,233.8,-5.5,233.8,57.585,241435.0,42.3913,-92.7835,246.285,234.684,212.5385,247.8397,247.9593,244.1877,3.7717,5.8092,269.087,223.483,258.19,-196810.2979,248.6444,250.4731,249.5048,1.2221,1.71,0.896,-,0.541,0.056,0.124,0.045,0.148,0.018,0.023,-,-,7.17,167.9,34.50,20.97,329451880.00,32945188
SONARBAINS,Sonar Bangla Insurance Limited,Insurance,A,1097.34,139.00,26.2,-6.12,26.1,2.223,82646.0,36.2395,-100.0,29.015,27.644,26.0465,28.1897,28.4244,28.5426,-0.1183,0.3414,31.3149,26.7151,149.38,-110534.2775,28.0311,28.3654,28.7638,1.5587,3.83,-,-,-,-,-,-,-,-,-,-,-,0.2,20.24,139.00,15.92,420435170.00,42043517
SONARGAON,Sonargaon Textiles Limited,Textile,B,1116.91,-,42.2,0.48,42.2,32.218,772973.0,71.9624,-28.6667,36.175,32.794,32.455,40.6131,39.6251,36.4902,3.1349,2.4403,45.9697,26.3803,590.13,1085631.3701,41.9622,41.0192,38.601,1.3977,-,19.430,-,0.912,-,-,-,-,-,-,-,-,-0.8,18.35,-,-,264670560.00,26467056
SOUTHEASTB,Southeast Bank PLC.,Bank,A,12839.01,30.31,9.6,-1.03,9.6,6.9,716953.0,51.5447,-80.0,9.605,9.398,8.797,9.6178,9.613,9.549,0.064,0.0835,10.066,9.144,16.82,-392021.9809,9.6044,9.6128,9.6371,0.9791,-,-,-,-,-,0.612,0.023,-,0.001,0.014,0.001,-,0.32,23.59,30.31,4.98,13373963880.00,1337396388
SPCERAMICS,Shinepukur Ceramics PLC.,Ceramics Sector,B,2689.48,125.00,18.3,-8.5,18.3,80.129,4214084.0,64.248,-41.0714,15.94,15.154,18.0025,17.349,16.9861,16.1294,0.8566,0.4626,18.8675,13.0125,274.1,3489157.6719,17.5844,17.1744,16.54,1.7296,1.09,-,-,-,-,-,-,0.136,-,-,-,-,0.16,31.22,125.00,-,1469660550.00,146966055
SPCL,Shahjibazar Power Co. Ltd.,Fuel & Power,A,8697.03,19.57,46.6,-5.86,46.6,42.304,886543.0,37.1712,-94.6667,50.16,48.448,44.6305,49.5582,49.7571,49.7026,0.0545,0.517,53.044,47.276,193.37,-767713.7031,49.4978,49.8744,50.1433,1.0338,4.29,1.176,-,0.792,0.066,0.100,0.041,0.115,0.039,0.062,-,-,2.53,39.25,19.57,8.14,1866316290.00,186631629
SQUARETEXT,Square Textile PLC.,Textile,A,9468.1,6.80,48.0,-2.44,48.0,4.379,90495.0,38.4923,-83.3333,49.465,49.364,50.9885,49.2883,49.3957,49.5168,-0.121,0.0578,51.3582,47.5718,12.64,-78103.193,49.2489,49.4128,49.5719,0.9691,6.67,1.215,-,0.646,-,-,-,-,-,-,-,-,7.24,55.86,6.80,13.37,1972520000.00,197252000
SQURPHARMA,Square Pharmaceuticals PLC.,Pharmaceuticals & Chemicals,A,193689.55,8.25,218.5,-2.02,218.5,153.736,701475.0,44.7194,-83.3333,223.95,213.694,213.179,223.6147,223.7568,221.4344,2.3225,3.7276,232.9736,214.9264,26.95,-265643.2272,223.5467,224.4821,224.7948,0.5163,5.49,12.804,0.001,10.561,-,0.275,0.272,0.479,0.141,0.148,-,-,27.04,157.88,8.25,6.73,8864510100.00,886451010
SSSTEEL,S.S. Steel Limited,Engineering,Z,1610.3,29.41,4.9,-2.0,4.9,8.685,1726280.0,62.0569,-38.4615,4.44,4.11,4.899,4.72,4.6549,4.4256,0.2293,0.1942,5.2795,3.6005,49.09,674951.4292,4.7622,4.7308,4.6248,1.7423,4.08,2.240,-,1.157,-,0.106,0.002,0.129,0.002,0.007,-,-,0.17,23.87,29.41,-,3286332000.00,328633200
STANCERAM,Standard Ceramic Industries Ltd.,Ceramics Sector,Z,452.89,-,69.2,-3.04,70.1,1.137,15925.0,50.1327,-66.9492,71.585,69.056,69.5655,71.0775,70.9365,70.0994,0.8371,0.9212,75.6218,67.5482,40.3,1091.0267,71.1378,70.9256,71.1533,0.9383,-,-,-,-,-,-,-,-,-,-,-,-,-23.02,-37.84,-,-,64606500.00,6460650
STANDARINS,Standard Insurance PLC,Insurance,A,1632.28,17.23,37.7,-5.28,37.7,5.978,156184.0,33.1294,-82.6667,41.08,40.882,39.5005,40.1255,40.4114,40.8719,-0.4605,-0.0492,43.4219,38.7381,155.21,-72641.9648,39.94,40.2423,40.751,1.167,2.65,-,-,-,-,-,-,-,-,-,-,-,2.31,21.27,17.23,14.56,432965920.00,43296592
STANDBANKL,Standard Islami Bank PLC.,Bank,B,7141.39,7.97,6.4,8.47,6.4,65.126,10203093.0,68.8144,0.0,5.5,5.09,5.5645,5.7652,5.6921,5.4491,0.243,0.197,6.3284,4.6716,35.8,4028407.1962,5.7756,5.7449,5.659,0.9527,-,-,-,-,-,0.486,0.098,-,0.003,0.045,0.004,-,0.74,16.63,7.97,8.51,11158423080.00,1115842308
STYLECRAFT,Stylecraft Limited,Textile,Z,681.74,-,49.1,-3.54,49.1,1.224,24546.0,51.2317,-53.0864,48.87,46.966,58.7245,50.3905,50.1162,48.8273,1.2889,1.2931,54.8746,42.8654,50.54,-6962.8202,50.7467,50.8192,50.13,1.2644,-,1.399,-,0.750,-,-,-,-,-,-,-,-,-1.08,4.62,-,1339.47,138847500.00,13884750
SUMITPOWER,Summit Power Limited,Fuel & Power,A,15270.64,38.16,14.3,-1.38,14.3,16.855,1177037.0,62.7634,-26.6667,13.63,12.856,13.9085,14.0574,13.939,13.5188,0.4202,0.3581,14.952,12.308,25.83,644081.1971,14.14,14.0333,13.8938,0.9559,7.34,1.299,-,1.276,0.033,0.076,0.031,0.084,0.016,0.032,-,-,0.38,40.57,38.16,7.55,10678772390.00,1067877239
SUNLIFEINS,Sunlife Insurance Company Limited,Insurance,B,1802.34,-,50.4,-5.62,50.4,10.428,202562.0,37.6794,-95.1807,53.82,53.524,55.509,53.3557,53.5419,53.6418,-0.0999,0.2619,56.9418,50.6982,366.51,46413.8653,53.3067,53.709,53.9124,0.9905,0.02,-,-,-,-,-,-,-,-,-,-,-,0.0,0.0,-,-,357606900.00,35760690
TAKAFULINS,Takaful Islami Insurance PLC.,Insurance,A,1320.2,22.33,31.0,-4.91,31.0,1.022,32304.0,33.279,-93.8776,33.39,33.268,33.762,32.7523,32.934,33.2299,-0.2959,-0.0362,35.114,31.666,23.84,-20662.1945,32.6156,32.8615,33.201,1.0347,3.23,-,-,-,-,-,-,-,-,-,-,-,1.46,18.76,22.33,21.64,425869770.00,42586977
TALLUSPIN,Tallu Spinning Mills Limited,Textile,Z,723.62,-,8.1,-2.41,8.1,7.737,937064.0,56.9589,-50.0,7.855,7.398,5.9635,8.0382,7.9921,7.7851,0.207,0.2031,8.4371,7.2729,171.44,-288916.6984,8.08,8.0269,7.9581,1.5044,-,1.632,-,0.921,-,-,-,-,-,-,-,-,-2.79,13.34,-,-,893353750.00,89335375
TAMIJTEX,Tamijuddin Textile Mills PLC,Textile,A,3753.59,17.76,113.5,-4.78,113.5,7.812,67251.0,35.1509,-93.3014,120.41,120.574,122.2005,119.9255,120.2397,120.5593,-0.3196,0.2201,126.4794,114.3406,50.06,-73448.4501,120.14,120.6487,120.8443,1.5792,1.06,1.223,-,0.438,-,-,-,-,-,-,-,-,6.71,102.79,17.76,21.21,330712430.00,33071243
TB10Y0127,10Y BGTB 18/01/2027,G-SEC (T.Bond),A,0.0,-,0.0,-0.44,96.97,0.0,0.0,,,,,,,,,,,,,,,,,,,-,-,-,-,-,-,-,-,-,-,-,-,0.0,0.0,-,-,-,-
TB10Y0130,10Y BGTB 22/01/2030,G-SEC (T.Bond),A,0.0,-,0.0,-0.42,97.07,0.0,0.0,,,,,,,,,,,,,,,,,,,-,-,-,-,-,-,-,-,-,-,-,-,0.0,0.0,-,-,-,-
TB10Y0132,10Y BGTB 19/01/2032,G-SEC (T.Bond),A,0.0,-,0.0,-2.09,85.16,0.0,0.0,,,,,,,,,,,,,,,,,,,-,-,-,-,-,-,-,-,-,-,-,-,0.0,0.0,-,-,-,-
TB10Y0135,10Y BGTB 22/01/2035,G-SEC (T.Bond),A,0.0,-,0.0,1.29,111.1,0.0,0.0,60.6522,-68.6371,0.0,0.0,0.0,111.008,111.0846,111.217,-0.1324,-0.0265,0.0,0.0,0.0,-12756.5982,110.5636,110.5978,110.8246,0.1391,-,-,-,-,-,-,-,-,-,-,-,-,0.0,0.0,-,-,-,-
TB10Y0231,10Y BGTB 17/02/2031,G-SEC (T.Bond),A,0.0,-,0.0,-1.84,82.8,0.0,0.0,,,,,,,,,,,,,,,,,,,-,-,-,-,-,-,-,-,-,-,-,-,0.0,0.0,-,-,-,-
TB10Y0234,10Y BGTB 22/02/2034,G-SEC (T.Bond),A,0.0,-,0.0,1.45,111.03,0.0,0.0,64.1705,-11.8421,109.222,0.0,0.0,107.8123,107.6637,107.2726,0.3911,0.2487,118.9033,99.5407,0.0,343.1926,109.1731,109.2076,109.3207,0.2354,-,-,-,-,-,-,-,-,-,-,-,-,0.0,0.0,-,-,-,-
TB10Y0333,10Y BGTB 15/03/2033,G-SEC (T.Bond),A,0.0,-,0.0,-0.02,91.59,0.0,0.0,,,,,,,,,,,,,,,,,,,-,-,-,-,-,-,-,-,-,-,-,-,0.0,0.0,-,-,-,-
TB10Y0335,10Y BGTB 19/03/2035,G-SEC (T.Bond),A,0.0,-,0.0,0.65,111.65,0.0,0.0,,,,,,,,,,,,,,,,,,,-,-,-,-,-,-,-,-,-,-,-,-,0.0,0.0,-,-,-,-
TB10Y0429,10Y BGTB 17/04/2029,G-SEC (T.Bond),A,0.0,-,0.0,0.27,94.05,0.0,0.0,,,,,,,,,,,,,,,,,,,-,-,-,-,-,-,-,-,-,-,-,-,0.0,0.0,-,-,-,-
TB10Y0434,10Y BGTB 17/04/2034,G-SEC (T.Bond),A,0.0,-,0.0,-0.53,111.74,0.0,0.0,60.2283,-21.8896,109.711,0.0,0.0,108.0739,107.9962,107.4441,0.5522,0.6415,118.1363,101.2857,0.0,0.0,110.0556,109.9959,109.9679,0.2347,-,-,-,-,-,-,-,-,-,-,-,-,0.0,0.0,-,-,-,-
TB10Y0530,10Y BGTB 07/05/2030,G-SEC (T.Bond),A,0.0,-,0.0,-0.32,95.6,0.0,0.0,,,,,,,,,,,,,,,,,,,-,-,-,-,-,-,-,-,-,-,-,-,0.0,0.0,-,-,-,-
TB10Y0531,10Y BGTB 19/05/2031,G-SEC (T.Bond),A,0.0,-,0.0,-1.57,81.6,0.0,0.0,,,,,,,,,,,,,,,,,,,-,-,-,-,-,-,-,-,-,-,-,-,0.0,0.0,-,-,-,-
TB10Y0532,10Y BGTB 25/05/2032,G-SEC (T.Bond),A,0.0,-,0.0,-1.12,89.51,0.0,0.0,,,,,,,,,,,,,,,,,,,-,-,-,-,-,-,-,-,-,-,-,-,0.0,0.0,-,-,-,-
TB10Y0535,10Y BGTB 21/05/2035,G-SEC (T.Bond),A,0.0,-,0.0,1.45,111.44,0.0,0.0,55.1236,-62.0296,109.107,0.0,0.0,108.1255,107.6801,106.4007,1.2794,0.9034,114.5906,103.6234,0.0,1759.3813,108.9976,109.1321,109.1267,0.0864,-,-,-,-,-,-,-,-,-,-,-,-,0.0,0.0,-,-,-,-
TB10Y0628,10Y BGTB 20/06/2028,G-SEC (T.Bond),A,0.0,-,0.0,0.17,95.07,0.0,0.0,,,,,,,,,,,,,,,,,,,-,-,-,-,-,-,-,-,-,-,-,-,0.0,0.0,-,-,-,-
TB10Y0629,10Y BGTB 19/06/2029,G-SEC (T.Bond),A,0.0,-,0.0,-0.05,95.46,0.0,0.0,,,,,,,,,,,,,,,,,,,-,-,-,-,-,-,-,-,-,-,-,-,0.0,0.0,-,-,-,-
TB10Y0630,10Y BGTB 17/06/2030,G-SEC (T.Bond),A,0.0,-,0.0,-0.22,95.17,0.0,0.0,,,,,,,,,,,,,,,,,,,-,-,-,-,-,-,-,-,-,-,-,-,0.0,0.0,-,-,-,-
TB10Y0632,10Y BGTB 22/06/2032,G-SEC (T.Bond),A,0.0,-,0.0,-0.89,90.09,0.0,0.0,,,,,,,,,,,,,,,,,,,-,-,-,-,-,-,-,-,-,-,-,-,0.0,0.0,-,-,-,-
TB10Y0634,10 Years BGTB 20/06/2034,G-SEC (T.Bond),A,0.0,-,113.18,-0.81,113.18,0.679,6000.0,61.1924,-19.7864,0.0,0.0,0.0,109.7672,109.4738,108.942,0.5318,0.1379,0.0,0.0,0.0,0.0,113.8053,113.7618,113.357,0.3978,-,-,-,-,-,-,-,-,-,-,-,-,0.0,0.0,-,-,-,-
TB10Y0726,10Y BGTB 20/07/2026,G-SEC (T.Bond),A,0.0,-,0.0,0.02,99.05,0.0,0.0,,,,,,,,,,,,,,,,,,,-,-,-,-,-,-,-,-,-,-,-,-,0.0,0.0,-,-,-,-
TB10Y0730,10Y BGTB 22/07/2030,G-SEC (T.Bond),A,0.0,-,0.0,-0.13,92.37,0.0,0.0,,,,,,,,,,,,,,,,,,,-,-,-,-,-,-,-,-,-,-,-,-,0.0,0.0,-,-,-,-
TB10Y0731,10Y BGTB 25/07/2031,G-SEC (T.Bond),A,0.0,-,0.0,-1.35,79.73,0.0,0.0,,,,,,,,,,,,,,,,,,,-,-,-,-,-,-,-,-,-,-,-,-,0.0,0.0,-,-,-,-
TB10Y0735,10Y BGTB 23/07/2035,G-SEC (T.Bond),A,30792.0,-,0.0,1.04,102.64,0.0,0.0,,,,,,,,,,,,,,,,,,,-,-,-,-,-,-,-,-,-,-,-,-,0.0,0.0,-,-,3000000000.00,300000000
TB10Y0829,10Y BGTB 21/08/2029,G-SEC (T.Bond),A,0.0,-,0.0,-0.09,97.8,0.0,0.0,,,,,,,,,,,,,,,,,,,-,-,-,-,-,-,-,-,-,-,-,-,0.0,0.0,-,-,-,-
TB10Y0833,10Y BGTB 16/08/2033,G-SEC (T.Bond),A,0.0,-,0.0,0.11,95.81,0.0,0.0,,,,,,,,,,,,,,,,,,,-,-,-,-,-,-,-,-,-,-,-,-,0.0,0.0,-,-,-,-
TB10Y0932,10Y BGTB 21/09/2032,G-SEC (T.Bond),A,0.0,-,0.0,-0.13,90.55,0.0,0.0,,,,,,,,,,,,,,,,,,,-,-,-,-,-,-,-,-,-,-,-,-,0.0,0.0,-,-,-,-
TB10Y1027,10Y BGTB 18/10/2027,G-SEC (T.Bond),A,0.0,-,0.0,0.04,95.68,0.0,0.0,,,,,,,,,,,,,,,,,,,-,-,-,-,-,-,-,-,-,-,-,-,0.0,0.0,-,-,-,-
TB10Y1030,10Y BGTB 21/10/2030,G-SEC (T.Bond),A,0.0,-,0.0,-1.16,82.79,0.0,0.0,,,,,,,,,,,,,,,,,,,-,-,-,-,-,-,-,-,-,-,-,-,0.0,0.0,-,-,-,-
TB10Y1031,10Y BGTB 19/10/2031,G-SEC (T.Bond),A,0.0,-,0.0,-1.7,84.66,0.0,0.0,,,,,,,,,,,,,,,,,,,-,-,-,-,-,-,-,-,-,-,-,-,0.0,0.0,-,-,-,-
TB10Y1128,10Y BGTB 22/11/2028,G-SEC (T.Bond),A,0.0,-,0.0,0.23,93.41,0.0,0.0,,,,,,,,,,,,,,,,,,,-,-,-,-,-,-,-,-,-,-,-,-,0.0,0.0,-,-,-,-
TB10Y1229,10Y BGTB 18/12/2029,G-SEC (T.Bond),A,0.0,-,0.0,-0.44,97.33,0.0,0.0,,,,,,,,,,,,,,,,,,,-,-,-,-,-,-,-,-,-,-,-,-,0.0,0.0,-,-,-,-
TB10Y1232,10Y BGTB 21/12/2032,G-SEC (T.Bond),A,0.0,-,0.0,0.01,90.92,0.0,0.0,,,,,,,,,,,,,,,,,,,-,-,-,-,-,-,-,-,-,-,-,-,0.0,0.0,-,-,-,-
TB15Y0127,15Y BGTB 18/01/2027,G-SEC (T.Bond),A,0.0,-,0.0,-0.44,100.83,0.0,0.0,,,,,,,,,,,,,,,,,,,-,-,-,-,-,-,-,-,-,-,-,-,0.0,0.0,-,-,-,-
TB15Y0128,15Y BGTB 16/01/2028,G-SEC (T.Bond),A,0.0,-,0.0,0.12,103.8,0.0,0.0,,,,,,,,,,,,,,,,,,,-,-,-,-,-,-,-,-,-,-,-,-,0.0,0.0,-,-,-,-
TB15Y0129,15Y BGTB 29/01/2029,G-SEC (T.Bond),A,0.0,-,0.0,0.23,105.47,0.0,0.0,,,,,,,,,,,,,,,,,,,-,-,-,-,-,-,-,-,-,-,-,-,0.0,0.0,-,-,-,-
TB15Y0227,15Y BGTB 22/02/2027,G-SEC (T.Bond),A,0.0,-,0.0,-0.47,101.09,0.0,0.0,,,,,,,,,,,,,,,,,,,-,-,-,-,-,-,-,-,-,-,-,-,0.0,0.0,-,-,-,-
TB15Y0228,15Y BGTB 20/02/2028,G-SEC (T.Bond),A,0.0,-,0.0,0.12,104.16,0.0,0.0,,,,,,,,,,,,,,,,,,,-,-,-,-,-,-,-,-,-,-,-,-,0.0,0.0,-,-,-,-
TB15Y0229,15Y BGTB 26/02/2029,G-SEC (T.Bond),A,0.0,-,0.0,0.24,105.35,0.0,0.0,,,,,,,,,,,,,,,,,,,-,-,-,-,-,-,-,-,-,-,-,-,0.0,0.0,-,-,-,-
TB15Y0326,15Y BGTB 09/03/2026,G-SEC (T.Bond),A,0.0,-,0.0,0.01,99.98,0.0,0.0,,,,,,,,,,,,,,,,,,,-,-,-,-,-,-,-,-,-,-,-,-,0.0,0.0,-,-,-,-
TB15Y0327,15Y BGTB 21/03/2027,G-SEC (T.Bond),A,0.0,-,0.0,-0.45,101.26,0.0,0.0,,,,,,,,,,,,,,,,,,,-,-,-,-,-,-,-,-,-,-,-,-,0.0,0.0,-,-,-,-
TB15Y0328,15Y BGTB 20/03/2028,G-SEC (T.Bond),A,0.0,-,0.0,0.13,104.44,0.0,0.0,,,,,,,,,,,,,,,,,,,-,-,-,-,-,-,-,-,-,-,-,-,0.0,0.0,-,-,-,-
TB15Y0329,15Y BGTB 27/03/2029,G-SEC (T.Bond),A,0.0,-,0.0,0.26,105.19,0.0,0.0,,,,,,,,,,,,,,,,,,,-,-,-,-,-,-,-,-,-,-,-,-,0.0,0.0,-,-,-,-
TB15Y0339,15Y BGTB 27/03/2039,G-SEC (T.Bond),A,0.0,-,0.0,0.44,114.65,0.0,0.0,,,,,,,,,,,,,,,,,,,-,-,-,-,-,-,-,-,-,-,-,-,0.0,0.0,-,-,-,-
TB15Y0340,15Y BGTB 27/03/2040,G-SEC (T.Bond),A,0.0,-,0.0,0.12,116.03,0.0,0.0,,,,,,,,,,,,,,,,,,,-,-,-,-,-,-,-,-,-,-,-,-,0.0,0.0,-,-,-,-
TB15Y0426,15Y BGTB 13/04/2026,G-SEC (T.Bond),A,0.0,-,0.0,0.01,99.88,0.0,0.0,,,,,,,,,,,,,,,,,,,-,-,-,-,-,-,-,-,-,-,-,-,0.0,0.0,-,-,-,-
TB15Y0427,15Y BGTB 18/04/2027,G-SEC (T.Bond),A,0.0,-,0.0,-0.42,101.44,0.0,0.0,,,,,,,,,,,,,,,,,,,-,-,-,-,-,-,-,-,-,-,-,-,0.0,0.0,-,-,-,-
TB15Y0428,15Y BGTB 17/04/2028,G-SEC (T.Bond),A,0.0,-,0.0,0.14,104.57,0.0,0.0,,,,,,,,,,,,,,,,,,,-,-,-,-,-,-,-,-,-,-,-,-,0.0,0.0,-,-,-,-
TB15Y0429,15Y BGTB 23/04/2029,G-SEC (T.Bond),A,0.0,-,0.0,0.18,105.11,0.0,0.0,,,,,,,,,,,,,,,,,,,-,-,-,-,-,-,-,-,-,-,-,-,0.0,0.0,-,-,-,-
TB15Y0431,15Y BGTB 27/04/2031,G-SEC (T.Bond),A,0.0,-,0.0,-1.58,89.46,0.0,0.0,,,,,,,,,,,,,,,,,,,-,-,-,-,-,-,-,-,-,-,-,-,0.0,0.0,-,-,-,-
TB15Y0437,15Y BGTB 27/04/2037,G-SEC (T.Bond),A,0.0,-,0.0,-2.23,82.73,0.0,0.0,,,,,,,,,,,,,,,,,,,-,-,-,-,-,-,-,-,-,-,-,-,0.0,0.0,-,-,-,-
TB15Y0526,15Y BGTB 11/05/2026,G-SEC (T.Bond),A,0.0,-,0.0,0.02,99.82,0.0,0.0,,,,,,,,,,,,,,,,,,,-,-,-,-,-,-,-,-,-,-,-,-,0.0,0.0,-,-,-,-
TB15Y0527,15Y BGTB 23/05/2027,G-SEC (T.Bond),A,0.0,-,0.0,-0.37,101.69,0.0,0.0,,,,,,,,,,,,,,,,,,,-,-,-,-,-,-,-,-,-,-,-,-,0.0,0.0,-,-,-,-
TB15Y0528,15Y BGTB 22/05/2028,G-SEC (T.Bond),A,0.0,-,0.0,0.14,104.73,0.0,0.0,,,,,,,,,,,,,,,,,,,-,-,-,-,-,-,-,-,-,-,-,-,0.0,0.0,-,-,-,-
TB15Y0529,15Y BGTB 28/05/2029,G-SEC (T.Bond),A,0.0,-,0.0,-0.04,105.02,0.0,0.0,,,,,,,,,,,,,,,,,,,-,-,-,-,-,-,-,-,-,-,-,-,0.0,0.0,-,-,-,-
TB15Y0535,15Y BGTB 13/05/2035,G-SEC (T.Bond),A,0.0,-,0.0,1.43,93.67,0.0,0.0,,,,,,,,,,,,,,,,,,,-,-,-,-,-,-,-,-,-,-,-,-,0.0,0.0,-,-,-,-
TB15Y0626,15Y BGTB 15/06/2026,G-SEC (T.Bond),A,0.0,-,0.0,0.02,99.75,0.0,0.0,,,,,,,,,,,,,,,,,,,-,-,-,-,-,-,-,-,-,-,-,-,0.0,0.0,-,-,-,-
TB15Y0627,15Y BGTB 20/06/2027,G-SEC (T.Bond),A,0.0,-,0.0,-0.32,101.91,0.0,0.0,,,,,,,,,,,,,,,,,,,-,-,-,-,-,-,-,-,-,-,-,-,0.0,0.0,-,-,-,-
TB15Y0628,15Y BGTB 19/06/2028,G-SEC (T.Bond),A,0.0,-,0.0,0.15,104.91,0.0,0.0,,,,,,,,,,,,,,,,,,,-,-,-,-,-,-,-,-,-,-,-,-,0.0,0.0,-,-,-,-
TB15Y0629,15Y BGTB 25/06/2029,G-SEC (T.Bond),A,0.0,-,0.0,-0.06,105.18,0.0,0.0,,,,,,,,,,,,,,,,,,,-,-,-,-,-,-,-,-,-,-,-,-,0.0,0.0,-,-,-,-
TB15Y0635,15Y BGTB 24/06/2035,G-SEC (T.Bond),A,0.0,-,0.0,1.28,92.23,0.0,0.0,,,,,,,,,,,,,,,,,,,-,-,-,-,-,-,-,-,-,-,-,-,0.0,0.0,-,-,-,-
TB15Y0637,15Y BGTB 29/06/2037,G-SEC (T.Bond),A,0.0,-,0.0,0.0,88.17,0.0,0.0,,,,,,,,,,,,,,,,,,,-,-,-,-,-,-,-,-,-,-,-,-,0.0,0.0,-,-,-,-
TB15Y0727,15Y BGTB 18/07/2027,G-SEC (T.Bond),A,0.0,-,0.0,-0.26,102.16,0.0,0.0,,,,,,,,,,,,,,,,,,,-,-,-,-,-,-,-,-,-,-,-,-,0.0,0.0,-,-,-,-
TB15Y0728,15Y BGTB 24/07/2028,G-SEC (T.Bond),A,0.0,-,0.0,0.17,105.1,0.0,0.0,,,,,,,,,,,,,,,,,,,-,-,-,-,-,-,-,-,-,-,-,-,0.0,0.0,-,-,-,-
TB15Y0729,15Y BGTB 23/07/2029,G-SEC (T.Bond),A,0.0,-,0.0,-0.08,105.08,0.0,0.0,,,,,,,,,,,,,,,,,,,-,-,-,-,-,-,-,-,-,-,-,-,0.0,0.0,-,-,-,-
TB15Y0730,15Y BGTB 29/07/2030,G-SEC (T.Bond),A,0.0,-,0.0,-0.12,99.9,0.0,0.0,,,,,,,,,,,,,,,,,,,-,-,-,-,-,-,-,-,-,-,-,-,0.0,0.0,-,-,-,-
TB15Y0736,15Y BGTB 28/07/2036,G-SEC (T.Bond),A,0.0,-,0.0,-0.97,70.12,0.0,0.0,,,,,,,,,,,,,,,,,,,-,-,-,-,-,-,-,-,-,-,-,-,0.0,0.0,-,-,-,-
TB15Y0826,15Y BGTB 17/08/2026,G-SEC (T.Bond),A,0.0,-,0.0,0.02,99.8,0.0,0.0,,,,,,,,,,,,,,,,,,,-,-,-,-,-,-,-,-,-,-,-,-,0.0,0.0,-,-,-,-
TB15Y0828,15Y BGTB 29/08/2028,G-SEC (T.Bond),A,0.0,-,0.0,0.18,105.29,0.0,0.0,,,,,,,,,,,,,,,,,,,-,-,-,-,-,-,-,-,-,-,-,-,0.0,0.0,-,-,-,-
TB15Y0829,15Y BGTB 27/08/2029,G-SEC (T.Bond),A,0.0,-,0.0,-0.1,104.5,0.0,0.0,,,,,,,,,,,,,,,,,,,-,-,-,-,-,-,-,-,-,-,-,-,0.0,0.0,-,-,-,-
TB15Y0926,15Y BGTB 21/09/2026,G-SEC (T.Bond),A,0.0,-,0.0,0.01,100.1,0.0,0.0,,,,,,,,,,,,,,,,,,,-,-,-,-,-,-,-,-,-,-,-,-,0.0,0.0,-,-,-,-
TB15Y0927,15Y BGTB 19/09/2027,G-SEC (T.Bond),A,0.0,-,0.0,-0.08,102.63,0.0,0.0,,,,,,,,,,,,,,,,,,,-,-,-,-,-,-,-,-,-,-,-,-,0.0,0.0,-,-,-,-
TB15Y0928,15Y BGTB 25/09/2028,G-SEC (T.Bond),A,0.0,-,0.0,0.19,105.44,0.0,0.0,,,,,,,,,,,,,,,,,,,-,-,-,-,-,-,-,-,-,-,-,-,0.0,0.0,-,-,-,-
TB15Y0929,15Y BGTB 24/09/2029,G-SEC (T.Bond),A,0.0,-,0.0,-0.11,104.36,0.0,0.0,,,,,,,,,,,,,,,,,,,-,-,-,-,-,-,-,-,-,-,-,-,0.0,0.0,-,-,-,-
TB15Y0930,15Y BGTB 23/09/2030,G-SEC (T.Bond),A,0.0,-,0.0,-0.34,93.72,0.0,0.0,,,,,,,,,,,,,,,,,,,-,-,-,-,-,-,-,-,-,-,-,-,0.0,0.0,-,-,-,-
TB15Y0933,15Y BGTB 26/09/2033,G-SEC (T.Bond),A,0.0,-,0.0,0.42,85.33,0.0,0.0,,,,,,,,,,,,,,,,,,,-,-,-,-,-,-,-,-,-,-,-,-,0.0,0.0,-,-,-,-
TB15Y1026,15Y BGTB 19/10/2026,G-SEC (T.Bond),A,0.0,-,0.0,0.01,100.51,0.0,0.0,,,,,,,,,,,,,,,,,,,-,-,-,-,-,-,-,-,-,-,-,-,0.0,0.0,-,-,-,-
TB15Y1027,15Y BGTB 17/10/2027,G-SEC (T.Bond),A,0.0,-,0.0,0.03,102.9,0.0,0.0,,,,,,,,,,,,,,,,,,,-,-,-,-,-,-,-,-,-,-,-,-,0.0,0.0,-,-,-,-
TB15Y1028,15Y BGTB 23/10/2028,G-SEC (T.Bond),A,0.0,-,0.0,0.2,105.56,0.0,0.0,,,,,,,,,,,,,,,,,,,-,-,-,-,-,-,-,-,-,-,-,-,0.0,0.0,-,-,-,-
TB15Y1029,15Y BGTB 29/10/2029,G-SEC (T.Bond),A,0.0,-,0.0,-0.22,104.15,0.0,0.0,,,,,,,,,,,,,,,,,,,-,-,-,-,-,-,-,-,-,-,-,-,0.0,0.0,-,-,-,-
TB15Y1126,15Y BGTB 16/11/2026,G-SEC (T.Bond),A,0.0,-,0.0,-0.05,100.53,0.0,0.0,,,,,,,,,,,,,,,,,,,-,-,-,-,-,-,-,-,-,-,-,-,0.0,0.0,-,-,-,-
TB15Y1127,15Y BGTB 21/11/2027,G-SEC (T.Bond),A,0.0,-,0.0,0.11,103.21,0.0,0.0,,,,,,,,,,,,,,,,,,,-,-,-,-,-,-,-,-,-,-,-,-,0.0,0.0,-,-,-,-
TB15Y1128,15Y BGTB 27/11/2028,G-SEC (T.Bond),A,0.0,-,0.0,0.21,105.41,0.0,0.0,,,,,,,,,,,,,,,,,,,-,-,-,-,-,-,-,-,-,-,-,-,0.0,0.0,-,-,-,-
TB15Y1129,15Y BGTB 26/11/2029,G-SEC (T.Bond),A,0.0,-,0.0,-0.36,104.24,0.0,0.0,,,,,,,,,,,,,,,,,,,-,-,-,-,-,-,-,-,-,-,-,-,0.0,0.0,-,-,-,-
TB15Y1133,15Y BGTB 28/11/2033,G-SEC (T.Bond),A,0.0,-,0.0,0.91,86.95,0.0,0.0,,,,,,,,,,,,,,,,,,,-,-,-,-,-,-,-,-,-,-,-,-,0.0,0.0,-,-,-,-
TB15Y1226,15Y BGTB 21/12/2026,G-SEC (T.Bond),A,0.0,-,0.0,-0.26,100.48,0.0,0.0,,,,,,,,,,,,,,,,,,,-,-,-,-,-,-,-,-,-,-,-,-,0.0,0.0,-,-,-,-
TB15Y1227,15Y BGTB 19/12/2027,G-SEC (T.Bond),A,0.0,-,0.0,0.1,103.49,0.0,0.0,,,,,,,,,,,,,,,,,,,-,-,-,-,-,-,-,-,-,-,-,-,0.0,0.0,-,-,-,-
TB15Y1228,15Y BGTB 26/12/2028,G-SEC (T.Bond),A,0.0,-,0.0,0.22,105.54,0.0,0.0,,,,,,,,,,,,,,,,,,,-,-,-,-,-,-,-,-,-,-,-,-,0.0,0.0,-,-,-,-
TB20Y0128,20Y BGTB 23/01/2028,G-SEC (T.Bond),A,0.0,-,0.0,0.1,105.5,0.0,0.0,,,,,,,,,,,,,,,,,,,-,-,-,-,-,-,-,-,-,-,-,-,0.0,0.0,-,-,-,-
TB20Y0129,20Y BGTB 28/01/2029,G-SEC (T.Bond),A,0.0,-,0.0,0.22,107.44,0.0,0.0,,,,,,,,,,,,,,,,,,,-,-,-,-,-,-,-,-,-,-,-,-,0.0,0.0,-,-,-,-
TB20Y0131,20Y BGTB 26/01/2031,G-SEC (T.Bond),A,0.0,-,0.0,-1.61,96.52,0.0,0.0,,,,,,,,,,,,,,,,,,,-,-,-,-,-,-,-,-,-,-,-,-,0.0,0.0,-,-,-,-
TB20Y0132,20Y BGTB 25/01/2032,G-SEC (T.Bond),A,0.0,-,0.0,-1.89,106.08,0.0,0.0,,,,,,,,,,,,,,,,,,,-,-,-,-,-,-,-,-,-,-,-,-,0.0,0.0,-,-,-,-
TB20Y0133,20Y BGTB 23/01/2033,G-SEC (T.Bond),A,0.0,-,0.0,-0.01,110.65,0.0,0.0,,,,,,,,,,,,,,,,,,,-,-,-,-,-,-,-,-,-,-,-,-,0.0,0.0,-,-,-,-
TB20Y0134,20Y BGTB 29/01/2034,G-SEC (T.Bond),A,0.0,-,0.0,1.26,112.08,0.0,0.0,,,,,,,,,,,,,,,,,,,-,-,-,-,-,-,-,-,-,-,-,-,0.0,0.0,-,-,-,-
TB20Y0143,20Y BGTB 25/01/2043,G-SEC (T.Bond),A,0.0,-,0.0,-2.36,88.5,0.0,0.0,,,,,,,,,,,,,,,,,,,-,-,-,-,-,-,-,-,-,-,-,-,0.0,0.0,-,-,-,-
TB20Y0228,20Y BGTB 27/02/2028,G-SEC (T.Bond),A,0.0,-,0.0,0.11,105.68,0.0,0.0,,,,,,,,,,,,,,,,,,,-,-,-,-,-,-,-,-,-,-,-,-,0.0,0.0,-,-,-,-
TB20Y0229,20Y BGTB 25/02/2029,G-SEC (T.Bond),A,0.0,-,0.0,0.23,107.59,0.0,0.0,,,,,,,,,,,,,,,,,,,-,-,-,-,-,-,-,-,-,-,-,-,0.0,0.0,-,-,-,-
TB20Y0230,20Y BGTB 24/02/2030,G-SEC (T.Bond),A,0.0,-,0.0,-0.4,96.94,0.0,0.0,,,,,,,,,,,,,,,,,,,-,-,-,-,-,-,-,-,-,-,-,-,0.0,0.0,-,-,-,-
TB20Y0231,20Y BGTB 23/02/2031,G-SEC (T.Bond),A,0.0,-,0.0,-1.72,96.41,0.0,0.0,,,,,,,,,,,,,,,,,,,-,-,-,-,-,-,-,-,-,-,-,-,0.0,0.0,-,-,-,-
TB20Y0232,20Y BGTB 29/02/2032,G-SEC (T.Bond),A,0.0,-,0.0,-1.66,106.67,0.0,0.0,,,,,,,,,,,,,,,,,,,-,-,-,-,-,-,-,-,-,-,-,-,0.0,0.0,-,-,-,-
TB20Y0233,20Y BGTB 27/02/2033,G-SEC (T.Bond),A,0.0,-,0.0,-0.02,111.4,0.0,0.0,,,,,,,,,,,,,,,,,,,-,-,-,-,-,-,-,-,-,-,-,-,0.0,0.0,-,-,-,-
TB20Y0234,20Y BGTB 26/02/2034,G-SEC (T.Bond),A,0.0,-,0.0,1.29,112.07,0.0,0.0,,,,,,,,,,,,,,,,,,,-,-,-,-,-,-,-,-,-,-,-,-,0.0,0.0,-,-,-,-
TB20Y0328,20Y BGTB 27/03/2028,G-SEC (T.Bond),A,0.0,-,0.0,0.13,105.86,0.0,0.0,,,,,,,,,,,,,,,,,,,-,-,-,-,-,-,-,-,-,-,-,-,0.0,0.0,-,-,-,-
TB20Y0329,20Y BGTB 25/03/2029,G-SEC (T.Bond),A,0.0,-,0.0,0.24,107.71,0.0,0.0,,,,,,,,,,,,,,,,,,,-,-,-,-,-,-,-,-,-,-,-,-,0.0,0.0,-,-,-,-
TB20Y0330,20Y BGTB 24/03/2030,G-SEC (T.Bond),A,0.0,-,0.0,-0.39,97.05,0.0,0.0,,,,,,,,,,,,,,,,,,,-,-,-,-,-,-,-,-,-,-,-,-,0.0,0.0,-,-,-,-
TB20Y0331,20Y BGTB 23/03/2031,G-SEC (T.Bond),A,0.0,-,0.0,-1.64,96.57,0.0,0.0,,,,,,,,,,,,,,,,,,,-,-,-,-,-,-,-,-,-,-,-,-,0.0,0.0,-,-,-,-
TB20Y0332,20Y BGTB 28/03/2032,G-SEC (T.Bond),A,0.0,-,0.0,-1.46,107.08,0.0,0.0,,,,,,,,,,,,,,,,,,,-,-,-,-,-,-,-,-,-,-,-,-,0.0,0.0,-,-,-,-
TB20Y0333,20Y BGTB 27/03/2033,G-SEC (T.Bond),A,0.0,-,0.0,-0.01,111.59,0.0,0.0,,,,,,,,,,,,,,,,,,,-,-,-,-,-,-,-,-,-,-,-,-,0.0,0.0,-,-,-,-
TB20Y0334,20Y BGTB 27/03/2034,G-SEC (T.Bond),A,0.0,-,0.0,0.24,111.62,0.0,0.0,,,,,,,,,,,,,,,,,,,-,-,-,-,-,-,-,-,-,-,-,-,0.0,0.0,-,-,-,-
TB20Y0342,20Y BGTB 30/03/2042,G-SEC (T.Bond),A,0.0,-,0.0,-0.3,79.51,0.0,0.0,,,,,,,,,,,,,,,,,,,-,-,-,-,-,-,-,-,-,-,-,-,0.0,0.0,-,-,-,-
TB20Y0428,20Y BGTB 23/04/2028,G-SEC (T.Bond),A,0.0,-,0.0,0.13,106.02,0.0,0.0,,,,,,,,,,,,,,,,,,,-,-,-,-,-,-,-,-,-,-,-,-,0.0,0.0,-,-,-,-
TB20Y0429,20Y BGTB 29/04/2029,G-SEC (T.Bond),A,0.0,-,0.0,0.13,103.76,0.0,0.0,,,,,,,,,,,,,,,,,,,-,-,-,-,-,-,-,-,-,-,-,-,0.0,0.0,-,-,-,-
TB20Y0430,20Y BGTB 28/04/2030,G-SEC (T.Bond),A,0.0,-,0.0,-0.34,97.07,0.0,0.0,,,,,,,,,,,,,,,,,,,-,-,-,-,-,-,-,-,-,-,-,-,0.0,0.0,-,-,-,-
TB20Y0431,20Y BGTB 27/04/2031,G-SEC (T.Bond),A,0.0,-,0.0,-1.54,96.72,0.0,0.0,,,,,,,,,,,,,,,,,,,-,-,-,-,-,-,-,-,-,-,-,-,0.0,0.0,-,-,-,-
TB20Y0432,20Y BGTB 25/04/2032,G-SEC (T.Bond),A,0.0,-,0.0,-1.26,107.55,0.0,0.0,,,,,,,,,,,,,,,,,,,-,-,-,-,-,-,-,-,-,-,-,-,0.0,0.0,-,-,-,-
TB20Y0433,20Y BGTB 24/04/2033,G-SEC (T.Bond),A,0.0,-,0.0,0.01,111.8,0.0,0.0,,,,,,,,,,,,,,,,,,,-,-,-,-,-,-,-,-,-,-,-,-,0.0,0.0,-,-,-,-
TB20Y0434,20Y BGTB 23/04/2034,G-SEC (T.Bond),A,0.0,-,0.0,-0.51,111.64,0.0,0.0,,,,,,,,,,,,,,,,,,,-,-,-,-,-,-,-,-,-,-,-,-,0.0,0.0,-,-,-,-
TB20Y0436,20Y BGTB 27/04/2036,G-SEC (T.Bond),A,0.0,-,0.0,-0.49,86.97,0.0,0.0,,,,,,,,,,,,,,,,,,,-,-,-,-,-,-,-,-,-,-,-,-,0.0,0.0,-,-,-,-
TB20Y0528,20Y BGTB 28/05/2028,G-SEC (T.Bond),A,0.0,-,0.0,0.14,106.23,0.0,0.0,,,,,,,,,,,,,,,,,,,-,-,-,-,-,-,-,-,-,-,-,-,0.0,0.0,-,-,-,-
TB20Y0529,20Y BGTB 27/05/2029,G-SEC (T.Bond),A,0.0,-,0.0,-0.05,102.63,0.0,0.0,,,,,,,,,,,,,,,,,,,-,-,-,-,-,-,-,-,-,-,-,-,0.0,0.0,-,-,-,-
TB20Y0530,20Y BGTB 26/05/2030,G-SEC (T.Bond),A,0.0,-,0.0,-0.28,97.08,0.0,0.0,,,,,,,,,,,,,,,,,,,-,-,-,-,-,-,-,-,-,-,-,-,0.0,0.0,-,-,-,-
TB20Y0531,20Y BGTB 25/05/2031,G-SEC (T.Bond),A,0.0,-,0.0,-1.46,96.78,0.0,0.0,,,,,,,,,,,,,,,,,,,-,-,-,-,-,-,-,-,-,-,-,-,0.0,0.0,-,-,-,-
TB20Y0532,20Y BGTB 30/05/2032,G-SEC (T.Bond),A,0.0,-,0.0,-1.01,108.06,0.0,0.0,,,,,,,,,,,,,,,,,,,-,-,-,-,-,-,-,-,-,-,-,-,0.0,0.0,-,-,-,-
TB20Y0533,20Y BGTB 29/05/2033,G-SEC (T.Bond),A,0.0,-,0.0,0.04,112.03,0.0,0.0,,,,,,,,,,,,,,,,,,,-,-,-,-,-,-,-,-,-,-,-,-,0.0,0.0,-,-,-,-
TB20Y0534,20Y BGTB 28/05/2034,G-SEC (T.Bond),A,0.0,-,0.0,-0.39,111.38,0.0,0.0,,,,,,,,,,,,,,,,,,,-,-,-,-,-,-,-,-,-,-,-,-,0.0,0.0,-,-,-,-
TB20Y0540,20Y BGTB 20/05/2040,G-SEC (T.Bond),A,0.0,-,0.0,0.05,92.52,0.0,0.0,,,,,,,,,,,,,,,,,,,-,-,-,-,-,-,-,-,-,-,-,-,0.0,0.0,-,-,-,-
TB20Y0545,20Y BGTB 28/05/2045,G-SEC (T.Bond),A,0.0,-,0.0,-0.15,116.54,0.0,0.0,,,,,,,,,,,,,,,,,,,-,-,-,-,-,-,-,-,-,-,-,-,0.0,0.0,-,-,-,-
TB20Y0628,20Y BGTB 25/06/2028,G-SEC (T.Bond),A,0.0,-,0.0,0.15,106.33,0.0,0.0,,,,,,,,,,,,,,,,,,,-,-,-,-,-,-,-,-,-,-,-,-,0.0,0.0,-,-,-,-
TB20Y0629,20Y BGTB 24/06/2029,G-SEC (T.Bond),A,0.0,-,0.0,-0.06,99.94,0.0,0.0,,,,,,,,,,,,,,,,,,,-,-,-,-,-,-,-,-,-,-,-,-,0.0,0.0,-,-,-,-
TB20Y0630,20Y BGTB 23/06/2030,G-SEC (T.Bond),A,0.0,-,0.0,-0.21,96.83,0.0,0.0,,,,,,,,,,,,,,,,,,,-,-,-,-,-,-,-,-,-,-,-,-,0.0,0.0,-,-,-,-
TB20Y0631,20Y BGTB 29/06/2031,G-SEC (T.Bond),A,0.0,-,0.0,-1.34,96.87,0.0,0.0,,,,,,,,,,,,,,,,,,,-,-,-,-,-,-,-,-,-,-,-,-,0.0,0.0,-,-,-,-
TB20Y0632,20Y BGTB 27/06/2032,G-SEC (T.Bond),A,0.0,-,0.0,-0.8,108.47,0.0,0.0,,,,,,,,,,,,,,,,,,,-,-,-,-,-,-,-,-,-,-,-,-,0.0,0.0,-,-,-,-
TB20Y0633,20Y BGTB 26/06/2033,G-SEC (T.Bond),A,0.0,-,0.0,0.05,112.31,0.0,0.0,,,,,,,,,,,,,,,,,,,-,-,-,-,-,-,-,-,-,-,-,-,0.0,0.0,-,-,-,-
TB20Y0634,20Y BGTB 25/06/2034,G-SEC (T.Bond),A,0.0,-,0.0,-0.31,111.1,0.0,0.0,,,,,,,,,,,,,,,,,,,-,-,-,-,-,-,-,-,-,-,-,-,0.0,0.0,-,-,-,-
TB20Y0639,20Y BGTB 26/06/2039,G-SEC (T.Bond),A,0.0,-,0.0,0.38,94.07,0.0,0.0,,,,,,,,,,,,,,,,,,,-,-,-,-,-,-,-,-,-,-,-,-,0.0,0.0,-,-,-,-
TB20Y0640,20Y BGTB 24/06/2040,G-SEC (T.Bond),A,0.0,-,0.0,0.02,90.57,0.0,0.0,,,,,,,,,,,,,,,,,,,-,-,-,-,-,-,-,-,-,-,-,-,0.0,0.0,-,-,-,-
TB20Y0641,20Y BGTB 30/06/2041,G-SEC (T.Bond),A,0.0,-,0.0,-0.18,67.69,0.0,0.0,,,,,,,,,,,,,,,,,,,-,-,-,-,-,-,-,-,-,-,-,-,0.0,0.0,-,-,-,-
TB20Y0642,20Y BGTB 29/06/2042,G-SEC (T.Bond),A,0.0,-,0.0,-0.36,86.15,0.0,0.0,,,,,,,,,,,,,,,,,,,-,-,-,-,-,-,-,-,-,-,-,-,0.0,0.0,-,-,-,-
TB20Y0727,20Y BGTB 25/07/2027,G-SEC (T.Bond),A,0.0,-,0.0,-0.24,107.43,0.0,0.0,,,,,,,,,,,,,,,,,,,-,-,-,-,-,-,-,-,-,-,-,-,0.0,0.0,-,-,-,-
TB20Y0728,20Y BGTB 23/07/2028,G-SEC (T.Bond),A,0.0,-,0.0,0.16,106.48,0.0,0.0,,,,,,,,,,,,,,,,,,,-,-,-,-,-,-,-,-,-,-,-,-,0.0,0.0,-,-,-,-
TB20Y0729,20Y BGTB 29/07/2029,G-SEC (T.Bond),A,0.0,-,0.0,-0.07,96.92,0.0,0.0,,,,,,,,,,,,,,,,,,,-,-,-,-,-,-,-,-,-,-,-,-,0.0,0.0,-,-,-,-
TB20Y0730,20Y BGTB 29/07/2030,G-SEC (T.Bond),A,0.0,-,0.0,-0.11,96.9,0.0,0.0,,,,,,,,,,,,,,,,,,,-,-,-,-,-,-,-,-,-,-,-,-,0.0,0.0,-,-,-,-
TB20Y0731,20Y BGTB 27/07/2031,G-SEC (T.Bond),A,0.0,-,0.0,-1.26,98.35,0.0,0.0,,,,,,,,,,,,,,,,,,,-,-,-,-,-,-,-,-,-,-,-,-,0.0,0.0,-,-,-,-
TB20Y0732,20Y BGTB 25/07/2032,G-SEC (T.Bond),A,0.0,-,0.0,-0.58,108.8,0.0,0.0,,,,,,,,,,,,,,,,,,,-,-,-,-,-,-,-,-,-,-,-,-,0.0,0.0,-,-,-,-
TB20Y0733,20Y BGTB 24/07/2033,G-SEC (T.Bond),A,0.0,-,0.0,0.09,112.56,0.0,0.0,,,,,,,,,,,,,,,,,,,-,-,-,-,-,-,-,-,-,-,-,-,0.0,0.0,-,-,-,-
TB20Y0734,20Y BGTB 23/07/2034,G-SEC (T.Bond),A,0.0,-,0.0,-0.27,111.04,0.0,0.0,,,,,,,,,,,,,,,,,,,-,-,-,-,-,-,-,-,-,-,-,-,0.0,0.0,-,-,-,-
TB20Y0735,20Y BGTB 29/07/2035,G-SEC (T.Bond),A,0.0,-,0.0,1.0,101.87,0.0,0.0,,,,,,,,,,,,,,,,,,,-,-,-,-,-,-,-,-,-,-,-,-,0.0,0.0,-,-,-,-
TB20Y0744,20Y BGTB 28/07/2044,G-SEC (T.Bond),A,26121.02,-,0.0,2.04,120.55,0.0,0.0,52.3586,-68.3525,119.04,0.0,0.0,117.9773,117.963,117.0,0.963,1.3848,127.1544,110.9256,0.0,-39.2373,119.7084,119.6122,119.3801,0.7149,-,-,-,-,-,-,-,-,-,-,-,-,0.0,0.0,-,-,2166820000.00,216682000
TB20Y0827,20Y BGTB 29/08/2027,G-SEC (T.Bond),A,0.0,-,0.0,-0.15,107.32,0.0,0.0,,,,,,,,,,,,,,,,,,,-,-,-,-,-,-,-,-,-,-,-,-,0.0,0.0,-,-,-,-
TB20Y0828,20Y BGTB 27/08/2028,G-SEC (T.Bond),A,0.0,-,0.0,0.18,106.73,0.0,0.0,,,,,,,,,,,,,,,,,,,-,-,-,-,-,-,-,-,-,-,-,-,0.0,0.0,-,-,-,-
TB20Y0829,20Y BGTB 26/08/2029,G-SEC (T.Bond),A,0.0,-,0.0,-0.08,95.85,0.0,0.0,,,,,,,,,,,,,,,,,,,-,-,-,-,-,-,-,-,-,-,-,-,0.0,0.0,-,-,-,-
TB20Y0830,20Y BGTB 25/08/2030,G-SEC (T.Bond),A,0.0,-,0.0,-0.04,96.94,0.0,0.0,,,,,,,,,,,,,,,,,,,-,-,-,-,-,-,-,-,-,-,-,-,0.0,0.0,-,-,-,-
TB20Y0831,20Y BGTB 24/08/2031,G-SEC (T.Bond),A,0.0,-,0.0,-1.37,99.28,0.0,0.0,,,,,,,,,,,,,,,,,,,-,-,-,-,-,-,-,-,-,-,-,-,0.0,0.0,-,-,-,-
TB20Y0832,20Y BGTB 29/08/2032,G-SEC (T.Bond),A,0.0,-,0.0,-0.31,109.41,0.0,0.0,,,,,,,,,,,,,,,,,,,-,-,-,-,-,-,-,-,-,-,-,-,0.0,0.0,-,-,-,-
TB20Y0833,20Y BGTB 29/08/2033,G-SEC (T.Bond),A,0.0,-,0.0,0.19,112.81,0.0,0.0,,,,,,,,,,,,,,,,,,,-,-,-,-,-,-,-,-,-,-,-,-,0.0,0.0,-,-,-,-
TB20Y0834,20Y BGTB 27/08/2034,G-SEC (T.Bond),A,0.0,-,0.0,-0.23,109.92,0.0,0.0,,,,,,,,,,,,,,,,,,,-,-,-,-,-,-,-,-,-,-,-,-,0.0,0.0,-,-,-,-
TB20Y0927,20Y BGTB 26/09/2027,G-SEC (T.Bond),A,0.0,-,0.0,-0.06,106.0,0.0,0.0,,,,,,,,,,,,,,,,,,,-,-,-,-,-,-,-,-,-,-,-,-,0.0,0.0,-,-,-,-
TB20Y0928,20Y BGTB 24/09/2028,G-SEC (T.Bond),A,0.0,-,0.0,0.19,106.87,0.0,0.0,,,,,,,,,,,,,,,,,,,-,-,-,-,-,-,-,-,-,-,-,-,0.0,0.0,-,-,-,-
TB20Y0930,20Y BGTB 29/09/2030,G-SEC (T.Bond),A,0.0,-,0.0,-0.5,96.45,0.0,0.0,,,,,,,,,,,,,,,,,,,-,-,-,-,-,-,-,-,-,-,-,-,0.0,0.0,-,-,-,-
TB20Y0931,20Y BGTB 28/09/2031,G-SEC (T.Bond),A,0.0,-,0.0,-1.49,101.63,0.0,0.0,,,,,,,,,,,,,,,,,,,-,-,-,-,-,-,-,-,-,-,-,-,0.0,0.0,-,-,-,-
TB20Y0932,20Y BGTB 26/09/2032,G-SEC (T.Bond),A,0.0,-,0.0,-0.13,109.64,0.0,0.0,,,,,,,,,,,,,,,,,,,-,-,-,-,-,-,-,-,-,-,-,-,0.0,0.0,-,-,-,-
TB20Y0933,20Y BGTB 25/09/2033,G-SEC (T.Bond),A,0.0,-,0.0,0.37,112.88,0.0,0.0,,,,,,,,,,,,,,,,,,,-,-,-,-,-,-,-,-,-,-,-,-,0.0,0.0,-,-,-,-
TB20Y0934,20Y BGTB 24/09/2034,G-SEC (T.Bond),A,0.0,-,0.0,-0.19,110.43,0.0,0.0,,,,,,,,,,,,,,,,,,,-,-,-,-,-,-,-,-,-,-,-,-,0.0,0.0,-,-,-,-
TB20Y1027,20Y BGTB 24/10/2027,G-SEC (T.Bond),A,0.0,-,0.0,0.05,105.83,0.0,0.0,,,,,,,,,,,,,,,,,,,-,-,-,-,-,-,-,-,-,-,-,-,0.0,0.0,-,-,-,-
TB20Y1028,20Y BGTB 29/10/2028,G-SEC (T.Bond),A,0.0,-,0.0,0.2,107.0,0.0,0.0,,,,,,,,,,,,,,,,,,,-,-,-,-,-,-,-,-,-,-,-,-,0.0,0.0,-,-,-,-
TB20Y1029,20Y BGTB 28/10/2029,G-SEC (T.Bond),A,0.0,-,0.0,-0.22,97.21,0.0,0.0,,,,,,,,,,,,,,,,,,,-,-,-,-,-,-,-,-,-,-,-,-,0.0,0.0,-,-,-,-
TB20Y1030,20Y BGTB 27/10/2030,G-SEC (T.Bond),A,0.0,-,0.0,-1.14,95.79,0.0,0.0,,,,,,,,,,,,,,,,,,,-,-,-,-,-,-,-,-,-,-,-,-,0.0,0.0,-,-,-,-
TB20Y1031,20Y BGTB 26/10/2031,G-SEC (T.Bond),A,0.0,-,0.0,-1.6,104.25,0.0,0.0,,,,,,,,,,,,,,,,,,,-,-,-,-,-,-,-,-,-,-,-,-,0.0,0.0,-,-,-,-
TB20Y1032,20Y BGTB 25/10/2032,G-SEC (T.Bond),A,0.0,-,0.0,-0.08,109.55,0.0,0.0,,,,,,,,,,,,,,,,,,,-,-,-,-,-,-,-,-,-,-,-,-,0.0,0.0,-,-,-,-
TB20Y1033,20Y BGTB 23/10/2033,G-SEC (T.Bond),A,0.0,-,0.0,0.56,112.95,0.0,0.0,,,,,,,,,,,,,,,,,,,-,-,-,-,-,-,-,-,-,-,-,-,0.0,0.0,-,-,-,-
TB20Y1034,20Y BGTB 29/10/2034,G-SEC (T.Bond),A,0.0,-,0.0,-0.14,110.45,0.0,0.0,,,,,,,,,,,,,,,,,,,-,-,-,-,-,-,-,-,-,-,-,-,0.0,0.0,-,-,-,-
TB20Y1127,20Y BGTB 28/11/2027,G-SEC (T.Bond),A,0.0,-,0.0,0.09,105.56,0.0,0.0,,,,,,,,,,,,,,,,,,,-,-,-,-,-,-,-,-,-,-,-,-,0.0,0.0,-,-,-,-
TB20Y1128,20Y BGTB 26/11/2028,G-SEC (T.Bond),A,0.0,-,0.0,0.21,107.16,0.0,0.0,,,,,,,,,,,,,,,,,,,-,-,-,-,-,-,-,-,-,-,-,-,0.0,0.0,-,-,-,-
TB20Y1130,20Y BGTB 24/11/2030,G-SEC (T.Bond),A,0.0,-,0.0,-1.27,96.34,0.0,0.0,,,,,,,,,,,,,,,,,,,-,-,-,-,-,-,-,-,-,-,-,-,0.0,0.0,-,-,-,-
TB20Y1131,20Y BGTB 23/11/2031,G-SEC (T.Bond),A,0.0,-,0.0,-1.71,104.19,0.0,0.0,,,,,,,,,,,,,,,,,,,-,-,-,-,-,-,-,-,-,-,-,-,0.0,0.0,-,-,-,-
TB20Y1132,20Y BGTB 28/11/2032,G-SEC (T.Bond),A,0.0,-,0.0,-0.04,109.53,0.0,0.0,,,,,,,,,,,,,,,,,,,-,-,-,-,-,-,-,-,-,-,-,-,0.0,0.0,-,-,-,-
TB20Y1133,20Y BGTB 27/11/2033,G-SEC (T.Bond),A,0.0,-,0.0,0.82,112.26,0.0,0.0,,,,,,,,,,,,,,,,,,,-,-,-,-,-,-,-,-,-,-,-,-,0.0,0.0,-,-,-,-
TB20Y1134,20Y BGTB 26/11/2034,G-SEC (T.Bond),A,0.0,-,0.0,-0.1,110.47,0.0,0.0,,,,,,,,,,,,,,,,,,,-,-,-,-,-,-,-,-,-,-,-,-,0.0,0.0,-,-,-,-
TB20Y1135,20Y BGTB 25/11/2035,G-SEC (T.Bond),A,0.0,-,0.0,0.19,90.82,0.0,0.0,,,,,,,,,,,,,,,,,,,-,-,-,-,-,-,-,-,-,-,-,-,0.0,0.0,-,-,-,-
TB20Y1138,20Y BGTB 28/11/2038,G-SEC (T.Bond),A,0.0,-,0.0,0.38,86.5,0.0,0.0,,,,,,,,,,,,,,,,,,,-,-,-,-,-,-,-,-,-,-,-,-,0.0,0.0,-,-,-,-
TB20Y1227,20Y BGTB 26/12/2027,G-SEC (T.Bond),A,0.0,-,0.0,0.1,105.46,0.0,0.0,,,,,,,,,,,,,,,,,,,-,-,-,-,-,-,-,-,-,-,-,-,0.0,0.0,-,-,-,-
TB20Y1228,20Y BGTB 24/12/2028,G-SEC (T.Bond),A,0.0,-,0.0,0.21,107.28,0.0,0.0,,,,,,,,,,,,,,,,,,,-,-,-,-,-,-,-,-,-,-,-,-,0.0,0.0,-,-,-,-
TB20Y1229,20Y BGTB 23/12/2029,G-SEC (T.Bond),A,0.0,-,0.0,-0.44,96.92,0.0,0.0,,,,,,,,,,,,,,,,,,,-,-,-,-,-,-,-,-,-,-,-,-,0.0,0.0,-,-,-,-
TB20Y1230,20Y BGTB 29/12/2030,G-SEC (T.Bond),A,0.0,-,0.0,-1.46,96.57,0.0,0.0,,,,,,,,,,,,,,,,,,,-,-,-,-,-,-,-,-,-,-,-,-,0.0,0.0,-,-,-,-
TB20Y1231,20Y BGTB 28/12/2031,G-SEC (T.Bond),A,0.0,-,0.0,-1.86,104.12,0.0,0.0,,,,,,,,,,,,,,,,,,,-,-,-,-,-,-,-,-,-,-,-,-,0.0,0.0,-,-,-,-
TB20Y1232,20Y BGTB 26/12/2032,G-SEC (T.Bond),A,0.0,-,0.0,-0.01,109.97,0.0,0.0,,,,,,,,,,,,,,,,,,,-,-,-,-,-,-,-,-,-,-,-,-,0.0,0.0,-,-,-,-
TB20Y1233,20Y BGTB 26/12/2033,G-SEC (T.Bond),A,0.0,-,0.0,1.03,112.35,0.0,0.0,,,,,,,,,,,,,,,,,,,-,-,-,-,-,-,-,-,-,-,-,-,0.0,0.0,-,-,-,-
TB20Y1242,20Y BGTB 28/12/2042,G-SEC (T.Bond),A,0.0,-,0.0,-0.08,88.95,0.0,0.0,,,,,,,,,,,,,,,,,,,-,-,-,-,-,-,-,-,-,-,-,-,0.0,0.0,-,-,-,-
TB2Y0126,,,,,,,,,,,58.6375,-22.508,0.0,0.0,0.0,100.372,100.3646,100.3519,0.0128,0.0026,0.0,0.0,0.0,0.0,100.4411,100.4459,100.4364,0.0627,,,,,,,,,,,,,,,,,,
TB2Y0127,02Y BGTB 08/01/2027,G-SEC (T.Bond),A,0.0,-,0.0,-0.37,101.33,0.0,0.0,,,,,,,,,,,,,,,,,,,-,-,-,-,-,-,-,-,-,-,-,-,0.0,0.0,-,-,-,-
TB2Y0227,02 Year BGTB 05/02/2027,G-SEC (T.Bond),A,0.0,-,0.0,-0.48,100.47,0.0,0.0,,,,,,,,,,,,,,,,,,,-,-,-,-,-,-,-,-,-,-,-,-,0.0,0.0,-,-,-,-
TB2Y0327,02 Year BGTB 05/03/2027,G-SEC (T.Bond),A,0.0,-,0.0,-0.46,100.77,0.0,0.0,,,,,,,,,,,,,,,,,,,-,-,-,-,-,-,-,-,-,-,-,-,0.0,0.0,-,-,-,-
TB2Y0426,02Y BGTB 03/04/2026,G-SEC (T.Bond),A,0.0,-,0.0,0.0,100.12,0.0,0.0,53.0772,-27.1574,100.0655,0.0,0.0,100.0504,100.0308,100.0451,-0.0143,-0.0641,102.1336,97.9974,0.0,-388.8218,100.1556,100.1385,100.0661,-0.0007,-,-,-,-,-,-,-,-,-,-,-,-,0.0,0.0,-,-,-,-
TB2Y0427,02Y BGTB 09/04/2027,G-SEC (T.Bond),A,0.0,-,0.0,-0.43,101.89,0.0,0.0,,,,,,,,,,,,,,,,,,,-,-,-,-,-,-,-,-,-,-,-,-,0.0,0.0,-,-,-,-
TB2Y0526,02Y BGTB 08/05/2026,G-SEC (T.Bond),A,0.0,-,0.0,0.01,100.29,0.0,0.0,49.76,-40.7821,100.4645,0.0,0.0,100.316,100.2853,100.1843,0.1009,0.0809,102.1391,98.7899,0.0,16769.8916,100.4756,100.4729,100.47,-0.0233,-,-,-,-,-,-,-,-,-,-,-,-,0.0,0.0,-,-,-,-
TB2Y0527,02Y BGTB 07/05/2027,G-SEC (T.Bond),A,0.0,-,0.0,-0.4,101.83,0.0,0.0,,,,,,,,,,,,,,,,,,,-,-,-,-,-,-,-,-,-,-,-,-,0.0,0.0,-,-,-,-
TB2Y0626,02 Years BGTB 05/06/2026,G-SEC (T.Bond),A,0.0,-,0.0,0.01,100.49,0.0,0.0,,,,,,,,,,,,,,,,,,,-,-,-,-,-,-,-,-,-,-,-,-,0.0,0.0,-,-,-,-
TB2Y0627,02Y BGTB 04/06/2027,G-SEC (T.Bond),A,0.0,-,0.0,-0.36,102.37,0.0,0.0,,,,,,,,,,,,,,,,,,,-,-,-,-,-,-,-,-,-,-,-,-,0.0,0.0,-,-,-,-
TB2Y0727,5Y BGTB 13/07/2027,G-SEC (T.Bond),A,0.0,-,0.0,-0.28,101.79,0.0,0.0,,,,,,,,,,,,,,,,,,,-,-,-,-,-,-,-,-,-,-,-,-,0.0,0.0,-,-,-,-
TB2Y0826,2Y BGTB 07/08/2026,G-SEC (T.Bond),A,35304.5,-,0.0,0.01,100.87,0.0,0.0,50.2829,-50.6173,100.8775,0.0,0.0,100.6622,100.6601,100.4805,0.1796,0.2596,102.7068,99.0482,0.0,3713.4146,100.6542,100.6897,100.7843,-0.0271,-,-,-,-,-,-,-,-,-,-,-,-,0.0,0.0,-,-,3500000000.00,350000000
TB2Y0927,02Y BGTB 03/09/2027,G-SEC (T.Bond),A,25050.0,-,0.0,-0.13,100.2,0.0,0.0,,,,,,,,,,,,,,,,,,,-,-,-,-,-,-,-,-,-,-,-,-,0.0,0.0,-,-,2500000000.00,250000000
TB2Y1026,02Y BGTB 02/10/2026,G-SEC (T.Bond),A,0.0,-,0.0,0.0,101.14,0.0,0.0,,,,,,,,,,,,,,,,,,,-,-,-,-,-,-,-,-,-,-,-,-,0.0,0.0,-,-,-,-
TB2Y1126,02Y BGTB 06/11/2026,G-SEC (T.Bond),A,0.0,-,0.0,0.07,101.37,0.0,0.0,52.0396,-64.7525,101.2665,0.0,0.0,100.8916,100.8092,100.2897,0.5195,0.583,104.011,98.522,0.0,-416.1955,101.3813,101.3841,101.3191,0.0013,-,-,-,-,-,-,-,-,-,-,-,-,0.0,0.0,-,-,-,-
TB5Y0128,5Y BGTB 11/01/2028,G-SEC (T.Bond),A,0.0,-,0.0,0.12,97.29,0.0,0.0,,,,,,,,,,,,,,,,,,,-,-,-,-,-,-,-,-,-,-,-,-,0.0,0.0,-,-,-,-
TB5Y0230,05Y BGTB 12/02/2030,G-SEC (T.Bond),A,0.0,-,0.0,-0.4,101.28,0.0,0.0,,,,,,,,,,,,,,,,,,,-,-,-,-,-,-,-,-,-,-,-,-,0.0,0.0,-,-,-,-
TB5Y0326,05Y BGTB 18/03/2026,G-SEC (T.Bond),A,0.0,-,0.0,0.02,99.75,0.0,0.0,,,,,,,,,,,,,,,,,,,-,-,-,-,-,-,-,-,-,-,-,-,0.0,0.0,-,-,-,-
TB5Y0327,05Y BGTB 16/03/2027,G-SEC (T.Bond),A,0.0,-,0.0,-0.45,96.07,0.0,0.0,,,,,,,,,,,,,,,,,,,-,-,-,-,-,-,-,-,-,-,-,-,0.0,0.0,-,-,-,-
TB5Y0428,5Y BGTB 14/06/2028,G-SEC (T.Bond),A,0.0,-,0.0,0.16,96.88,0.0,0.0,,,,,,,,,,,,,,,,,,,-,-,-,-,-,-,-,-,-,-,-,-,0.0,0.0,-,-,-,-
TB5Y0429,05Y BGTB 15/04/2029,G-SEC (T.Bond),A,0.0,-,0.0,0.27,105.51,0.0,0.0,53.2582,-51.7241,104.8795,0.0,0.0,103.815,103.8634,103.7006,0.1627,0.3456,109.1135,100.6455,0.0,596.3555,104.6151,104.6146,104.7009,-0.0465,-,-,-,-,-,-,-,-,-,-,-,-,0.0,0.0,-,-,-,-
TB5Y0430,05Y BGTB 16/04/2030,G-SEC (T.Bond),A,0.0,-,107.19,-0.88,107.19,1.286,12000.0,,,,,,,,,,,,,,,,,,,-,-,-,-,-,-,-,-,-,-,-,-,0.0,0.0,-,-,-,-
TB5Y0527,05Y BGTB 18/05/2027,G-SEC (T.Bond),A,0.0,-,0.0,-0.37,97.17,0.0,0.0,,,,,,,,,,,,,,,,,,,-,-,-,-,-,-,-,-,-,-,-,-,0.0,0.0,-,-,-,-
TB5Y0529,05Y BGTB 15/05/2029,G-SEC (T.Bond),A,0.0,-,0.0,-0.04,106.09,0.0,0.0,52.7667,-50.9434,106.0,105.4828,0.0,104.3911,104.323,104.0215,0.3015,0.2938,108.8333,103.1667,0.0,-1634.1048,105.9967,105.9796,105.9793,0.0458,-,-,-,-,-,-,-,-,-,-,-,-,0.0,0.0,-,-,-,-
TB5Y0626,05Y BGTB 16/06/2026,G-SEC (T.Bond),A,0.0,-,0.0,0.04,98.25,0.0,0.0,,,,,,,,,,,,,,,,,,,-,-,-,-,-,-,-,-,-,-,-,-,0.0,0.0,-,-,-,-
TB5Y0628,5Y BGTB 14/06/2028,G-SEC (T.Bond),A,0.0,-,0.0,0.16,97.6,0.0,0.0,,,,,,,,,,,,,,,,,,,-,-,-,-,-,-,-,-,-,-,-,-,0.0,0.0,-,-,-,-
TB5Y0630,05Y BGTB 18/06/2030,G-SEC (T.Bond),A,0.0,-,0.0,-0.22,107.94,0.0,0.0,60.385,-69.3277,0.0,0.0,0.0,106.37,106.37,106.37,0.0,0.0,0.0,0.0,0.0,0.0,106.6693,106.721,106.8679,-0.3366,-,-,-,-,-,-,-,-,-,-,-,-,0.0,0.0,-,-,-,-
TB5Y0828,5Y BGTB 09/08/2028,G-SEC (T.Bond),A,0.0,-,0.0,0.18,97.98,0.0,0.0,,,,,,,,,,,,,,,,,,,-,-,-,-,-,-,-,-,-,-,-,-,0.0,0.0,-,-,-,-
TB5Y0926,05Y BGTB 15/09/2026,G-SEC (T.Bond),A,0.0,-,0.0,0.02,97.4,0.0,0.0,,,,,,,,,,,,,,,,,,,-,-,-,-,-,-,-,-,-,-,-,-,0.0,0.0,-,-,-,-
TB5Y0928,5Y BGTB 13/09/2028,G-SEC (T.Bond),A,0.0,-,0.0,0.19,98.13,0.0,0.0,,,,,,,,,,,,,,,,,,,-,-,-,-,-,-,-,-,-,-,-,-,0.0,0.0,-,-,-,-
TB5Y0930,05Y BGTB 10/09/2030,G-SEC (T.Bond),A,19950.0,-,0.0,0.0,99.75,0.0,0.0,,,,,,,,,,,,,,,,,,,-,-,-,-,-,-,-,-,-,-,-,-,0.0,0.0,-,-,2000000000.00,200000000
TB5Y1029,05Y BGTB 09/10/2029,G-SEC (T.Bond),A,0.0,-,0.0,-0.11,106.81,0.0,0.0,55.1271,-64.988,106.57,0.0,0.0,105.1978,105.1633,105.0642,0.0992,0.0701,111.2132,101.9268,0.0,-20.0362,106.2511,106.3574,106.473,0.1016,-,-,-,-,-,-,-,-,-,-,-,-,0.0,0.0,-,-,-,-
TB5Y1126,05Y BGTB 10/11/2026,G-SEC (T.Bond),A,0.0,-,0.0,-0.01,97.63,0.0,0.0,,,,,,,,,,,,,,,,,,,-,-,-,-,-,-,-,-,-,-,-,-,0.0,0.0,-,-,-,-
TB5Y1127,5Y BGTB 16/11/2027,G-SEC (T.Bond),A,0.0,-,0.0,0.1,96.83,0.0,0.0,,,,,,,,,,,,,,,,,,,-,-,-,-,-,-,-,-,-,-,-,-,0.0,0.0,-,-,-,-
TB5Y1128,5Y BGTB 15/11/2028,G-SEC (T.Bond),A,0.0,-,0.0,0.22,102.35,0.0,0.0,58.9147,-22.0493,0.0,0.0,0.0,101.12,101.12,101.12,0.0,0.0,0.0,0.0,0.0,0.0,101.7644,101.8341,101.8932,0.2043,-,-,-,-,-,-,-,-,-,-,-,-,0.0,0.0,-,-,-,-
TB5Y1228,5Y BGTB 13/12/2028,G-SEC (T.Bond),A,0.0,-,99.15,-1.49,99.15,0.297,3000.0,,,,,,,,,,,,,,,,,,,-,-,-,-,-,-,-,-,-,-,-,-,0.0,0.0,-,-,-,-
TB5Y1229,05Y BGTB 11/12/2029,G-SEC (T.Bond),A,32103.0,-,0.0,1.59,107.01,0.0,0.0,56.0635,-17.9059,106.9095,0.0,0.0,104.5842,104.1167,102.8263,1.2905,0.8712,112.1693,101.6497,0.0,0.0,106.694,106.7308,106.8217,0.0333,-,-,-,-,-,-,-,-,-,-,-,-,0.0,0.0,-,-,3000000000.00,300000000
TECHNODRUG,Techno Drugs Limited,Pharmaceuticals & Chemicals,A,3893.95,17.67,29.5,-5.14,29.5,22.776,755457.0,41.7447,-97.8261,31.155,30.476,31.3435,30.9287,31.0111,30.984,0.027,0.2207,32.9943,29.3157,194.2,-212736.749,30.8978,31.0423,31.1929,1.0329,3.39,2.281,0.386,1.639,-,0.211,0.069,0.436,0.032,0.058,-,-,1.76,30.58,17.67,17.87,1319981880.00,131998188
TILIL,Trust Islami Life Insurance Ltd.,Insurance,B,1700.0,225.00,42.5,-5.56,42.5,14.097,321020.0,32.6351,-94.186,47.005,46.414,48.721,45.4393,45.8677,46.5906,-0.723,-0.1225,50.5859,43.4241,365.23,-474730.6947,45.0644,45.5846,46.3462,1.6576,1.18,-,-,-,-,-,-,-,-,-,-,-,0.2,12.13,225.00,-,400000000.00,40000000
TITASGAS,Titas Gas Transmission and Distribution PLC,Fuel & Power,B,16520.0,-,16.7,-2.34,16.7,5.601,331109.0,45.6042,-93.3333,17.43,16.43,18.484,17.2281,17.2767,17.1151,0.1616,0.3443,18.8811,15.9789,13.3,-372985.1486,17.1511,17.3167,17.4819,1.3381,1.20,1.176,-,1.157,0.004,-,-,0.009,-,-,-,-,-7.8,90.13,-,-,9892218310.00,989221831
TOSRIFA,Tosrifa Industries Limited,Textile,B,1128.55,22.53,16.6,-1.78,16.6,4.225,253651.0,45.3111,-88.8889,17.005,16.838,18.529,16.9075,16.9287,16.924,0.0048,0.0537,17.7083,16.3017,101.65,-99342.2162,16.8978,16.9179,17.0043,1.2745,2.41,0.900,-,0.423,-,-,-,-,-,-,-,-,0.75,31.52,22.53,49.71,679851190.00,67985119
TRUSTB1MF,Trust Bank 1st Mutual Fund,Mutual Funds,A,850.04,-,2.7,-3.45,2.8,2.557,906378.0,55.8488,-66.6667,2.7,2.534,3.123,2.7771,2.7578,2.6727,0.085,0.0825,3.0309,2.3691,76.73,1306874.0854,2.7844,2.7846,2.761,1.1945,-,-,-,-,-,-,-,-,-,-,-,-,-1.96,8.16,-,-,3035866750.00,303586675
TRUSTBANK,Trust Bank PLC.,Bank,A,17992.84,4.69,18.1,-4.23,18.1,45.81,2484692.0,42.5271,-87.5,18.79,18.188,18.327,18.6931,18.7082,18.5901,0.118,0.2067,19.3879,18.1921,93.48,1527506.6384,18.6978,18.7231,18.7738,0.675,4.14,-,-,-,-,0.646,0.179,-,0.007,0.146,0.007,-,4.03,27.56,4.69,5.31,9940794820.00,994079482
TUNGHAI,Tung Hai Knitting & Dyeing Limited,Textile,Z,351.95,-,3.3,10.0,3.3,4.29,1303374.0,81.6125,0.0,2.335,1.87,2.1235,2.7448,2.6391,2.3086,0.3305,0.2539,3.2182,1.4518,76.51,1503182.3094,2.8067,2.7397,2.5557,1.2908,-,0.182,-,0.044,-,-,-,-,-,-,-,-,-0.42,-6.18,-,-,1066530300.00,106653030
UCB,United Commercial Bank PLC,Bank,A,15348.72,202.00,9.9,-1.98,9.9,14.069,1406485.0,46.5707,-81.8182,10.065,10.094,10.186,10.0045,10.0145,10.035,-0.0204,-0.0081,10.4558,9.6742,31.38,-146589.281,9.9889,9.9949,10.039,1.0336,-,-,-,-,-,0.388,0.002,-,0.000,0.002,0.000,-,0.05,26.42,202.00,23.67,15503758980.00,1550375898
UCB2PBOND,UCB 2nd Perpetual Bond,Corporate Bond,A,282.0,-,0.0,0.0,4700.0,0.0,0.0,,,,,,,,,,,,,,,,,,,0.02,-,-,-,-,-,-,-,-,-,-,-,0.0,0.0,-,-,600000.00,60000
UNILEVERCL,Unilever Consumer Care Limited,Food & Allied,A,41474.48,63.17,2151.8,-1.6,2151.8,1.548,714.0,35.8205,-93.6352,2207.765,2183.792,2315.2095,2199.157,2201.9265,2201.1876,0.739,7.1689,2258.5295,2157.0005,0.66,-476.1233,2198.7422,2203.5782,2209.1957,0.3773,2.42,0.753,5.520,0.509,-,0.178,0.131,0.668,0.070,1.102,-,-,34.62,126.83,63.17,50.33,192743180.00,19274318
UNIONBANK,Union Bank PLC.,Bank,Z,1554.42,0.96,0.0,0.0,1.5,0.0,0.0,31.6231,-100.0,1.705,1.9,3.085,1.6132,1.639,1.7458,-0.1068,-0.1005,1.9248,1.4852,48.52,-791884.7608,1.5867,1.6077,1.659,1.0097,-,-,-,-,-,0.522,0.191,-,0.005,0.098,0.006,-,1.58,16.03,0.96,-,10362804480.00,1036280448
UNIONCAP,Union Capital Limited,Financial Institutions,Z,1173.5,-,6.8,3.03,6.8,30.035,4376133.0,80.1675,-12.9032,4.745,3.732,4.0405,5.6627,5.4155,4.6965,0.719,0.5144,6.6104,2.8796,178.36,4455629.3887,5.8267,5.5846,5.1862,1.816,-,-,-,-,-,1.462,3.854,-,-,-,-,-,-11.99,-63.02,-,-,1725738430.00,172573843
UNIONINS,Union Insurance Company Limited,Insurance,A,1597.27,18.56,33.0,-4.9,33.0,2.966,87459.0,33.3496,-95.082,35.835,36.416,32.956,35.0454,35.3099,35.8006,-0.4906,-0.1406,37.9499,33.7201,171.76,-281884.3373,34.8778,35.1936,35.6181,1.7055,3.03,-,-,-,-,-,-,-,-,-,-,-,1.87,18.34,18.56,14.46,484022600.00,48402260
UNIQUEHRL,Unique Hotel & Resorts PLC,Travel & Leisure,A,11069.44,7.43,37.6,-2.34,37.6,7.106,187869.0,40.3886,-80.8511,38.92,38.478,38.354,38.6497,38.7337,38.7472,-0.0136,0.1644,40.3747,37.4653,19.77,-189277.1343,38.6111,38.7667,38.941,1.2195,4.26,1.239,0.117,1.221,0.174,0.451,0.122,0.728,0.008,0.014,-,-,5.18,93.91,7.43,8.37,2944000000.00,294400000
UNITEDFIN,United Finance PLC.,Financial Institutions,A,2413.78,12.14,12.9,-5.15,12.9,7.372,559127.0,55.0468,-60.0,12.61,12.09,12.3965,12.8563,12.7894,12.5324,0.2571,0.2312,13.4533,11.7667,75.87,486377.6753,12.8933,12.8474,12.7605,1.6915,7.75,-,-,-,-,0.404,0.155,-,-,-,-,0.108,1.12,17.84,12.14,44.35,1871146140.00,187114614
UNITEDINS,United Insurance Company Ltd.,Insurance,A,1766.65,18.72,39.7,-6.15,39.7,1.047,25870.0,32.8125,-92.6471,43.125,42.544,40.1215,42.1902,42.4694,42.8538,-0.3844,0.0479,45.4761,40.7739,41.7,-46973.503,42.0111,42.3449,42.8095,1.1566,3.78,-,-,-,-,-,-,-,-,-,-,-,2.26,30.59,18.72,13.50,445000000.00,44500000
UPGDCL,United Power Generation & Distribution Company Limited,Fuel & Power,A,68519.98,6.00,118.2,-4.6,118.2,5.556,46174.0,34.8941,-95.3125,124.5,120.702,127.9925,123.7758,124.0376,123.4834,0.5542,1.39,130.3849,118.6151,1.8,-22667.1331,123.7689,124.4167,124.8581,0.8106,5.50,0.998,-,0.863,0.238,0.289,0.237,0.295,0.113,0.237,-,-,20.66,73.89,6.00,6.20,5796952700.00,579695270
USMANIAGL,Usmania Glass Sheet Factory Limited,Miscellaneous,Z,602.42,-,34.6,-6.23,34.6,0.97,27542.0,54.4132,-67.0886,33.5,32.334,33.134,35.1315,34.7417,33.5831,1.1585,0.8476,37.5559,29.4441,30.82,13024.8704,35.5911,35.1538,34.37,1.1224,-,0.654,-,0.293,-,-,-,-,-,-,-,-,-5.34,64.73,-,-,174109000.00,17410900
UTTARABANK,Uttara Bank PLC,Bank,A,23868.61,4.47,24.6,-5.02,24.6,130.915,5239133.0,47.5252,-89.4737,25.06,24.166,21.86,25.2658,25.2167,24.8682,0.3485,0.4046,25.9967,24.1233,80.46,2747139.161,25.3533,25.309,25.209,0.6685,7.11,-,-,-,-,0.615,0.268,-,0.017,0.181,0.020,-,5.79,32.07,4.47,5.61,9702688720.00,970268872
UTTARAFIN,Uttara Finance and Investments Limited,Financial Institutions,Z,1801.3,1.53,13.7,-5.52,13.7,3.55,255760.0,59.4758,-50.0,13.015,11.0,12.054,13.4545,13.2847,12.4913,0.7934,0.7939,14.8437,11.1863,28.23,65774.6303,13.5267,13.4282,13.3186,1.3268,10.95,-,-,-,-,0.983,0.593,-,-,-,-,0.564,9.45,62.45,1.53,6.47,1314815040.00,131481504
VAMLBDMF1,Vanguard AML BD Finance Mutual Fund One,Mutual Funds,A,740.67,-,0.0,0.0,7.1,0.0,0.0,45.814,-71.4286,7.16,7.212,6.843,7.2057,7.2027,7.1776,0.025,0.03,7.4458,6.8742,37.43,-4593.511,7.2333,7.2385,7.21,0.7387,-,-,-,-,-,-,-,-,-,-,-,-,-0.1,9.55,-,-,1043200000.00,104320000
VAMLRBBF,Vanguard AML Rupali Bank Balanced Fund,Mutual Funds,A,920.72,-,5.8,-3.33,5.8,0.474,80807.0,48.4167,-85.7143,5.9,5.682,5.7045,5.9492,5.9441,5.8539,0.0902,0.1213,6.4429,5.3571,17.64,-126163.137,5.9511,5.9808,5.9805,1.0206,-,-,-,-,-,-,-,-,-,-,-,-,-0.37,8.38,-,-,1587450000.00,158745000
VFSTDL,VFS Thread Dyeing Limited,Textile,B,1171.94,131.11,11.1,-5.93,11.1,15.286,1337610.0,39.894,-86.9565,11.76,12.036,9.201,11.7278,11.7645,11.8211,-0.0566,-0.0024,12.5689,10.9511,355.4,-1595251.1862,11.7267,11.7859,11.8219,1.4481,0.23,4.965,-,3.470,-,-,-,-,-,-,-,-,0.09,20.34,131.11,295.00,1055800550.00,105580055
WALTONHIL,Walton Hi-Tech Industries PLC,Engineering,A,131322.47,11.83,394.1,-2.67,394.1,14.533,36568.0,42.0946,-93.9794,411.13,390.614,410.051,407.7411,408.4257,404.2691,4.1566,7.616,437.06,385.2,3.77,-49948.7543,407.1644,409.3641,412.2095,0.9592,4.44,2.550,0.046,1.513,-,0.209,0.146,0.360,0.066,0.086,-,-,34.22,399.74,11.83,18.57,3332211770.00,333221177
WATACHEM,Wata Chemicals Ltd,Pharmaceuticals & Chemicals,A,1836.52,179.86,123.9,-6.91,123.9,4.517,35479.0,31.9413,-93.2143,134.1,135.34,126.865,132.949,133.4738,134.0404,-0.5666,0.3193,141.0836,127.1164,77.36,-95521.7555,133.0289,133.7897,134.2157,1.0762,0.81,0.545,0.439,0.490,-,0.249,0.014,0.296,0.004,0.012,-,-,0.74,61.09,179.86,83.19,148226180.00,14822618
WMSHIPYARD,Western Marine Shipyard Limited,Engineering,Z,1928.67,-,8.2,-7.87,8.2,8.552,1009608.0,49.9726,-72.7273,8.215,8.052,8.325,8.3559,8.3198,8.2064,0.1134,0.0876,8.7433,7.6867,60.83,209012.5051,8.3911,8.3474,8.2938,1.5594,-,7.577,-,4.239,-,0.363,-,0.374,-,-,-,-,-0.02,16.16,-,-,2352037690.00,235203769
YPL,Yeakin Polymer Limited,Engineering,Z,1149.7,-,15.6,-4.29,15.6,1.411,89246.0,41.7988,-93.5484,16.56,16.602,15.424,16.3001,16.3671,16.4134,-0.0463,0.0792,18.0642,15.0558,91.21,-232015.1324,16.2156,16.3603,16.5743,1.4888,-,0.860,-,0.442,-,-,-,-,-,-,-,-,-0.71,6.16,-,-,736988170.00,73698817
ZAHEENSPIN,Zaheen Spinning Limited,Textile,Z,603.29,-,5.3,0.0,5.3,2.278,430555.0,61.0962,-50.0,4.875,4.328,5.3965,5.1391,5.0763,4.7901,0.2862,0.2831,5.9048,3.8452,72.77,129072.9281,5.1867,5.1667,5.0805,1.3491,-,0.790,-,0.755,-,-,-,-,-,-,-,-,-0.55,3.39,-,-,1138283680.00,113828368
ZAHINTEX,Zahintex Industries Limited,Textile,Z,556.43,-,6.8,0.0,6.8,1.978,291433.0,73.6403,-16.6667,6.1,5.94,5.202,6.4142,6.339,6.1353,0.2038,0.1347,6.7775,5.4225,37.84,64723.7692,6.46,6.3949,6.2629,1.0195,-,2.167,-,0.632,-,-,-,-,-,-,-,-,-2.58,10.01,-,-,818285490.00,81828549
ZEALBANGLA,Zeal Bangla Sugar Mills Limited,Food & Allied,Z,791.4,-,131.9,-3.16,131.9,2.716,20326.0,43.9984,-76.4192,137.575,137.266,104.88,136.7009,136.9285,136.6915,0.2371,0.8485,143.974,131.176,87.04,-40133.7048,136.8889,136.8987,137.3914,1.0255,-,0.164,-,0.063,-,-,-,-,-,0.070,-,-,-78.87,-1139.19,-,-,60000000.00,6000000
