Symbol,Company,Sector,Category,Market Cap (mn),PE,LTP,%,Close,Value(Turnover) (mn),Volume(Qty),RSI[14],Willams %R[14],SMA[20],SMA[50],SMA[200],EMA[9],EMA[12],EMA[26],"MACD[12,26]",MACD Signal[9],"BB Upper[20,2]","BB Lower[20,2]",TV[22],"CO[3,10]",WMA[9],WMA[12],WMA[20],Beta[5],VWMA[20],VWMA[50],VWMA[200],Dividend Yield,Current Ratio,Quick Ratio,Debt To Equity,EBITDA Margin,Operating Profit Margin,Net Profit Margin,Gross Profit Margin,Return on Assets (ROA),Return on Equity (ROE),Return on Earnings Assets (ROEA),Return on Investment (ROI),YCP,Change,Trade,Value (Turnover)(mn),Free Float,Institute Share %,Public Share %,Sponsor Director Share %,Govt. Share %,Foreign Share %,Stock Dividend,Cash Dividend,EPS,NAV(Year End),Last Dividend Date,Last AGM Date,Audited PE,Forward PE,PaidUp Capital,Quote Bases,Total Shares
1JANATAMF,First Janata Bank Mutual Fund,Mutual Funds,A,1014.73,-,3.50,-2.78,3.50,1.8330,"514,297",45.0112,-80.0000,3.5600,3.6780,3.0825,3.6058,3.6042,3.5935,0.0107,0.0122,3.8383,3.2817,166.4000,-938877.4608,3.6244,3.6372,3.6048,1.2948,0.0000,0.0000,0.0000,-,-,-,-,-,-,-,-,-,-,-,-,3.60,-0.10,89,1.8330,75.00%,30.20%,44.80%,25.00%,0.00%,0.00%,-,-,-2.24,7.54,15 Sep 2024,-,-,-,2899233490.00,A-MF,289923349
1STPRIMFMF,Prime Finance First Mutual Fund,Mutual Funds,A,644.00,-,32.20,2.88,32.20,58.8860,"1,833,653",63.3329,-36.9128,27.9500,25.2460,21.1820,31.8497,31.0873,28.3348,2.7525,2.3736,38.6932,17.2068,2161.8400,27340.5698,33.1333,32.7244,30.4943,0.9642,0.0000,0.0000,0.0000,-,-,-,-,-,-,-,-,-,-,-,-,31.30,0.90,"1,923",58.8860,98.00%,22.05%,75.94%,2.00%,0.00%,0.01%,-,-,-0.53,8.60,01 Feb 2026,-,-,12.93,200000000.00,A-MF,20000000
AAMRANET,Aamra Networks Limited.,IT Sector,Z,1729.43,7.85,18.60,-3.63,18.60,2.2890,"122,028",45.6556,-45.8333,18.4900,19.7120,18.0260,18.9370,18.9003,19.0253,-0.1251,-0.2647,19.8849,17.0951,63.2400,-84199.3035,19.0356,19.0141,18.7924,1.3884,0.0000,0.0000,0.0000,0.05,2.957,-,2.304,0.204,0.214,0.188,0.399,0.055,0.067,-,-,19.30,-0.70,177,2.2890,66.96%,21.74%,45.22%,33.04%,0.00%,0.00%,-,0.10,0.13,36.14,06 Sep 2026,-,7.85,-,929799120.00,Z-EQ,92979912
AAMRATECH,Aamra Technologies Limited,IT Sector,Z,1054.73,-,0.00,-1.81,16.30,0.7610,"46,452",42.0034,-73.3333,16.5800,18.5340,14.4375,16.4751,16.5289,16.9821,-0.4531,-0.5482,17.5546,15.6054,33.6500,-53215.9145,16.4444,16.4744,16.4800,1.5694,0.0000,0.0000,0.0000,0.15,1.988,-,1.236,-,-,-,0.200,-,-,-,-,16.60,-0.30,72,0.7610,69.99%,29.97%,40.02%,30.01%,0.00%,0.00%,-,0.25,-3.17,18.46,13 Jul 2026,-,-,-,647074420.00,Z-EQ,64707442
ABB1STMF,AB BANK 1ST MUTUAL FUND,Mutual Funds,A,836.82,-,3.50,-2.78,3.50,2.5390,"716,954",43.4909,-83.3333,3.6200,3.7420,3.2140,3.6261,3.6314,3.6426,-0.0112,-0.0047,3.8503,3.3897,314.5600,-2702250.7877,3.6333,3.6526,3.6405,1.2583,0.0000,0.0000,0.0000,-,-,-,-,-,-,-,-,-,-,-,-,3.60,-0.10,93,2.5390,84.49%,16.43%,68.06%,15.51%,0.00%,0.00%,-,-,-1.37,8.69,25 Sep 2024,-,-,-,2390903960.00,A-MF,239090396
ABBANK,AB Bank PLC,Bank,Z,3851.49,-,4.30,0.00,4.30,0.6900,"159,840",38.5062,-100.0000,4.4550,4.6840,4.9570,4.3723,4.3978,4.4950,-0.0972,-0.0870,4.7103,4.1997,19.5600,-790370.9606,4.3467,4.3718,4.4210,1.7052,0.0000,0.0000,0.0000,-,-,-,-,-,1.242,1.343,-,-,1.199,-,-,4.30,0.00,53,0.6900,80.48%,35.00%,44.94%,18.95%,0.57%,0.54%,-,-,-43.42,-36.24,03 May 2026,18 Jun 2026,-,-,8956947490.00,Z-EQ,895694749
ABBLPBOND,AB Bank Perpetual Bond,Corporate Bond,A,6053.59,-,0.00,0.00,1060.00,0.0000,0,63.0051,-25.0000,1068.0000,1047.2000,0.0000,1048.3281,1041.8432,1008.2701,33.5732,35.1310,1136.8491,999.1509,11.5000,4204.2088,1067.1111,1069.8718,1070.6190,0.0020,0.0000,0.0000,0.0000,0.09,-,-,-,-,-,-,-,-,-,-,-,1060.00,0.00,0,0.0000,100.00%,94.73%,5.27%,0.00%,0.00%,0.00%,-,10.00,0.00,0.00,10 Dec 2025,-,-,-,57109360.00,A-CB,5710936
ACFL,Aman Cotton Fibrous PLC,Textile,A,2198.17,103.33,22.00,0.46,21.80,0.8270,"38,260",42.2982,-44.4444,22.0700,22.8380,20.2860,21.9527,22.0141,22.2920,-0.2779,-0.2737,22.5936,21.5464,19.2300,2390.7364,21.9133,21.9615,22.0295,1.2045,0.0000,0.0000,0.0000,4.59,2.961,-,1.970,-,-,-,-,-,-,-,-,21.70,0.10,64,0.8270,50.42%,11.68%,38.64%,49.58%,0.00%,0.10%,-,10.00,0.21,33.63,27 Oct 2025,29 Dec 2025,103.33,232.50,1008333330.00,A-EQ,100833333
ACI,ACI Limited,Pharmaceuticals & Chemicals,A,16073.23,-,184.70,-1.08,183.00,1.7450,"9,522",40.7211,-67.7419,185.3800,191.9760,198.0800,184.7251,185.0957,187.0923,-1.9966,-2.1224,192.5338,178.2262,3.5100,-10524.9217,184.4089,185.1218,185.1714,1.1395,0.0000,0.0000,0.0000,1.37,0.676,0.568,0.384,-,0.074,-,0.249,-,-,-,-,185.00,-2.00,149,1.7450,52.73%,34.30%,18.43%,47.27%,0.00%,0.00%,-,25.00,-7.40,91.64,29 Oct 2025,28 Dec 2025,-,-,878318430.00,A-EQ,87831843
ACIFORMULA,ACI Formulations PLC,Pharmaceuticals & Chemicals,A,7078.05,19.17,149.80,-0.47,149.80,8.4370,"56,187",41.0547,-98.5075,153.4650,161.8120,146.1505,152.6561,153.1742,155.3854,-2.2113,-2.1140,160.0105,146.9195,78.1700,-138770.4716,152.2867,153.1641,153.6557,1.2853,0.0000,0.0000,0.0000,1.67,1.236,-,0.925,-,0.142,0.072,0.323,0.043,0.104,-,-,150.50,-0.70,357,8.4370,33.98%,19.98%,14.00%,66.02%,0.00%,0.00%,-,25.00,7.85,75.51,29 Oct 2025,28 Dec 2025,19.17,13.67,472500000.00,A-EQ,47250000
ACMELAB,The ACME Laboratories Limited,Pharmaceuticals & Chemicals,A,16420.29,6.81,77.60,-0.77,77.60,6.0090,"77,285",40.5060,-72.0930,77.9600,80.1140,77.5690,78.1666,78.2130,78.6698,-0.4568,-0.5698,79.6699,76.2501,13.9400,-104333.0073,78.2089,78.3115,78.1671,1.1944,0.0000,0.0000,0.0000,4.51,1.154,0.265,0.680,-,0.098,0.068,0.422,0.042,0.091,-,-,78.20,-0.60,353,6.0090,59.61%,30.46%,29.12%,40.39%,0.00%,0.03%,-,35.00,11.48,126.37,28 Oct 2025,22 Dec 2025,6.81,6.24,2116017000.00,A-EQ,211601700
ACMEPL,Acme Pesticides Limited,Pharmaceuticals & Chemicals,B,3442.50,-,25.50,1.59,25.50,57.6820,"2,271,507",54.9446,-46.1538,24.9300,24.6240,21.3145,25.2115,25.1723,24.9720,0.2003,0.2084,26.1493,23.7107,507.5100,-1579012.4166,25.2578,25.2885,25.1400,1.4052,0.0000,0.0000,0.0000,-,4.422,0.117,3.222,-,-,-,-,-,-,-,-,25.10,0.40,"1,103",57.6820,68.20%,15.52%,52.68%,31.80%,0.00%,0.00%,-,0.01,-1.14,16.41,02 Nov 2025,29 Dec 2025,-,-,1350000000.00,B-EQ,135000000
ACTIVEFINE,Active Fine Chemicals Limited,Pharmaceuticals & Chemicals,Z,1271.66,50.00,5.30,-3.64,5.30,1.4210,"264,502",28.1656,-83.3333,5.6400,6.2120,6.4530,5.5279,5.5700,5.7763,-0.2063,-0.2110,5.9028,5.3772,19.5700,-218665.5295,5.5044,5.5385,5.5857,1.3582,0.0000,0.0000,0.0000,0.47,-,-,-,-,-,-,-,-,-,-,-,5.50,-0.20,132,1.4210,87.96%,21.05%,66.64%,12.04%,0.00%,0.27%,-,0.25,0.11,22.07,30 Oct 2022,29 Dec 2022,50.00,34.38,2399365800.00,Z-EQ,239936580
ADNTEL,ADN Telecom Limited,IT Sector,A,3633.42,22.43,56.20,-1.75,56.20,8.2340,"145,378",35.6294,-92.5926,57.8400,62.0360,61.5200,57.4711,57.6953,59.0018,-1.3065,-1.4290,60.3001,55.3799,68.6900,-171315.5399,57.4067,57.6256,57.6795,1.2596,0.0000,0.0000,0.0000,1.78,1.943,-,1.935,0.122,0.152,0.091,0.354,0.049,0.077,-,-,57.20,-1.00,490,8.2340,59.24%,17.44%,40.28%,40.76%,0.00%,1.52%,-,10.00,2.55,32.82,28 Oct 2025,15 Dec 2025,22.43,23.06,646516660.00,A-EQ,64651666
ADVENT,Advent Pharma Limited,Pharmaceuticals & Chemicals,Z,1238.67,18.61,13.30,-0.75,13.30,1.1290,"84,762",34.5536,-93.3333,13.7250,14.7000,14.2785,13.5925,13.6547,13.9621,-0.3074,-0.3154,14.3367,13.1133,28.2100,-252157.7502,13.5622,13.6397,13.6800,1.4880,0.0000,0.0000,0.0000,0.38,1.507,0.005,1.157,-,0.200,0.134,0.352,0.035,0.044,-,-,13.40,-0.10,83,1.1290,69.98%,12.78%,56.20%,30.02%,0.00%,1.00%,-,0.50,0.72,16.43,27 Oct 2025,31 Dec 2025,18.61,30.45,931327320.00,Z-EQ,93132732
AFCAGRO,AFC Agro Biotech Limited,Pharmaceuticals & Chemicals,Z,656.73,25.91,5.70,0.00,5.70,0.0370,"6,484",31.3414,-87.5000,6.1250,6.6580,6.6090,5.8970,5.9637,6.2269,-0.2631,-0.2404,6.6713,5.5787,12.9900,-78851.1401,5.8422,5.9038,6.0043,1.6452,0.0000,0.0000,0.0000,0.88,5.609,-,4.057,-,0.066,0.036,0.232,0.010,0.012,-,-,5.70,0.00,21,0.0370,72.16%,34.11%,38.05%,27.84%,0.00%,0.00%,-,0.50,0.22,18.19,30 Oct 2022,29 Dec 2022,25.91,25.15,1152162000.00,Z-EQ,115216200
AFTABAUTO,Aftab Automobiles Limited,Engineering,Z,2723.06,-,25.90,-0.77,25.80,0.7130,"27,546",36.5521,-76.0000,26.4000,28.1960,29.9800,26.3594,26.4356,26.9416,-0.5060,-0.5769,27.5425,25.2575,16.7400,-60354.3845,26.4089,26.4538,26.3952,1.3135,0.0000,0.0000,0.0000,3.88,1.931,2.289,1.802,-,-,-,0.254,-,-,-,-,26.00,-0.20,92,0.7130,70.68%,32.36%,38.32%,29.32%,0.00%,0.00%,-,10.00,-1.37,47.57,28 Oct 2025,29 Dec 2025,-,-,1055449950.00,Z-EQ,105544995
AGNISYSL,Agni Systems PLC.,IT Sector,B,1937.25,33.83,26.70,-2.55,26.70,8.2410,"304,289",34.3434,-94.7368,28.8650,30.3060,25.7610,27.9945,28.2232,28.9597,-0.7365,-0.5810,31.1585,26.5715,232.7300,-749076.0731,27.8222,28.0859,28.4405,1.2727,0.0000,0.0000,0.0000,0.94,3.518,-,3.484,0.174,0.181,0.082,0.383,0.039,0.048,-,-,27.40,-0.70,431,8.2410,69.97%,14.51%,55.46%,30.03%,0.00%,0.00%,-,2.50,0.81,16.95,28 Oct 2025,29 Dec 2025,33.83,25.06,725561920.00,B-EQ,72556192
AGRANINS,Agrani Insurance PLC.,Insurance,A,1022.93,159.44,28.50,-1.05,28.40,2.8700,"99,753",44.8986,-51.2821,28.5600,29.6760,25.3060,28.9276,28.9116,28.9912,-0.0796,-0.1521,30.5071,26.6129,76.9800,-43624.0511,29.0733,29.0872,28.7933,1.4863,0.0000,0.0000,0.0000,-,-,-,-,-,-,-,-,-,-,-,-,28.70,-0.30,137,2.8700,72.25%,16.83%,55.42%,27.75%,0.00%,0.00%,-,-,0.18,19.42,16 Mar 2026,14 May 2026,159.44,28.70,360186980.00,A-EQ,36018698
AIBL1STIMF,AIBL 1st Islamic Mutual Fund,Mutual Funds,A,580.00,120.00,5.80,-3.33,5.80,6.8800,"1,168,774",45.9027,-81.8182,6.0300,6.0220,4.4770,6.0528,6.0488,5.9787,0.0701,0.0943,6.4560,5.6040,793.9200,-1742702.6537,6.0778,6.1038,6.0814,0.8324,0.0000,0.0000,0.0000,-,-,-,-,-,-,-,-,-,-,-,-,6.00,-0.20,378,6.8800,90.00%,40.05%,49.95%,10.00%,0.00%,0.00%,-,0.60,0.05,10.27,16 May 2023,-,120.00,68.18,1000000000.00,A-MF,100000000
AIBLPBOND,AIBL Mudaraba Perpetual Bond,Corporate Bond,A,420.00,-,0.00,0.00,4200.00,0.0000,0,64.2643,0.0000,4122.5000,4024.5700,3716.9900,4072.1760,4046.8728,3996.4985,50.3743,18.5121,4302.8393,3942.1607,0.7100,0.0014,4158.8889,4151.2821,4136.1905,0.0326,0.0000,0.0000,0.0000,0.02,-,-,-,-,-,-,-,-,-,-,-,4200.00,0.00,0,0.0000,100.00%,87.13%,12.17%,0.00%,0.00%,0.70%,-,-,0.00,0.00,-,-,-,-,1000000.00,A-CB,100000
AIL,Alif Industries Limited,Textile,Z,1450.57,12.97,29.80,-2.61,29.80,2.0250,"67,442",31.5937,-87.1795,31.4200,34.5180,33.1575,30.8898,31.1206,32.1772,-1.0566,-1.0471,33.2410,29.5990,37.1200,-117835.1292,30.7578,30.9808,31.1848,1.1837,0.0000,0.0000,0.0000,3.36,4.992,-,4.235,-,-,-,-,-,-,-,-,30.60,-0.80,150,2.0250,69.76%,13.55%,56.21%,30.24%,0.00%,0.00%,10.00,10.00,2.36,24.56,29 Oct 2024,30 Dec 2024,12.97,10.15,486768350.00,Z-EQ,48676835
AL-HAJTEX,Al-Haj Textile Mills Limited,Textile,B,1737.06,-,77.90,-3.95,77.90,17.5220,"223,366",46.2004,-39.5556,76.2900,86.5380,110.2870,78.0673,78.0993,80.1498,-2.0505,-2.9452,87.2895,65.2905,309.9000,-114743.6832,77.8556,78.3333,77.5657,1.0871,0.0000,0.0000,0.0000,0.39,1.616,-,1.134,-,-,-,-,-,-,-,-,81.10,-3.20,"1,042",17.5220,69.34%,9.65%,59.64%,30.65%,0.01%,0.05%,-,3.00,-1.64,16.38,23 Jul 2026,14 Sep 2026,-,-,222985490.00,B-EQ,22298549
ALARABANK,Al-Arafah Islami Bank PLC.,Bank,Z,17275.38,23.18,15.10,-1.96,15.00,0.2560,"17,014",40.6780,-86.6667,15.4700,16.3140,15.5085,15.3063,15.3813,15.7057,-0.3244,-0.3123,16.1781,14.7619,0.7800,-38095.5258,15.2667,15.3090,15.3719,0.5922,0.0000,0.0000,0.0000,-,-,-,-,-,0.230,0.056,-,0.001,0.033,0.002,-,15.30,-0.30,63,0.2560,59.59%,37.17%,22.39%,40.41%,0.00%,0.03%,-,-,0.74,21.16,03 May 2026,09 Nov 2026,23.18,8.90,11516917130.00,Z-EQ,1151691713
ALIF,Alif Manufacturing Company Ltd,Textile,Z,1299.64,15.45,5.00,-1.96,5.00,1.9780,"394,372",33.3510,-83.3333,5.2800,5.4740,4.9595,5.1867,5.2166,5.3155,-0.0989,-0.0799,5.5103,5.0497,26.3400,-326395.0501,5.1689,5.1974,5.2381,1.6087,0.0000,0.0000,0.0000,2.00,15.328,-,13.723,-,-,-,-,-,-,-,-,5.10,-0.10,154,1.9780,69.54%,3.79%,65.75%,30.46%,0.00%,0.00%,-,1.00,0.33,15.15,29 Oct 2024,29 Dec 2024,15.45,23.91,2599270220.00,Z-EQ,259927022
ALLTEX,Alltex Industries Limited,Textile,Z,1281.67,-,22.90,-0.87,22.90,3.3990,"148,291",44.4495,-42.4242,23.5900,23.1860,17.1315,23.2606,23.3375,23.3834,-0.0459,0.1013,24.4818,22.6982,77.3300,-11364.9001,23.1667,23.2462,23.4171,1.3332,0.0000,0.0000,0.0000,-,0.234,-,0.226,-,-,-,-,-,-,-,-,23.10,-0.20,122,3.3990,63.75%,16.13%,47.62%,36.25%,0.00%,0.00%,-,-,-0.18,24.77,08 Dec 2025,18 Jun 2026,-,577.50,559680000.00,Z-EQ,55968000
AMANFEED,Aman Feed PLC,Miscellaneous,A,3955.31,139.55,30.20,-1.63,30.20,11.0490,"365,237",38.5439,-96.1538,31.1950,34.7520,28.9635,30.9125,31.0946,32.1562,-1.0616,-1.1611,32.5240,29.8660,113.9000,-618479.9423,30.7911,30.9244,31.0538,1.3398,0.0000,0.0000,0.0000,3.81,2.425,-,1.527,0.016,0.066,0.003,0.108,0.003,0.008,-,-,30.70,-0.50,495,11.0490,36.74%,10.35%,26.36%,63.26%,0.00%,0.03%,-,11.50,0.22,28.03,27 Oct 2025,29 Dec 2025,139.55,39.70,1309704000.00,A-EQ,130970400
AMBEEPHA,Ambee Pharmaceuticals PLC.,Pharmaceuticals & Chemicals,A,1785.84,335.48,744.10,0.36,744.10,0.0620,83,42.4284,-48.8610,751.0600,771.7800,758.6900,748.4926,749.6442,755.1782,-5.5340,-5.6091,769.2940,732.8260,10.1700,-1192.4383,747.5511,749.6026,750.6195,0.8054,0.0000,0.0000,0.0000,0.13,0.828,0.006,0.526,-,0.035,0.023,0.475,0.007,0.164,-,-,741.40,2.70,14,0.0620,22.75%,5.53%,17.22%,77.25%,0.00%,0.00%,-,10.00,2.21,13.47,02 Nov 2025,18 Dec 2025,335.48,246.04,24000000.00,A-EQ,2400000
AMCL(PRAN),Agricultural Marketing Co Ltd.,Food & Allied,A,1696.80,43.05,211.10,-1.67,212.10,0.4570,"2,143",41.0376,-62.2047,214.5250,222.0040,215.8045,215.1348,215.3317,217.0596,-1.7280,-2.1089,220.5909,208.4591,10.3500,-954.8230,215.3822,215.5769,214.9662,0.8991,0.0000,0.0000,0.0000,1.51,1.559,-,0.623,0.023,0.026,0.011,0.191,0.022,0.054,-,-,215.70,-3.60,54,0.4570,59.85%,28.55%,31.30%,40.15%,0.00%,0.00%,-,32.00,5.01,92.88,27 Oct 2025,24 Dec 2025,43.05,34.13,80000000.00,A-EQ,8000000
ANLIMAYARN,Anlima Yarn Dyeing Limited,Textile,Z,457.42,-,25.60,0.00,25.60,0.7010,"27,498",37.6876,-82.9787,26.5700,30.3240,24.6595,25.8584,26.1032,27.4270,-1.3237,-1.4090,28.6687,24.4713,40.3600,-29963.0905,25.5911,25.7705,26.1790,1.0939,0.0000,0.0000,0.0000,-,0.523,-,0.382,-,-,-,-,-,-,-,-,25.60,0.00,151,0.7010,55.57%,4.08%,51.49%,44.43%,0.00%,0.00%,-,-,-2.99,5.63,19 Oct 2025,22 Dec 2025,-,-,178678000.00,Z-EQ,17867800
ANWARGALV,Anwar Galvanizing Limited,Engineering,A,3459.44,-,114.60,-0.35,114.60,45.7160,"395,200",52.2875,-70.6349,113.7800,111.5420,102.0000,115.8604,115.4790,113.6788,1.8002,1.8098,122.6424,104.9176,479.1100,-541561.2689,116.5933,116.6564,115.6200,1.4417,0.0000,0.0000,0.0000,-,0.720,0.601,0.433,-,-,-,-,-,-,-,-,115.00,-0.40,"1,817",45.7160,64.68%,14.88%,49.80%,35.32%,0.00%,0.00%,-,-,-12.32,1.38,27 Oct 2025,08 Feb 2026,-,21.56,301870800.00,A-EQ,30187080
AOL,Associated Oxygen Limited,Fuel & Power,Z,2009.01,10.48,18.30,4.57,18.30,19.8900,"1,089,722",66.4612,-8.3333,16.0900,17.1400,16.3050,17.0579,16.8524,16.6809,0.1715,-0.1991,17.9950,14.1850,67.6600,125587.1788,17.2556,16.9513,16.4619,1.5848,0.0000,0.0000,0.0000,0.55,-,-,-,-,-,-,-,-,-,-,-,17.50,0.80,673,19.8900,69.35%,12.03%,57.24%,30.65%,0.00%,0.08%,-,1.00,1.59,19.33,08 Jan 2024,18 Feb 2024,10.48,11.01,1097820000.00,Z-EQ,109782000
APEXFOODS,Apex Foods Limited,Food & Allied,A,1485.48,40.44,260.50,0.50,260.50,8.1220,"31,127",44.8471,-46.0526,260.6250,273.5700,256.6390,261.6296,262.0461,265.2513,-3.2052,-3.7989,272.4857,248.7643,84.4400,-18754.9609,261.5600,262.1718,261.7133,1.1397,0.0000,0.0000,0.0000,0.77,1.554,-,1.153,0.038,0.030,0.017,0.104,0.023,0.051,-,-,259.20,1.30,510,8.1220,46.61%,7.50%,39.11%,53.39%,0.00%,0.00%,-,20.00,6.41,126.05,09 Oct 2025,29 Nov 2025,40.44,43.69,57024000.00,A-EQ,5702400
APEXFOOT,Apex Footwear Limited,Tannery Industries,A,3893.27,23.21,198.10,-1.00,198.10,8.1200,"40,807",32.2959,-97.3214,208.0500,211.5480,197.3580,204.0904,205.2999,207.9488,-2.6489,-1.2395,219.5857,196.5143,74.4000,-113864.6525,202.9289,205.0244,207.1133,0.8770,0.0000,0.0000,0.0000,0.76,1.042,-,0.144,0.021,0.096,0.008,0.289,0.004,0.020,-,-,200.10,-2.00,660,8.1200,69.92%,24.20%,45.72%,30.08%,0.00%,0.00%,15.00,15.00,7.91,355.25,27 Sep 2026,29 Nov 2026,23.21,25.30,196530460.00,A-EQ,19653046
APEXSPINN,Apex Spinning & Knitting Mills Limited,Textile,A,3160.08,102.97,376.20,1.48,376.20,55.7230,"148,226",63.6140,-8.6802,325.3150,338.5920,285.3370,360.0900,353.7968,340.8828,12.9140,5.1709,405.0035,245.6265,494.2500,407305.0745,368.0333,362.9641,345.6333,1.0277,0.0000,0.0000,0.0000,0.53,1.190,-,1.002,-,-,-,-,0.008,0.021,-,-,370.70,5.50,"1,351",55.7230,49.29%,7.29%,41.75%,50.71%,0.00%,0.25%,-,20.00,3.60,83.11,09 Oct 2025,29 Nov 2025,102.97,108.60,84000000.00,A-EQ,8400000
APEXTANRY,Apex Tannery Limited,Tannery Industries,B,1412.75,-,92.70,-2.42,92.70,3.4560,"36,803",44.9853,-48.7603,93.1850,99.7840,86.0755,92.7341,93.0503,95.2243,-2.1740,-2.5026,98.6581,87.7119,98.1600,-53831.8169,92.3711,92.5949,92.7843,0.9886,0.0000,0.0000,0.0000,-,0.898,-,0.211,-,0.061,-,0.125,-,-,-,-,95.00,-2.30,247,3.4560,65.18%,26.35%,38.83%,34.82%,0.00%,0.00%,-,-,-14.62,30.19,15 Oct 2025,30 Dec 2025,-,-,152400000.00,B-EQ,15240000
APOLOISPAT,Appollo Ispat Complex Limited,Engineering,Z,1083.53,-,2.70,0.00,2.70,0.1940,"71,903",27.1320,-100.0000,2.8600,3.0700,2.9220,2.7589,2.7846,2.8853,-0.1007,-0.0915,3.0791,2.6409,16.5500,-710870.4402,2.7333,2.7538,2.8052,1.4452,0.0000,0.0000,0.0000,-,0.749,20.371,0.727,-,-,-,-,-,-,-,-,2.70,0.00,64,0.1940,79.76%,19.22%,60.18%,20.24%,0.00%,0.36%,-,-,-0.82,0.70,21 Nov 2024,19 Dec 2024,-,-,4013086000.00,Z-EQ,401308600
APSCLBOND,APSCL Non-Convertible and Fully Redeemable Coupon Bearing Bond,Corporate Bond,A,212.00,-,0.00,0.00,1060.00,0.0000,0,35.0888,-84.4961,1084.3500,1092.2600,1586.9800,1084.9956,1091.4419,1183.9178,-92.4758,-121.8372,1175.0769,993.6231,0.0300,89.4182,1107.8222,1106.7949,1096.3333,0.2449,0.0000,0.0000,0.0000,0.05,-,-,-,-,-,-,-,-,-,-,-,1060.00,0.00,0,0.0000,0.00%,0.00%,0.00%,0.00%,0.00%,0.00%,-,5.25,0.00,0.00,11 Jun 2026,-,-,-,2000000.00,A-CB,200000
ARAMIT,Aramit Limited,Miscellaneous,A,1027.20,82.20,170.50,-0.35,171.20,1.2340,"7,175",32.9320,-94.4724,179.3200,197.1020,183.7375,175.0478,176.6546,183.8999,-7.2453,-7.1262,194.2838,164.3562,43.8500,-18318.7184,173.6556,174.9167,176.8095,1.0283,0.0000,0.0000,0.0000,0.58,3.153,-,2.395,0.057,0.063,0.046,0.073,0.009,0.014,-,-,171.80,-0.60,109,1.2340,39.27%,13.57%,25.70%,60.73%,0.00%,0.00%,-,10.00,1.75,128.67,01 Jan 2026,04 Mar 2026,82.20,-,60000000.00,A-EQ,6000000
ARAMITCEM,Aramit Cement Limited,Cement,Z,379.46,-,11.00,-0.88,11.20,0.2350,"21,015",45.1273,-54.5455,11.2450,11.9460,11.2140,11.1950,11.2176,11.4284,-0.2108,-0.2604,11.7496,10.7404,12.8400,-22089.6560,11.1689,11.1538,11.1814,1.4011,0.0000,0.0000,0.0000,-,2.410,-,2.363,-,-,-,-,-,0.766,-,-,11.30,-0.10,25,0.2350,54.08%,9.99%,44.09%,45.92%,0.00%,0.00%,-,-,-14.47,-18.90,17 Nov 2024,30 Dec 2024,-,-,338800000.00,Z-EQ,33880000
ARGONDENIM,Argon Denims Limited,Textile,A,3083.33,13.45,22.20,-1.77,22.20,36.3690,"1,621,060",52.9627,-38.4615,21.5950,22.4920,19.1160,21.7501,21.7132,21.8238,-0.1106,-0.2436,22.8805,20.3095,377.1900,-367390.2318,21.7622,21.6808,21.5519,1.2406,0.0000,0.0000,0.0000,4.50,1.703,-,0.950,-,-,-,-,-,-,-,-,22.60,-0.40,764,36.3690,64.13%,31.41%,32.72%,35.87%,0.00%,0.00%,-,10.00,1.68,24.57,23 Oct 2025,18 Dec 2025,13.45,18.83,1388886060.00,A-EQ,138888606
ASIAINS,Asia Insurance PLC.,Insurance,A,1915.74,19.81,40.70,-1.69,40.70,4.8690,"119,178",43.9245,-58.3333,41.2150,42.5440,38.6985,41.5161,41.5222,41.7350,-0.2128,-0.2997,43.3008,39.1292,121.2500,-230996.7426,41.6622,41.6795,41.4019,1.6466,0.0000,0.0000,0.0000,2.46,-,-,-,-,-,-,-,-,-,-,-,41.40,-0.70,229,4.8690,62.12%,11.11%,51.01%,37.88%,0.00%,0.00%,-,10.00,2.09,30.55,23 Apr 2026,29 Jun 2026,19.81,24.64,470698580.00,A-EQ,47069858
ASIAPACINS,Asia Pacific General Insurance PLC,Insurance,A,2007.39,19.04,47.40,-0.84,47.40,7.5500,"158,894",45.5954,-45.4545,47.6150,48.9580,41.2655,47.9380,47.9366,48.1427,-0.2061,-0.3063,49.3468,45.8832,90.2900,-126601.2344,48.0511,48.0205,47.7562,1.4387,0.0000,0.0000,0.0000,2.95,-,-,-,-,-,-,-,-,-,-,-,47.80,-0.40,221,7.5500,66.39%,32.47%,33.92%,33.61%,0.00%,0.00%,-,14.00,2.51,25.29,03 May 2026,09 Jul 2026,19.04,10.91,423500000.00,A-EQ,42350000
ASIATICLAB,Asiatic Laboratories Limited,Pharmaceuticals & Chemicals,A,13132.82,50.53,107.30,1.61,107.30,69.5660,"645,328",47.3904,-49.1803,106.1900,112.5960,93.3630,106.4824,106.6198,108.3525,-1.7327,-2.2465,110.5563,101.8237,167.9700,-1231001.1252,106.3111,106.4526,106.5343,0.9507,0.0000,0.0000,0.0000,0.93,4.084,0.157,2.848,-,0.308,0.145,0.434,0.029,0.039,-,-,105.60,1.70,"1,689",69.5660,59.29%,15.03%,44.26%,40.71%,0.00%,0.00%,-,10.00,2.09,54.08,02 Nov 2025,24 Dec 2025,50.53,19.95,1223934550.00,A-EQ,122393455
ATLASBANG,Atlas Bangladesh Limited,Engineering,Z,2643.54,-,79.20,-0.25,79.80,0.1690,"2,114",38.5308,-76.6234,82.0350,86.2700,70.4700,80.5942,80.9601,82.4760,-1.5160,-1.4258,85.5928,78.4772,3.9400,-9129.0545,80.1689,80.5397,81.2929,0.9831,0.0000,0.0000,0.0000,-,1.732,0.001,1.667,-,-,-,-,-,-,-,-,80.00,-0.20,20,0.1690,49.00%,16.96%,32.04%,0.00%,51.00%,0.00%,-,-,-1.23,121.00,06 Nov 2025,24 Dec 2025,-,-,331271080.00,Z-EQ,33127108
AZIZPIPES,Aziz Pipes Limited,Engineering,Z,405.85,-,77.80,-0.65,75.90,0.1880,"2,493",48.1496,-50.4274,75.5650,77.9000,60.8095,76.1116,76.1168,76.5577,-0.4409,-0.6370,80.0818,71.0482,53.3300,18209.8539,76.3756,76.3141,75.7438,1.4137,0.0000,0.0000,0.0000,-,0.259,-,0.182,-,-,-,-,-,0.214,-,-,76.40,-0.50,29,0.1880,88.84%,14.10%,74.74%,11.16%,0.00%,0.00%,-,-,-10.12,-47.37,28 Oct 2025,30 Dec 2025,-,-,53471250.00,Z-EQ,5347125
BANGAS,Bangas Limited,Food & Allied,B,885.22,412.50,116.10,0.52,116.10,16.2520,"137,484",36.5720,-73.1481,119.3700,127.5420,127.9690,117.4275,118.0651,121.1668,-3.1017,-3.1612,126.1328,112.6072,157.8400,-84497.5246,116.9578,117.5551,118.2638,1.2155,0.0000,0.0000,0.0000,0.26,2.236,-,1.692,0.020,0.021,0.011,0.200,0.009,0.013,-,-,115.50,0.60,817,16.2520,76.96%,5.25%,71.62%,23.04%,0.00%,0.09%,-,3.00,0.24,21.10,29 Sep 2026,12 Nov 2026,412.50,481.25,76246430.00,B-EQ,7624643
BANKASI1PB,Bank Asia 1st Perpetual Bond,Corporate Bond,N,588.63,-,0.00,0.00,8650.00,0.0000,0,,,,,,,,,,,,,,,,,,,,,,0.01,-,-,-,-,-,-,-,-,-,-,-,8650.00,0.00,0,0.0000,0.00%,0.00%,0.00%,0.00%,0.00%,0.00%,-,10.00,0.00,0.00,21 Dec 2025,-,-,-,680500.00,N-CB,68050
BANKASIA,Bank Asia PLC.,Bank,A,22681.61,5.09,16.30,0.62,16.30,7.1640,"439,497",27.8578,-72.7273,16.6850,17.2540,19.0555,16.4557,16.5248,16.7863,-0.2615,-0.2328,17.2133,16.1567,7.1900,-659719.8556,16.3867,16.4782,16.5948,0.7848,0.0000,0.0000,0.0000,5.21,-,-,-,-,0.643,0.146,-,0.007,0.126,0.008,-,16.20,0.10,138,7.1640,49.70%,39.03%,10.67%,50.30%,0.00%,0.00%,8.50,8.50,3.18,27.42,30 Apr 2026,11 Jun 2026,5.09,4.58,13915098370.00,A-EQ,1391509837
BARKAPOWER,Baraka Power Limited,Fuel & Power,Z,2284.02,27.22,9.70,-1.02,9.70,2.6430,"271,413",44.9257,-87.5000,9.8950,9.9200,8.3260,9.8565,9.8761,9.9197,-0.0436,-0.0210,10.2225,9.5675,52.6700,-652579.3523,9.8667,9.8590,9.8600,1.4146,0.0000,0.0000,0.0000,-,1.375,-,1.111,-,-,0.011,0.040,0.002,0.003,-,-,9.80,-0.10,148,2.6430,77.36%,23.71%,53.65%,22.64%,0.00%,0.00%,-,-,0.36,22.63,29 Oct 2025,24 Dec 2025,27.22,8.45,2354656610.00,Z-EQ,235465661
BATASHOE,Bata Shoe Company (Bangladesh) Limited,Tannery Industries,A,12093.12,1036.71,889.00,0.32,884.00,2.3560,"2,666",45.0090,-64.0000,884.7600,896.4260,852.0555,884.6996,885.1382,887.9309,-2.7927,-3.1436,890.7250,878.7950,1.5400,-962.7050,884.6556,884.9115,884.6952,0.3663,0.0000,0.0000,0.0000,1.19,1.333,-,0.214,0.022,0.045,0.001,0.426,0.002,0.004,-,-,881.20,2.80,36,2.3560,30.00%,19.73%,9.20%,70.00%,0.00%,1.07%,-,105.00,0.00,0.00,29 Apr 2026,-,1036.71,11.95,136800000.00,A-EQ,13680000
BATBC,British American Tobacco Bangladesh Company Limited,Food & Allied,A,119556.00,20.66,221.40,-0.85,221.40,8.1960,"36,933",34.7843,-96.8750,227.3100,234.9120,235.2445,224.9249,225.7153,228.4998,-2.7844,-2.3590,233.2454,221.3746,3.3600,-103497.7642,224.2889,225.0564,226.2148,1.1431,0.0000,0.0000,0.0000,1.36,1.543,-,0.738,0.163,0.192,0.070,0.404,0.052,0.105,-,-,223.30,-1.90,832,8.1960,26.45%,14.59%,8.98%,72.91%,0.64%,2.88%,-,30.00,10.81,102.50,03 Mar 2026,30 Apr 2026,20.66,14.59,5400000000.00,A-EQ,540000000
BAYLEASING,Bay Leasing & Investment Limited,Financial Institutions,Z,577.64,-,4.30,-4.65,4.10,0.7290,"174,228",29.6372,-100.0000,4.4650,4.8460,4.4630,4.3223,4.3628,4.5163,-0.1535,-0.1368,4.7912,4.1388,32.6700,-328859.3007,4.2867,4.3179,4.3914,2.0423,0.0000,0.0000,0.0000,-,-,-,-,-,1.317,2.424,-,-,-,-,-,4.30,-0.20,67,0.7290,81.70%,24.45%,57.25%,18.30%,0.00%,0.00%,-,-,-6.87,-19.65,02 Jul 2026,27 Sep 2026,-,-,1408884430.00,Z-EQ,140888443
BBS,Bangladesh Building Systems PLC.,Engineering,B,1775.93,-,10.90,-4.39,10.90,6.4220,"581,729",30.2217,-94.7368,11.8950,13.4180,12.0535,11.5858,11.7066,12.2474,-0.5408,-0.5301,12.9096,10.8804,69.0900,-655092.9817,11.5200,11.6577,11.7619,1.6798,0.0000,0.0000,0.0000,-,2.624,0.324,2.056,-,0.101,-,0.207,-,-,-,-,11.40,-0.50,442,6.4220,69.99%,23.69%,46.24%,30.01%,0.00%,0.06%,-,-,-0.59,10.74,28 Oct 2025,23 Dec 2025,-,-,1629297320.00,B-EQ,162929732
BBSCABLES,BBS Cables PLC.,Engineering,B,3408.53,-,16.10,-3.01,16.10,5.8250,"358,712",35.0533,-80.0000,16.8100,19.2440,18.9575,16.7106,16.8034,17.4878,-0.6844,-0.8026,18.0512,15.5688,63.1600,-614137.5741,16.7178,16.7833,16.7500,1.5765,0.0000,0.0000,0.0000,-,2.519,0.074,1.725,-,-,-,0.151,-,-,-,-,16.60,-0.50,380,5.8250,69.88%,22.23%,47.54%,30.12%,0.00%,0.11%,-,-,-4.05,28.01,28 Oct 2025,24 Dec 2025,-,-,2117097670.00,B-EQ,211709767
BDAUTOCA,Bangladesh Autocars Limited,Engineering,B,845.74,1055.00,195.50,2.95,195.50,32.8250,"166,738",56.9437,-17.8571,181.7100,197.9460,181.4315,185.6751,185.1332,187.7477,-2.6146,-5.0351,194.9457,168.4743,315.4400,-2755.2704,186.0222,185.1333,183.0243,1.3015,0.0000,0.0000,0.0000,0.10,1.833,0.022,1.744,-,0.020,0.013,0.043,0.023,0.035,-,-,189.90,5.60,"1,786",32.8250,69.94%,10.02%,59.92%,30.06%,0.00%,0.00%,-,2.00,0.18,7.45,28 Oct 2025,28 Dec 2025,1055.00,1582.50,43260130.00,B-EQ,4326013
BDCOM,BDCOM Online Limited,IT Sector,A,1743.38,32.79,27.70,-1.77,27.70,5.0330,"180,438",38.2368,-55.5556,28.5250,30.2860,28.7660,28.3156,28.4036,28.9489,-0.5453,-0.6087,30.2107,26.8393,158.9800,-311294.6621,28.3089,28.3936,28.3852,1.7274,0.0000,0.0000,0.0000,1.81,2.336,-,2.051,0.136,0.086,0.063,0.550,0.034,0.055,-,-,28.20,-0.50,391,5.0330,70.00%,8.78%,61.22%,30.00%,0.00%,0.00%,5.00,5.00,0.86,15.58,27 Oct 2025,18 Dec 2025,32.79,45.98,629378650.00,A-EQ,62937865
BDFINANCE,Bangladesh Finance PLC,Financial Institutions,Z,2070.60,9.41,11.00,-1.79,11.00,2.1540,"195,274",26.9204,-100.0000,11.7300,12.6440,12.8410,11.3932,11.4943,11.8924,-0.3981,-0.3633,12.5886,10.8714,21.6800,-217952.6180,11.3089,11.4038,11.5476,1.7427,0.0000,0.0000,0.0000,-,-,-,-,-,1.240,-,-,-,-,-,0.284,11.20,-0.20,167,2.1540,85.46%,23.74%,61.72%,14.54%,0.00%,0.00%,-,-,1.19,-29.07,30 Apr 2026,30 Jun 2026,9.41,24.35,1882362670.00,Z-EQ,188236267
BDLAMPS,Bangladesh Lamps PLC.,Engineering,A,2610.91,-,248.00,8.72,248.00,71.0180,"291,483",74.0438,0.0000,224.7850,213.6380,171.7810,229.3490,227.9164,223.1147,4.8017,3.9153,237.2074,212.3626,208.2500,43383.5807,229.5911,228.2513,226.2690,1.3479,0.0000,0.0000,0.0000,0.40,0.921,-,0.488,-,0.046,-,0.213,-,-,-,-,228.10,19.90,"1,273",71.0180,38.14%,8.66%,29.45%,61.86%,0.00%,0.03%,-,10.00,-6.22,39.93,13 Oct 2025,11 Dec 2025,-,-,105278770.00,A-EQ,10527877
BDSERVICE,Bangladesh Services Limited,Travel & Leisure,Z,508.50,-,0.00,0.00,5.20,0.0000,0,,,,,,,,,,,,,,,,,,,,,,-,0.353,0.021,0.344,-,-,-,0.532,-,-,-,-,5.20,0.00,0,0.0000,0.32%,0.00%,0.13%,0.00%,99.68%,0.19%,-,-,-8.94,219.74,28 Oct 2025,22 Dec 2025,-,-,977889130.00,Z-EQ,97788913
BDTHAI,Bangladesh Thai Aluminium Limited,Engineering,B,1814.41,-,14.20,-2.74,14.20,6.4310,"448,644",37.5885,-94.4444,15.0350,16.4560,14.1285,14.6985,14.7978,15.3000,-0.5022,-0.5205,16.3461,13.7239,212.5900,-659693.0613,14.6511,14.7295,14.8233,1.5658,0.0000,0.0000,0.0000,-,2.274,0.238,1.417,-,-,-,-,-,-,-,-,14.60,-0.40,469,6.4310,70.82%,7.93%,62.26%,29.18%,0.00%,0.63%,-,-,-2.01,28.60,24 Nov 2025,30 Dec 2025,-,-,1277752500.00,B-EQ,127775250
BDTHAIFOOD,BD Thai Food & Beverage Limited,Food & Allied,B,1532.20,-,18.80,-2.08,18.80,13.9540,"739,023",32.1514,-94.0000,21.7800,23.2380,20.0550,19.9428,20.3439,21.6389,-1.2950,-1.0236,26.1611,17.3989,661.0700,-1488584.4244,19.5644,19.8333,20.6629,1.3908,0.0000,0.0000,0.0000,-,1.315,-,0.892,-,-,-,0.259,-,-,-,-,19.20,-0.40,515,13.9540,66.90%,23.84%,43.06%,33.10%,0.00%,0.00%,-,-,-1.64,12.41,29 Oct 2025,28 Dec 2025,-,-,815000000.00,B-EQ,81500000
BDWELDING,Bangladesh Welding Electrodes Limited,Fuel & Power,Z,498.52,-,11.50,-0.86,11.50,0.3420,"29,642",35.4551,-93.3333,12.0150,12.9420,15.0260,11.8068,11.8919,12.2641,-0.3722,-0.3605,12.7998,11.2302,21.8800,-49397.8092,11.7400,11.8462,11.9314,1.3576,0.0000,0.0000,0.0000,-,1.557,-,1.207,6.501,7.509,2.015,0.193,0.075,0.162,-,-,11.60,-0.10,50,0.3420,68.99%,2.88%,65.39%,31.01%,0.00%,0.72%,1.00,-,-0.08,11.61,10 Aug 2020,17 Sep 2020,-,-,433493050.00,Z-EQ,43349305
BEACHHATCH,Beach Hatchery Limited,Food & Allied,Z,1064.01,13.10,25.80,-3.38,25.70,4.7980,"185,506",32.5801,-96.6667,26.9600,29.7680,33.0155,26.8449,26.9972,27.8232,-0.8261,-0.8805,28.4388,25.4812,74.5700,-132549.3460,26.8289,26.9936,26.9905,1.1782,0.0000,0.0000,0.0000,3.89,5.789,-,5.616,0.494,0.534,0.383,0.567,0.138,0.163,-,-,26.60,-0.90,350,4.7980,65.03%,18.21%,46.82%,34.97%,0.00%,0.00%,-,10.00,2.03,12.49,26 Nov 2024,31 Dec 2024,13.10,4.36,414010210.00,Z-EQ,41401021
BEACONPHAR,Beacon Pharmaceuticals PLC.,Pharmaceuticals & Chemicals,A,23215.50,25.02,100.50,-2.05,100.50,9.1520,"90,315",43.6887,-60.2273,101.6100,104.6600,104.9775,101.6479,101.7276,102.5788,-0.8512,-1.0766,105.1211,98.0989,9.2700,-88107.2264,101.6956,101.7526,101.5190,1.3921,0.0000,0.0000,0.0000,2.09,1.542,0.479,1.144,-,0.191,0.075,0.520,0.049,0.142,-,-,102.60,-2.10,869,9.1520,60.14%,38.16%,21.98%,39.86%,0.00%,0.00%,-,21.00,4.10,28.86,23 Oct 2025,23 Dec 2025,25.02,12.93,2310000000.00,A-EQ,231000000
BENGALWTL,Bengal Windsor Thermoplastics PLC.,Engineering,B,1921.00,39.45,21.00,-3.23,21.00,5.7010,"268,343",40.2774,-71.8750,21.6100,23.3220,21.6210,21.6045,21.6759,22.1801,-0.5041,-0.5846,22.9381,20.2819,87.2700,-163143.9271,21.6267,21.6744,21.6010,1.4673,0.0000,0.0000,0.0000,2.38,11.790,0.000,9.087,-,0.092,0.055,0.190,0.019,0.021,-,-,21.70,-0.70,367,5.7010,46.77%,27.24%,19.53%,53.23%,0.00%,0.00%,-,5.00,0.55,26.12,27 Oct 2025,18 Dec 2025,39.45,36.99,914760000.00,B-EQ,91476000
BERGERPBL,Berger Paints Bangladesh Limited,Miscellaneous,A,71689.84,19.04,1459.90,-0.21,1459.90,1.0290,704,45.8295,-81.6216,1464.0900,1473.1760,1420.6600,1462.1002,1462.9325,1466.3963,-3.4638,-3.2661,1489.9245,1438.2555,1.5800,-2040.1034,1461.5711,1461.9295,1461.6071,0.2112,0.0000,0.0000,0.0000,3.60,1.931,-,1.188,0.155,0.152,0.118,0.319,0.141,0.218,-,-,1462.90,-3.00,114,1.0290,10.24%,8.08%,2.15%,89.76%,0.00%,0.01%,-,525.00,76.83,400.24,16 Jun 2026,24 Aug 2026,19.04,9.94,491059910.00,A-EQ,49105991
BESTHLDNG,Best Holdings PLC.,Travel & Leisure,Z,15464.76,10.14,14.70,0.69,14.60,4.8070,"333,186",45.9683,-66.6667,14.8550,14.9340,13.8440,14.7668,14.7875,14.8274,-0.0399,-0.0132,15.4549,14.2551,7.9700,-261092.2855,14.7467,14.7846,14.8471,1.5181,0.0000,0.0000,0.0000,6.85,4.760,0.016,4.709,0.365,0.380,0.367,0.683,0.018,0.025,-,-,14.50,0.10,321,4.8070,34.66%,20.54%,14.12%,65.34%,0.00%,0.00%,-,-,0.00,0.00,-,-,10.14,43.50,10592303650.00,Z-EQ,1059230365
BEXGSUKUK,Beximco Green Sukuk Al Istisna'a,Corporate Bond,A,19805.16,-,70.50,1.44,70.50,0.5120,"7,242",53.0078,-33.3333,70.0250,70.1400,65.5600,70.0538,70.0525,70.1042,-0.0517,-0.0789,70.9120,69.1380,0.7800,-2320.2092,70.0111,70.0449,70.0667,0.2183,0.0000,0.0000,0.0000,0.65,-,-,-,-,-,-,-,-,-,-,-,69.50,1.00,20,0.5120,100.00%,97.67%,2.33%,0.00%,0.00%,0.00%,-,4.59,0.00,0.00,21 May 2026,-,-,-,2809242630.00,A-CB,280924263
BEXIMCO,BEXIMCO Limited,Miscellaneous,B,19053.37,-,20.20,-2.88,20.20,45.7770,"2,245,527",37.7847,-85.7143,21.0800,22.8640,77.4490,20.8881,21.0103,21.9311,-0.9209,-1.0859,22.6978,19.4622,102.7800,-4036067.5887,20.8133,20.9910,21.0176,0.3578,0.0000,0.0000,0.0000,-,1.885,-,1.568,-,0.190,-,0.245,-,-,-,-,20.80,-0.60,"2,383",45.7770,66.89%,30.58%,35.96%,33.11%,0.00%,0.35%,5.00,-,-0.41,92.58,29 Oct 2024,30 Dec 2024,-,-,9432362620.00,B-EQ,943236262
BGIC,Bangladesh General Insurance Company PLC.,Insurance,A,2252.94,27.28,42.00,1.21,41.70,4.2270,"101,961",50.9063,-52.7273,41.2600,41.7140,37.0405,41.5891,41.5554,41.5557,-0.0002,-0.0743,42.9980,39.5220,48.1700,-94498.1562,41.7022,41.6808,41.4157,1.1280,0.0000,0.0000,0.0000,2.64,-,-,-,-,-,-,-,-,-,-,-,41.20,0.50,364,4.2270,66.60%,46.11%,20.49%,33.40%,0.00%,0.00%,-,11.00,1.51,19.54,30 Apr 2026,18 Jun 2026,27.28,16.61,540272550.00,A-EQ,54027255
BIFC,Bangladesh Industrial Fin. Company Limited,Financial Institutions,Z,312.11,-,3.10,-6.06,3.10,0.2800,"87,749",22.4413,-100.0000,3.6500,4.1360,3.9219,3.4018,3.4678,3.7034,-0.2356,-0.2016,4.1589,3.1411,25.4100,-232494.9526,3.3489,3.4026,3.5200,1.0315,0.0000,0.0000,0.0000,-,-,-,-,-,1.107,1.067,-,-,-,-,-,3.30,-0.20,62,0.2800,61.65%,39.55%,22.10%,38.35%,0.00%,0.00%,-,-,-7.38,-133.58,25 Jun 2026,-,-,-,1006799440.00,Z-EQ,100679944
BNICL,Bangladesh National Insurance Company Limited.,Insurance,A,7208.32,35.11,162.90,-3.55,162.90,43.3000,"265,897",67.1169,-29.4363,146.9200,126.7920,86.3375,163.3165,159.7015,145.7282,13.9733,12.6102,188.4566,105.3834,375.4800,52851.5235,167.8911,165.8410,157.6129,1.3490,0.0000,0.0000,0.0000,1.35,-,-,-,-,-,-,-,-,-,-,-,168.90,-6.00,765,43.3000,39.87%,8.63%,31.24%,60.13%,0.00%,0.00%,-,22.00,4.81,31.26,19 Apr 2026,23 Jun 2026,35.11,28.15,442500000.00,A-EQ,44250000
BPML,Bashundhara Paper Mills Limited,Paper & Printing,Z,4501.20,-,25.90,-1.15,25.90,0.5130,"19,742",44.6390,-68.4211,25.8650,27.2040,26.9750,26.2882,26.2799,26.4422,-0.1623,-0.2568,27.8862,23.8438,4.0800,-19053.4411,26.4622,26.4667,26.1652,1.7588,0.0000,0.0000,0.0000,-,0.987,-,0.595,-,-,-,0.061,-,-,-,-,26.20,-0.30,95,0.5130,33.79%,9.06%,24.73%,66.21%,0.00%,0.00%,-,-,-18.98,57.82,29 Oct 2025,23 Dec 2025,-,-,1737914410.00,Z-EQ,173791441
BPPL,Baraka Patenga Power Limited,Fuel & Power,B,3183.12,13.58,18.40,-1.08,18.40,11.2120,"605,108",39.2356,-86.6667,19.0450,20.0200,17.3290,18.8024,18.8899,19.2678,-0.3780,-0.3637,20.0150,18.0750,125.8800,-691273.2013,18.7422,18.8308,18.9110,1.4566,0.0000,0.0000,0.0000,1.09,0.792,-,0.596,0.044,0.256,0.039,0.280,0.020,0.075,-,-,18.60,-0.20,534,11.2120,64.24%,8.92%,55.32%,35.76%,0.00%,0.00%,-,2.00,1.37,27.72,29 Oct 2025,24 Dec 2025,13.58,4.88,1729954880.00,B-EQ,172995488
BRACBANK,BRAC Bank PLC.,Bank,A,148821.73,7.20,65.00,-1.07,65.00,61.5640,"946,918",60.1536,-25.0000,63.6200,63.4720,68.4885,64.7506,64.5098,63.9118,0.5980,0.3506,66.1578,61.0822,15.8500,1268272.7350,65.0089,64.8154,64.2519,1.0870,0.0000,0.0000,0.0000,2.31,-,-,-,-,0.479,0.264,-,0.017,0.174,0.019,-,65.70,-0.70,"1,625",61.5640,53.83%,13.04%,8.40%,46.17%,0.00%,32.39%,15.00,15.00,9.12,51.56,27 Apr 2026,11 Jun 2026,7.20,6.48,22895650920.00,A-EQ,2289565092
BSC,Bangladesh Shipping Corporation,Miscellaneous,A,16519.54,5.46,108.30,-1.28,108.30,12.0560,"110,968",40.1012,-82.1918,110.5500,114.6320,110.9205,110.1104,110.3380,111.5217,-1.1837,-1.2408,113.7687,107.3313,30.6800,-96101.3440,109.9600,110.2538,110.4157,1.7565,0.0000,0.0000,0.0000,2.31,3.689,-,3.670,0.773,0.921,0.620,1.195,0.086,0.192,-,-,109.70,-1.40,579,12.0560,47.90%,21.34%,26.56%,0.00%,52.10%,0.00%,-,25.00,20.10,104.84,13 Nov 2025,22 Dec 2025,5.46,6.28,1525350400.00,A-EQ,152535040
BSCPLC,Bangladesh Submarine Cables PLC,Telecommunication,A,26802.67,14.60,143.10,-1.17,143.30,1.2640,"8,785",34.2590,-96.4706,146.7100,151.5060,143.5645,146.1628,146.4980,147.9992,-1.5013,-1.4717,150.4527,142.9673,3.9400,-36714.3161,146.0844,146.5372,146.6667,1.2009,0.0000,0.0000,0.0000,2.79,5.155,0.014,5.155,0.633,0.564,0.520,0.778,0.086,0.121,-,-,145.00,-1.70,152,1.2640,23.06%,18.01%,4.95%,0.00%,76.94%,0.10%,-,40.00,11.01,90.99,23 Sep 2025,23 Nov 2025,14.60,9.29,1870388430.00,A-EQ,187038843
BSRMLTD,Bangladesh Steel Re-Rolling Mills Limited,Engineering,A,27678.79,4.57,93.80,-1.49,92.70,4.8460,"51,643",31.3693,-96.7213,95.7500,98.5180,89.0640,94.7793,95.1254,96.3495,-1.2241,-1.0401,98.0882,93.4118,4.7000,-48287.2956,94.5711,94.9436,95.3833,0.6819,0.0000,0.0000,0.0000,5.39,1.243,0.029,0.586,-,0.094,0.064,0.118,0.066,0.123,-,-,94.10,-1.40,311,4.8460,52.88%,15.71%,20.35%,47.12%,0.00%,16.82%,-,50.00,20.57,166.79,19 Oct 2025,24 Dec 2025,4.57,4.54,2985846260.00,A-EQ,298584626
BSRMSTEEL,BSRM Steels Limited,Engineering,A,31053.68,6.02,82.50,-0.36,82.60,5.2340,"63,468",34.0934,-88.0597,85.2000,90.5360,77.2990,84.1142,84.5620,86.4150,-1.8530,-1.7416,88.9897,81.4103,11.3600,-181710.4079,83.8000,84.2987,84.7252,0.9997,0.0000,0.0000,0.0000,6.05,1.496,0.653,0.648,-,0.087,0.050,0.111,0.059,0.152,-,-,82.90,-0.30,493,5.2340,27.94%,16.70%,10.64%,72.06%,0.00%,0.60%,-,50.00,13.77,90.52,19 Oct 2025,24 Dec 2025,6.02,5.41,3759525000.00,A-EQ,375952500
BXPHARMA,Beximco Pharmaceuticals PLC,Pharmaceuticals & Chemicals,A,64463.20,11.26,144.50,-1.83,144.50,91.8770,"632,681",40.6440,-87.3418,148.3450,147.4540,128.0010,147.1083,147.3529,147.6344,-0.2815,0.1231,151.6214,145.0686,49.2500,-1118174.9135,147.0267,147.2167,147.6876,1.1942,0.0000,0.0000,0.0000,3.29,2.177,0.034,0.910,-,0.195,0.132,0.442,0.085,0.113,-,-,147.20,-2.70,"2,275",91.8770,69.87%,25.67%,17.20%,30.13%,0.00%,27.00%,-,47.50,15.56,119.04,24 Jun 2026,-,11.26,7.10,4461120890.00,A-EQ,446112089
CAPITECGBF,Capitec Grameen Bank Growth Fund,Mutual Funds,A,1338.85,8.40,8.60,-3.37,8.60,14.2310,"1,634,685",43.6536,-69.2308,8.7350,9.3760,7.6505,8.9044,8.8996,8.9279,-0.0283,-0.0521,9.4925,7.9775,355.1500,-1343482.1491,8.9622,8.9821,8.8795,1.2338,0.0000,0.0000,0.0000,-,-,-,-,-,-,-,-,-,-,-,-,8.90,-0.30,557,14.2310,35.77%,1.56%,34.21%,64.23%,0.00%,0.00%,-,9.00,1.06,10.35,29 Jul 2026,-,8.40,8.40,1556800000.00,A-MF,155680000
CAPMBDBLMF,CAPM BDBL Mutual Fund 01,Mutual Funds,A,360.94,-,0.00,0.00,7.20,0.0000,0,32.7284,-93.3333,8.0600,9.4720,10.4205,7.7123,7.8569,8.5159,-0.6590,-0.6516,9.6354,6.4846,1121.3300,-2818506.4164,7.5356,7.5846,7.7543,0.8364,0.0000,0.0000,0.0000,-,-,-,-,-,-,-,-,-,-,-,-,7.20,0.00,0,0.0000,80.05%,11.03%,69.02%,19.95%,0.00%,0.00%,-,-,1.35,9.01,19 Aug 2026,-,-,5.33,501310000.00,A-MF,50131000
CAPMIBBLMF,CAPM IBBL Islamic Mutual Fund,Mutual Funds,A,1129.82,-,16.90,4.32,16.90,24.2310,"1,440,321",70.9536,-11.1111,14.3200,13.7660,10.1940,15.8515,15.5119,14.5940,0.9178,0.6039,17.3770,11.2630,348.2800,920649.1847,16.2311,15.8987,15.1186,1.1681,0.0000,0.0000,0.0000,-,-,-,-,-,-,-,-,-,-,-,-,16.20,0.70,538,24.2310,33.44%,5.72%,27.72%,66.56%,0.00%,0.00%,-,-,0.35,8.31,19 Aug 2026,-,-,46.29,668535000.00,A-MF,66853500
CBLPBOND,City Bank Perpetual Bond,Corporate Bond,A,4150.00,-,0.00,0.00,1037500.00,0.0000,0,,,,,,,,,,,,,,,,,,,,,,-,-,-,-,-,-,-,-,-,-,-,-,1037500.00,0.00,0,0.0000,100.00%,65.00%,35.00%,0.00%,0.00%,0.00%,-,10.00,0.00,0.00,22 Feb 2026,-,-,-,40000.00,A-CB,4000
CENTRALINS,Central Insurance PLC,Insurance,A,2290.54,23.58,43.10,-2.27,43.10,6.2350,"143,606",46.4008,-50.0000,43.1300,44.1760,41.9650,43.6834,43.6287,43.6294,-0.0007,-0.1212,45.0539,41.2061,172.2700,-521378.3212,43.8578,43.8346,43.4619,1.3100,0.0000,0.0000,0.0000,2.78,-,-,-,-,-,-,-,-,-,-,-,44.10,-1.00,281,6.2350,60.63%,13.66%,46.97%,39.33%,0.04%,0.00%,-,12.00,1.87,50.69,19 Apr 2026,18 Jun 2026,23.58,21.41,531448230.00,A-EQ,53144823
CENTRALPHL,Central Pharmaceuticals Limited,Pharmaceuticals & Chemicals,Z,1066.23,-,8.90,-1.11,8.90,1.7680,"198,870",35.9756,-90.9091,9.3500,10.2320,9.3335,9.1258,9.1980,9.5208,-0.3228,-0.3164,10.0069,8.6931,63.6600,-327780.3278,9.0689,9.1282,9.2195,1.4950,0.0000,0.0000,0.0000,-,1.101,0.282,1.071,-,-,-,-,-,-,-,-,9.00,-0.10,144,1.7680,92.33%,7.42%,84.91%,7.67%,0.00%,0.00%,-,-,-0.18,6.87,05 Nov 2025,30 Dec 2025,-,-,1198008440.00,Z-EQ,119800844
CITYBANK,City Bank PLC.,Bank,A,51957.34,3.43,29.70,-0.67,29.70,25.4470,"855,713",41.5825,-75.0000,29.8850,30.5420,29.1175,29.8736,29.8899,30.0497,-0.1598,-0.1993,30.2239,29.5461,18.5700,-953355.0839,29.8644,29.8731,29.8805,1.0886,0.0000,0.0000,0.0000,5.05,-,-,-,-,0.558,0.271,-,0.016,0.214,0.018,-,29.90,-0.20,975,25.4470,69.63%,20.43%,40.94%,30.37%,0.00%,8.26%,15.00,15.00,8.71,40.67,12 Apr 2026,07 Jun 2026,3.43,4.97,17494053800.00,A-EQ,1749405380
CITYGENINS,City Insurance PLC.,Insurance,A,8977.48,38.71,132.50,0.08,131.70,8.6960,"66,235",71.5030,-18.5185,129.0850,124.0560,102.2615,130.5791,130.1875,128.2009,1.9866,2.0614,132.3361,125.8339,28.4800,48511.0838,131.0156,130.5949,129.8219,0.6232,0.0000,0.0000,0.0000,0.76,-,-,-,-,-,-,-,-,-,-,-,131.60,0.10,237,8.6960,63.94%,38.59%,25.34%,36.06%,0.00%,0.01%,-,10.00,3.40,23.24,10 Feb 2026,30 Mar 2026,38.71,24.37,681661220.00,A-EQ,68166122
CLICL,Chartered Life Insurance PLC,Insurance,B,1766.25,278.24,47.10,-0.42,47.10,8.2360,"175,846",55.9148,-26.5957,44.0400,46.7100,53.6710,46.2778,45.8325,45.4478,0.3847,-0.4122,49.1840,38.8960,114.2000,154918.7969,46.9400,46.3500,45.0490,1.2415,0.0000,0.0000,0.0000,0.85,-,-,-,-,-,-,-,-,-,-,-,47.30,-0.20,406,8.2360,40.00%,4.41%,35.59%,60.00%,0.00%,0.00%,-,4.00,0.17,11.44,28 Jun 2026,10 Aug 2026,278.24,-,375000000.00,B-EQ,37500000
CNATEX,C & A Textiles Limited,Textile,Z,694.02,15.79,2.90,-3.33,2.90,2.3260,"780,386",42.7730,-83.3333,2.9750,3.1440,3.0145,2.9873,2.9921,3.0297,-0.0376,-0.0449,3.1789,2.7711,95.9100,244673.9195,3.0044,2.9987,2.9819,1.4217,0.0000,0.0000,0.0000,1.72,3.384,-,3.384,-,-,-,-,-,-,-,-,3.00,-0.10,143,2.3260,92.90%,10.04%,82.86%,7.10%,0.00%,0.00%,-,0.50,0.19,-3.81,20 Nov 2023,28 Dec 2023,15.79,9.78,2393160000.00,Z-EQ,239316000
CONFIDCEM,Confidence Cement PLC,Cement,A,5054.47,5.26,58.60,-0.85,58.60,5.6090,"95,106",36.9819,-68.4932,60.0900,63.5700,60.7080,59.6028,59.8458,61.0183,-1.1726,-1.1909,63.4579,56.7221,33.9000,-168836.0911,59.4267,59.8026,59.9000,1.4530,0.0000,0.0000,0.0000,1.71,0.589,-,0.519,0.255,0.101,0.237,0.140,0.063,0.127,-,-,59.10,-0.50,348,5.6090,69.66%,38.55%,30.96%,30.34%,0.00%,0.15%,-,10.00,11.23,88.68,02 Nov 2025,28 Dec 2025,5.26,6.23,862537900.00,A-EQ,86253790
CONTININS,Continental Insurance PLC.,Insurance,B,1415.41,21.93,32.40,-1.52,32.40,6.5830,"201,427",42.8846,-62.5000,33.1100,34.3600,29.6850,33.2449,33.2768,33.5846,-0.3078,-0.3824,35.1813,31.0387,200.7000,-181125.4083,33.3778,33.3551,33.1219,1.5005,0.0000,0.0000,0.0000,1.54,-,-,-,-,-,-,-,-,-,-,-,32.90,-0.50,289,6.5830,68.46%,7.52%,60.94%,31.54%,0.00%,0.00%,-,5.00,1.50,22.78,03 May 2026,13 Aug 2026,21.93,17.69,436855760.00,B-EQ,43685576
COPPERTECH,Coppertech Industries Ltd.,Engineering,B,1382.47,30.56,21.10,-2.76,21.10,2.6090,"122,766",34.0350,-92.8571,22.2100,24.6800,22.9205,21.9037,22.0513,22.8356,-0.7843,-0.8292,23.7440,20.6760,101.1000,-375195.1189,21.8200,21.9769,22.0671,1.5539,0.0000,0.0000,0.0000,1.02,1.288,0.143,0.672,-,0.102,0.028,0.137,0.023,0.050,-,-,21.70,-0.60,249,2.6090,72.43%,17.50%,54.93%,27.57%,0.00%,0.00%,-,2.15,0.71,14.32,29 Oct 2025,29 Jan 2026,30.56,36.17,655200000.00,B-EQ,65520000
CROWNCEMNT,Crown Cement PLC,Cement,A,8568.45,12.88,57.70,-0.86,57.70,0.5520,"9,548",36.7186,-100.0000,59.2750,63.3120,54.6100,58.9753,59.2155,60.3635,-1.1480,-1.1606,61.4338,57.1162,1.0400,-12914.8521,58.8644,59.1115,59.3176,1.0851,0.0000,0.0000,0.0000,3.64,0.888,-,0.569,0.044,0.097,0.020,0.141,0.025,0.072,-,-,58.20,-0.50,80,0.5520,58.98%,19.27%,39.66%,41.02%,0.00%,0.05%,-,21.00,4.52,62.66,20 Oct 2025,22 Dec 2025,12.88,25.68,1485000000.00,A-EQ,148500000
CRYSTALINS,Crystal Insurance Company Limited,Insurance,A,2965.60,20.66,67.40,-2.32,67.40,19.7300,"288,446",50.1961,-48.3871,65.7050,66.7380,70.4615,69.4383,68.8813,67.3521,1.5291,1.0255,77.3711,54.0389,229.5900,-525377.2581,70.7689,70.5385,68.1652,1.5458,0.0000,0.0000,0.0000,1.78,-,-,-,-,-,-,-,-,-,-,-,69.00,-1.60,828,19.7300,42.00%,12.96%,29.01%,58.00%,0.00%,0.03%,-,12.00,3.34,27.65,17 Feb 2026,30 Mar 2026,20.66,17.78,440000000.00,A-EQ,44000000
CVOPRL,CVO Petrochemical Refinery PLC.,Fuel & Power,A,4812.73,42.09,159.00,-1.12,159.00,14.1940,"88,237",48.0090,-28.5714,155.8750,166.0260,162.0725,158.8566,158.6283,160.0058,-1.3775,-2.5271,165.8262,145.9238,101.8500,-139840.9920,159.6089,159.2333,157.3495,1.3607,0.0000,0.0000,0.0000,0.69,0.917,-,0.507,0.101,0.124,0.092,0.156,0.085,0.126,-,-,160.80,-1.80,690,14.1940,56.94%,17.44%,39.41%,43.06%,0.00%,0.09%,9.00,11.00,3.82,13.12,28 Sep 2025,10 Dec 2025,42.09,23.74,302687550.00,A-EQ,30268755
DACCADYE,The Dacca Dyeing & Manufacturing Co.Limited,Textile,Z,1342.16,-,15.40,0.00,15.40,1.2250,"79,494",45.4843,-52.3810,15.6000,16.1840,16.8525,15.3327,15.4000,15.6848,-0.2848,-0.2709,16.5108,14.6892,54.3200,-218554.5749,15.2067,15.2923,15.4581,1.3900,0.0000,0.0000,0.0000,-,0.133,-,0.117,-,-,-,-,-,-,-,-,15.40,0.00,147,1.2250,69.90%,17.24%,52.58%,30.10%,0.00%,0.08%,-,-,-5.82,25.71,08 Dec 2025,16 Jan 2026,-,-,871534530.00,Z-EQ,87153453
DAFODILCOM,Daffodil Computers PLC.,IT Sector,B,7906.10,1003.75,157.00,-1.37,158.40,16.2620,"101,537",43.4878,-67.0732,163.5550,164.5240,109.1660,160.1994,160.9502,162.6090,-1.6587,-0.7906,171.5714,155.5386,128.2200,131786.1770,159.2067,160.2346,162.0462,0.6915,0.0000,0.0000,0.0000,-,0.716,-,0.661,0.025,0.134,0.015,0.376,0.005,0.013,-,-,160.60,-2.20,607,16.2620,58.60%,36.73%,21.81%,41.40%,0.00%,0.06%,-,-,0.16,12.90,02 Nov 2025,29 Dec 2025,1003.75,481.80,499122620.00,B-EQ,49912262
DBH,DBH Finance PLC,Financial Institutions,A,8053.86,8.46,39.40,0.00,39.70,1.7840,"44,961",40.7232,-85.0000,40.0950,41.7160,38.9875,39.8891,39.9783,40.4719,-0.4936,-0.5299,40.9976,39.1924,7.9400,-74792.1445,39.8133,39.9013,39.9790,1.1770,0.0000,0.0000,0.0000,3.78,-,-,-,-,0.695,0.380,-,-,-,-,0.132,39.70,0.00,130,1.7840,48.68%,32.66%,15.48%,51.32%,0.00%,0.54%,-,15.00,4.69,49.55,11 May 2026,29 Jun 2026,8.46,7.24,2028679740.00,A-EQ,202867974
DBH1STMF,DBH First Mutual Fund,Mutual Funds,A,660.00,19.66,5.50,-3.51,5.50,5.0890,"915,843",47.4775,-60.0000,5.5750,5.5540,5.2655,5.6665,5.6515,5.5734,0.0781,0.0819,5.9999,5.1501,339.6500,-1132988.7124,5.7067,5.7128,5.6519,0.9693,0.0000,0.0000,0.0000,-,-,-,-,-,-,-,-,-,-,-,-,5.70,-0.20,177,5.0890,83.33%,38.93%,44.40%,16.67%,0.00%,0.00%,-,3.00,0.29,10.32,16 Aug 2023,-,19.66,-,1200000000.00,A-MF,120000000
DBLPBOND,Dhaka Bank Perpetual Bond,Corporate Bond,A,249.00,-,0.00,0.00,6225.00,0.0000,0,77.6658,0.0000,6011.2500,0.0000,0.0000,5876.3137,5790.1395,5570.2802,219.8593,134.0774,6733.7165,5288.7835,0.0900,0.9545,6045.0000,6034.6154,6021.4286,0.1145,0.0000,0.0000,0.0000,0.02,-,-,-,-,-,-,-,-,-,-,-,6225.00,0.00,0,0.0000,0.00%,0.00%,0.00%,0.00%,0.00%,0.00%,-,10.00,0.00,0.00,27 Jan 2026,-,-,-,400000.00,A-CB,40000
DELTALIFE,Delta Life Insurance Limited,Insurance,A,8798.63,-,71.10,-0.14,71.10,2.0320,"28,513",41.7028,-53.7313,71.3900,75.6760,74.5830,71.4167,71.5499,72.7479,-1.1980,-1.4694,74.8437,67.9363,14.9400,-73310.8640,71.4267,71.5038,71.2981,1.4336,0.0000,0.0000,0.0000,4.92,-,-,-,-,-,-,-,-,-,-,-,71.20,-0.10,139,2.0320,51.16%,15.29%,35.87%,48.84%,0.00%,0.00%,-,35.00,0.00,0.00,12 May 2026,29 Jun 2026,-,-,1237500000.00,A-EQ,123750000
DELTASPINN,Delta Spinners Limited,Textile,Z,1248.61,26.21,7.50,-1.32,7.50,7.3560,"976,448",58.2442,-30.0000,7.1250,7.4020,6.3285,7.3263,7.2799,7.2371,0.0428,-0.0392,7.5878,6.6622,77.1100,1182494.2271,7.3667,7.2949,7.1938,1.4494,0.0000,0.0000,0.0000,1.33,1.821,-,0.910,-,-,-,-,-,-,-,-,7.60,-0.10,259,7.3560,79.40%,6.34%,73.06%,20.60%,0.00%,0.00%,-,1.00,0.00,0.00,31 Jan 2021,-,26.21,190.00,1664819640.00,Z-EQ,166481964
DESCO,Dhaka Electric Supply Company Limited,Fuel & Power,Z,9303.13,-,23.40,3.54,23.40,3.0460,"131,176",57.8683,-17.3913,22.3850,23.9120,22.9675,22.7467,22.7052,22.9212,-0.2160,-0.4088,23.3079,21.4621,3.3100,-82191.4549,22.7933,22.7474,22.5510,1.0768,0.0000,0.0000,0.0000,-,0.929,-,0.929,-,0.016,-,0.088,-,-,-,-,22.60,0.80,140,3.0460,32.34%,23.85%,8.45%,0.00%,67.66%,0.04%,-,-,-3.15,35.33,12 Oct 2025,17 Jan 2026,-,11.61,3975698040.00,Z-EQ,397569804
DESHBANDHU,Deshbandhu Polymer Limited,Engineering,B,1030.93,-,16.80,-0.59,16.80,3.7960,"226,600",36.9177,-55.0000,17.1200,19.4420,18.2030,16.9517,17.0416,17.6908,-0.6492,-0.7572,18.2432,15.9968,103.0200,-274420.8998,16.8956,16.9513,16.9900,1.7003,0.0000,0.0000,0.0000,-,2.280,0.870,1.509,-,-,-,-,-,-,-,-,16.90,-0.10,201,3.7960,66.46%,15.19%,51.27%,33.54%,0.00%,0.00%,-,-,-3.93,14.54,28 Oct 2025,22 Dec 2025,-,-,613651500.00,B-EQ,61365150
DGIC,Desh General Insurance Company Limited,Insurance,B,1676.00,254.38,41.90,2.95,41.90,63.8640,"1,542,659",73.6488,-8.0292,34.9300,34.0300,26.0580,39.5507,38.5970,36.0242,2.5728,1.6890,45.0742,24.7858,577.3600,1518131.6100,40.7867,40.0000,37.4643,1.5854,0.0000,0.0000,0.0000,0.48,-,-,-,-,-,-,-,-,-,-,-,40.70,1.20,"1,166",63.8640,51.02%,4.89%,46.13%,48.98%,0.00%,0.00%,-,2.00,0.16,11.35,21 May 2026,09 Sep 2026,254.38,41.53,400000000.00,B-EQ,40000000
DHAKABANK,Dhaka Bank PLC.,Bank,A,11837.64,4.26,11.20,-0.88,11.20,30.1320,"2,694,739",18.2973,-85.7143,11.5400,11.8980,12.1610,11.3489,11.3974,11.5896,-0.1922,-0.1760,11.9675,11.1125,32.7400,-819872.1231,11.3022,11.3321,11.4276,1.0840,0.0000,0.0000,0.0000,8.93,-,-,-,-,0.601,0.139,-,0.006,0.112,0.007,-,11.30,-0.10,408,30.1320,55.75%,12.75%,43.00%,44.25%,0.00%,0.00%,-,10.00,2.65,23.64,29 Apr 2026,25 Jun 2026,4.26,5.95,10569323490.00,A-EQ,1056932349
DHAKAINS,Dhaka Insurance Limited,Insurance,A,1801.61,26.63,44.90,-1.97,44.90,2.0640,"45,685",49.2257,-42.3729,44.4350,45.4420,41.0350,45.3660,45.2296,45.0639,0.1657,-0.0559,47.3889,41.4811,56.2300,-95594.0300,45.6711,45.5192,44.9010,1.4692,0.0000,0.0000,0.0000,2.23,-,-,-,-,-,-,-,-,-,-,-,45.80,-0.90,132,2.0640,45.19%,11.92%,33.21%,54.81%,0.00%,0.06%,-,10.00,1.72,36.70,14 May 2026,20 Jul 2026,26.63,19.08,401250000.00,A-EQ,40125000
DOMINAGE,Dominage Steel Building Systems Limited,Engineering,B,6751.08,1322.00,65.80,-0.45,65.80,135.8280,"2,049,301",52.4342,-39.4231,63.1850,68.8360,55.4915,64.1094,63.9468,64.6196,-0.6728,-1.3465,67.2561,59.1139,363.0100,-210641.0222,64.2933,64.1372,63.6705,1.4358,0.0000,0.0000,0.0000,0.05,6.171,0.004,3.379,-,0.105,0.027,0.205,0.003,0.003,-,-,66.10,-0.30,"2,501",135.8280,69.80%,8.08%,61.70%,30.20%,0.00%,0.02%,-,0.35,0.05,17.16,29 Oct 2025,24 Dec 2025,1322.00,-,1026000000.00,B-EQ,102600000
DOREENPWR,Doreen Power Generations and Systems Limited,Fuel & Power,A,5759.58,9.84,31.80,1.27,31.80,39.7580,"1,240,751",54.3327,-18.1818,30.6550,31.9780,29.7370,31.1536,31.0801,31.1920,-0.1119,-0.3259,32.4243,28.8857,67.9500,-298492.1102,31.2511,31.1410,30.8376,1.4140,0.0000,0.0000,0.0000,3.14,1.281,-,1.119,0.039,0.197,0.039,0.212,0.023,0.061,-,-,31.40,0.40,"1,172",39.7580,33.39%,17.34%,16.05%,66.61%,0.00%,0.00%,-,10.00,3.19,52.43,26 Oct 2025,31 Dec 2025,9.84,5.66,1811189010.00,A-EQ,181118901
DSHGARME,Desh Garmants Limited,Textile,B,1267.29,203.97,152.90,2.69,152.90,25.2960,"164,345",46.4830,-58.3815,152.9900,163.9880,133.2635,151.8085,152.5403,156.3421,-3.8018,-3.9840,161.9716,144.0084,300.5400,-104114.5461,151.1333,151.5782,152.2152,1.3266,0.0000,0.0000,0.0000,0.20,1.866,-,0.947,-,-,-,-,-,-,-,-,148.90,4.00,"1,273",25.2960,45.01%,4.78%,40.23%,54.99%,0.00%,0.00%,-,3.00,0.73,157.02,29 Oct 2025,18 Dec 2025,203.97,398.84,82883420.00,B-EQ,8288342
DSSL,Dragon Sweater and Spinning Limited,Textile,B,2276.57,78.57,10.80,-1.82,10.80,15.9600,"1,465,437",40.7505,-81.8182,11.1100,12.1580,10.1170,11.0649,11.1026,11.3479,-0.2453,-0.2778,11.6936,10.5264,196.3800,-1418750.5729,11.0489,11.1000,11.0943,1.7073,0.0000,0.0000,0.0000,0.46,16.911,-,12.803,-,-,-,-,-,-,-,-,11.00,-0.20,547,15.9600,67.83%,8.96%,58.87%,32.17%,0.00%,0.00%,-,0.50,0.14,18.18,28 Oct 2025,30 Dec 2025,78.57,-,2107932750.00,B-EQ,210793275
DULAMIACOT,Dulamia Cotton Spinning Mills Limited,Textile,Z,1616.36,858.00,211.20,-0.28,213.90,3.4680,"16,203",63.6811,-23.3857,191.5050,198.9240,156.5275,206.9430,203.7936,197.7423,6.0512,1.9824,223.7699,159.2401,65.9200,40822.2042,210.9733,207.2449,199.2229,0.9942,0.0000,0.0000,0.0000,0.14,0.072,-,0.068,-,-,-,-,-,-,-,-,214.50,-0.60,226,3.4680,66.99%,6.56%,60.43%,33.01%,0.00%,0.00%,-,3.00,0.25,-39.83,29 Sep 2025,03 Dec 2025,858.00,804.38,75566000.00,Z-EQ,7556600
DUTCHBANGL,Dutch-Bangla Bank PLC.,Bank,A,46184.15,4.59,45.50,-0.66,45.50,10.1110,"221,898",49.0187,-38.0952,45.1200,46.6480,42.8615,45.5185,45.4796,45.5977,-0.1180,-0.2590,47.4129,42.8271,4.5500,-66830.9803,45.5578,45.6487,45.5148,0.8104,0.0000,0.0000,0.0000,5.49,-,-,-,-,0.503,0.186,-,0.012,0.161,0.013,-,45.80,-0.30,221,10.1110,16.44%,7.38%,9.02%,83.56%,0.00%,0.04%,5.00,25.00,9.98,62.14,29 Apr 2026,16 Jun 2026,4.59,5.26,10150361950.00,A-EQ,1015036195
EASTERNINS,Eastern Insurance PLC,Insurance,A,2677.14,21.91,62.10,-1.58,62.10,11.6220,"185,993",54.1444,-31.8182,59.7550,61.2160,56.4945,62.0552,61.6672,61.0149,0.6523,0.1071,64.9178,54.5922,118.0600,-209778.7060,62.6444,62.2128,60.9600,1.5453,0.0000,0.0000,0.0000,2.42,-,-,-,-,-,-,-,-,-,-,-,63.10,-1.00,435,11.6220,55.14%,25.85%,29.29%,44.86%,0.00%,0.00%,-,15.00,2.88,50.13,03 May 2026,14 Jul 2026,21.91,17.43,431101440.00,A-EQ,43110144
EASTLAND,Eastland Insurance PLC.,Insurance,A,2306.72,25.36,27.50,-1.43,27.50,2.4450,"88,766",43.8349,-68.4211,27.7750,28.4940,23.9135,27.8117,27.8338,27.9928,-0.1590,-0.1853,28.8721,26.6779,64.3500,-227955.7544,27.8200,27.8679,27.7890,1.2245,0.0000,0.0000,0.0000,3.64,-,-,-,-,-,-,-,-,-,-,-,27.90,-0.40,93,2.4450,58.89%,24.23%,34.66%,41.11%,0.00%,0.00%,-,10.00,1.10,21.58,23 Apr 2026,29 Jun 2026,25.36,19.93,838805810.00,A-EQ,83880581
EASTRNLUB,Eastern Lubricants Blenders PLC.,Fuel & Power,A,4491.60,44.48,1886.10,-1.81,1886.10,14.5770,"7,683",32.4217,-89.4149,1977.8050,2001.5300,1832.0980,1938.4565,1946.6171,1965.0415,-18.4244,-9.1733,2058.9490,1896.6610,120.9600,-14945.8699,1932.4644,1941.6308,1958.4995,0.7309,0.0000,0.0000,0.0000,0.42,1.609,-,1.050,0.115,0.050,0.091,0.074,0.083,0.206,-,-,1920.90,-34.80,"1,161",14.5770,33.96%,6.30%,27.66%,15.04%,51.00%,0.00%,50.00,80.00,43.18,209.35,23 Nov 2025,31 Jan 2026,44.48,50.30,23814240.00,A-EQ,2381424
EBL,Eastern Bank PLC.,Bank,A,37476.08,4.40,22.80,-0.87,22.80,51.6480,"2,262,486",40.3188,-66.6667,23.0350,23.6520,24.9415,22.9030,22.9446,23.1908,-0.2462,-0.2708,23.6684,22.4016,71.3600,1357404.1730,22.8711,22.8833,22.9281,0.6412,0.0000,0.0000,0.0000,10.96,-,-,-,-,0.583,0.272,-,0.011,0.167,0.012,-,23.00,-0.20,648,51.6480,70.56%,43.59%,26.87%,29.44%,0.00%,0.10%,3.00,25.00,5.23,31.38,16 Apr 2026,11 Jun 2026,4.40,4.31,16436877890.00,A-EQ,1643687789
EBL1STMF,EBL First Mutual Fund,Mutual Funds,A,636.92,-,4.40,-2.22,4.40,0.5810,"129,646",47.2156,-71.4286,4.4500,4.5660,3.9135,4.5340,4.5214,4.4799,0.0415,0.0333,4.8680,4.0320,100.6000,-446402.2407,4.5667,4.5654,4.5229,1.0050,0.0000,0.0000,0.0000,-,-,-,-,-,-,-,-,-,-,-,-,4.50,-0.10,56,0.5810,98.62%,61.45%,37.17%,1.38%,0.00%,0.00%,-,-,-1.89,7.88,15 Sep 2024,-,-,-,1447542220.00,A-MF,144754222
EBLNRBMF,EBL NRB Mutual Fund,Mutual Funds,A,784.91,-,3.50,0.00,3.50,2.0240,"578,311",47.0807,-75.0000,3.5200,3.6380,3.0400,3.5529,3.5510,3.5487,0.0024,-0.0007,3.6989,3.3411,144.5000,-692441.4901,3.5667,3.5692,3.5486,1.2209,0.0000,0.0000,0.0000,-,-,-,-,-,-,-,-,-,-,-,-,3.50,0.00,65,2.0240,91.11%,39.71%,51.40%,8.89%,0.00%,0.00%,-,-,-1.93,8.25,25 Sep 2024,-,-,-,2242613030.00,A-MF,224261303
ECABLES,Eastern Cables Limited,Engineering,B,3144.24,-,119.10,0.68,119.10,1.1360,"9,429",38.0062,-72.4832,122.7750,131.8680,124.1170,119.6476,120.4925,124.4520,-3.9595,-3.9673,131.5505,113.9995,8.4500,-14693.6158,118.8067,119.3449,120.7390,1.3462,0.0000,0.0000,0.0000,-,1.179,0.009,0.945,-,-,-,0.082,-,-,-,-,118.30,0.80,124,1.1360,40.92%,13.21%,27.71%,8.08%,51.00%,0.00%,-,-,-4.43,339.32,12 Nov 2025,24 Jan 2026,-,-,264000000.00,B-EQ,26400000
EGEN,eGeneration PLC.,IT Sector,B,1665.00,30.13,22.20,-1.77,22.20,2.6760,"120,141",37.4847,-71.4286,22.8400,24.7360,23.0935,22.6546,22.7510,23.3537,-0.6027,-0.6745,24.1924,21.4876,118.5700,-235798.2658,22.6133,22.6936,22.7148,1.5128,0.0000,0.0000,0.0000,1.01,2.176,-,2.168,0.132,0.122,0.132,0.274,0.028,0.033,-,-,22.60,-0.40,189,2.6760,69.93%,13.50%,55.90%,30.07%,0.00%,0.53%,-,2.25,0.75,23.38,30 Oct 2025,29 Dec 2025,30.13,29.74,750000000.00,B-EQ,75000000
EHL,Eastern Housing Limited,Services & Real Estate,A,7635.63,10.06,81.80,-1.68,81.80,12.4390,"151,046",37.8745,-75.6757,84.0100,89.0200,83.0690,83.5916,83.8720,85.4713,-1.5993,-1.7360,88.4665,79.5535,56.6900,-198034.8421,83.4844,83.7654,83.7538,1.7398,0.0000,0.0000,0.0000,3.06,1.228,-,0.380,0.351,0.224,0.255,0.363,0.032,0.092,-,-,83.20,-1.40,608,12.4390,49.56%,25.16%,24.37%,50.44%,0.00%,0.03%,-,25.00,8.27,89.99,10 Sep 2025,30 Oct 2025,10.06,9.38,933451530.00,A-EQ,93345153
EIL,Express Insurance Limited,Insurance,B,2177.60,28.47,33.40,-0.60,33.40,23.5470,"703,999",60.4360,-23.4043,31.7050,32.2900,29.6515,32.6520,32.4520,32.1378,0.3141,0.0225,33.7900,29.6200,209.4700,-244102.8002,32.8244,32.6346,32.1243,1.1304,0.0000,0.0000,0.0000,1.50,-,-,-,-,-,-,-,-,-,-,-,33.60,-0.20,699,23.5470,40.00%,2.80%,37.20%,60.00%,0.00%,0.00%,-,5.00,1.18,19.91,03 May 2026,01 Jul 2026,28.47,19.31,651974640.00,B-EQ,65197464
EMERALDOIL,Emerald Oil Industries Limited,Food & Allied,Z,2418.71,37.53,26.50,-3.28,26.50,3.2670,"122,224",41.8929,-73.5849,27.6250,28.3400,20.0225,27.6044,27.6607,27.8256,-0.1649,-0.1189,29.7084,25.5416,61.2600,-174377.9392,27.7556,27.7346,27.5981,1.4199,0.0000,0.0000,0.0000,1.89,0.874,-,0.739,0.066,0.066,0.059,0.097,0.081,-,-,-,27.40,-0.90,244,3.2670,45.50%,4.41%,41.09%,54.50%,0.00%,0.00%,-,5.00,0.00,0.00,02 Nov 2023,-,37.53,8.20,912720040.00,Z-EQ,91272004
ENVOYTEX,Envoy Textiles Limited,Textile,A,12194.32,8.67,72.70,-0.14,72.70,98.1860,"1,351,227",60.3298,-31.3253,71.6400,64.1340,54.0205,72.0444,71.6866,69.3225,2.3641,2.6907,75.3847,67.8953,374.6200,549270.2097,72.2667,72.1641,71.9219,0.9656,0.0000,0.0000,0.0000,4.47,1.215,-,0.723,-,-,-,-,-,-,-,-,72.80,-0.10,"1,552",98.1860,34.59%,21.65%,12.81%,65.41%,0.00%,0.13%,-,32.50,8.24,60.33,28 Sep 2026,05 Dec 2026,8.67,9.27,1677347670.00,A-EQ,167734767
EPGL,Energypac Power Generation PLC.,Fuel & Power,B,3042.61,-,16.00,-3.03,16.00,2.5800,"160,123",30.6512,-94.1176,16.7950,18.3860,17.5120,16.5689,16.6687,17.1958,-0.5271,-0.5559,17.6521,15.9379,16.0400,-172067.9200,16.5289,16.6103,16.6729,1.7275,0.0000,0.0000,0.0000,1.25,-,-,-,-,-,-,-,-,-,-,-,16.50,-0.50,218,2.5800,45.86%,16.07%,29.79%,54.14%,0.00%,0.00%,-,2.00,-5.50,32.86,16 Nov 2025,15 Dec 2025,-,-,1901632160.00,B-EQ,190163216
ESQUIRENIT,Esquire Knit Composite PLC,Textile,A,3183.54,54.09,23.60,-0.84,23.60,3.1700,"134,105",45.5602,-61.1111,23.5750,25.0060,22.6220,23.5148,23.5733,24.0282,-0.4549,-0.5405,24.8999,22.2501,27.8200,-67104.7864,23.4467,23.4782,23.4671,1.2591,0.0000,0.0000,0.0000,4.24,1.236,-,0.438,-,-,-,-,-,-,-,-,23.80,-0.20,150,3.1700,53.05%,41.04%,12.01%,46.95%,0.00%,0.00%,-,10.00,0.44,65.10,27 Oct 2025,25 Jan 2026,54.09,-,1348958330.00,A-EQ,134895833
ETL,Evince Textiles Limited,Textile,B,2848.03,54.83,15.50,-2.52,15.50,100.6570,"6,474,129",62.4797,-25.8065,14.4050,14.0120,11.6200,15.2350,15.0416,14.4770,0.5646,0.4057,16.2534,12.5566,600.4800,-261838.0788,15.4356,15.2974,14.8605,1.4321,0.0000,0.0000,0.0000,1.61,0.945,-,0.426,-,-,-,-,-,-,-,-,15.90,-0.40,"1,369",100.6570,67.06%,12.35%,54.71%,32.94%,0.00%,0.00%,-,2.50,0.29,12.83,23 Oct 2025,18 Dec 2025,54.83,51.85,1837440000.00,B-EQ,183744000
EXIM1STMF,EXIM Bank 1st Mutual Fund,Mutual Funds,A,873.86,-,6.10,-4.69,6.10,17.9030,"2,886,534",39.2735,-100.0000,6.9300,6.6360,4.1660,6.5636,6.6365,6.6728,-0.0363,0.1067,7.7663,6.0937,1537.0000,-5264102.8359,6.4756,6.5859,6.7852,1.2803,0.0000,0.0000,0.0000,-,-,-,-,-,-,-,-,-,-,-,-,6.40,-0.30,716,17.9030,78.03%,40.26%,37.77%,21.97%,0.00%,0.00%,-,-,-1.91,8.16,15 Sep 2024,-,-,-,1432563430.00,A-MF,143256343
EXIMBANK,Export Import Bank of Bangladesh PLC.,Bank,A,4342.67,16.67,0.00,0.00,3.00,0.0000,0,35.3827,-100.0000,3.4350,3.8100,5.5645,3.1910,3.2550,3.5011,-0.2461,-0.2212,4.0054,2.8646,70.5700,-721052.8574,3.1222,3.1744,3.2990,1.0067,0.0000,0.0000,0.0000,-,-,-,-,-,0.465,0.016,-,0.000,0.008,0.000,-,3.00,0.00,0,0.0000,69.56%,27.45%,41.65%,30.44%,0.00%,0.46%,-,-,0.18,21.82,29 May 2025,28 Aug 2025,16.67,-,14475573440.00,A-EQ,1447557344
FAMILYTEX,Familytex (BD) Limited,Textile,Z,814.57,-,2.30,0.00,2.30,1.2560,"550,250",43.4676,-66.6667,2.3300,2.5300,2.3410,2.2972,2.3082,2.3699,-0.0617,-0.0667,2.4442,2.2158,42.1000,-783660.4658,2.2844,2.2936,2.3100,1.2678,0.0000,0.0000,0.0000,-,9.943,-,5.485,-,-,-,-,-,-,-,-,2.30,0.00,108,1.2560,95.98%,18.41%,77.57%,4.02%,0.00%,0.00%,-,-,-0.15,11.48,01 Nov 2020,24 Dec 2020,-,-,3541603880.00,Z-EQ,354160388
FARCHEM,FAR Chemical & Textile Ind. PLC,Pharmaceuticals & Chemicals,B,2373.01,172.22,15.50,0.00,15.50,26.0430,"1,675,735",42.0518,-66.6667,15.5300,18.8480,16.9555,15.7216,15.7642,16.3938,-0.6296,-0.8323,16.8050,14.2550,515.1000,-3559809.6572,15.7400,15.8167,15.6986,1.5349,0.0000,0.0000,0.0000,-,1.151,0.045,0.520,-,0.068,0.004,0.079,0.002,0.003,-,-,15.50,0.00,928,26.0430,67.37%,23.86%,43.51%,32.63%,0.00%,0.00%,-,-,0.09,32.52,29 Oct 2025,24 Dec 2025,172.22,-,1530973330.00,B-EQ,153097333
FAREASTFIN,Fareast Finance & Investment Limited,Financial Institutions,Z,344.53,-,0.00,0.00,2.10,0.0000,0,59.7544,-41.6667,1.7700,1.5240,1.4566,2.1327,2.0565,1.8161,0.2404,0.1862,2.6456,0.8944,161.7200,-32608.2669,2.2244,2.1744,1.9948,1.2849,0.0000,0.0000,0.0000,-,-,-,-,-,1.071,1.324,-,-,-,-,-,2.10,0.00,0,0.0000,60.26%,10.69%,49.57%,39.74%,0.00%,0.00%,-,-,-5.13,-50.48,12 May 2025,26 Jun 2025,-,-,1640633300.00,Z-EQ,164063330
FAREASTLIF,Fareast Islami Life Insurance Company Limited,Insurance,Z,1308.00,-,17.50,-1.69,17.50,0.2020,"11,469",39.7719,-73.9130,17.9850,19.8480,21.1435,17.7641,17.8483,18.4632,-0.6149,-0.7196,19.2437,16.7263,18.7500,-53377.0311,17.7511,17.7526,17.7933,1.6422,0.0000,0.0000,0.0000,-,-,-,-,-,-,-,-,-,-,-,-,17.80,-0.30,47,0.2020,81.94%,43.07%,38.87%,18.06%,0.00%,0.00%,-,-,0.00,0.00,01 Nov 2021,22 Dec 2021,-,-,747427510.00,Z-EQ,74742751
FASFIN,FAS Finance & Investment Limited,Financial Institutions,Z,372.69,-,0.00,0.00,2.50,0.0000,0,64.9562,-40.0000,2.0300,1.6640,1.5499,2.5106,2.3962,2.0477,0.3485,0.2612,3.2648,0.7952,155.8600,624216.8668,2.6889,2.6038,2.3357,1.2773,0.0000,0.0000,0.0000,-,-,-,-,-,1.036,1.796,-,-,-,-,-,2.50,0.00,0,0.0000,86.80%,7.90%,78.90%,13.20%,0.00%,0.00%,-,-,-22.65,-148.05,28 Jun 2026,-,-,-,1490773640.00,Z-EQ,149077364
FBFIF,First Bangladesh Fixed Income Fund,Mutual Funds,A,2638.90,-,3.40,-2.86,3.40,1.2530,"363,744",42.7113,-75.0000,3.4800,3.6180,3.0905,3.4853,3.4893,3.5082,-0.0189,-0.0190,3.6031,3.3569,24.8600,-1023712.1880,3.4889,3.4974,3.4905,1.1578,0.0000,0.0000,0.0000,-,-,-,-,-,-,-,-,-,-,-,-,3.50,-0.10,33,1.2530,46.03%,29.21%,16.82%,53.97%,0.00%,0.00%,-,-,-1.82,8.32,15 Sep 2024,-,-,-,7761470280.00,A-MF,776147028
FEDERALINS,Federal Insurance  PLC.,Insurance,A,1939.38,25.18,27.30,-1.44,27.30,5.6810,"207,251",43.8052,-44.8276,27.6200,28.4620,23.9375,27.7181,27.7450,27.9454,-0.2004,-0.2359,28.7432,26.4968,200.4000,-479576.0175,27.7578,27.7872,27.6652,1.3191,0.0000,0.0000,0.0000,3.66,-,-,-,-,-,-,-,-,-,-,-,27.70,-0.40,262,5.6810,63.96%,2.45%,61.51%,36.04%,0.00%,0.00%,-,10.00,1.10,13.04,03 May 2026,17 Aug 2026,25.18,13.71,710396430.00,A-EQ,71039643
FEKDIL,Far East Knitting & Dyeing Industries PLC,Textile,A,4681.13,12.75,21.40,-1.83,21.40,26.2900,"1,215,299",42.7399,-100.0000,22.0450,23.5800,17.5380,21.9818,22.0495,22.3842,-0.3347,-0.3435,23.1003,20.9897,312.8600,-2641973.8996,21.9622,22.0218,22.0476,1.3477,0.0000,0.0000,0.0000,5.61,1.853,-,1.186,-,-,-,-,-,-,-,-,21.80,-0.40,604,26.2900,32.80%,5.74%,27.06%,67.20%,0.00%,0.00%,-,12.00,1.71,21.37,15 Oct 2025,14 Dec 2025,12.75,-,2187441710.00,A-EQ,218744171
FINEFOODS,Fine Foods Limited,Food & Allied,A,6496.47,111.89,464.90,-0.60,464.90,28.7470,"61,465",58.0493,-18.3486,446.2250,452.8160,469.8545,455.1403,453.3253,451.7670,1.5583,-1.6944,468.4121,424.0379,97.7200,25385.2225,457.2022,454.9333,449.9657,0.6825,0.0000,0.0000,0.0000,0.30,8.739,-,2.251,0.572,0.601,0.492,0.641,0.263,0.286,-,-,467.70,-2.80,866,28.7470,86.08%,18.64%,67.44%,13.92%,0.00%,0.00%,-,14.00,4.18,14.65,29 Oct 2025,20 Dec 2025,111.89,45.09,139739180.00,A-EQ,13973918
FIRSTFIN,First Finance Limited,Financial Institutions,Z,521.60,-,4.50,0.00,4.40,0.1980,"44,837",47.4341,-66.6667,4.3950,4.6460,4.1715,4.4023,4.4108,4.4698,-0.0590,-0.0681,4.5947,4.1953,11.3900,-84174.7902,4.3933,4.4000,4.4000,1.4239,0.0000,0.0000,0.0000,-,-,-,-,-,1.290,1.539,-,-,-,-,-,4.40,0.00,18,0.1980,58.69%,18.26%,40.43%,41.31%,0.00%,0.00%,-,-,-6.66,-46.01,29 Jun 2026,24 Sep 2026,-,-,1185446630.00,Z-EQ,118544663
FIRSTSBANK,First Security Islami Bank PLC.,Bank,Z,2295.46,0.67,0.00,0.00,1.90,0.0000,0,32.9434,-91.6667,2.4900,2.5900,3.9140,2.1778,2.2479,2.4402,-0.1923,-0.1289,3.1450,1.8350,146.6500,-4143929.6253,2.1044,2.1705,2.3310,1.2885,0.0000,0.0000,0.0000,-,-,-,-,-,-,-,-,-,-,-,-,1.90,0.00,0,0.0000,94.10%,28.21%,65.74%,5.90%,0.00%,0.15%,-,-,-3.35,16.40,01 Jun 2025,15 Sep 2025,0.67,-,12081393790.00,Z-EQ,1208139379
FORTUNE,Fortune Shoes Limited,Tannery Industries,Z,2491.67,134.55,14.60,-1.35,14.60,0.7150,"48,775",35.1619,-94.4444,15.5600,17.1760,15.3820,15.1068,15.2402,15.8381,-0.5979,-0.5863,16.9523,14.1677,26.1300,-191605.2325,15.0200,15.1346,15.2962,1.6327,0.0000,0.0000,0.0000,0.34,3.496,-,1.891,0.021,0.116,0.007,0.161,0.005,0.007,-,-,14.80,-0.20,125,0.7150,69.07%,16.78%,52.29%,30.93%,0.00%,0.00%,-,0.50,0.11,14.70,25 Nov 2025,30 Dec 2025,134.55,-,1706622630.00,Z-EQ,170662263
FUWANGCER,Fu-Wang Ceramic Industries Ltd.,Ceramics Sector,B,1635.23,113.64,12.00,-4.00,12.00,8.7550,"720,647",32.1344,-100.0000,12.8550,14.6520,13.1630,12.5605,12.6713,13.2564,-0.5851,-0.6170,13.9300,11.7800,157.1800,-1181758.0833,12.5111,12.5859,12.6729,1.5846,0.0000,0.0000,0.0000,0.83,-,-,-,-,-,-,0.262,-,-,-,-,12.50,-0.50,429,8.7550,70.00%,4.92%,64.68%,30.00%,0.00%,0.40%,-,1.00,0.11,12.00,05 Nov 2025,30 Dec 2025,113.64,937.50,1362690930.00,B-EQ,136269093
FUWANGFOOD,Fu Wang Food Limited,Food & Allied,Z,1030.81,-,9.40,-2.11,9.30,1.4100,"150,777",34.4200,-85.7143,9.5950,10.7800,10.6510,9.5468,9.5841,9.8817,-0.2975,-0.3556,9.9160,9.2740,38.4900,-65127.7598,9.5356,9.5641,9.5810,1.6636,0.0000,0.0000,0.0000,-,0.648,-,0.546,-,-,-,0.181,-,-,-,-,9.50,-0.20,128,1.4100,92.15%,9.52%,82.62%,7.85%,0.00%,0.01%,-,-,-0.31,2.03,12 Nov 2024,26 Dec 2024,-,-,1108392840.00,Z-EQ,110839284
GBBPOWER,GBB Power Limited,Fuel & Power,Z,1353.99,119.09,13.30,1.53,13.30,3.7550,"284,901",50.1245,-81.8182,13.4800,12.9500,9.0420,13.2501,13.3044,13.3065,-0.0020,0.1163,14.3921,12.5679,162.4600,-428563.1521,13.1578,13.2026,13.3748,1.4551,0.0000,0.0000,0.0000,-,11.783,-,11.257,-,-,-,-,0.005,0.005,-,-,13.10,0.20,269,3.7550,67.99%,14.27%,53.72%,32.01%,0.00%,0.00%,-,-,0.11,20.31,29 Oct 2025,22 Dec 2025,119.09,109.17,1018035480.00,Z-EQ,101803548
GEMINISEA,Gemini Sea Food PLC,Food & Allied,Z,1225.49,22.83,106.70,0.09,106.70,0.6140,"5,766",40.9340,-74.4000,107.5750,114.9020,119.5720,107.4949,107.7444,109.7923,-2.0479,-2.4637,111.2467,103.9033,22.4200,-19575.8279,107.4711,107.5731,107.4390,1.3309,0.0000,0.0000,0.0000,0.70,1.175,-,0.604,0.095,0.078,0.076,0.258,0.049,0.237,-,-,106.60,0.10,104,0.6140,69.99%,6.50%,63.21%,30.01%,0.00%,0.28%,7.50,7.50,4.67,19.69,14 Nov 2024,29 Dec 2024,22.83,-,114854180.00,Z-EQ,11485418
GENEXIL,Genex Infosys PLC.,IT Sector,B,3878.49,15.39,32.20,-3.59,32.20,16.4090,"502,803",34.5866,-95.3488,34.5350,36.7840,30.9260,33.8498,34.0749,34.9352,-0.8603,-0.7710,36.6746,32.3954,155.0000,-729133.3452,33.7689,34.0038,34.2286,1.7674,0.0000,0.0000,0.0000,0.31,0.634,-,0.603,0.139,0.381,0.137,0.450,0.040,0.098,-,-,33.40,-1.20,732,16.4090,73.93%,21.21%,52.68%,26.07%,0.00%,0.04%,-,1.00,2.17,22.11,07 Dec 2025,30 Dec 2025,15.39,11.82,1204500210.00,B-EQ,120450021
GENNEXT,Generation Next Fashions Limited,Textile,Z,1435.43,41.43,2.90,0.00,2.90,1.4760,"509,115",44.9967,-50.0000,2.9050,3.0400,2.9390,2.8886,2.8954,2.9408,-0.0454,-0.0520,3.0260,2.7840,29.1800,-465623.8348,2.8800,2.8808,2.8871,1.4662,0.0000,0.0000,0.0000,3.45,2.920,-,1.339,-,-,-,-,-,-,-,-,2.90,0.00,78,1.4760,83.74%,21.85%,61.89%,16.26%,0.00%,0.00%,-,1.00,0.07,11.88,29 Oct 2023,23 Dec 2023,41.43,-,4949745550.00,Z-EQ,494974555
GHAIL,Golden Harvest Agro Industries Limited,Food & Allied,B,2611.64,-,12.10,-1.63,12.10,2.1800,"178,745",34.7491,-81.2500,12.6850,13.9900,12.8735,12.4888,12.5690,12.9880,-0.4190,-0.4401,13.4535,11.9165,41.5000,-290802.3031,12.4511,12.5308,12.5867,1.5105,0.0000,0.0000,0.0000,0.83,1.739,-,1.329,-,-,-,0.420,-,-,-,-,12.30,-0.20,157,2.1800,69.58%,36.80%,32.56%,30.42%,0.00%,0.22%,-,1.00,-0.24,12.33,28 Oct 2025,29 Dec 2025,-,-,2158376210.00,B-EQ,215837621
GHCL,Global Heavy Chemicals Limited,Pharmaceuticals & Chemicals,Z,1368.00,-,19.00,-3.06,19.00,1.0780,"56,224",33.9181,-100.0000,19.9350,21.8240,20.3255,19.6465,19.7600,20.3238,-0.5638,-0.5798,21.1581,18.7119,15.9800,-66070.5183,19.6156,19.6949,19.7690,1.2080,0.0000,0.0000,0.0000,-,0.123,-,0.102,-,-,-,-,-,-,-,-,19.60,-0.60,81,1.0780,31.40%,10.32%,21.08%,68.60%,0.00%,0.00%,-,-,-2.19,71.89,07 Dec 2025,-,-,-,720000000.00,Z-EQ,72000000
GIB,Global Islami Bank PLC,Bank,Z,1678.65,-,0.00,0.00,1.70,0.0000,0,39.3150,-75.0000,1.8300,1.9440,3.1450,1.7469,1.7665,1.8431,-0.0767,-0.0699,2.0362,1.6238,50.4600,-1277163.4522,1.7200,1.7423,1.7910,1.1715,0.0000,0.0000,0.0000,-,-,-,-,-,2.014,3.128,-,-,0.580,-,-,1.70,0.00,0,0.0000,84.57%,53.15%,31.42%,15.43%,0.00%,0.00%,-,-,-12.62,-21.77,10 Jul 2025,21 Sep 2025,-,-,9874396880.00,Z-EQ,987439688
GLDNJMF,ICB AMCL CMSF Golden Jubilee Mutual Fund,Mutual Funds,A,870.00,25.71,8.80,-3.33,8.70,3.5630,"402,341",47.4817,-75.0000,8.8550,8.8320,6.9330,9.0374,9.0156,8.8672,0.1484,0.1704,9.8486,7.8614,300.8300,-1346239.5936,9.1022,9.1359,9.0338,1.0823,0.0000,0.0000,0.0000,-,-,-,-,-,-,-,-,-,-,-,-,9.00,-0.30,151,3.5630,39.00%,10.60%,28.40%,61.00%,0.00%,0.00%,-,-,0.35,9.39,16 Feb 2026,-,25.71,5.49,1000000000.00,A-MF,100000000
GLOBALINS,Global Insurance PLC,Insurance,A,1768.06,34.65,43.60,-2.46,43.60,16.9770,"385,650",43.8421,-91.8919,44.8300,44.9480,34.5835,44.8730,44.9101,44.9147,-0.0046,0.0746,46.5833,43.0767,555.6700,-1074361.1440,44.9733,45.0128,44.8748,1.5095,0.0000,0.0000,0.0000,2.29,-,-,-,-,-,-,-,-,-,-,-,44.70,-1.10,639,16.9770,64.68%,10.16%,54.52%,35.32%,0.00%,0.00%,-,10.00,1.29,14.83,14 Jun 2026,18 Aug 2026,34.65,15.10,405517630.00,A-EQ,40551763
GOLDENSON,Golden Son Limited,Engineering,B,2009.24,-,11.70,-1.68,11.70,5.0260,"428,182",31.8259,-93.3333,12.4100,14.2960,13.1795,12.1075,12.2257,12.8699,-0.6442,-0.6878,13.4741,11.3459,97.9100,-610314.3624,12.0311,12.1269,12.2300,1.5758,0.0000,0.0000,0.0000,-,1.628,0.945,0.943,-,-,-,-,-,-,-,-,11.90,-0.20,308,5.0260,69.71%,21.44%,48.27%,30.29%,0.00%,0.00%,-,-,-1.83,16.06,26 Nov 2025,31 Dec 2025,-,-,1717297720.00,B-EQ,171729772
GP,Grameenphone Limited,Telecommunication,A,325152.25,11.01,240.80,-0.12,240.80,8.6580,"35,942",40.8484,-48.6486,241.0050,247.6840,252.3625,241.5565,241.6353,242.9532,-1.3179,-1.7650,244.3944,237.6156,1.2100,-76676.1706,241.7289,241.8192,241.3876,0.7000,0.0000,0.0000,0.0000,4.36,0.159,0.125,0.155,0.311,0.357,0.187,1.000,0.155,0.528,-,-,241.10,-0.30,629,8.6580,10.00%,6.85%,2.98%,90.00%,0.00%,0.17%,-,105.00,10.52,41.51,15 Jul 2026,-,11.01,11.46,13503000220.00,A-EQ,1350300022
GPHISPAT,GPH Ispat Limited,Engineering,B,7596.97,-,15.70,-1.88,15.70,10.9960,"702,731",38.0572,-80.7692,16.2700,17.4920,16.9425,16.1619,16.2448,16.6385,-0.3937,-0.3970,17.2103,15.3297,38.1800,-42189.2210,16.0778,16.1833,16.2276,1.5307,0.0000,0.0000,0.0000,1.27,1.024,1.164,0.595,-,0.112,-,0.140,-,-,-,-,16.00,-0.30,490,10.9960,69.78%,19.00%,50.78%,30.22%,0.00%,0.00%,-,2.00,0.07,51.81,13 Sep 2026,25 Oct 2026,-,228.57,4838834560.00,B-EQ,483883456
GQBALLPEN,GQ Ball Pen Industries Limited,Miscellaneous,A,5347.03,-,598.90,-0.10,598.90,17.6780,"29,464",55.1655,-44.4318,589.1250,576.6720,562.8915,594.9172,593.3802,586.7995,6.5807,6.3023,621.1346,557.1154,223.7500,46542.6326,596.4133,597.1538,593.6805,0.9720,0.0000,0.0000,0.0000,0.17,2.247,-,2.213,-,-,-,-,-,-,-,-,599.50,-0.60,580,17.6780,62.23%,1.47%,60.71%,37.77%,0.00%,0.05%,-,10.00,-1.83,135.81,29 Oct 2025,15 Dec 2025,-,-,89280910.00,A-EQ,8928091
GRAMEENS2,Grameen One : Scheme Two,Mutual Funds,A,2170.54,14.88,11.90,-2.46,11.90,1.9940,"166,143",40.8675,-82.3529,12.1650,12.8640,12.2965,12.3192,12.3299,12.4351,-0.1052,-0.1312,13.0577,11.2723,63.0000,-326602.0498,12.3956,12.4192,12.2952,0.9130,0.0000,0.0000,0.0000,-,-,-,-,-,-,-,-,-,-,-,-,12.20,-0.30,177,1.9940,79.48%,53.97%,25.51%,20.52%,0.00%,0.00%,-,9.00,0.82,17.07,13 Aug 2026,-,14.88,14.88,1823979020.00,A-MF,182397902
GREENDELMF,Green Delta Mutual Fund,Mutual Funds,A,690.00,34.29,4.60,-4.17,4.60,1.7420,"368,365",46.2428,-72.7273,4.7350,4.7940,3.7140,4.8419,4.8307,4.7560,0.0747,0.0851,5.3307,4.1393,207.8400,-1055058.7055,4.8933,4.9128,4.8357,1.2198,0.0000,0.0000,0.0000,-,-,-,-,-,-,-,-,-,-,-,-,4.80,-0.20,120,1.7420,91.67%,43.56%,48.11%,8.33%,0.00%,0.00%,-,1.50,0.14,10.16,16 Aug 2023,-,34.29,-,1500000000.00,A-MF,150000000
GREENDELT,Green Delta Insurance Company PLC.,Insurance,A,6702.59,12.72,66.90,-3.32,66.90,3.9310,"58,602",51.5347,-40.4040,65.1450,67.3960,60.5310,66.9642,66.6237,66.3583,0.2654,-0.3575,70.0071,60.2829,34.4900,167071.8282,67.3844,66.9538,65.8624,1.2979,0.0000,0.0000,0.0000,4.04,-,-,-,-,-,-,-,-,-,-,-,69.20,-2.30,277,3.9310,69.42%,23.19%,41.63%,30.58%,0.00%,4.60%,-,27.00,5.44,70.53,16 Feb 2026,31 Mar 2026,12.72,13.36,1001881940.00,A-EQ,100188194
GSPFINANCE,GSP Finance Company (Bangladesh) PLC,Financial Institutions,Z,534.03,-,3.40,-2.86,3.40,0.2150,"63,330",37.4854,-100.0000,3.5350,3.8520,3.5375,3.5132,3.5274,3.6052,-0.0778,-0.0831,3.7100,3.3600,27.2200,-104259.5016,3.5133,3.5231,3.5262,1.9190,0.0000,0.0000,0.0000,-,-,-,-,-,1.171,5.228,-,-,-,-,-,3.50,-0.10,27,0.2150,87.98%,34.63%,53.35%,12.02%,0.00%,0.00%,-,-,-11.79,4.60,03 Sep 2025,14 Dec 2025,-,-,1570685850.00,Z-EQ,157068585
HAKKANIPUL,Hakkani Pulp & Paper Mills PLC.,Paper & Printing,B,1320.50,991.43,69.70,0.14,69.50,7.6050,"108,528",42.2803,-54.4444,69.7700,75.1920,75.3900,69.7570,69.9671,71.4480,-1.4809,-1.7163,73.5134,66.0266,161.5500,-157326.3286,69.5956,69.9192,69.8995,1.4242,0.0000,0.0000,0.0000,0.72,1.776,-,0.853,0.017,0.080,0.001,0.153,0.001,0.003,-,-,69.40,0.10,413,7.6050,52.72%,2.57%,50.15%,47.28%,0.00%,0.00%,-,5.00,0.07,24.24,28 Oct 2025,20 Dec 2025,991.43,167.90,190000000.00,B-EQ,19000000
HAMI,Hami Industries PLC.,Miscellaneous,Z,1175.79,-,152.70,-1.42,152.70,2.5730,"16,966",52.5751,-30.5263,148.6550,153.8840,149.7645,150.8436,150.5498,150.9072,-0.3575,-1.1709,159.1730,138.1370,50.6200,3218.7209,150.4311,150.4795,150.1348,0.9416,0.0000,0.0000,0.0000,0.07,0.508,-,0.360,-,-,-,0.020,-,-,-,-,154.90,-2.20,524,2.5730,67.48%,11.78%,54.52%,32.52%,0.00%,1.18%,-,1.00,0.00,0.00,02 Jun 2024,-,-,553.21,77000000.00,Z-EQ,7700000
HEIDELBCEM,Heidelberg Materials Bangladesh PLC.,Cement,A,11605.84,58.59,205.40,-1.25,205.40,0.8930,"4,339",40.8103,-80.0000,208.4200,214.6080,223.0885,207.8698,208.2285,210.2714,-2.0429,-2.2165,213.9059,202.9341,2.4000,-5825.3133,207.6822,208.1526,208.4124,1.0579,0.0000,0.0000,0.0000,0.54,0.878,-,0.446,0.026,0.023,0.014,0.105,0.021,0.048,-,-,208.00,-2.60,134,0.8930,39.33%,28.44%,10.85%,60.67%,0.00%,0.04%,-,11.00,3.55,73.92,26 Apr 2026,18 Jun 2026,58.59,-,565035800.00,A-EQ,56503580
HFL,Hamid Fabrics PLC.,Textile,Z,1028.95,60.00,11.30,-0.88,11.30,0.8150,"72,054",32.3997,-84.0000,12.3250,14.0200,11.7200,11.7724,11.9401,12.6517,-0.7117,-0.6785,13.5611,11.0889,15.4200,-102547.3523,11.6356,11.7615,12.0224,1.4861,0.0000,0.0000,0.0000,-,1.653,-,0.845,-,-,-,-,-,-,-,-,11.40,-0.10,119,0.8150,48.62%,18.73%,29.89%,51.38%,0.00%,0.00%,-,-,-4.06,33.66,29 Oct 2024,26 Dec 2024,60.00,-,910573120.00,Z-EQ,91057312
HRTEX,H.R.Textile Limited,Textile,Z,479.23,-,16.50,-2.96,16.40,0.2700,"16,469",37.2459,-76.1905,16.9000,18.8040,18.8315,16.7997,16.8811,17.4599,-0.5787,-0.6722,17.7657,16.0343,25.0900,-32721.8283,16.7622,16.8141,16.8286,1.5102,0.0000,0.0000,0.0000,-,1.843,-,1.404,-,-,-,-,-,-,-,-,16.90,-0.50,81,0.2700,65.46%,16.18%,49.28%,34.54%,0.00%,0.00%,-,-,-19.67,21.43,24 Dec 2024,19 Mar 2025,-,-,292215000.00,Z-EQ,29221500
HWAWELLTEX,Hwa Well Textiles (BD) PLC,Textile,A,2598.40,12.75,46.40,0.00,46.40,10.6060,"227,715",49.1336,-43.3333,46.4200,47.5500,43.7560,46.1618,46.1890,46.5134,-0.3244,-0.4175,48.5491,44.2909,160.6100,-299174.6864,46.1244,46.0692,46.1367,0.8989,0.0000,0.0000,0.0000,4.31,5.768,-,5.134,-,-,-,-,-,-,-,-,46.40,0.00,460,10.6060,49.17%,7.79%,41.33%,50.83%,0.00%,0.05%,-,20.00,3.64,40.16,28 Oct 2025,11 Dec 2025,12.75,12.70,560000000.00,A-EQ,56000000
IBBL2PBOND,IBBL 2nd Mudaraba Perpetual Bond,Corporate Bond,N,632.00,-,0.00,0.00,3950.00,0.0000,0,47.9616,-79.3651,3909.2000,3940.7000,0.0000,3935.3886,3944.0326,3973.1896,-29.1570,-23.8949,4066.1200,3752.2800,0.2300,-1.2889,3933.3333,3926.9231,3917.2762,0.1392,0.0000,0.0000,0.0000,0.03,-,-,-,-,-,-,-,-,-,-,-,3950.00,0.00,0,0.0000,0.00%,0.00%,0.00%,0.00%,0.00%,0.00%,-,10.00,0.00,0.00,18 Nov 2025,-,-,-,1600000.00,N-CB,160000
IBBLPBOND,IBBL Mudaraba Perpetual Bond,Corporate Bond,A,2098.50,-,700.00,4.61,699.50,0.0050,7,62.8453,-0.5000,622.1250,650.8200,671.0400,643.3174,638.9270,639.1806,-0.2535,-10.0145,678.9509,565.2991,0.2200,14.7354,652.8333,644.9808,632.3310,0.2135,0.0000,0.0000,0.0000,-,-,-,-,-,-,-,-,-,-,-,-,668.70,30.80,2,0.0050,100.00%,79.51%,19.83%,0.00%,0.00%,0.66%,-,-,0.00,0.00,30 Apr 2026,-,-,-,30000000.00,A-CB,3000000
IBNSINA,The Ibn Sina Pharmaceutical Industry PLC,Pharmaceuticals & Chemicals,A,9713.64,15.54,310.40,-1.30,310.90,6.0540,"19,460",38.4598,-87.3333,314.5400,316.6960,318.9295,315.4504,315.4590,315.5178,-0.0587,-0.0673,320.7745,308.3055,10.2000,-29452.1439,315.9978,316.1974,315.4390,0.7694,0.0000,0.0000,0.0000,2.48,1.149,0.244,0.419,-,0.080,0.053,0.404,0.084,0.158,-,-,315.00,-4.10,526,6.0540,55.32%,25.37%,29.95%,44.68%,0.00%,0.00%,-,77.00,25.43,144.56,01 Oct 2026,23 Nov 2026,15.54,12.39,312436270.00,A-EQ,31243627
IBP,Indo-Bangla Pharmaceuticals Limited,Pharmaceuticals & Chemicals,B,1650.11,-,14.20,-2.74,14.20,10.9490,"763,874",34.5849,-88.8889,15.2100,17.2200,14.5825,14.8137,14.9606,15.6366,-0.6760,-0.6717,16.4116,14.0084,302.1800,-908915.0225,14.7022,14.8410,14.9971,1.7162,0.0000,0.0000,0.0000,0.11,3.622,-,2.741,-,-,-,0.114,-,-,-,-,14.60,-0.40,552,10.9490,75.57%,29.45%,46.12%,24.43%,0.00%,0.00%,-,0.15,-0.32,12.53,16 Nov 2025,30 Dec 2025,-,547.50,1162051780.00,B-EQ,116205178
ICB,Investment Corporation of Bangladesh,Financial Institutions,B,36511.60,-,42.10,9.92,42.10,8.8050,"211,158",60.0935,0.0000,39.6050,42.3920,40.2300,39.5909,39.6252,40.3501,-0.7250,-0.9908,41.5608,37.6492,1.1300,17306.2700,39.4267,39.4782,39.4905,1.5179,0.0000,0.0000,0.0000,-,-,-,-,-,2.683,13.209,-,-,-,-,-,38.30,3.80,364,8.8050,3.80%,1.64%,2.16%,69.20%,27.00%,0.00%,-,-,-14.00,37.45,29 Oct 2025,13 Dec 2025,-,-,8672589610.00,B-EQ,867258961
ICB3RDNRB,ICB AMCL Third NRB Mutual Fund,Mutual Funds,A,600.00,4.43,6.00,-3.23,6.00,2.0550,"333,748",49.3083,-64.2857,5.9900,5.9940,4.8845,6.2248,6.1894,6.0420,0.1474,0.1389,6.8358,5.1442,184.0800,-582329.7851,6.3044,6.3064,6.1724,0.8942,0.0000,0.0000,0.0000,-,-,-,-,-,-,-,-,-,-,-,-,6.20,-0.20,91,2.0550,89.97%,39.72%,50.21%,10.03%,0.00%,0.04%,-,-,1.40,8.66,17 Aug 2026,-,4.43,4.43,1000000000.00,A-MF,100000000
ICBAGRANI1,ICB AMCL First Agrani Bank Mutual Fund,Mutual Funds,A,775.39,6.00,7.90,-2.47,7.90,1.6080,"199,812",45.6535,-70.5882,8.0600,8.2940,7.1120,8.1923,8.1857,8.1563,0.0294,0.0287,8.8178,7.3022,125.6000,-162455.9894,8.2489,8.2756,8.1805,0.6776,0.0000,0.0000,0.0000,-,-,-,-,-,-,-,-,-,-,-,-,8.10,-0.20,140,1.6080,49.06%,33.38%,15.66%,50.94%,0.00%,0.02%,-,4.00,1.35,10.35,17 Aug 2026,-,6.00,6.00,981510000.00,A-MF,98151000
ICBAMCL2ND,ICB AMCL Second Mutual Fund,Mutual Funds,A,505.00,6.53,10.10,5.21,10.10,17.2800,"1,703,051",66.7449,-26.1905,8.6350,8.2040,6.4765,9.7126,9.5028,8.8185,0.6843,0.5456,11.3882,5.8818,608.8200,-480367.7758,10.0333,9.9051,9.3071,0.8944,0.0000,0.0000,0.0000,-,-,-,-,-,-,-,-,-,-,-,-,9.60,0.50,530,17.2800,100.00%,55.18%,44.82%,0.00%,0.00%,0.00%,-,-,1.47,9.55,17 Aug 2026,-,6.53,6.53,500000000.00,A-MF,50000000
ICBEPMF1S1,ICB Employees Provident MF 1: Scheme 1,Mutual Funds,A,465.00,5.71,6.20,-3.13,6.20,2.4390,"387,225",46.3986,-69.2308,6.3200,6.3620,5.4370,6.4728,6.4542,6.3701,0.0841,0.0827,7.0385,5.6015,367.6200,-136700.6075,6.5356,6.5513,6.4571,0.8933,0.0000,0.0000,0.0000,-,-,-,-,-,-,-,-,-,-,-,-,6.40,-0.20,122,2.4390,90.00%,42.76%,47.24%,10.00%,0.00%,0.00%,-,-,1.12,8.50,17 Aug 2026,-,5.71,5.71,750000000.00,A-MF,75000000
ICBIBANK,ICB Islamic Bank Limited,Bank,Z,1728.23,-,2.60,0.00,2.60,0.2280,"89,384",54.9217,-33.3333,2.5650,2.6220,2.7065,2.5474,2.5488,2.5723,-0.0235,-0.0315,2.6824,2.4476,3.5300,-60919.8149,2.5378,2.5333,2.5467,0.9111,0.0000,0.0000,0.0000,-,-,-,-,-,3.183,4.053,-,-,0.068,-,-,2.60,0.00,48,0.2280,47.07%,20.37%,26.70%,52.76%,0.17%,0.00%,-,-,-1.22,-22.00,08 Jul 2026,21 Sep 2026,-,-,6647023000.00,Z-EQ,664702300
ICBSONALI1,ICB AMCL Sonali Bank Limited 1st Mutual Fund,Mutual Funds,A,760.00,6.87,7.60,-1.30,7.60,13.9540,"1,826,853",57.1899,-40.0000,7.3050,6.7720,5.2215,7.7135,7.6343,7.2519,0.3824,0.3884,8.7981,5.8119,964.2000,-154810.6222,7.8089,7.8423,7.6290,1.0263,0.0000,0.0000,0.0000,-,-,-,-,-,-,-,-,-,-,-,-,7.70,-0.10,404,13.9540,75.00%,31.18%,43.82%,25.00%,0.00%,0.00%,-,-,1.12,9.34,17 Aug 2026,-,6.87,6.87,1000000000.00,A-MF,100000000
ICICL,Islami Commercial Insurance PLC,Insurance,A,1965.33,34.42,38.80,-0.26,38.80,16.2350,"415,295",56.5236,-38.6667,37.3800,36.3940,27.7250,38.8757,38.5553,37.5192,1.0361,0.8200,41.1102,33.6498,328.1400,-188283.2765,39.3933,39.0333,38.1248,1.4593,0.0000,0.0000,0.0000,2.58,-,-,-,-,-,-,-,-,-,-,-,38.90,-0.10,694,16.2350,58.70%,3.79%,54.91%,41.30%,0.00%,0.00%,-,10.00,1.13,17.36,30 Apr 2026,06 Aug 2026,34.42,20.69,506527660.00,A-EQ,50652766
IDLC,IDLC Finance PLC.,Financial Institutions,A,19386.41,7.67,42.30,-1.17,42.30,2.5200,"59,269",43.3753,-54.8387,42.6100,44.2300,40.6160,42.7100,42.7493,43.0512,-0.3019,-0.3579,44.0374,41.1826,5.0500,-76799.6612,42.7289,42.8064,42.6933,1.3360,0.0000,0.0000,0.0000,3.55,-,-,-,-,0.603,0.287,-,-,-,-,0.060,42.80,-0.50,153,2.5200,64.88%,52.67%,11.68%,35.12%,0.00%,0.53%,5.00,15.00,5.58,49.96,24 Mar 2026,14 May 2026,7.67,7.16,4583075790.00,A-EQ,458307579
IFADAUTOS,IFAD Autos PLC.,Engineering,B,6277.14,-,23.60,1.30,23.40,11.0040,"475,287",49.4443,-35.2941,23.2650,24.2780,23.0950,23.0233,23.0722,23.4279,-0.3557,-0.4158,24.6172,21.9128,26.3100,66612.5445,22.9356,22.9974,23.0724,1.4601,0.0000,0.0000,0.0000,0.85,3.428,2.164,3.214,-,0.054,-,0.126,-,-,-,-,23.10,0.30,549,11.0040,45.13%,25.65%,19.48%,54.87%,0.00%,0.00%,-,2.00,-0.27,35.56,27 Oct 2025,28 Dec 2025,-,54.14,2682539110.00,B-EQ,268253911
IFIC,IFIC Bank PLC,Bank,Z,9226.02,-,4.80,0.00,4.80,2.3020,"485,236",48.5764,-71.4286,4.8250,4.8260,4.9645,4.8329,4.8351,4.8270,0.0081,0.0168,5.1551,4.4949,20.4500,68080.7651,4.8178,4.8423,4.8533,1.6037,0.0000,0.0000,0.0000,-,-,-,-,-,2.013,2.183,-,-,-,-,-,4.80,0.00,148,2.3020,67.25%,21.35%,45.26%,0.00%,32.75%,0.64%,-,-,-13.32,4.96,03 May 2026,29 Jun 2026,-,-,19220866470.00,Z-EQ,1922086647
IFIC1STMF,IFIC Bank 1st Mutual Fund,Mutual Funds,A,692.24,-,3.80,-2.56,3.80,3.6990,"953,175",38.3352,-100.0000,4.0500,4.2360,3.4935,3.9961,4.0165,4.0661,-0.0495,-0.0280,4.2884,3.8116,217.7800,-2322076.0708,3.9956,4.0269,4.0433,1.0999,0.0000,0.0000,0.0000,-,-,-,-,-,-,-,-,-,-,-,-,3.90,-0.10,121,3.6990,79.17%,16.26%,62.91%,20.83%,0.00%,0.00%,-,-,-1.79,8.19,15 Sep 2024,-,-,-,1821679650.00,A-MF,182167965
IFILISLMF1,IFIL Islamic Mutual Fund-1,Mutual Funds,A,580.00,6.15,5.80,-1.69,5.80,1.7620,"303,444",51.6975,-57.1429,5.7450,5.6380,4.3995,5.9383,5.9080,5.7528,0.1553,0.1619,6.5195,4.9705,251.7900,-925382.0825,6.0022,6.0205,5.9033,1.0145,0.0000,0.0000,0.0000,-,-,-,-,-,-,-,-,-,-,-,-,5.90,-0.10,64,1.7620,99.00%,54.97%,44.02%,1.00%,0.00%,0.01%,-,-,0.96,7.76,17 Aug 2026,-,6.15,6.15,1000000000.00,A-MF,100000000
ILFSL,International Leasing & Financial Services Limited,Financial Institutions,Z,465.80,-,0.00,0.00,2.10,0.0000,0,60.7086,-46.1538,1.7800,1.5300,1.4835,2.1578,2.0793,1.8293,0.2501,0.1954,2.7013,0.8587,204.6100,3259599.6144,2.2600,2.2064,2.0162,1.4679,0.0000,0.0000,0.0000,-,-,-,-,-,1.065,2.866,-,-,-,-,-,2.10,0.00,0,0.0000,58.45%,13.07%,45.38%,41.55%,0.00%,0.00%,-,-,-39.01,-212.32,25 May 2025,30 Jun 2025,-,-,2218102460.00,Z-EQ,221810246
INDEXAGRO,Index Agro Industries Limited,Miscellaneous,A,3592.22,13.26,72.40,-1.09,72.40,20.1610,"275,427",54.3256,-48.7805,69.7100,71.3280,69.5325,71.8497,71.4902,70.8751,0.6151,0.1151,76.4208,62.9992,119.6600,-289402.0221,72.5667,72.2667,70.9248,1.2180,0.0000,0.0000,0.0000,1.66,1.663,-,0.676,0.078,0.166,0.059,0.204,0.036,0.064,-,-,73.20,-0.80,"1,070",20.1610,42.23%,23.18%,19.05%,57.77%,0.00%,0.00%,5.00,12.00,5.52,85.74,19 Oct 2025,15 Dec 2025,13.26,18.93,496163310.00,A-EQ,49616331
INTECH,Intech Limited,IT Sector,Z,726.65,-,23.50,-1.69,23.20,0.6620,"28,483",40.3249,-62.8571,23.7500,24.9360,31.3080,23.8647,23.9124,24.2567,-0.3443,-0.4016,25.3703,22.1297,59.3800,-21377.6334,23.8844,24.0115,23.9229,1.4391,0.0000,0.0000,0.0000,-,0.408,-,0.408,-,-,-,0.199,-,0.850,-,-,23.60,-0.40,100,0.6620,70.00%,5.97%,63.91%,30.00%,0.00%,0.12%,-,-,-0.38,-0.45,02 Nov 2025,18 Dec 2025,-,-,313212260.00,Z-EQ,31321226
INTRACO,Intraco Refueling Station PLC,Fuel & Power,Z,2178.42,25.58,22.10,0.45,22.10,5.0300,"228,146",49.8093,-40.0000,22.1400,22.3280,20.1245,21.9063,21.9452,22.1063,-0.1611,-0.1514,23.0654,21.2146,63.3800,-62067.9055,21.8133,21.8103,21.9505,1.5926,0.0000,0.0000,0.0000,0.57,1.114,-,1.106,0.080,0.097,0.063,0.149,0.028,0.065,-,-,22.00,0.10,159,5.0300,69.70%,20.58%,49.08%,30.30%,0.00%,0.04%,-,1.25,0.86,13.24,19 Nov 2025,30 Dec 2025,25.58,110.00,985712360.00,Z-EQ,98571236
IPDC,IPDC Finance PLC.,Financial Institutions,A,13961.51,29.82,32.50,-1.81,32.50,100.7420,"3,083,254",45.7870,-80.0000,33.0850,32.5180,24.3860,33.8964,33.7812,33.1989,0.5823,0.6033,36.1713,29.9987,310.8100,-7380008.0416,34.2556,34.2141,33.7129,1.8467,0.0000,0.0000,0.0000,1.54,-,-,-,-,0.532,0.131,-,-,-,-,0.043,33.10,-0.60,"1,353",100.7420,38.12%,19.32%,18.72%,40.00%,21.88%,0.08%,5.00,5.00,1.11,17.85,29 Apr 2026,25 Jun 2026,29.82,34.48,4295848510.00,A-EQ,429584851
ISLAMIBANK,Islami Bank Bangladesh PLC,Bank,Z,42503.75,31.41,26.40,-1.12,26.40,1.2260,"46,533",31.1498,-73.3333,26.9300,28.3400,34.7825,26.6997,26.7646,27.2265,-0.4620,-0.5368,27.6470,26.2130,0.7500,-42877.3759,26.6622,26.7000,26.7819,1.0503,0.0000,0.0000,0.0000,-,-,-,-,-,0.129,0.034,-,0.001,0.019,0.001,-,26.70,-0.30,143,1.2260,99.82%,75.00%,6.91%,0.18%,0.00%,17.91%,-,-,0.85,44.52,30 Apr 2026,25 Jun 2026,31.41,-,16099906680.00,Z-EQ,1609990668
ISLAMICFIN,Islamic Finance & Investment PLC.,Financial Institutions,Z,1487.46,27.44,10.60,-0.93,10.60,1.0870,"101,897",37.5088,-87.5000,10.8150,11.3800,10.6595,10.6995,10.7364,10.9129,-0.1765,-0.1785,11.1539,10.4761,19.4600,-266400.3839,10.6600,10.6949,10.7519,1.7879,0.0000,0.0000,0.0000,-,-,-,-,-,3.542,-,-,-,-,-,0.362,10.70,-0.10,63,1.0870,69.18%,23.52%,45.66%,30.82%,0.00%,0.00%,-,-,0.39,2.38,28 Jun 2026,24 Sep 2026,27.44,-,1403266700.00,Z-EQ,140326670
ISLAMIINS,Islami Insurance Bangladesh Limited,Insurance,A,2753.95,19.77,66.90,-0.74,66.90,16.1100,"241,385",61.5685,-33.3333,62.9300,62.2700,49.0250,66.1394,65.4834,63.7438,1.7396,1.1176,69.9587,55.9013,207.3900,390680.2351,66.9333,66.3692,64.7233,1.2987,0.0000,0.0000,0.0000,2.39,-,-,-,-,-,-,-,-,-,-,-,67.40,-0.50,557,16.1100,54.39%,7.74%,46.65%,45.61%,0.00%,0.00%,-,16.00,3.04,23.62,25 Jun 2026,27 Aug 2026,19.77,16.36,411652150.00,A-EQ,41165215
ISNLTD,Information Services Network Limited,IT Sector,B,527.44,-,48.30,-8.52,48.30,16.0950,"321,957",40.7502,-65.0943,49.8800,55.1700,66.8470,51.8769,51.8616,52.4348,-0.5731,-0.8763,59.5965,40.1635,693.9900,-389257.3827,52.3889,52.7744,51.5110,1.3162,0.0000,0.0000,0.0000,-,1.739,-,1.739,-,-,-,0.373,-,-,-,-,52.80,-4.50,936,16.0950,78.52%,11.68%,66.84%,21.48%,0.00%,0.00%,-,-,-0.43,2.42,22 Oct 2025,14 Dec 2025,-,-,109200030.00,B-EQ,10920003
ITC,IT Consultants PLC.,IT Sector,A,5516.63,12.02,42.90,-1.38,42.90,13.1560,"305,495",35.0033,-97.1429,44.5000,46.9680,42.2465,44.0383,44.2228,45.0206,-0.7977,-0.7679,46.3717,42.6283,144.1100,-686944.9019,43.9778,44.1667,44.2900,1.3896,0.0000,0.0000,0.0000,2.80,2.542,-,2.464,0.309,0.364,0.297,0.525,0.103,0.155,-,-,43.50,-0.60,521,13.1560,48.91%,12.75%,35.96%,51.09%,0.00%,0.20%,-,12.00,3.62,23.25,27 Oct 2025,07 Dec 2025,12.02,12.08,1285926640.00,A-EQ,128592664
JAMUNABANK,Jamuna Bank PLC.,Bank,A,21416.90,3.87,22.80,-0.44,22.80,8.2700,"362,112",35.1245,-80.0000,23.0750,23.7500,23.5440,22.9543,23.0089,23.2667,-0.2578,-0.2594,23.6657,22.4843,51.8300,-2675609.9713,22.9067,22.9513,23.0033,0.8861,0.0000,0.0000,0.0000,12.72,-,-,-,-,0.477,0.291,-,0.013,0.216,0.014,-,22.90,-0.10,261,8.2700,63.02%,3.46%,59.43%,36.98%,0.00%,0.13%,-,29.00,5.92,27.43,30 Apr 2026,27 Jul 2026,3.87,2.84,9393376300.00,A-EQ,939337630
JAMUNAOIL,Jamuna Oil PLC,Fuel & Power,A,19578.28,3.03,177.30,-0.39,177.30,0.8830,"4,975",47.4861,-61.5385,177.0400,178.9320,175.5540,177.6463,177.6079,177.7085,-0.1007,-0.2325,180.3938,173.6862,2.5000,-8218.9099,177.6600,177.8808,177.6124,0.4884,0.0000,0.0000,0.0000,10.15,1.174,-,1.006,4.721,0.479,3.777,1.000,0.057,0.214,-,-,178.00,-0.70,92,0.8830,39.92%,31.18%,8.64%,0.00%,60.08%,0.10%,-,180.00,58.70,274.03,13 Nov 2025,31 Jan 2026,3.03,5.02,1104246000.00,A-EQ,110424600
JANATAINS,Janata Insurance PLC.,Insurance,A,1551.44,29.73,32.00,-2.14,32.00,2.9320,"90,329",42.2307,-50.0000,32.3550,33.5180,30.8990,32.6210,32.6233,32.8439,-0.2207,-0.3194,33.8182,30.8918,102.2000,-264100.8004,32.7133,32.7321,32.5119,1.3424,0.0000,0.0000,0.0000,3.13,-,-,-,-,-,-,-,-,-,-,-,32.70,-0.70,128,2.9320,60.13%,7.56%,52.57%,39.87%,0.00%,0.00%,-,10.00,1.10,15.07,07 May 2026,19 Jul 2026,29.73,20.44,484826280.00,A-EQ,48482628
JHRML,JMI Hospital Requisite Manufacturing Limited,Pharmaceuticals & Chemicals,B,5325.00,23.06,42.50,-0.93,42.50,3.0960,"72,783",38.3760,-73.8095,43.5000,47.4700,46.3720,43.2289,43.4244,44.7031,-1.2787,-1.4513,46.2522,40.7478,27.6900,-87005.9096,43.1733,43.2885,43.2829,1.5697,0.0000,0.0000,0.0000,1.18,-,-,-,-,-,-,-,-,-,-,-,42.90,-0.40,225,3.0960,67.70%,42.52%,25.18%,32.30%,0.00%,0.00%,-,5.00,1.86,35.14,27 Oct 2025,22 Jan 2026,23.06,48.02,1252941200.00,B-EQ,125294120
JMISMDL,JMI Syringes & Medical Devices Ltd,Pharmaceuticals & Chemicals,A,3790.06,85.97,126.10,-1.56,126.10,1.7570,"13,904",36.6156,-94.2308,129.8650,136.5380,128.7365,128.8069,129.2386,131.4556,-2.2170,-2.3123,134.1384,125.5916,11.0000,-17237.6676,128.5267,128.9718,129.4505,1.1721,0.0000,0.0000,0.0000,0.79,5.676,0.000,3.472,-,0.075,0.024,0.156,0.015,0.017,-,-,128.10,-2.00,155,1.7570,20.35%,5.85%,14.50%,79.65%,0.00%,0.00%,-,10.00,1.49,87.23,28 Oct 2025,23 Dec 2025,85.97,-,300560000.00,A-EQ,30056000
JUTESPINN,Jute Spinners Limited,Jute,Z,347.65,-,204.50,-0.39,204.50,0.0810,394,41.0691,-78.3582,206.6100,214.6620,212.6735,206.2077,206.5401,208.8703,-2.3303,-2.6969,210.1139,203.1061,19.2800,-1444.0204,206.0889,206.1513,206.3262,0.7819,0.0000,0.0000,0.0000,-,-,-,-,-,-,-,-,-,-,-,-,205.30,-0.80,15,0.0810,60.18%,23.20%,36.98%,39.82%,0.00%,0.00%,-,-,-36.32,-624.19,29 Oct 2025,-,-,-,17000000.00,Z-EQ,1700000
KARNAPHULI,Karnaphuli Insurance PLC.,Insurance,A,2356.00,24.55,52.50,0.38,52.50,8.5560,"162,850",42.3592,-89.1304,54.2400,54.4760,38.0865,53.7460,53.9425,54.2296,-0.2871,0.0095,56.9494,51.5306,370.1800,-642032.9214,53.7756,53.9154,53.9562,1.3660,0.0000,0.0000,0.0000,1.90,-,-,-,-,-,-,-,-,-,-,-,52.30,0.20,352,8.5560,67.26%,11.81%,55.45%,32.74%,0.00%,0.00%,-,10.00,2.13,23.79,26 Apr 2026,09 Jul 2026,24.55,18.16,448761130.00,A-EQ,44876113
KAY&QUE,Kay and Que Bangladesh Limited,Engineering,B,2821.00,42.24,403.40,0.62,403.40,18.9930,"46,934",56.1380,-25.7500,381.4000,400.5960,426.1580,399.4044,396.5237,393.1367,3.3870,-1.3452,425.6873,337.1127,125.9700,-21964.2563,403.5911,400.8423,391.8252,1.2046,0.0000,0.0000,0.0000,0.10,0.869,-,0.855,-,0.161,0.171,0.275,0.061,0.093,-,-,400.90,2.50,"1,012",18.9930,64.76%,15.20%,49.56%,35.24%,0.00%,0.00%,-,4.00,9.49,101.72,29 Oct 2025,11 Dec 2025,42.24,30.40,69930490.00,B-EQ,6993049
KBPPWBIL,Khan Brothers PP Woven Bag Industries Ltd.,Miscellaneous,A,3442.60,134.07,35.10,-3.04,35.10,31.5250,"890,103",47.8137,-48.9051,34.3100,36.3360,45.3645,36.2524,36.0659,35.6949,0.3710,0.1360,42.1489,26.4711,367.9200,-1155358.1399,36.6444,36.9513,35.8633,1.3105,0.0000,0.0000,0.0000,2.85,21.510,-,5.814,0.375,0.400,0.254,0.479,0.021,0.022,-,-,36.20,-1.10,"1,339",31.5250,69.87%,11.76%,58.11%,30.13%,0.00%,0.00%,-,10.00,0.27,12.07,22 Oct 2025,24 Dec 2025,134.07,47.63,980798770.00,A-EQ,98079877
KDSALTD,KDS Accessories Limited,Engineering,A,3243.78,20.18,43.40,-1.81,43.40,3.0420,"69,770",37.0259,-81.3953,44.5850,47.2180,45.6880,44.3912,44.5351,45.3569,-0.8218,-0.8924,46.3445,42.8255,46.7300,-104946.2447,44.3556,44.5231,44.5476,1.5448,0.0000,0.0000,0.0000,2.30,1.517,0.013,1.194,-,0.075,0.057,0.172,0.035,0.079,-,-,44.20,-0.80,221,3.0420,36.03%,12.58%,23.45%,63.97%,0.00%,0.00%,-,10.00,2.19,27.71,22 Oct 2025,10 Dec 2025,20.18,21.81,747414790.00,A-EQ,74741479
KEYACOSMET,Keya Cosmetics Limited,Pharmaceuticals & Chemicals,Z,5732.05,25.24,5.10,-1.89,5.20,1.8640,"354,163",45.6429,-66.6667,5.2350,5.3620,4.9265,5.3067,5.3056,5.2967,0.0089,0.0108,5.6258,4.8442,24.2300,139563.9831,5.3222,5.3423,5.3062,1.4054,0.0000,0.0000,0.0000,-,1.465,44.309,0.868,-,0.169,0.026,0.209,0.009,0.927,-,-,5.30,-0.10,126,1.8640,53.95%,8.57%,45.38%,46.05%,0.00%,0.00%,-,1.00,0.24,0.25,13 Dec 2020,19 Jan 2021,25.24,22.08,11023173240.00,Z-EQ,1102317324
KEYACOSMET,Keya Cosmetics Limited,Pharmaceuticals & Chemicals,Z,5732.05,25.24,5.10,-1.89,5.20,1.8640,"354,163",45.6429,-66.6667,5.2350,5.3620,4.9265,5.3067,5.3056,5.2967,0.0089,0.0108,5.6258,4.8442,24.2300,139563.9831,5.3222,5.3423,5.3062,1.4054,0.0000,0.0000,0.0000,1.92,1.465,44.309,0.868,-,0.169,0.026,0.209,0.009,0.927,-,-,5.30,-0.10,126,1.8640,53.95%,8.57%,45.38%,46.05%,0.00%,0.00%,-,1.00,0.24,0.25,13 Dec 2020,19 Jan 2021,25.24,22.08,11023173240.00,Z-EQ,1102317324
KOHINOOR,Kohinoor Chemicals Company (Bangladesh) PLC.,Pharmaceuticals & Chemicals,A,21208.58,30.66,522.00,-0.50,520.10,0.9100,"1,750",39.9639,-89.6970,524.6550,533.7920,513.9055,522.4683,523.2325,526.5631,-3.3306,-3.2197,531.7113,517.5987,2.1900,-2595.3340,521.7756,522.3500,523.3814,0.7513,0.0000,0.0000,0.0000,1.25,4.768,0.135,2.500,-,0.136,0.098,0.282,0.184,0.262,-,-,522.70,-2.60,61,0.9100,49.43%,14.70%,34.72%,50.57%,0.00%,0.01%,10.00,65.00,17.05,65.16,26 Oct 2025,07 Dec 2025,30.66,31.92,407778930.00,A-EQ,40777893
KPCL,Khulna Power Company Limited,Fuel & Power,Z,4172.84,35.86,10.50,0.96,10.50,1.2260,"116,213",44.5677,-71.4286,10.5800,10.9020,10.6495,10.5363,10.5648,10.6924,-0.1277,-0.1252,10.8363,10.3237,17.7600,-303850.8769,10.5156,10.5333,10.5576,0.8266,0.0000,0.0000,0.0000,4.76,6.513,-,5.308,0.153,-,0.140,-,0.015,0.015,-,-,10.40,0.10,90,1.2260,30.01%,9.11%,20.90%,69.99%,0.00%,0.00%,-,5.00,0.29,19.03,28 Oct 2025,28 Dec 2025,35.86,10.68,3974131790.00,Z-EQ,397413179
KPPL,Khulna Printing & Packaging Limited,Paper & Printing,Z,1022.56,-,14.00,2.94,14.00,3.2260,"224,588",56.1776,-28.5714,13.1450,14.0300,15.0675,13.5780,13.5161,13.5462,-0.0301,-0.1803,14.3030,11.9870,45.4000,-85667.9904,13.6667,13.5885,13.3838,1.4889,0.0000,0.0000,0.0000,-,0.693,-,0.692,-,-,-,-,-,1.662,-,-,13.60,0.40,272,3.2260,60.24%,1.11%,59.13%,39.76%,0.00%,0.00%,-,-,-3.10,-1.86,30 Oct 2022,29 Dec 2022,-,-,730400000.00,Z-EQ,73040000
KTL,Kattali Textile Limited,Textile,Z,1639.90,-,14.10,6.02,14.10,35.1200,"2,534,290",70.1314,-14.2857,12.7550,12.2440,10.4820,13.1130,13.0133,12.6852,0.3281,0.2636,13.7163,11.7937,198.9600,158289.7000,13.1311,13.0705,12.9371,1.4591,0.0000,0.0000,0.0000,0.07,5.749,-,4.046,-,-,-,-,-,-,-,-,13.30,0.80,928,35.1200,69.68%,19.47%,50.08%,30.32%,0.00%,0.13%,-,0.10,0.08,15.10,28 Dec 2025,-,-,166.25,1163052000.00,Z-EQ,116305200
LANKABAFIN,LankaBangla Finance PLC,Financial Institutions,A,7597.62,28.04,14.10,-1.40,14.10,8.4810,"599,204",32.4081,-92.3077,14.6050,16.0560,14.7760,14.4351,14.5106,14.9463,-0.4358,-0.4752,15.2119,13.9981,45.7200,-1264762.2555,14.3956,14.4513,14.5076,1.9210,0.0000,0.0000,0.0000,-,-,-,-,-,0.352,0.064,-,-,-,-,0.027,14.30,-0.20,447,8.4810,66.23%,23.24%,42.54%,33.77%,0.00%,0.45%,-,-,0.51,18.52,15 Oct 2025,11 Dec 2025,28.04,19.86,5388386230.00,A-EQ,538838623
LBS,LankaBangla Securities PLC.,Stock Brokers,P,2959.33,-,11.00,4.76,11.00,0.0000,1,53.8721,-16.6667,10.4950,11.0020,20.0105,10.4798,10.5034,10.6729,-0.1695,-0.1973,11.3541,9.6359,1.6900,-56355.8066,10.4333,10.4141,10.4419,0.4391,0.0000,0.0000,0.0000,-,-,-,-,-,-,-,-,-,-,-,-,10.50,0.50,1,0.0000,17.42%,11.81%,5.61%,82.58%,0.00%,0.00%,-,-,0.50,16.91,20 May 2026,23 Jul 2026,-,-,2690303320.00,-,269030332
LEGACYFOOT,Legacy Footwear Limited,Tannery Industries,B,3002.67,1426.00,69.70,-2.24,69.70,6.9130,"98,845",48.1786,-59.6154,69.8850,71.9300,65.2240,69.5486,69.5945,70.1615,-0.5670,-0.7332,73.1309,66.6391,104.4000,-197500.6411,69.3533,69.3667,69.4600,1.3192,0.0000,0.0000,0.0000,0.07,7.339,-,5.939,0.068,-,0.039,0.223,0.004,0.004,-,-,71.30,-1.60,396,6.9130,67.36%,31.95%,35.41%,32.64%,0.00%,0.00%,-,0.50,0.05,11.21,29 Oct 2025,20 Dec 2025,1426.00,1336.87,430799800.00,B-EQ,43079980
LHB,LafargeHolcim Bangladesh PLC.,Cement,A,60623.70,11.93,52.20,-0.57,52.20,9.8600,"188,887",44.5643,-63.8298,52.2950,54.6440,52.4565,52.4841,52.5316,52.9977,-0.4661,-0.5812,54.6386,49.9514,15.1700,-590851.0145,52.4511,52.6487,52.5052,1.3055,0.0000,0.0000,0.0000,4.21,1.058,-,0.870,0.231,0.224,0.174,0.302,0.123,0.268,-,-,52.50,-0.30,538,9.8600,37.34%,23.43%,13.14%,62.66%,0.00%,0.77%,-,22.00,0.00,0.00,12 Mar 2026,-,11.93,14.04,11613735000.00,A-EQ,1161373500
LIBRAINFU,Libra Infusions Limited,Pharmaceuticals & Chemicals,Z,1268.82,3768.67,561.00,-0.37,563.20,0.3500,619,36.1024,-67.4267,571.9100,601.4920,629.7670,568.6059,570.2319,579.8742,-9.6424,-10.6092,586.0954,557.7246,21.9700,-737.3873,567.7733,569.1705,570.1319,0.7894,0.0000,0.0000,0.0000,0.53,1.468,0.040,0.897,-,0.160,0.001,0.437,0.000,0.000,-,-,565.30,-2.10,48,0.3500,65.58%,4.24%,61.34%,34.42%,0.00%,0.00%,50.00,30.00,0.15,1261.00,22 Oct 2023,21 Dec 2023,3768.67,105.99,22528800.00,Z-EQ,2252880
LINDEBD,Linde Bangladesh Limited,Fuel & Power,A,10107.98,29.32,664.20,0.23,664.20,2.5940,"3,909",35.0099,-87.4101,673.9550,696.2540,729.9105,668.2846,670.2491,678.7480,-8.4989,-8.1843,690.9358,656.9742,4.8300,-4882.9882,666.4511,668.9295,671.4467,0.8508,0.0000,0.0000,0.0000,1.51,1.853,-,1.601,0.190,0.166,0.151,0.467,0.067,0.107,-,-,662.70,1.50,159,2.5940,40.00%,22.00%,18.00%,60.00%,0.00%,0.00%,-,100.00,22.60,210.31,09 Apr 2026,10 Jun 2026,29.32,25.93,152182800.00,A-EQ,15218280
LOVELLO,Taufika Foods and Lovello Ice-cream PLC.,Food & Allied,A,4849.85,30.97,49.40,-3.33,49.40,37.8600,"755,842",41.3132,-52.2059,49.3650,58.1520,68.6345,51.0022,51.0145,52.5347,-1.5202,-2.2086,56.9606,41.7694,453.2700,-1690983.7312,51.2444,51.6269,50.6824,1.1555,0.0000,0.0000,0.0000,2.23,2.497,-,1.800,0.167,0.278,0.134,0.423,0.040,0.137,-,-,51.10,-1.70,"1,704",37.8600,68.17%,11.19%,56.98%,31.83%,0.00%,0.00%,5.00,11.00,1.65,12.01,12 Oct 2025,28 Dec 2025,30.97,12.52,981750000.00,A-EQ,98175000
LRBDL,Lub-rref (Bangladesh) Limited,Fuel & Power,Z,1902.69,-,13.10,0.00,13.10,0.5660,"43,136",41.1513,-66.6667,13.4150,14.5340,11.6440,13.2315,13.3066,13.6692,-0.3627,-0.3685,14.4719,12.3581,26.6200,-115760.6014,13.1422,13.2231,13.3200,1.7676,0.0000,0.0000,0.0000,-,0.872,-,0.689,-,-,-,0.047,-,-,-,-,13.10,0.00,65,0.5660,64.27%,10.76%,53.51%,35.73%,0.00%,0.00%,-,-,-4.56,32.72,30 Nov 2025,28 Dec 2025,-,-,1452431440.00,Z-EQ,145243144
LRGLOBMF1,LR Global Bangladesh Mutual Fund One,Mutual Funds,A,1337.65,15.17,4.40,-2.27,4.30,0.5350,"123,230",46.6458,-75.0000,4.3900,4.4640,3.5120,4.4498,4.4450,4.4040,0.0410,0.0497,4.7895,3.9905,58.5900,-389949.9918,4.4733,4.4949,4.4519,1.2404,0.0000,0.0000,0.0000,-,-,-,-,-,-,-,-,-,-,-,-,4.40,-0.10,51,0.5350,86.43%,59.14%,27.29%,13.57%,0.00%,0.00%,-,3.00,0.29,10.47,15 Nov 2023,-,15.17,-,3110803320.00,A-MF,311080332
MAGURAPLEX,Magura Multiplex PLC.,Paper & Printing,A,2451.16,22.81,82.80,0.85,82.80,4.2690,"51,389",46.5051,-51.1111,82.2350,86.7620,85.6335,82.8887,82.9361,83.8057,-0.8696,-1.1746,86.0800,78.3900,50.0700,-47756.4502,83.0378,83.1500,82.7271,1.6621,0.0000,0.0000,0.0000,1.33,2.971,-,2.161,0.056,0.245,0.066,0.282,0.019,0.048,-,-,82.10,0.70,288,4.2690,54.19%,5.58%,48.61%,45.81%,0.00%,0.00%,-,11.00,3.60,74.79,02 Nov 2025,29 Dec 2025,22.81,30.18,296033780.00,A-EQ,29603378
MAKSONSPIN,Maksons Spinning Mills PLC.,Textile,Z,1286.46,-,5.40,-1.82,5.40,0.8960,"164,799",34.2428,-100.0000,5.8000,6.1040,5.7155,5.6363,5.6830,5.8364,-0.1533,-0.1229,6.1728,5.4272,20.0700,-380214.5020,5.6067,5.6462,5.7152,1.7241,0.0000,0.0000,0.0000,-,0.967,-,0.170,-,-,-,-,-,-,-,-,5.50,-0.10,90,0.8960,70.00%,6.42%,63.58%,30.00%,0.00%,0.00%,-,-,-9.42,2.84,15 Dec 2025,-,-,-,2382325380.00,Z-EQ,238232538
MALEKSPIN,Malek Spinning Mills PLC.,Textile,A,9738.08,6.75,50.30,0.60,50.30,136.0020,"2,674,421",60.7741,-20.6349,47.6450,47.2540,34.3355,48.7639,48.5133,47.8337,0.6796,0.4491,50.6323,44.6577,429.9400,203712.1034,48.9333,48.6756,48.1067,1.5707,0.0000,0.0000,0.0000,1.99,1.131,-,0.454,-,-,-,-,-,-,-,-,50.00,0.30,"2,080",136.0020,52.66%,13.76%,38.90%,47.34%,0.00%,0.00%,-,10.00,7.41,60.63,27 Oct 2025,15 Dec 2025,6.75,9.28,1936000000.00,A-EQ,193600000
MARICO,Marico Bangladesh Limited,Pharmaceuticals & Chemicals,A,83515.95,12.91,2651.30,-0.37,2651.30,7.5570,"2,846",36.9153,-83.9063,2661.9150,2698.7780,2740.3700,2660.8257,2662.1703,2673.2640,-11.0937,-13.3615,2683.4794,2640.3506,1.8800,-3548.3829,2661.0978,2660.8615,2660.1743,0.3124,0.0000,0.0000,0.0000,1.89,1.990,-,1.506,-,0.435,0.362,0.595,0.427,0.784,-,-,2661.20,-9.90,561,7.5570,10.00%,6.72%,2.37%,90.00%,0.00%,0.91%,-,500.00,0.00,0.00,30 Jul 2026,-,12.91,12.29,315000000.00,A-EQ,31500000
MATINSPINN,Matin Spinning Mills PLC,Textile,A,6980.28,14.51,71.60,4.99,71.60,111.7450,"1,581,298",68.2955,-7.8431,65.1150,63.1920,52.1575,67.0278,66.4102,64.8819,1.5283,0.8912,70.3546,59.8754,134.0100,881298.9603,67.5356,66.6282,65.6481,1.1418,0.0000,0.0000,0.0000,4.89,1.116,-,0.687,-,-,-,-,-,-,-,-,68.20,3.40,"2,340",111.7450,67.28%,42.73%,24.55%,32.72%,0.00%,0.00%,-,35.00,4.70,69.89,26 Oct 2025,09 Dec 2025,14.51,15.27,974900000.00,A-EQ,97490000
MBL1STMF,MBL 1st Mutual Fund,Mutual Funds,A,1020.00,25.71,10.40,-5.56,10.20,41.2840,"3,961,091",56.9507,-44.8276,10.0300,8.8780,5.1645,10.4915,10.3786,9.7740,0.6045,0.6409,11.4399,8.6201,1522.6300,-4397694.2036,10.6422,10.6167,10.3267,0.8905,0.0000,0.0000,0.0000,-,-,-,-,-,-,-,-,-,-,-,-,10.80,-0.60,943,41.2840,90.00%,48.54%,41.46%,10.00%,0.00%,0.00%,-,4.25,0.42,10.44,16 May 2023,-,25.71,75.70,1000000000.00,A-MF,100000000
MBPLCPBOND,Mercantile Bank Perpetual Bond,Corporate Bond,A,485.00,-,0.00,0.00,4850.00,0.0000,0,,,,,,,,,,,,,,,,,,,,,,0.02,-,-,-,-,-,-,-,-,-,-,-,4850.00,0.00,0,0.0000,0.00%,0.00%,0.00%,0.00%,0.00%,0.00%,-,10.00,0.00,0.00,19 Nov 2025,-,-,-,1000000.00,A-CB,100000
MEGCONMILK,Meghna Condensed Milk Industries Limited,Food & Allied,Z,492.80,-,31.20,-0.32,30.80,0.6340,"20,625",40.2377,-76.9231,32.4250,33.9980,30.5550,31.5069,31.7732,32.7619,-0.9887,-0.8690,35.4133,29.4367,121.7600,-64974.6218,31.2156,31.5372,31.9329,0.9997,0.0000,0.0000,0.0000,-,0.193,-,0.122,-,-,-,-,-,0.526,-,-,30.90,-0.10,73,0.6340,62.57%,6.75%,55.82%,37.43%,0.00%,0.00%,-,-,-10.05,-16.15,29 Oct 2025,24 Dec 2025,-,-,160000000.00,Z-EQ,16000000
MEGHNACEM,Meghna Cement Mills PLC.,Cement,Z,912.91,-,29.20,-2.03,28.90,0.0530,"1,851",45.6769,-45.4545,29.0700,30.2000,31.2825,29.0687,29.0843,29.3747,-0.2904,-0.3930,30.0982,28.0418,6.7000,-4116.4133,29.0622,29.0462,29.0233,0.8144,0.0000,0.0000,0.0000,-,0.774,-,0.546,-,-,-,0.047,-,21.524,-,-,29.50,-0.60,15,0.0530,58.10%,34.51%,23.59%,41.90%,0.00%,0.00%,-,-,-36.58,-1.70,29 Oct 2025,22 Dec 2025,-,-,315885290.00,Z-EQ,31588529
MEGHNAINS,Meghna Insurance PLC.,Insurance,A,1384.00,26.22,34.60,-2.26,34.60,8.9640,"257,132",41.5133,-56.4103,35.2150,37.2600,32.2615,35.4422,35.4876,35.9076,-0.4200,-0.5179,37.1717,33.2583,318.8900,-456005.9347,35.5333,35.5936,35.3490,1.4938,0.0000,0.0000,0.0000,2.89,-,-,-,-,-,-,-,-,-,-,-,35.40,-0.80,381,8.9640,79.68%,13.20%,66.48%,20.32%,0.00%,0.00%,-,10.00,1.35,14.29,28 Apr 2026,23 Jun 2026,26.22,20.11,400000000.00,A-EQ,40000000
MEGHNALIFE,Meghna Life Insurance PLC,Insurance,A,2154.19,-,50.80,-0.97,50.80,2.6780,"52,608",39.6355,-58.2090,51.7550,55.7420,55.3065,51.6289,51.7632,52.8888,-1.1256,-1.3604,54.0941,49.4159,43.0400,-60798.1540,51.6711,51.6974,51.6190,1.4155,0.0000,0.0000,0.0000,2.95,-,-,-,-,-,-,-,-,-,-,-,51.30,-0.50,183,2.6780,69.89%,22.10%,47.79%,30.11%,0.00%,0.00%,-,15.00,0.00,0.00,29 Jun 2026,20 Aug 2026,-,-,424052180.00,A-EQ,42405218
MEGHNAPET,Meghna Pet Industries Limited,Food & Allied,Z,883.20,-,73.60,-2.77,73.60,3.3530,"45,125",47.0876,-47.4576,71.8800,78.0820,51.4105,75.7692,75.4805,75.3207,0.1598,-0.3990,86.6875,57.0725,259.0900,-202969.6348,76.4956,76.8962,74.8886,1.1886,0.0000,0.0000,0.0000,-,2.775,-,1.426,-,-,-,-,-,-,-,-,75.70,-2.10,248,3.3530,56.45%,6.35%,50.10%,43.55%,0.00%,0.00%,-,-,-2.75,70.43,29 Oct 2025,24 Dec 2025,-,-,120000000.00,Z-EQ,12000000
MERCANBANK,Mercantile Bank PLC.,Bank,Z,6860.77,5.73,6.20,-1.59,6.20,2.3500,"380,769",32.6598,-85.7143,6.5400,6.9500,7.6590,6.3593,6.4082,6.6081,-0.2000,-0.1867,6.9675,6.1125,7.8700,-330008.1533,6.3089,6.3449,6.4390,1.1267,0.0000,0.0000,0.0000,-,-,-,-,-,0.419,0.087,-,0.003,0.045,0.003,-,6.30,-0.10,135,2.3500,66.38%,27.95%,37.79%,33.62%,0.00%,0.64%,-,-,1.10,24.35,03 May 2026,24 Jun 2026,5.73,14.32,11065754350.00,Z-EQ,1106575435
MERCINS,Mercantile Islami Insurance PLC,Insurance,A,2180.63,30.00,50.60,2.22,50.60,68.5930,"1,374,385",57.4191,-54.8387,49.2100,45.7620,33.0920,50.5883,50.2279,48.4247,1.8032,1.8604,54.2675,44.1525,850.4500,-281512.1601,51.0889,50.9256,50.2886,1.0443,0.0000,0.0000,0.0000,1.98,-,-,-,-,-,-,-,-,-,-,-,49.50,1.10,"1,604",68.5930,66.57%,29.51%,37.06%,33.43%,0.00%,0.00%,-,10.00,1.65,21.70,03 May 2026,30 Jun 2026,30.00,56.25,430953600.00,A-EQ,43095360
METROSPIN,Metro Spinning Limited,Textile,Z,610.81,-,9.90,0.00,9.90,0.4810,"48,720",50.7011,-50.0000,9.7950,9.9300,9.1275,9.7720,9.7858,9.8627,-0.0769,-0.0829,10.3280,9.2620,27.5500,-23474.3541,9.7511,9.7487,9.7462,1.7463,0.0000,0.0000,0.0000,-,1.034,-,1.014,-,-,-,-,-,-,-,-,9.90,0.00,59,0.4810,69.91%,14.73%,55.18%,30.09%,0.00%,0.00%,-,-,-1.98,3.96,12 Nov 2025,29 Dec 2025,-,-,616982750.00,Z-EQ,61698275
MHSML,Mozaffar Hossain Spinning Mills Limited,Textile,B,2009.77,27.92,19.90,-1.00,19.90,8.3450,"417,525",45.1833,-69.5652,20.0550,21.1780,19.4080,19.9867,20.0361,20.3498,-0.3137,-0.3528,21.2256,18.8844,185.3300,-437837.4108,19.9111,20.0000,20.0595,1.3831,0.0000,0.0000,0.0000,1.51,1.411,-,0.666,-,-,-,-,-,-,-,-,20.10,-0.20,386,8.3450,60.39%,17.76%,42.55%,39.61%,0.00%,0.08%,-,3.00,0.72,20.41,28 Oct 2025,30 Dec 2025,27.92,18.61,1009933740.00,B-EQ,100993374
MIDASFIN,MIDAS Financing PLC.,Financial Institutions,Z,661.91,-,4.70,-2.13,4.60,0.0690,"15,007",38.5120,-62.5000,4.7700,5.4240,5.5910,4.6874,4.7145,4.9336,-0.2192,-0.2630,5.3015,4.2385,15.8100,-48103.7290,4.6756,4.6513,4.6781,1.8164,0.0000,0.0000,0.0000,-,-,-,-,-,1.489,7.633,-,-,-,-,-,4.70,-0.10,18,0.0690,61.64%,26.25%,34.98%,38.36%,0.00%,0.41%,-,-,-23.40,-18.66,11 Aug 2026,24 Sep 2026,-,-,1438925070.00,Z-EQ,143892507
MIDLANDBNK,Midland Bank PLC.,Bank,B,11265.19,13.52,16.60,-1.78,16.60,8.6150,"514,995",42.4998,-70.5882,16.7350,17.5240,16.8700,16.8120,16.8257,16.9667,-0.1410,-0.1773,17.3481,16.1219,30.8100,-856789.0610,16.8111,16.8526,16.8010,1.0354,0.0000,0.0000,0.0000,1.81,-,-,-,-,0.599,0.182,-,0.006,0.079,0.007,-,16.90,-0.30,328,8.6150,19.40%,3.36%,16.04%,80.60%,0.00%,0.00%,3.00,3.00,1.25,15.90,29 Apr 2026,24 Jun 2026,13.52,20.12,6786256400.00,B-EQ,678625640
MIRACLEIND,Miracle Industries Limited,Miscellaneous,Z,894.54,-,26.00,-3.05,25.40,3.2970,"128,625",29.5205,-92.3077,26.7950,28.3700,28.9540,26.3508,26.5018,27.1199,-0.6180,-0.5773,27.9656,25.6244,53.9900,-77322.5832,26.2822,26.4013,26.5743,1.4044,0.0000,0.0000,0.0000,-,0.256,-,0.234,-,-,-,-,-,-,-,-,26.20,-0.80,300,3.2970,69.74%,4.89%,64.65%,30.26%,0.00%,0.20%,-,-,-2.30,11.32,29 Oct 2025,23 Dec 2025,-,-,352180550.00,Z-EQ,35218055
MIRAKHTER,Mir Akhter Hossain Limited,Engineering,A,3997.54,19.83,33.10,-2.93,33.10,5.0300,"149,741",41.8444,-56.2500,33.5750,36.8300,34.3665,34.0691,34.1015,34.6946,-0.5931,-0.8012,36.6060,30.5440,59.4900,-198965.8367,34.2044,34.3295,33.9757,1.5431,0.0000,0.0000,0.0000,3.17,1.160,2.507,0.309,-,0.205,0.160,0.324,0.008,0.033,-,-,34.10,-1.00,314,5.0300,51.42%,7.10%,44.32%,48.58%,0.00%,0.00%,-,10.50,1.72,51.51,28 Oct 2025,22 Dec 2025,19.83,38.75,1207715470.00,A-EQ,120771547
MITHUNKNIT,Mithun Knitting and Dyeing Limited,Textile,Z,428.88,-,13.20,-0.75,13.20,0.3080,"23,299",37.2915,-92.8571,13.5200,14.1500,14.8845,13.3919,13.4452,13.7003,-0.2551,-0.2583,13.8961,13.1439,32.1300,-70563.6815,13.3600,13.4026,13.4543,1.0919,0.0000,0.0000,0.0000,-,1.648,-,1.648,-,-,-,-,-,-,-,-,13.30,-0.10,43,0.3080,83.23%,10.05%,71.88%,16.77%,0.00%,1.30%,-,-,0.00,0.00,29 Sep 2025,12 Nov 2025,-,-,324911620.00,Z-EQ,32491162
MJLBD,MJL Bangladesh PLC.,Fuel & Power,A,28380.98,7.92,89.60,-0.44,89.60,1.2720,"14,194",40.8037,-82.7586,90.3050,91.6780,90.9285,90.0352,90.1537,90.6562,-0.5025,-0.4788,91.6324,88.9776,2.0600,-31812.1647,89.9000,90.1000,90.2510,0.8388,0.0000,0.0000,0.0000,5.80,0.614,-,0.445,0.118,0.179,0.086,0.162,0.075,0.188,-,-,90.00,-0.40,190,1.2720,28.48%,22.90%,5.56%,71.52%,0.00%,0.02%,-,52.00,11.36,54.06,28 Oct 2025,22 Dec 2025,7.92,11.42,3167520270.00,A-EQ,316752027
MLDYEING,M.L. Dyeing Limited,Textile,B,2487.04,560.00,10.70,-4.46,10.70,27.7840,"2,554,336",32.9470,-94.4444,11.5200,14.0140,10.4715,11.3111,11.4199,12.0414,-0.6215,-0.6753,12.4728,10.5672,487.9600,-4922853.8806,11.2600,11.3615,11.4190,1.6240,0.0000,0.0000,0.0000,0.47,2.557,-,1.476,-,-,-,-,-,-,-,-,11.20,-0.50,"1,129",27.7840,69.43%,8.96%,60.47%,30.57%,0.00%,0.00%,-,0.50,0.02,13.30,28 Oct 2025,21 Dec 2025,560.00,-,2324340900.00,B-EQ,232434090
MONNOAGML,Monno Agro & General Machinery Limited,Engineering,B,1327.56,305.20,301.70,-1.15,301.70,1.5600,"5,152",36.4496,-77.7448,307.4600,327.2800,343.7105,306.5697,307.4792,313.4235,-5.9443,-6.7442,317.2994,297.6206,44.4000,-11799.0481,306.3444,307.0756,307.1100,1.3205,0.0000,0.0000,0.0000,0.17,1.376,-,0.985,-,0.067,0.039,0.185,0.008,0.009,-,-,305.20,-3.50,179,1.5600,70.00%,8.74%,61.21%,30.00%,0.00%,0.05%,-,5.00,1.00,110.86,19 Oct 2025,11 Dec 2025,305.20,1346.47,44002560.00,B-EQ,4400256
MONNOCERA,Monno Ceramic Industries Limited,Ceramics Sector,B,3127.35,385.45,82.90,-2.24,82.90,17.0740,"204,435",45.5514,-58.6538,82.7650,87.4520,87.5745,83.9679,83.8885,84.5410,-0.6524,-1.1338,87.4448,78.0852,169.7100,-195031.0622,84.2822,84.2615,83.5681,1.4608,0.0000,0.0000,0.0000,0.24,-,10.344,-,-,-,-,0.240,-,-,-,-,84.80,-1.90,781,17.0740,69.46%,10.21%,59.12%,30.54%,0.00%,0.13%,-,2.00,0.22,80.14,25 Sep 2025,11 Dec 2025,385.45,265.00,377243170.00,B-EQ,37724317
MONNOFABR,Monno Fabrics Limited,Textile,B,2208.00,490.00,19.20,-2.04,19.20,8.2440,"427,782",40.8229,-65.3846,19.7150,21.4740,21.9545,19.5823,19.6577,20.1915,-0.5339,-0.6197,21.1965,18.2335,214.3400,-845741.7334,19.5911,19.6038,19.5738,1.6991,0.0000,0.0000,0.0000,0.13,1.615,-,1.446,-,-,-,-,-,-,-,-,19.60,-0.40,448,8.2440,69.10%,5.78%,61.53%,30.90%,0.00%,1.79%,-,0.25,0.04,25.39,26 Oct 2025,14 Dec 2025,490.00,1470.00,1150000000.00,B-EQ,115000000
MONOSPOOL,Monospool Bangladesh PLC,Paper & Printing,A,4090.74,27.90,104.30,-0.57,104.30,20.1040,"190,768",43.9037,-55.7823,105.1750,110.4120,103.5025,105.5743,105.6676,106.7038,-1.0361,-1.3188,110.4493,99.9007,126.9900,-161612.8643,105.8200,105.9872,105.5014,1.6464,0.0000,0.0000,0.0000,0.48,1.484,-,0.975,0.091,0.242,0.073,0.276,0.019,0.084,-,-,104.90,-0.60,731,20.1040,61.21%,3.15%,58.06%,38.79%,0.00%,0.00%,15.00,5.00,3.76,45.05,02 Nov 2025,29 Dec 2025,27.90,25.46,392208660.00,A-EQ,39220866
MPETROLEUM,Meghna Petroleum PLC,Fuel & Power,A,22097.73,3.36,204.00,-1.07,204.20,5.4550,"26,664",35.5854,-90.4762,205.6300,209.1900,204.2560,205.4483,205.5516,206.4902,-0.9386,-1.1534,207.0709,204.1891,6.4800,-22301.1477,205.3867,205.3782,205.5276,0.3491,0.0000,0.0000,0.0000,9.79,1.200,-,0.992,2.630,0.673,2.087,1.000,0.060,0.220,-,-,206.40,-2.20,588,5.4550,41.33%,33.33%,7.90%,0.00%,58.67%,0.10%,-,200.00,61.39,278.51,10 Nov 2025,24 Jan 2026,3.36,3.73,1082161080.00,A-EQ,108216108
MTB,Mutual Trust Bank PLC.,Bank,A,16230.13,4.30,13.40,-0.74,13.40,1.5840,"118,182",52.9848,-31.2500,13.1850,13.3160,13.0640,13.4319,13.3962,13.3165,0.0798,0.0390,14.0013,12.3687,8.7400,95558.8117,13.4978,13.4936,13.3343,0.9299,0.0000,0.0000,0.0000,-,-,-,-,-,0.462,0.151,-,0.007,0.112,0.007,-,13.50,-0.10,55,1.5840,66.82%,31.04%,35.78%,33.18%,0.00%,0.00%,12.00,-,3.14,28.11,30 Apr 2026,16 Jul 2026,4.30,6.82,12112035260.00,A-EQ,1211203526
MTBPBOND,Mutual Trust Bank Perpetual Bond,Corporate Bond,A,4000.00,-,0.00,0.00,1000000.00,0.0000,0,,,,,,,,,,,,,,,,,,,,,,-,-,-,-,-,-,-,-,-,-,-,-,1000000.00,0.00,0,0.0000,0.00%,0.00%,0.00%,0.00%,0.00%,0.00%,-,10.00,0.00,0.00,01 Dec 2025,-,-,-,40000.00,A-CB,4000
NAHEEACP,Nahee Aluminum Composite Panel PLC,Engineering,B,2419.95,-,34.80,-2.75,35.40,10.8450,"304,211",53.8891,-24.5902,34.1600,34.7200,27.2300,34.9956,34.8001,34.4960,0.3042,0.0180,36.9414,31.3786,203.7700,772390.8809,35.0867,34.9526,34.5462,1.5224,0.0000,0.0000,0.0000,0.28,7.608,0.112,5.160,-,0.126,-,0.191,-,-,-,-,36.40,-1.00,460,10.8450,67.71%,22.20%,45.51%,32.29%,0.00%,0.00%,-,1.00,-7.18,11.91,28 Oct 2025,18 Dec 2025,-,160.59,683601600.00,B-EQ,68360160
NATLIFEINS,National Life Insurance PLC,Insurance,A,10027.43,24.97,91.90,0.00,92.40,0.6120,"6,617",42.1281,-63.8889,93.4850,97.8560,99.1400,93.2827,93.4797,94.7754,-1.2958,-1.4730,97.5514,89.4186,3.3700,-18885.1271,93.2467,93.5038,93.3929,1.0455,0.0000,0.0000,0.0000,4.00,-,-,-,-,-,-,-,-,-,-,-,92.40,0.00,49,0.6120,38.89%,16.26%,22.63%,61.11%,0.00%,0.00%,-,37.00,3.70,59.87,13 May 2026,30 Jun 2026,24.97,23.63,1085219810.00,A-EQ,108521981
NAVANACNG,Navana CNG Limited,Engineering,Z,1465.72,197.00,19.50,-1.52,19.40,0.1330,"6,823",38.7462,-68.7500,19.7650,21.0580,21.0690,19.6940,19.7450,20.1117,-0.3668,-0.4274,20.5967,18.9333,7.2100,-15654.2002,19.7111,19.7218,19.7005,1.2956,0.0000,0.0000,0.0000,5.15,2.226,4.010,1.346,-,-,0.002,0.179,0.001,0.003,-,-,19.70,-0.30,44,0.1330,57.51%,25.78%,31.73%,42.49%,0.00%,0.00%,-,10.00,0.10,30.79,28 Oct 2025,29 Dec 2025,197.00,1477.50,755527720.00,Z-EQ,75552772
NAVANAPHAR,Navana Pharmaceuticals PLC.,Pharmaceuticals & Chemicals,A,6670.55,13.99,62.10,-2.20,62.10,12.2950,"196,966",40.4575,-67.1875,63.4950,66.5420,62.0870,63.2413,63.3796,64.3345,-0.9549,-1.1006,67.1093,59.8807,89.8500,-325809.7226,63.2044,63.3718,63.2629,1.5904,0.0000,0.0000,0.0000,2.25,0.857,0.018,0.601,-,0.167,0.055,0.442,0.043,0.100,-,-,63.50,-1.40,584,12.2950,68.36%,10.60%,38.13%,31.64%,0.00%,19.63%,-,14.00,4.54,45.29,29 Oct 2025,31 Dec 2025,13.99,10.38,1074162170.00,A-EQ,107416217
NBL,National Bank PLC,Bank,Z,10303.17,-,3.20,-5.88,3.20,1.0450,"322,612",38.5985,-100.0000,3.3500,3.5400,3.8890,3.3091,3.3249,3.3969,-0.0720,-0.0714,3.5154,3.1846,5.1800,-697970.2229,3.2911,3.3090,3.3348,1.0600,0.0000,0.0000,0.0000,-,-,-,-,-,1.537,1.164,-,-,1.025,-,-,3.40,-0.20,90,1.0450,82.60%,38.48%,43.61%,17.40%,0.00%,0.51%,-,-,-7.55,-7.37,03 May 2026,13 Aug 2026,-,-,32197395700.00,Z-EQ,3219739570
NCCBANK,National Credit and Commerce Bank PLC,Bank,A,16398.73,3.33,14.20,-0.70,14.20,16.7280,"1,173,946",34.3246,-88.8889,14.4050,14.9420,14.1850,14.3205,14.3555,14.5528,-0.1973,-0.2133,14.7748,14.0352,44.7800,-765335.8721,14.2978,14.3231,14.3481,0.9773,0.0000,0.0000,0.0000,11.97,-,-,-,-,0.652,0.234,-,0.012,0.158,0.013,-,14.30,-0.10,259,16.7280,57.90%,21.24%,36.63%,42.10%,0.00%,0.03%,4.00,17.00,4.29,27.20,28 Apr 2026,24 Jun 2026,3.33,3.44,11548400180.00,A-EQ,1154840018
NCCBLMF1,NCCBL MUTUAL FUND-1,Mutual Funds,A,694.42,10.82,6.60,-3.03,6.40,0.6280,"96,838",44.0854,-100.0000,6.7050,6.7380,4.9235,6.7067,6.7135,6.6627,0.0508,0.0894,7.1839,6.2261,111.7300,-500308.4309,6.7200,6.7564,6.7533,1.0383,0.0000,0.0000,0.0000,-,-,-,-,-,-,-,-,-,-,-,-,6.60,-0.20,53,0.6280,85.00%,66.36%,18.64%,15.00%,0.00%,0.00%,-,4.50,0.61,10.97,15 Feb 2024,-,10.82,-,1085034010.00,A-MF,108503401
NEWLINE,New Line Clothings Limited,Textile,Z,416.22,3.25,5.30,0.00,5.30,0.5330,"101,008",40.1931,-62.5000,5.4200,6.0300,5.2880,5.3350,5.3703,5.5581,-0.1878,-0.1987,5.7730,5.0670,39.7600,-94294.6454,5.2956,5.3321,5.3705,0.9449,0.0000,0.0000,0.0000,23.11,2.989,-,1.866,-,-,-,-,-,-,-,-,5.30,0.00,44,0.5330,69.39%,18.33%,51.06%,30.61%,0.00%,0.00%,-,12.25,1.63,24.02,31 Oct 2021,27 Jan 2022,3.25,2.48,785326500.00,Z-EQ,78532650
NFML,National Feed Mill Limited,Miscellaneous,B,1372.41,503.33,14.70,-2.65,14.70,6.3460,"427,642",35.3573,-81.4815,15.4200,17.5040,16.3870,15.2816,15.3746,15.9652,-0.5906,-0.6642,16.8035,14.0365,180.4800,-548470.0183,15.2578,15.3846,15.3629,1.3298,0.0000,0.0000,0.0000,0.07,4.356,-,2.722,-,0.118,0.017,0.181,0.001,0.002,-,-,15.10,-0.40,311,6.3460,69.60%,5.67%,63.93%,30.40%,0.00%,0.00%,-,0.10,0.03,11.09,10 Feb 2026,01 Mar 2026,503.33,-,933613240.00,B-EQ,93361324
NHFIL,National Housing Finance PLC,Financial Institutions,A,3334.22,35.27,25.80,-0.77,25.90,3.5500,"137,102",39.3607,-82.3529,26.4450,27.9500,25.6815,26.2773,26.3538,26.7993,-0.4455,-0.4874,27.4842,25.4058,44.4000,-258360.9500,26.2511,26.3397,26.3614,1.9196,0.0000,0.0000,0.0000,3.86,-,-,-,-,0.550,0.192,-,-,-,-,0.070,26.10,-0.20,156,3.5500,45.53%,14.19%,31.34%,45.13%,9.34%,0.00%,-,10.00,0.74,17.06,24 Jun 2026,15 Sep 2026,35.27,30.35,1287343200.00,A-EQ,128734320
NITOLINS,Nitol Insurance PLC,Insurance,A,2414.87,30.52,57.20,-2.89,57.20,36.7070,"635,281",57.4491,-53.5714,56.9950,49.4800,35.1510,58.1108,57.7251,55.1328,2.5923,2.9651,60.7783,53.2117,761.1700,846429.1840,58.4578,58.3705,57.7976,1.0840,0.0000,0.0000,0.0000,1.75,-,-,-,-,-,-,-,-,-,-,-,58.90,-1.70,"1,259",36.7070,65.00%,18.64%,46.36%,35.00%,0.00%,0.00%,-,10.00,1.93,31.30,01 Apr 2026,12 Jul 2026,30.52,37.28,422180200.00,A-EQ,42218020
NORTHERN,Northern Jute Manufacturing Company Limited,Jute,Z,210.99,8.76,96.70,-0.81,98.50,0.1020,"1,031",45.2791,-40.5405,97.8400,105.9140,105.8560,97.9382,98.0233,100.1174,-2.0941,-2.8925,103.0248,92.6552,23.4700,347.2011,97.9044,97.6885,97.4086,1.1056,0.0000,0.0000,0.0000,0.51,0.695,-,0.392,0.056,0.051,0.044,0.261,0.026,0.139,-,-,99.30,-0.80,16,0.1020,84.91%,0.00%,84.91%,15.09%,0.00%,0.00%,-,5.00,11.33,81.66,29 Oct 2020,27 Dec 2020,8.76,-,21420000.00,Z-EQ,2142000
NORTHRNINS,Northern Islami Insurance PLC.,Insurance,A,1617.01,22.02,36.10,-2.43,36.10,3.0270,"83,616",41.3905,-63.1579,36.8350,38.5360,34.3290,36.8863,36.9417,37.4179,-0.4763,-0.5788,38.6041,35.0659,87.3500,-120618.8330,36.9400,36.9679,36.8195,1.1412,0.0000,0.0000,0.0000,1.39,-,-,-,-,-,-,-,-,-,-,-,37.00,-0.90,154,3.0270,69.18%,28.17%,41.01%,30.82%,0.00%,0.00%,5.00,5.00,1.68,25.48,13 May 2026,29 Aug 2026,22.02,20.79,447925920.00,A-EQ,44792592
NPOLYMER,National Polymer Industries PLC,Engineering,B,2298.99,465.71,31.50,-3.37,31.50,11.6120,"365,443",45.9893,-73.9130,31.6250,33.2480,30.2430,32.2192,32.1307,32.1923,-0.0616,-0.2851,33.3840,29.8660,89.0500,-181348.2498,32.4156,32.2679,31.9281,1.4441,0.0000,0.0000,0.0000,1.59,1.056,0.661,0.687,-,0.082,0.001,0.140,0.001,0.002,-,-,32.60,-1.10,723,11.6120,67.78%,13.20%,54.58%,32.22%,0.00%,0.00%,-,5.00,0.07,29.65,26 Oct 2025,31 Dec 2025,465.71,97.80,729836680.00,B-EQ,72983668
NRBBANK,NRB Bank PLC.,Bank,Z,4626.93,60.91,6.60,0.00,6.70,3.4440,"513,986",55.8918,-20.0000,6.5650,6.6620,6.4990,6.6192,6.6099,6.5980,0.0119,-0.0027,6.7626,6.3674,6.9400,-74521.8051,6.6200,6.6115,6.5890,1.1210,0.0000,0.0000,0.0000,-,-,-,-,-,0.230,0.042,-,0.001,0.015,0.001,-,6.70,0.00,65,3.4440,44.01%,2.91%,41.10%,55.99%,0.00%,0.00%,-,-,0.20,12.89,03 May 2026,20 Aug 2026,60.91,25.77,6905872000.00,Z-EQ,690587200
NRBCBANK,NRBC Bank PLC.,Bank,Z,7540.71,59.38,9.10,-4.21,9.10,0.4830,"52,826",50.8081,-60.0000,9.0750,9.0460,7.2180,9.1975,9.1696,9.0797,0.0899,0.0708,9.3921,8.7579,8.4500,34792.8790,9.2267,9.1962,9.1381,1.2146,0.0000,0.0000,0.0000,-,-,-,-,-,0.439,0.013,-,0.001,0.010,0.001,-,9.50,-0.40,80,0.4830,40.94%,4.15%,36.79%,59.06%,0.00%,0.00%,-,-,0.16,16.74,03 May 2026,25 Jun 2026,59.38,7.80,8286495340.00,Z-EQ,828649534
NTC,National Tea Company Limited,Food & Allied,Z,4575.55,-,153.20,-0.84,153.80,0.1940,"1,257",46.1037,-56.5217,153.3950,160.4040,162.4095,154.1951,154.2127,155.5743,-1.3616,-1.9639,158.7570,148.0330,1.8300,-2940.4521,154.1778,154.2564,153.8462,1.0003,0.0000,0.0000,0.0000,-,0.236,-,0.081,-,-,-,-,-,0.691,-,-,155.10,-1.30,37,0.1940,55.35%,31.49%,23.86%,39.43%,5.22%,0.00%,-,-,0.00,0.00,-,-,-,-,297500000.00,Z-EQ,29750000
NTLTUBES,National Tubes Limited,Engineering,B,2099.75,35.41,60.90,-0.99,60.30,1.5210,"25,088",40.3694,-76.0870,61.3050,65.1180,63.1140,60.8947,61.0835,62.3154,-1.2319,-1.3969,63.9340,58.6760,36.0600,-53225.2644,60.8022,60.8936,60.9929,1.1412,0.0000,0.0000,0.0000,0.17,1.788,0.012,0.892,-,0.251,0.123,0.385,0.009,0.013,-,-,60.90,-0.60,146,1.5210,48.95%,6.01%,42.94%,0.05%,51.00%,0.00%,-,1.00,1.72,137.61,09 Nov 2025,20 Dec 2025,35.41,-,348218030.00,B-EQ,34821803
NURANI,Nurani Dyeing & Sweater Limited,Textile,Z,367.88,-,3.00,7.14,3.00,2.7570,"922,512",49.1645,-33.3333,2.9500,3.1680,2.8545,2.9191,2.9348,3.0144,-0.0797,-0.0829,3.1392,2.7608,68.0000,-321477.4001,2.9044,2.9192,2.9305,1.2474,0.0000,0.0000,0.0000,-,3.400,-,1.821,-,-,-,-,-,-,-,-,2.80,0.20,158,2.7570,69.07%,17.28%,51.79%,30.93%,0.00%,0.00%,10.00,-,-0.41,11.23,28 Oct 2020,24 Dec 2020,-,-,1226250300.00,Z-EQ,122625030
OAL,Olympic Accessories Limited,Engineering,Z,966.30,-,5.80,-3.39,5.70,0.7350,"128,025",23.9002,-100.0000,6.2100,6.5640,6.1855,5.9811,6.0422,6.2496,-0.2075,-0.1710,6.7407,5.6793,26.8000,-218820.6214,5.9333,5.9872,6.0819,1.7084,0.0000,0.0000,0.0000,-,2.807,0.180,2.584,-,-,-,-,-,-,-,-,5.90,-0.20,106,0.7350,74.19%,15.38%,58.81%,25.81%,0.00%,0.00%,-,-,-0.75,9.50,28 Oct 2025,24 Dec 2025,-,-,1695269820.00,Z-EQ,169526982
OIMEX,Oimex Electrode Limited,Engineering,Z,979.34,17.44,13.50,-1.47,13.40,0.5460,"40,426",37.8289,-79.1667,13.9550,15.1340,14.4385,13.7976,13.8739,14.2713,-0.3974,-0.4169,14.8363,13.0737,21.7200,-102374.2330,13.7822,13.8397,13.8619,1.3761,0.0000,0.0000,0.0000,-,0.959,-,0.550,-,0.040,0.000,0.064,0.000,0.008,-,-,13.60,-0.20,93,0.5460,64.24%,19.22%,45.02%,35.76%,0.00%,0.00%,-,-,0.03,3.27,05 Nov 2025,30 Dec 2025,17.44,68.00,730847810.00,Z-EQ,73084781
OLYMPIC,Olympic Industries PLC,Food & Allied,A,28551.27,14.15,142.80,0.35,142.80,5.5790,"39,235",40.8317,-70.0000,143.2700,147.1660,147.0420,143.0259,143.1896,144.3408,-1.1512,-1.3334,145.1316,141.4084,5.7900,-60633.3061,142.8467,143.0615,143.2014,1.0871,0.0000,0.0000,0.0000,2.10,2.636,-,2.042,0.097,0.083,0.072,0.239,0.124,0.161,-,-,142.30,0.50,312,5.5790,62.62%,22.81%,12.48%,37.38%,0.00%,27.33%,-,30.00,10.06,62.35,28 Oct 2025,11 Dec 2025,14.15,14.40,1999388860.00,A-EQ,199938886
ONEBANKPLC,One Bank PLC.,Bank,Z,7887.08,26.43,7.40,0.00,7.40,0.5240,"71,049",37.9317,-83.3333,7.5900,7.8140,7.5630,7.5408,7.5632,7.6479,-0.0847,-0.0752,7.8138,7.3662,4.9800,-260368.3694,7.5333,7.5590,7.5757,1.2640,0.0000,0.0000,0.0000,-,-,-,-,-,0.400,0.025,-,0.001,0.012,0.001,-,7.40,0.00,45,0.5240,69.79%,43.23%,26.54%,30.21%,0.00%,0.02%,-,-,0.28,22.46,03 May 2026,13 Aug 2026,26.43,4.74,10658218870.00,Z-EQ,1065821887
ORIONINFU,Orion Infusion Limited,Pharmaceuticals & Chemicals,A,4963.71,149.83,243.80,-5.39,243.80,95.7390,"382,527",50.3943,-38.6415,229.5800,242.8880,315.0935,255.6496,251.9193,242.8699,9.0494,5.1157,311.2329,147.9271,472.9900,-217086.5587,263.4133,262.9308,247.1014,1.5292,0.0000,0.0000,0.0000,0.82,0.943,0.028,0.681,-,0.130,0.053,0.420,0.041,0.107,-,-,257.70,-13.90,"4,781",95.7390,59.39%,11.31%,48.02%,40.61%,0.00%,0.06%,-,20.00,1.72,16.02,10 Nov 2025,23 Dec 2025,149.83,136.11,203597600.00,A-EQ,20359760
ORIONPHARM,Orion Pharma Limited,Pharmaceuticals & Chemicals,Z,6622.20,-,28.30,-2.41,28.30,4.4800,"154,576",55.9997,-51.5789,26.5400,27.2980,27.9110,28.2627,27.9399,27.2858,0.6541,0.2531,30.8478,22.2322,54.5400,-552952.2297,28.8844,28.4731,27.4557,1.7130,0.0000,0.0000,0.0000,-,2.072,1.164,1.894,-,0.014,-,0.339,-,-,-,-,29.00,-0.70,360,4.4800,68.02%,21.44%,46.43%,31.98%,0.00%,0.15%,-,-,-1.77,86.09,12 Nov 2025,23 Dec 2025,-,-,2340000000.00,Z-EQ,234000000
PADMALIFE,Padma Islami Life Insurance Limited,Insurance,Z,610.42,-,15.60,0.00,15.70,0.1370,"8,715",41.0478,-86.9565,15.8200,16.7960,17.2480,15.7719,15.8115,16.1085,-0.2970,-0.3499,16.4444,15.1956,11.7400,-30514.7773,15.7689,15.7936,15.7824,1.4111,0.0000,0.0000,0.0000,-,-,-,-,-,-,-,-,-,-,-,-,15.70,0.00,46,0.1370,68.44%,17.68%,50.76%,31.56%,0.00%,0.00%,-,-,0.00,0.00,15 Jul 2026,17 Sep 2026,-,-,388800000.00,Z-EQ,38880000
PADMAOIL,Padma Oil PLC,Fuel & Power,A,19204.50,3.44,195.00,-0.76,195.50,1.4860,"7,580",51.1849,-41.6667,194.2900,196.5260,182.9485,195.5881,195.3419,195.1361,0.2058,-0.2380,197.7668,190.8132,4.9900,3329.6221,195.8311,195.5910,194.9757,0.5381,0.0000,0.0000,0.0000,8.18,1.171,-,0.977,2.203,0.532,1.762,0.962,0.044,0.208,-,-,197.00,-1.50,188,1.4860,47.59%,32.85%,14.72%,2.06%,50.35%,0.02%,-,160.00,57.30,274.86,06 Nov 2025,03 Jan 2026,3.44,3.36,982327500.00,A-EQ,98232750
PARAMOUNT,Paramount Insurance PLC,Insurance,A,2525.29,28.90,62.10,-1.90,62.10,13.0500,"208,807",50.0364,-47.1831,60.9900,61.8640,55.1750,63.4570,63.1074,62.1205,0.9869,0.6836,68.7482,53.2318,275.7300,-456866.4931,64.2889,64.1615,62.6276,1.4662,0.0000,0.0000,0.0000,1.61,-,-,-,-,-,-,-,-,-,-,-,63.30,-1.20,456,13.0500,51.52%,18.31%,33.16%,48.48%,0.00%,0.05%,-,10.00,2.19,28.16,11 Mar 2026,18 May 2026,28.90,14.45,406649660.00,A-EQ,40664966
PBLPBOND,Pubali Bank Perpetual Bond,Corporate Bond,A,490.00,-,0.00,0.00,4900.00,0.0000,0,57.7812,-20.0000,4707.3000,4698.4000,0.0000,4811.4844,4783.4241,4730.5248,52.8993,16.1704,5000.3943,4414.2057,0.4200,2.0137,4940.5333,4903.9231,4804.2381,-0.0694,0.0000,0.0000,0.0000,0.02,-,-,-,-,-,-,-,-,-,-,-,4900.00,0.00,0,0.0000,100.00%,99.39%,0.61%,0.00%,0.00%,0.00%,-,-,0.00,0.00,-,-,-,-,1000000.00,A-CB,100000
PDL,Pacific Denims Limited,Textile,Z,1009.53,45.83,5.50,0.00,5.50,0.4920,"89,535",48.9591,-50.0000,5.4550,5.6220,5.1960,5.5028,5.4983,5.5184,-0.0201,-0.0394,5.6547,5.2553,36.1000,-596184.2913,5.5244,5.5064,5.4762,1.5197,0.0000,0.0000,0.0000,1.82,3.648,-,2.501,-,-,-,-,-,-,-,-,5.50,0.00,75,0.4920,69.88%,9.42%,60.45%,30.12%,0.00%,0.01%,-,1.00,0.12,13.58,29 Oct 2023,31 Dec 2023,45.83,206.25,1835501430.00,Z-EQ,183550143
PENINSULA,The Peninsula Chittagong PLC.,Travel & Leisure,B,2230.94,325.00,18.80,-3.59,18.80,6.1790,"324,181",33.2232,-100.0000,20.5350,22.2500,21.4035,19.9536,20.1314,20.8246,-0.6932,-0.6288,21.9907,19.0793,60.7200,-311146.0131,19.8711,20.0436,20.2676,1.4909,0.0000,0.0000,0.0000,0.27,1.341,0.093,1.256,0.080,0.072,0.020,0.265,0.001,0.002,-,-,19.50,-0.70,375,6.1790,43.14%,6.94%,36.12%,56.86%,0.00%,0.08%,-,0.50,0.06,27.90,28 Oct 2025,30 Dec 2025,325.00,-,1186668000.00,B-EQ,118666800
PEOPLESINS,Peoples Insurance PLC,Insurance,A,2790.48,14.58,60.40,-1.15,60.40,13.7230,"225,505",47.3480,-54.1176,60.3800,61.6640,49.7185,61.4379,61.3328,61.1613,0.1715,0.0214,64.1740,56.5860,226.5100,-459144.4374,61.7889,61.7397,61.0562,1.3423,0.0000,0.0000,0.0000,1.74,-,-,-,-,-,-,-,-,-,-,-,61.10,-0.70,521,13.7230,65.51%,7.72%,57.79%,34.49%,0.00%,0.00%,-,10.50,4.19,37.95,26 Apr 2026,24 Jun 2026,14.58,10.43,462000000.00,A-EQ,46200000
PF1STMF,Phoenix Finance 1st Mutual Fund,Mutual Funds,A,1080.00,10.73,18.00,2.27,18.00,50.3180,"2,813,316",59.0634,-40.0000,17.3700,15.3200,8.8060,17.7019,17.5785,16.7391,0.8395,0.9635,19.2664,15.4736,1192.8400,298580.8072,17.7511,17.8077,17.6829,0.9012,0.0000,0.0000,0.0000,-,-,-,-,-,-,-,-,-,-,-,-,17.60,0.40,"1,042",50.3180,76.67%,23.72%,52.94%,23.33%,0.00%,0.01%,-,-,1.64,8.84,17 Aug 2026,-,10.73,10.73,600000000.00,A-MF,60000000
PHARMAID,Pharma Aids,Pharmaceuticals & Chemicals,A,1702.90,26.89,545.80,-0.73,545.80,1.3600,"2,483",40.0419,-52.7273,549.9300,581.0520,557.9520,551.7748,552.5273,559.9008,-7.3734,-9.1906,568.5537,531.3063,57.2700,-7978.3617,552.4733,552.8256,550.9481,0.9266,0.0000,0.0000,0.0000,0.55,3.328,-,2.894,-,0.200,0.146,0.303,0.110,0.148,-,-,549.80,-4.00,111,1.3600,80.61%,20.24%,60.37%,19.39%,0.00%,0.00%,-,30.00,20.45,138.58,09 Nov 2025,24 Dec 2025,26.89,20.41,31200000.00,A-EQ,3120000
PHENIXINS,Phoenix Insurance PLC,Insurance,A,1904.12,24.06,47.30,-2.88,47.20,10.8140,"226,039",45.2636,-70.0000,47.6850,48.7800,38.3660,48.0683,48.0610,48.2001,-0.1391,-0.2206,49.5412,45.8288,211.0000,-371049.7997,48.2156,48.1282,47.8533,1.3918,0.0000,0.0000,0.0000,2.54,-,-,-,-,-,-,-,-,-,-,-,48.60,-1.40,361,10.8140,61.12%,11.09%,50.03%,38.88%,0.00%,0.00%,-,12.00,2.02,33.85,30 Apr 2026,29 Jul 2026,24.06,16.76,403415720.00,A-EQ,40341572
PHOENIXFIN,Phoenix Finance and Investments Limited,Financial Institutions,Z,530.80,-,3.20,-3.03,3.20,0.1640,"50,973",33.9670,-85.7143,3.4950,3.7720,3.6275,3.3515,3.3897,3.5235,-0.1338,-0.1128,3.8094,3.1806,19.0100,-66814.2247,3.3089,3.3436,3.4219,1.7691,0.0000,0.0000,0.0000,-,-,-,-,-,1.147,1.819,-,-,-,-,-,3.30,-0.10,69,0.1640,73.99%,18.22%,55.77%,26.01%,0.00%,0.00%,-,-,-20.45,-102.46,30 Jun 2026,27 Aug 2026,-,-,1658741950.00,Z-EQ,165874195
PHPMF1,PHP First Mutual Fund,Mutual Funds,A,986.63,-,3.60,-2.78,3.50,2.4430,"697,285",43.2862,-80.0000,3.5900,3.7140,3.1230,3.6036,3.6072,3.6159,-0.0087,-0.0051,3.8042,3.3758,69.5300,-451150.5273,3.6089,3.6269,3.6129,1.2762,0.0000,0.0000,0.0000,-,-,-,-,-,-,-,-,-,-,-,-,3.60,-0.10,130,2.4430,88.28%,41.51%,46.77%,11.72%,0.00%,0.00%,-,-,-1.87,8.15,25 Sep 2024,-,-,-,2818932640.00,A-MF,281893264
PIONEERINS,Pioneer Insurance PLC,Insurance,A,6859.79,14.84,66.80,-1.47,66.80,9.0350,"134,444",48.1139,-60.8696,66.3050,67.6140,59.6620,67.8866,67.6840,67.3039,0.3802,0.1142,71.1450,61.4650,87.1900,-324959.6087,68.3578,68.2462,67.3176,1.3473,0.0000,0.0000,0.0000,3.74,-,-,-,-,-,-,-,-,-,-,-,67.80,-1.00,388,9.0350,60.06%,28.18%,31.88%,39.94%,0.00%,0.00%,5.00,25.00,4.57,46.97,03 Mar 2026,04 May 2026,14.84,11.26,1026914910.00,A-EQ,102691491
PLFSL,Peoples Leasing and Financial Services Limited,Financial Institutions,Z,485.25,-,1.70,-5.56,1.70,0.8420,"479,725",43.2766,-75.0000,1.8050,1.9200,1.6494,1.7348,1.7504,1.8014,-0.0510,-0.0407,1.9939,1.6161,92.9400,-518533.4227,1.7111,1.7244,1.7624,1.1830,0.0000,0.0000,0.0000,-,-,-,-,-,1.027,1.010,-,-,-,-,-,1.80,-0.10,95,0.8420,81.85%,12.91%,68.69%,18.15%,0.00%,0.25%,-,-,-12.81,-155.15,02 Jul 2026,17 Aug 2026,-,-,2854405970.00,Z-EQ,285440597
POPULAR1MF,Popular Life First Mutual Fund,Mutual Funds,A,1046.81,-,3.50,-2.78,3.50,1.3820,"394,788",42.9380,-80.0000,3.5900,3.7160,3.0880,3.5970,3.6017,3.6134,-0.0117,-0.0069,3.7836,3.3964,64.6400,-294526.0990,3.5978,3.6167,3.6090,1.2713,0.0000,0.0000,0.0000,-,-,-,-,-,-,-,-,-,-,-,-,3.60,-0.10,47,1.3820,90.00%,19.88%,70.12%,10.00%,0.00%,0.00%,-,-,-1.78,8.23,25 Sep 2024,-,-,-,2990890270.00,A-MF,299089027
POPULARLIF,Popular Life Insurance Co. Limited,Insurance,A,3311.47,37.69,54.50,-1.08,54.80,3.6440,"65,927",39.6968,-63.2653,56.0650,58.5560,53.0960,55.7115,55.8855,56.8884,-1.0029,-1.0928,59.0655,53.0645,47.1500,-80489.2124,55.7022,55.7385,55.7262,1.4357,0.0000,0.0000,0.0000,3.65,-,-,-,-,-,-,-,-,-,-,-,55.40,-0.60,256,3.6440,76.30%,27.58%,48.72%,23.70%,0.00%,0.00%,-,20.00,1.47,78.10,28 Jun 2026,22 Sep 2026,37.69,-,604283580.00,A-EQ,60428358
POWERGRID,Power Grid Company of Bangladesh Limited,Fuel & Power,Z,33902.24,-,37.10,-1.33,37.10,1.0620,"28,602",39.2457,-48.6486,37.8150,38.6400,33.7035,37.6556,37.7114,37.9632,-0.2517,-0.2476,38.4349,37.1951,1.5600,-83726.2249,37.6422,37.6872,37.7414,1.1494,0.0000,0.0000,0.0000,-,1.237,-,1.110,-,0.370,-,0.400,-,-,-,-,37.60,-0.50,158,1.0620,19.50%,14.66%,4.83%,58.50%,22.00%,0.01%,-,-,-2.30,139.29,10 Nov 2025,24 Jan 2026,-,4.52,9138069910.00,Z-EQ,913806991
PRAGATIINS,Pragati Insurance PLC,Insurance,A,5953.03,14.05,73.30,-1.74,73.30,5.1060,"69,474",44.1877,-60.6061,73.4800,76.3760,74.4925,74.3690,74.3432,74.7381,-0.3948,-0.6373,76.8807,70.0793,37.8500,-245983.0427,74.5711,74.6385,74.1076,1.4122,0.0000,0.0000,0.0000,3.68,-,-,-,-,-,-,-,-,-,-,-,74.60,-1.30,178,5.1060,64.93%,21.29%,43.64%,35.07%,0.00%,0.00%,3.00,27.00,5.31,57.36,13 Apr 2026,18 Jun 2026,14.05,11.99,812145590.00,A-EQ,81214559
PRAGATILIF,Pragati Life Insurance PLC.,Insurance,A,4997.65,-,139.60,-0.14,139.60,10.7600,"76,707",40.5835,-66.6667,143.1100,152.6920,180.7920,142.0403,142.5080,145.7421,-3.2341,-3.7288,151.6376,134.5824,83.5900,-180653.5339,142.0756,142.5308,142.4681,1.2515,0.0000,0.0000,0.0000,1.07,-,-,-,-,-,-,-,-,-,-,-,139.80,-0.20,554,10.7600,61.38%,15.68%,45.70%,38.62%,0.00%,0.00%,10.00,15.00,0.00,0.00,22 Jun 2026,13 Aug 2026,-,-,357998160.00,A-EQ,35799816
PREBPBOND,Premier Bank Perpetual Bond,Corporate Bond,A,178.60,-,0.00,0.00,4465.00,0.0000,0,13.3094,-100.0000,4688.2500,0.0000,0.0000,4721.7782,4769.3925,4896.7117,-127.3192,-82.6694,5091.7645,4284.7355,0.0300,0.0000,4653.0000,4663.8462,4677.6190,-0.0339,0.0000,0.0000,0.0000,0.02,-,-,-,-,-,-,-,-,-,-,-,4465.00,0.00,0,0.0000,0.00%,0.00%,0.00%,0.00%,0.00%,0.00%,-,10.00,0.00,0.00,15 Dec 2025,-,-,-,400000.00,A-CB,40000
PREMIERBAN,The Premier Bank PLC.,Bank,Z,6907.21,-,5.60,-3.45,5.60,0.4390,"77,740",44.9147,-80.0000,5.6900,5.7300,4.8590,5.6788,5.6820,5.6876,-0.0057,-0.0013,5.8942,5.4858,7.4100,144106.6993,5.6800,5.6769,5.6700,1.1201,0.0000,0.0000,0.0000,-,-,-,-,-,-,-,-,-,-,-,-,5.80,-0.20,34,0.4390,74.77%,22.07%,52.70%,25.23%,0.00%,0.00%,-,-,-8.05,13.59,03 May 2026,08 Jul 2026,-,-,12334311330.00,Z-EQ,1233431133
PREMIERCEM,Premier Cement Mills PLC,Cement,A,4460.53,32.25,42.60,1.68,42.30,14.1260,"334,812",45.8113,-57.1429,42.2800,46.0700,42.5285,42.1030,42.2496,43.4303,-1.1807,-1.4145,44.9464,39.6136,87.2300,-320157.2855,41.9822,42.0590,42.0629,0.9935,0.0000,0.0000,0.0000,2.36,0.569,-,0.410,0.032,0.135,0.006,0.179,0.004,0.020,-,-,41.60,0.70,703,14.1260,64.01%,23.46%,40.53%,35.99%,0.00%,0.02%,-,10.00,1.29,64.50,26 Oct 2025,28 Dec 2025,32.25,15.68,1054500000.00,A-EQ,105450000
PREMIERLEA,Premier Leasing & Finance Limited,Financial Institutions,Z,252.64,-,1.90,-5.00,1.90,2.1760,"1,146,131",41.4189,-75.0000,2.0100,2.2980,1.9725,1.9581,1.9748,2.0653,-0.0905,-0.0964,2.1804,1.8396,78.2800,-151959.3254,1.9422,1.9551,1.9781,1.5316,0.0000,0.0000,0.0000,-,-,-,-,-,1.100,2.532,-,-,-,-,-,2.00,-0.10,130,2.1760,79.28%,9.64%,69.64%,20.72%,0.00%,0.00%,-,-,-21.98,-96.38,02 Aug 2026,17 Sep 2026,-,-,1329702100.00,Z-EQ,132970210
PRIME1ICBA,Prime Bank 1st ICB AMCL Mutual Fund,Mutual Funds,A,740.00,6.41,7.40,-1.33,7.40,9.6430,"1,281,247",62.2041,-37.0370,6.6500,6.4620,5.0595,7.3310,7.1867,6.7624,0.4243,0.3070,8.2375,5.0625,381.4300,63555.8080,7.5556,7.4141,7.0267,0.9275,0.0000,0.0000,0.0000,-,-,-,-,-,-,-,-,-,-,-,-,7.50,-0.10,259,9.6430,80.00%,49.91%,30.09%,20.00%,0.00%,0.00%,-,-,1.17,8.79,17 Aug 2026,-,6.41,6.41,1000000000.00,A-MF,100000000
PRIMEBANK,Prime Bank PLC.,Bank,A,34243.22,3.61,28.10,-0.71,28.10,15.9050,"565,485",39.2829,-77.7778,28.2950,29.2260,30.3255,28.1985,28.2378,28.5291,-0.2913,-0.3420,28.7326,27.8574,10.6000,-539232.2689,28.1622,28.1769,28.2200,0.7987,0.0000,0.0000,0.0000,8.90,-,-,-,-,0.555,0.343,-,0.014,0.196,0.016,-,28.30,-0.20,255,15.9050,64.46%,36.30%,22.80%,35.54%,0.00%,5.36%,5.00,25.00,7.84,40.00,06 Apr 2026,21 May 2026,3.61,3.97,12186200910.00,A-EQ,1218620091
PRIMEFIN,Prime Finance & Investment Limited,Financial Institutions,Z,709.58,-,2.70,-7.14,2.60,1.3020,"492,524",36.2610,-100.0000,2.8250,3.1480,2.9585,2.7511,2.7767,2.8876,-0.1109,-0.1068,3.0486,2.6014,29.0800,-462234.3096,2.7267,2.7526,2.7900,1.5648,0.0000,0.0000,0.0000,-,-,-,-,-,4.255,14.439,-,-,-,-,-,2.80,-0.20,111,1.3020,40.86%,4.85%,36.00%,59.14%,0.00%,0.01%,-,-,-5.53,1.46,21 Jan 2026,03 Mar 2026,-,-,2729164830.00,Z-EQ,272916483
PRIMEINSUR,Prime Islami Insurance PLC,Insurance,A,1978.47,25.35,48.40,-3.59,48.40,8.8410,"180,508",39.3613,-91.6667,51.3050,53.6460,40.1810,50.9726,51.1864,51.8333,-0.6469,-0.4818,53.9284,48.6816,213.9400,-497763.5561,50.9933,51.2449,51.2962,1.1964,0.0000,0.0000,0.0000,2.07,-,-,-,-,-,-,-,-,-,-,-,50.20,-1.80,413,8.8410,68.25%,12.74%,55.51%,31.75%,0.00%,0.00%,-,10.00,1.98,22.76,03 May 2026,15 Jun 2026,25.35,19.31,408774980.00,A-EQ,40877498
PRIMELIFE,Prime Islami Life Insurance Limited,Insurance,B,1147.56,-,37.30,-1.83,37.60,1.3790,"36,580",49.4865,-35.4839,36.9100,38.6440,37.8335,37.8078,37.6467,37.6636,-0.0168,-0.3784,39.2242,34.5958,33.1200,-2945.5744,38.1333,37.8487,37.3110,1.5118,0.0000,0.0000,0.0000,0.07,-,-,-,-,-,-,-,-,-,-,-,38.30,-0.70,134,1.3790,63.92%,32.48%,31.27%,36.08%,0.00%,0.17%,-,0.25,0.00,0.00,16 Jun 2026,17 Sep 2026,-,-,305202300.00,B-EQ,30520230
PRIMETEX,Prime Textile Spinning Mills Limited,Textile,Z,527.16,-,13.80,-4.83,13.80,0.6380,"45,810",34.7744,-85.0000,14.3650,15.7220,16.3365,14.3793,14.4355,14.8081,-0.3725,-0.4243,15.0180,13.7120,19.1800,-55048.3204,14.3844,14.4295,14.3943,1.2451,0.0000,0.0000,0.0000,-,1.379,-,0.969,-,-,-,-,-,-,-,-,14.50,-0.70,95,0.6380,50.00%,5.60%,44.15%,50.00%,0.00%,0.25%,-,-,-8.05,64.83,11 Sep 2024,24 Oct 2024,-,-,382000000.00,Z-EQ,38200000
PROGRESLIF,Progressive Life Insurance Co. Limited,Insurance,Z,605.81,-,36.40,-0.82,36.40,0.5320,"14,670",46.5924,-47.0588,36.2300,38.1620,41.7545,36.1836,36.2275,36.8269,-0.5994,-0.7850,37.7226,34.7374,24.5100,-11260.2852,36.1422,36.0885,36.0910,0.9879,0.0000,0.0000,0.0000,-,-,-,-,-,-,-,-,-,-,-,-,36.70,-0.30,196,0.5320,61.18%,9.70%,51.48%,38.82%,0.00%,0.00%,-,-,0.00,0.00,28 Apr 2025,29 Jun 2025,-,-,166431660.00,Z-EQ,16643166
PROGRESLIF,Progressive Life Insurance Co. Limited,Insurance,Z,605.81,-,36.40,-0.82,36.40,0.5320,"14,670",46.5924,-47.0588,36.2300,38.1620,41.7545,36.1836,36.2275,36.8269,-0.5994,-0.7850,37.7226,34.7374,24.5100,-11260.2852,36.1422,36.0885,36.0910,0.9879,0.0000,0.0000,0.0000,0.69,-,-,-,-,-,-,-,-,-,-,-,36.70,-0.30,196,0.5320,61.18%,9.70%,51.48%,38.82%,0.00%,0.00%,-,-,0.00,0.00,28 Apr 2025,29 Jun 2025,-,-,166431660.00,Z-EQ,16643166
PROVATIINS,Provati Insurance PLC,Insurance,A,2068.02,30.29,51.30,-2.10,51.30,3.7770,"73,313",40.6914,-71.2121,53.3500,56.0480,42.5950,53.1554,53.3240,54.1625,-0.8385,-0.8626,57.1043,49.5957,154.5800,-212272.9119,53.3044,53.4526,53.2371,1.3266,0.0000,0.0000,0.0000,2.34,-,-,-,-,-,-,-,-,-,-,-,52.40,-1.10,261,3.7770,69.65%,14.16%,55.49%,30.35%,0.00%,0.00%,-,12.00,1.73,22.45,29 Apr 2026,10 Aug 2026,30.29,23.39,403122370.00,A-EQ,40312237
PTL,Paramount Textile PLC.,Textile,A,14293.53,12.64,79.80,-2.56,79.80,148.7040,"1,856,773",56.4322,-60.0000,79.1600,71.9160,60.3010,80.3510,79.8644,77.3512,2.5132,2.6273,83.8069,74.5131,301.4800,1586247.7634,80.7244,80.1821,79.7476,0.9727,0.0000,0.0000,0.0000,1.50,1.302,-,0.568,-,-,-,-,-,-,-,-,81.90,-2.10,"2,542",148.7040,39.05%,14.95%,19.67%,60.95%,0.00%,4.43%,-,12.00,6.48,43.89,29 Oct 2025,20 Dec 2025,12.64,11.95,1791168860.00,A-EQ,179116886
PUBALIBANK,Pubali Bank PLC.,Bank,A,59033.09,4.56,37.80,-1.05,37.80,22.6120,"597,740",42.1818,-75.8621,38.5150,38.6180,36.8060,38.4880,38.5414,38.5514,-0.0100,0.1026,40.1412,36.8888,7.6800,-489136.3532,38.3489,38.5654,38.5871,0.7948,0.0000,0.0000,0.0000,2.65,-,-,-,-,0.557,0.209,-,0.009,0.154,0.011,-,38.20,-0.40,475,22.6120,68.13%,23.89%,44.19%,31.87%,0.00%,0.05%,20.00,10.00,8.38,54.32,30 Apr 2026,16 Jun 2026,4.56,4.35,15617218420.00,A-EQ,1561721842
PURABIGEN,Purabi General Insurance Co. Ltd.,Insurance,A,1668.77,23.39,27.90,-1.41,27.90,3.7220,"132,761",40.6119,-55.1724,28.2600,29.9600,26.0740,28.4410,28.4728,28.8796,-0.4068,-0.5285,29.7768,26.7432,86.6100,-289220.7143,28.5178,28.5333,28.3457,1.4019,0.0000,0.0000,0.0000,3.58,-,-,-,-,-,-,-,-,-,-,-,28.30,-0.40,173,3.7220,68.42%,23.78%,44.62%,31.58%,0.00%,0.02%,-,10.00,1.21,14.29,13 May 2026,30 Aug 2026,23.39,16.85,598125060.00,A-EQ,59812506
QUASEMIND,Quasem Industries Ltd.,Engineering,A,3111.97,37.69,38.90,-0.77,38.90,4.4250,"113,535",39.6790,-67.5676,39.6050,42.1280,41.5680,39.3319,39.4713,40.2583,-0.7870,-0.8511,41.4716,37.7384,48.3500,-198535.3393,39.2222,39.3859,39.4843,1.5214,0.0000,0.0000,0.0000,-,1.042,0.047,0.384,-,0.122,0.052,0.245,0.019,0.036,-,-,39.20,-0.30,175,4.4250,70.00%,18.04%,51.96%,30.00%,0.00%,0.00%,10.00,-,1.04,29.06,27 Oct 2025,24 Dec 2025,37.69,35.42,799991950.00,A-EQ,79999195
QUEENSOUTH,Queen South Textile Mills Ltd.,Textile,B,2090.64,70.50,13.70,-2.84,13.70,8.8900,"640,807",39.0836,-87.5000,14.2550,16.0140,13.3745,14.0934,14.1773,14.6531,-0.4757,-0.5152,15.2229,13.2871,187.8100,-1233377.9874,14.0422,14.1346,14.1705,1.4537,0.0000,0.0000,0.0000,0.36,1.681,-,0.859,-,-,-,-,-,-,-,-,14.10,-0.40,377,8.8900,48.43%,6.51%,40.86%,51.57%,0.00%,1.06%,-,0.50,0.20,15.82,28 Oct 2025,22 Dec 2025,70.50,44.06,1526014390.00,B-EQ,152601439
RAHIMAFOOD,Rahima Food Corporation Limited,Food & Allied,Z,1420.01,126.61,71.00,0.14,71.00,1.3960,"19,524",,,,,,,,,,,,,,,,,,,,,,0.28,0.862,-,0.786,0.155,0.149,0.120,0.253,0.036,0.059,-,-,70.90,0.10,154,1.3960,64.05%,6.42%,57.63%,35.95%,0.00%,0.00%,-,2.00,0.56,9.43,28 Oct 2025,23 Dec 2025,126.61,-,200002000.00,Z-EQ,20000200
RAHIMTEXT,Rahim Textile Mills PLC.,Textile,A,1706.53,139.92,180.40,-0.06,180.40,4.2850,"23,615",41.7596,-53.9216,181.3300,196.5480,206.5750,181.4128,181.9315,186.1768,-4.2453,-5.1040,191.0184,171.6416,36.3200,-18483.8566,181.1733,181.5449,181.3710,1.1358,0.0000,0.0000,0.0000,0.55,0.883,-,0.493,-,-,-,-,-,-,-,-,180.50,-0.10,211,4.2850,29.06%,7.17%,21.89%,70.94%,0.00%,0.00%,-,10.00,1.29,25.83,27 Oct 2025,15 Dec 2025,139.92,65.72,94596830.00,A-EQ,9459683
RAKCERAMIC,RAK Ceramics (Bangladesh) Limited,Ceramics Sector,A,11041.59,-,25.80,-1.53,25.80,2.7470,"106,067",31.2546,-95.4545,27.1350,29.1640,25.7775,26.5824,26.7828,27.6204,-0.8376,-0.7916,28.7808,25.4892,13.1500,-275839.8739,26.4533,26.6154,26.8257,1.4479,0.0000,0.0000,0.0000,3.88,-,-,-,-,-,-,0.132,-,-,-,-,26.20,-0.40,236,2.7470,27.92%,17.25%,10.63%,72.08%,0.00%,0.04%,-,10.00,-0.93,15.30,05 Feb 2026,31 Mar 2026,-,262.00,4279687010.00,A-EQ,427968701
RANFOUNDRY,Rangpur Foundry Limited,Engineering,A,1485.00,38.45,148.50,0.07,148.50,0.5990,"4,020",42.0444,-46.8750,149.4950,155.5580,153.2675,149.1905,149.4820,151.2195,-1.7375,-1.9150,153.4203,145.5697,19.5800,-9165.7526,148.8956,149.3179,149.6148,0.9244,0.0000,0.0000,0.0000,1.55,3.600,-,0.899,-,0.063,0.026,0.204,0.083,0.110,-,-,148.40,0.10,77,0.5990,50.11%,30.14%,19.97%,49.89%,0.00%,0.00%,-,23.00,3.86,35.09,27 Oct 2025,24 Dec 2025,38.45,35.45,100000000.00,A-EQ,10000000
RDFOOD,Rangpur Dairy & Food Products Limited,Food & Allied,B,1701.82,37.38,22.40,-1.75,22.40,5.7760,"256,847",41.1928,-78.5714,23.1800,24.9260,23.4090,22.9374,23.0394,23.6104,-0.5710,-0.6156,24.7026,21.6574,130.2700,-199440.7041,22.8644,23.0038,23.0657,1.6010,0.0000,0.0000,0.0000,0.45,1.546,-,1.007,0.047,0.049,0.037,0.194,0.023,0.036,-,-,22.80,-0.40,304,5.7760,66.58%,8.64%,57.94%,33.42%,0.00%,0.00%,-,1.00,0.61,16.92,02 Nov 2025,22 Dec 2025,37.38,32.88,759739560.00,B-EQ,75973956
RECKITTBEN,Reckitt Benckiser (Bangladesh) PLC,Pharmaceuticals & Chemicals,A,15365.70,18.86,3252.00,-0.29,3252.00,0.4230,130,40.2290,-95.7447,3266.5900,3287.9400,3385.4190,3261.3487,3263.1180,3272.0299,-8.9119,-9.2201,3289.2791,3243.9009,1.8100,-938.3253,3260.2022,3261.4885,3263.2243,0.2260,0.0000,0.0000,0.0000,5.32,1.108,-,0.691,-,0.204,0.144,0.484,0.271,0.922,-,-,3261.50,-9.50,47,0.4230,13.26%,6.80%,6.46%,82.96%,3.78%,0.00%,-,1730.00,172.93,187.58,03 May 2026,29 Jun 2026,18.86,25.35,47250000.00,A-EQ,4725000
REGENTTEX,Regent Textile Mills Limited,Textile,Z,720.23,-,5.70,-5.08,5.60,0.3230,"56,912",35.3861,-100.0000,6.0000,6.4260,5.0415,5.8910,5.9261,6.0700,-0.1438,-0.1344,6.3179,5.6821,21.5400,-6130.6371,5.8778,5.9000,5.9419,1.4788,0.0000,0.0000,0.0000,-,2.915,-,2.028,-,-,-,-,-,-,-,-,5.90,-0.30,59,0.3230,45.45%,4.61%,40.84%,54.55%,0.00%,0.00%,-,-,-1.62,26.52,22 Nov 2021,30 Dec 2021,-,-,1286121370.00,Z-EQ,128612137
RELIANCE1,Reliance One the 1st scheme of Reliance Insurance Mutual Fund,Mutual Funds,A,750.20,11.13,12.40,-3.13,12.40,17.8690,"1,422,310",46.5039,-72.7273,12.5950,12.5200,12.5870,12.8599,12.8418,12.7116,0.1302,0.1515,13.7888,11.4012,937.6300,-2923091.9526,12.9667,12.9769,12.8062,0.6987,0.0000,0.0000,0.0000,-,-,-,-,-,-,-,-,-,-,-,-,12.80,-0.40,676,17.8690,80.00%,33.80%,46.20%,20.00%,0.00%,0.00%,-,10.00,1.15,11.62,17 Aug 2026,-,11.13,11.13,605000000.00,A-MF,60500000
RELIANCINS,Reliance Insurance PLC,Insurance,A,10957.79,12.48,104.20,-0.86,104.20,62.4800,"593,352",44.8416,-80.9524,106.1400,109.5680,89.3065,106.7267,106.8895,107.5181,-0.6286,-0.5668,114.0997,98.1803,244.9800,-1630849.0917,106.8311,107.2064,107.0467,1.2141,0.0000,0.0000,0.0000,2.88,-,-,-,-,-,-,-,-,-,-,-,105.10,-0.90,"2,391",62.4800,32.05%,9.91%,22.14%,67.95%,0.00%,0.00%,-,30.00,8.42,78.95,01 Mar 2026,30 Apr 2026,12.48,8.06,1051610870.00,A-EQ,105161087
RENATA,Renata PLC.,Pharmaceuticals & Chemicals,A,50994.06,23.18,444.50,-0.91,444.60,5.5420,"12,486",35.5369,-82.6667,452.1000,462.0840,434.4145,449.0553,449.8950,453.7511,-3.8561,-3.8269,462.5776,441.6224,5.1400,-13069.7849,448.5111,448.7564,449.9652,0.6999,0.0000,0.0000,0.0000,1.24,1.570,0.268,0.540,-,0.098,0.052,0.410,0.038,0.063,-,-,448.70,-4.10,398,5.5420,48.71%,23.21%,7.92%,51.29%,0.00%,17.58%,-,55.00,19.36,305.49,28 Oct 2025,20 Dec 2025,23.18,16.50,1146964900.00,A-EQ,114696490
RENATAPS,Renata PLC,Pharmaceuticals & Chemicals,P,3250.00,-,0.00,0.00,1900.00,0.0000,0,,,,,,,,,,,,,,,,,,,,,,-,-,-,-,-,-,-,-,-,-,-,-,1900.00,0.00,0,0.0000,0.00%,0.00%,0.00%,0.00%,0.00%,0.00%,-,-,0.00,0.00,-,-,-,-,17105260.00,-,1710526
RENWICKJA,Renwick Jajneswar & Company (Bd),Engineering,Z,1422.80,-,711.40,-2.89,711.40,0.3380,475,38.8888,-97.4545,732.7350,792.2580,603.6680,726.8925,729.5596,745.0485,-15.4888,-16.9205,756.0958,709.3742,14.9400,-2155.8818,726.1711,727.4038,729.2019,0.5634,0.0000,0.0000,0.0000,-,0.664,-,0.411,-,-,-,0.196,-,0.073,-,-,732.60,-21.20,65,0.3380,49.00%,14.05%,34.95%,0.00%,51.00%,0.00%,-,-,-7.76,-105.59,27 Oct 2025,15 Dec 2025,-,-,20000000.00,Z-EQ,2000000
REPUBLIC,Republic Insurance PLC,Insurance,A,2045.94,20.32,37.40,-2.09,37.40,5.8710,"155,281",42.1886,-71.4286,38.5500,39.1140,34.3230,38.5036,38.5860,38.8342,-0.2482,-0.1840,40.2760,36.8240,138.1100,-343987.9384,38.5667,38.6449,38.5414,1.3874,0.0000,0.0000,0.0000,2.74,-,-,-,-,-,-,-,-,-,-,-,38.20,-0.80,250,5.8710,58.29%,18.24%,40.05%,41.71%,0.00%,0.00%,-,10.25,1.88,19.70,30 Apr 2026,29 Jun 2026,20.32,17.52,547041560.00,A-EQ,54704156
RINGSHINE,Ring Shine Textiles Ltd.,Textile,Z,1851.16,-,3.80,0.00,3.70,0.7480,"201,129",39.5952,-100.0000,3.8000,4.1980,3.5820,3.7559,3.7773,3.8861,-0.1088,-0.1130,3.9835,3.6165,25.3300,-575991.7398,3.7356,3.7577,3.7824,1.5697,0.0000,0.0000,0.0000,-,0.576,-,0.300,-,-,-,-,-,-,-,-,3.70,0.00,74,0.7480,63.54%,4.56%,58.97%,36.46%,0.00%,0.01%,-,-,-3.06,-8.03,28 Oct 2024,18 Dec 2024,-,-,5003130430.00,Z-EQ,500313043
ROBI,Robi Axiata PLC.,Telecommunication,A,157137.99,16.82,30.00,-0.33,30.00,14.5190,"483,633",44.2416,-84.2105,29.9550,30.8260,30.2910,30.0172,30.0277,30.2218,-0.1940,-0.2622,30.3729,29.5371,4.1800,-418975.2269,30.0178,30.0282,30.0000,1.1885,0.0000,0.0000,0.0000,5.83,0.247,0.000,0.242,0.113,0.188,0.094,0.387,0.045,0.134,-,-,30.10,-0.10,463,14.5190,10.00%,3.01%,6.99%,90.00%,0.00%,0.00%,-,17.50,1.79,13.34,22 Feb 2026,22 Apr 2026,16.82,15.84,52379328950.00,A-EQ,5237932895
RSRMSTEEL,Ratanpur Steel Re-Rolling Mills Limited,Engineering,Z,617.25,-,6.40,-6.15,6.10,0.4550,"73,556",19.5322,-100.0000,6.8050,7.3380,7.4755,6.5516,6.6271,6.8978,-0.2707,-0.2324,7.3260,6.2840,10.4700,-59761.1235,6.5022,6.5628,6.6833,1.5780,0.0000,0.0000,0.0000,-,3.334,0.217,2.357,-,-,-,-,-,-,-,-,6.50,-0.40,118,0.4550,70.07%,34.04%,36.03%,29.93%,0.00%,0.00%,-,-,-3.75,44.94,21 Nov 2021,30 Dec 2021,-,-,1011890880.00,Z-EQ,101189088
RUNNERAUTO,Runner Automobiles PLC,Engineering,A,4927.63,48.44,43.40,-0.46,43.40,15.4110,"354,511",36.3095,-91.6667,45.2950,46.5380,40.3430,44.7822,45.0595,45.7341,-0.6746,-0.3832,47.5747,43.0153,132.5200,-601243.7224,44.6067,44.9910,45.2529,1.3480,0.0000,0.0000,0.0000,2.30,1.498,0.437,1.217,-,0.181,0.012,0.310,0.005,0.014,-,-,43.60,-0.20,577,15.4110,65.81%,36.69%,29.12%,34.19%,0.00%,0.00%,-,10.00,0.90,66.70,28 Oct 2025,23 Dec 2025,48.44,65.40,1135399320.00,A-EQ,113539932
RUPALIBANK,Rupali Bank PLC.,Bank,Z,15719.08,118.57,16.70,0.60,16.70,0.5650,"33,909",42.2109,-77.7778,16.9650,17.2560,17.6860,16.8251,16.8663,17.0140,-0.1477,-0.1267,17.3220,16.6080,1.1200,-61663.6706,16.7933,16.8244,16.8957,1.3518,0.0000,0.0000,0.0000,-,-,-,-,-,0.094,0.005,-,0.000,0.004,0.000,-,16.60,0.10,46,0.5650,5.09%,1.66%,3.43%,0.00%,94.91%,0.00%,-,-,0.14,35.02,03 May 2026,19 Jul 2026,118.57,-,9412623180.00,Z-EQ,941262318
RUPALIINS,Rupali Insurance Company Limited,Insurance,A,2197.61,27.25,27.30,-1.80,27.30,2.2820,"83,097",40.7440,-71.4286,27.9000,29.1160,25.6185,28.0454,28.0835,28.3343,-0.2508,-0.2851,29.3868,26.4132,78.4200,-247931.5332,28.1378,28.2000,28.0190,1.4685,0.0000,0.0000,0.0000,1.83,-,-,-,-,-,-,-,-,-,-,-,27.80,-0.50,181,2.2820,53.65%,17.89%,35.76%,46.35%,0.00%,0.00%,5.00,5.00,1.02,20.41,27 Apr 2026,29 Jul 2026,27.25,19.58,804986810.00,A-EQ,80498681
RUPALILIFE,Rupali Life Insurance PLC,Insurance,A,2317.10,-,77.20,-1.91,77.20,6.4840,"83,576",43.6910,-48.3516,77.7050,82.5940,85.1645,78.3077,78.2816,79.2801,-0.9985,-1.5258,82.0740,73.3360,104.8400,-116557.1376,78.6556,78.4846,77.8676,1.4758,0.0000,0.0000,0.0000,1.55,-,-,-,-,-,-,-,-,-,-,-,78.70,-1.50,447,6.4840,68.97%,21.03%,47.94%,31.03%,0.00%,0.00%,-,12.00,0.00,0.00,21 Jul 2026,24 Sep 2026,-,-,300142360.00,A-EQ,30014236
SAFKOSPINN,Safko Spinnings Mills Limited,Textile,Z,665.59,-,22.20,4.72,22.20,14.5080,"659,650",66.3769,-10.0000,20.6400,20.6780,17.9765,20.9106,20.8268,20.7291,0.0977,-0.0405,21.7343,19.5457,77.4700,114475.3560,20.8711,20.7808,20.6776,1.3026,0.0000,0.0000,0.0000,-,0.114,-,0.021,-,-,-,-,-,-,-,-,21.20,1.00,685,14.5080,70.00%,4.76%,65.24%,30.00%,0.00%,0.00%,-,-,-7.52,-4.50,29 Oct 2025,24 Dec 2025,-,-,299817160.00,Z-EQ,29981716
SAIFPOWER,Saif Powertec Limited,Services & Real Estate,Z,2617.44,10.86,6.90,-9.21,6.90,9.9780,"1,439,280",25.0083,-100.0000,7.9950,9.0660,7.2590,7.6245,7.7407,8.2171,-0.4764,-0.4453,9.0362,6.9538,24.3700,-735359.3940,7.5667,7.6385,7.7729,1.7814,0.0000,0.0000,0.0000,-,1.467,-,1.122,0.068,0.283,0.053,0.432,0.008,0.036,-,-,7.60,-0.70,682,9.9780,59.94%,18.44%,41.50%,40.06%,0.00%,0.00%,-,1.00,0.70,17.01,27 Oct 2024,30 Dec 2024,10.86,10.86,3793386470.00,Z-EQ,379338647
SAIFPOWER,Saif Powertec Limited,Services & Real Estate,Z,2617.44,10.86,6.90,-9.21,6.90,9.9780,"1,439,280",25.0083,-100.0000,7.9950,9.0660,7.2590,7.6245,7.7407,8.2171,-0.4764,-0.4453,9.0362,6.9538,24.3700,-735359.3940,7.5667,7.6385,7.7729,1.7814,0.0000,0.0000,0.0000,1.45,1.467,-,1.122,0.068,0.283,0.053,0.432,0.008,0.036,-,-,7.60,-0.70,682,9.9780,59.94%,18.44%,41.50%,40.06%,0.00%,0.00%,-,1.00,0.70,17.01,27 Oct 2024,30 Dec 2024,10.86,10.86,3793386470.00,Z-EQ,379338647
SAIHAMCOT,Saiham Cotton Mills Limited,Textile,B,3451.58,24.14,23.20,-2.93,23.20,102.9700,"4,363,779",52.2840,-46.1538,22.9350,22.6320,20.4210,23.1787,23.1009,22.8748,0.2261,0.1615,24.2054,21.6646,1007.0500,-2291885.4625,23.2289,23.1064,22.9648,1.2811,0.0000,0.0000,0.0000,3.02,1.120,-,0.255,-,-,-,-,-,-,-,-,23.90,-0.70,"2,116",102.9700,57.60%,17.55%,40.05%,42.40%,0.00%,0.00%,-,7.00,0.99,38.26,29 Oct 2025,29 Dec 2025,24.14,22.69,1487750000.00,B-EQ,148775000
SAIHAMTEX,Saiham Textile Mills Limited,Textile,B,3993.81,72.03,44.10,3.76,44.10,187.7880,"4,296,654",72.7653,-2.6316,35.9550,31.5920,22.0485,39.6776,38.7795,35.9000,2.8795,2.2622,43.5720,28.3380,1241.8800,8643566.6902,40.3044,39.4346,37.8200,1.2494,0.0000,0.0000,0.0000,1.36,1.691,-,0.608,-,-,-,-,-,-,-,-,42.50,1.60,"2,961",187.7880,65.80%,23.73%,42.07%,34.20%,0.00%,0.00%,-,6.00,0.59,43.77,29 Oct 2025,29 Dec 2025,72.03,62.50,905625000.00,B-EQ,90562500
SALAMCRST,S. Alam Cold Rolled Steels Limited,Engineering,Z,1160.78,24.49,11.80,-1.67,11.80,0.7070,"59,019",44.0034,-69.2308,11.8750,12.4880,14.1360,12.0844,12.0779,12.1679,-0.0900,-0.1466,12.8240,10.9260,32.5800,-169515.9531,12.1689,12.1718,12.0214,1.3216,0.0000,0.0000,0.0000,4.24,0.881,-,0.422,-,0.151,0.007,0.160,0.002,0.022,-,-,12.00,-0.20,114,0.7070,51.50%,24.42%,27.08%,48.50%,0.00%,0.00%,-,5.00,0.49,18.55,01 Nov 2023,23 Jan 2024,24.49,32.14,983711000.00,Z-EQ,98371100
SALVO,Salvo Organic Industries PLC.,Pharmaceuticals & Chemicals,B,1957.19,52.59,30.10,-1.31,30.10,3.8750,"127,841",40.2576,-60.6061,30.6000,33.6380,0.0000,30.6201,30.7031,31.5025,-0.7994,-0.9933,32.5671,28.6329,148.7900,-369204.4302,30.6378,30.6833,30.5552,1.2168,0.0000,0.0000,0.0000,0.83,0.478,0.355,0.300,-,0.077,0.014,0.115,0.013,0.035,-,-,30.50,-0.40,300,3.8750,69.85%,4.57%,65.28%,30.15%,0.00%,0.00%,-,2.50,0.58,16.57,19 Aug 2025,29 Sep 2025,52.59,51.99,650227930.00,B-EQ,65022793
SAMATALETH,Samata Leather Complex Limited,Tannery Industries,B,1036.13,-,100.40,3.93,100.40,20.5700,"208,356",64.1123,-5.6537,84.2050,93.5180,94.4495,89.8412,88.6730,88.4524,0.2206,-2.2411,97.1298,71.2802,215.4600,38129.1470,90.4933,89.0449,86.3657,1.2335,0.0000,0.0000,0.0000,-,3.999,-,2.977,0.007,0.001,-,0.101,-,-,-,-,96.60,3.80,"1,453",20.5700,66.13%,3.96%,62.17%,33.87%,0.00%,0.00%,-,-,-0.02,14.35,27 Nov 2025,31 Dec 2025,-,-,103200000.00,B-EQ,10320000
SAMORITA,Samorita Hospital Limited,Services & Real Estate,B,1979.52,150.48,90.80,-2.68,90.80,21.1430,"230,471",44.3768,-61.5385,91.9900,97.2040,78.8175,93.2038,93.3616,94.2955,-0.9339,-1.0268,100.0466,83.9334,421.1300,-99332.8686,93.2556,93.6782,93.1062,1.0965,0.0000,0.0000,0.0000,0.55,1.668,-,1.342,0.045,0.040,0.034,0.580,0.011,0.013,-,-,93.30,-2.50,708,21.1430,55.40%,9.13%,46.26%,44.60%,0.00%,0.01%,-,5.00,0.62,48.39,22 Oct 2025,09 Dec 2025,150.48,90.88,218008970.00,B-EQ,21800897
SANDHANINS,Sandhani Life Insurance Company Ltd.,Insurance,A,2632.77,20.25,24.00,-1.23,24.00,4.6030,"190,820",40.9423,-80.0000,24.3450,26.1460,23.0710,24.3610,24.4071,24.8405,-0.4334,-0.5362,24.9889,23.7011,63.6700,-191718.2807,24.3889,24.3949,24.3476,1.3830,0.0000,0.0000,0.0000,5.00,-,-,-,-,-,-,-,-,-,-,-,24.30,-0.30,238,4.6030,68.33%,16.47%,51.86%,31.67%,0.00%,0.00%,-,12.00,1.20,18.00,20 Jul 2026,29 Sep 2026,20.25,20.25,1096986330.00,A-EQ,109698633
SAPORTL,Summit Alliance Port Limited,Services & Real Estate,A,13904.10,20.49,58.70,0.51,58.70,18.5550,"316,229",43.8172,-83.7209,60.2200,59.2200,50.3880,59.8953,60.0231,59.8512,0.1719,0.5335,62.5384,57.9016,121.6700,-938345.5047,59.8778,60.1615,60.3248,1.2032,0.0000,0.0000,0.0000,3.07,0.627,-,0.623,0.153,0.214,0.116,0.264,0.061,0.100,-,-,58.40,0.30,350,18.5550,37.32%,11.04%,26.26%,62.68%,0.00%,0.02%,-,18.00,2.85,35.67,09 Nov 2025,23 Dec 2025,20.49,27.04,2368671230.00,A-EQ,236867123
SAVAREFR,Savar Refractories Limited,Miscellaneous,Z,300.15,-,0.00,0.00,215.50,0.0000,0,8.6600,-52.3810,215.5000,216.5680,245.1760,216.0274,216.9502,223.9176,-6.9674,-8.2196,224.7257,206.2743,0.6400,-0.1356,215.5000,215.5000,215.5000,0.8688,0.0000,0.0000,0.0000,-,0.349,-,0.147,-,-,-,0.181,-,-,-,-,215.50,0.00,0,0.0000,49.32%,7.18%,42.14%,50.68%,0.00%,0.00%,-,-,-4.86,90.66,29 Oct 2023,17 Feb 2024,-,-,13928000.00,Z-EQ,1392800
SBACBANK,SBAC Bank PLC,Bank,Z,5439.66,670.00,6.60,-1.49,6.60,0.1670,"25,273",43.2318,-100.0000,6.7150,6.9120,6.5175,6.7029,6.7148,6.7525,-0.0377,-0.0293,6.9329,6.4971,1.8000,-77600.6987,6.6956,6.7218,6.7286,1.5625,0.0000,0.0000,0.0000,-,-,-,-,-,0.274,0.002,-,0.000,0.001,0.000,-,6.70,-0.10,44,0.1670,29.77%,15.11%,14.66%,70.23%,0.00%,0.00%,-,-,0.01,13.61,30 Apr 2026,15 Jun 2026,670.00,19.71,8241916500.00,Z-EQ,824191650
SEAPEARL,Sea Pearl Beach Resort & Spa Limited,Travel & Leisure,B,4238.32,-,35.10,-1.40,35.10,12.6410,"360,034",47.2218,-61.0390,34.8150,36.7720,35.7820,35.6466,35.5671,35.6739,-0.1068,-0.3317,38.0466,31.5834,135.7500,-636342.7258,35.9400,35.9000,35.3538,1.3405,0.0000,0.0000,0.0000,0.28,0.303,0.070,0.303,-,0.212,-,0.706,-,-,-,-,35.60,-0.50,596,12.6410,53.17%,10.83%,42.34%,46.83%,0.00%,0.00%,-,1.00,-2.46,15.28,28 Oct 2025,-,-,-,1207500000.00,B-EQ,120750000
SEB1PBOND,Southeast Bank 1st Perpetual Bond,Corporate Bond,A,438.00,-,0.00,0.00,4380.00,0.0000,0,,,,,,,,,,,,,,,,,,,,,,0.02,-,-,-,-,-,-,-,-,-,-,-,4380.00,0.00,0,0.0000,0.00%,0.00%,0.00%,0.00%,0.00%,0.00%,-,-,0.00,0.00,-,-,-,-,1000000.00,A-CB,100000
SEMLFBSLGF,SEML FBLSL Growth Fund,Mutual Funds,A,488.73,-,6.70,-1.47,6.70,1.7190,"256,060",42.3880,-88.8889,6.9200,7.1040,5.7760,6.9479,6.9543,6.9518,0.0024,0.0176,7.3283,6.5117,207.7400,-918535.9214,6.9822,7.0038,6.9633,1.2599,0.0000,0.0000,0.0000,-,-,-,-,-,-,-,-,-,-,-,-,6.80,-0.10,68,1.7190,85.61%,22.53%,63.08%,14.39%,0.00%,0.00%,-,-,0.00,0.00,-,-,-,7.56,729445000.00,A-MF,72944500
SEMLIBBLSF,SEML IBBL Shariah Fund,Mutual Funds,A,780.00,16.12,0.00,-1.27,7.80,2.4790,"315,196",43.9785,-83.3333,7.9300,7.9260,6.6580,7.9636,7.9635,7.9277,0.0359,0.0527,8.1752,7.6848,77.3100,-320452.9512,7.9867,7.9962,7.9671,0.9130,0.0000,0.0000,0.0000,-,-,-,-,-,-,-,-,-,-,-,-,7.90,-0.10,74,2.4790,50.00%,27.47%,22.53%,50.00%,0.00%,0.00%,-,-,0.49,10.00,19 Aug 2026,-,16.12,16.12,1000000000.00,A-MF,100000000
SHAHJABANK,Shahjalal Islami Bank PLC.,Bank,A,19254.35,5.23,17.30,0.00,17.30,0.9100,"52,625",46.2372,-62.5000,17.3950,17.4580,17.2580,17.3778,17.3875,17.4164,-0.0290,-0.0214,17.6584,17.1316,4.6100,119738.6266,17.3711,17.3859,17.3929,0.5265,0.0000,0.0000,0.0000,7.51,-,-,-,-,0.674,0.172,-,0.009,0.142,0.010,-,17.30,0.00,54,0.9100,56.99%,24.57%,32.42%,43.01%,0.00%,0.00%,-,13.00,3.31,23.07,09 Apr 2026,24 May 2026,5.23,3.12,11129683510.00,A-EQ,1112968351
SHARPIND,Sharp Industries PLC,Textile,B,5371.10,165.45,17.70,-2.75,17.70,97.9060,"5,466,849",35.3931,-91.4286,18.8100,28.0960,19.6130,18.5771,18.8703,21.1707,-2.3003,-2.7388,20.6116,17.0084,968.3000,-12240538.8112,18.4156,18.6051,18.6933,1.4534,0.0000,0.0000,0.0000,-,1.048,-,0.594,-,-,-,-,-,-,-,-,18.20,-0.50,"3,066",97.9060,63.37%,33.59%,29.78%,36.63%,0.00%,0.00%,-,-,0.11,10.08,27 Oct 2025,21 Dec 2025,165.45,-,3034521090.00,B-EQ,303452109
SHASHADNIM,Shasha Denims PLC,Textile,B,3906.69,17.58,27.70,0.36,27.70,12.2540,"443,556",53.6685,-30.7692,27.3250,27.9360,21.7225,27.2443,27.2376,27.3428,-0.1052,-0.1694,28.3321,26.3179,87.2100,-141169.5981,27.1689,27.1359,27.1962,1.1718,0.0000,0.0000,0.0000,1.81,1.131,-,0.699,-,-,-,-,0.001,0.001,-,-,27.60,0.10,290,12.2540,55.60%,25.07%,30.32%,44.40%,0.00%,0.21%,-,5.00,1.57,41.84,29 Oct 2025,23 Dec 2025,17.58,53.08,1410359100.00,B-EQ,141035910
SHEPHERD,Shepherd Industries PLC,Textile,B,1910.18,320.00,12.40,-3.13,12.40,6.3670,"505,491",34.1761,-78.9474,13.0650,15.0540,14.5660,12.8655,12.9678,13.5833,-0.6156,-0.6807,14.1179,12.0121,120.6300,-805418.4331,12.8244,12.8974,12.9386,1.1682,0.0000,0.0000,0.0000,0.81,1.287,-,0.510,-,-,-,-,-,-,-,-,12.80,-0.40,341,6.3670,55.01%,22.51%,30.03%,44.99%,0.00%,2.47%,-,1.00,0.04,13.41,29 Oct 2025,30 Dec 2025,320.00,-,1540464730.00,B-EQ,154046473
SHURWID,Shurwid Industries Limited,Engineering,Z,315.52,4.06,5.50,-1.79,5.50,0.2330,"41,980",35.2976,-83.3333,5.8250,6.0500,5.9060,5.6982,5.7328,5.8559,-0.1231,-0.1052,6.1069,5.5431,27.7700,-17865.9521,5.6733,5.7026,5.7610,1.4542,0.0000,0.0000,0.0000,18.18,5.671,0.087,5.525,-,0.407,0.369,0.483,0.088,0.113,-,-,5.60,-0.10,42,0.2330,87.99%,9.75%,78.24%,12.01%,0.00%,0.00%,-,10.00,1.38,12.21,03 Nov 2019,30 Dec 2019,4.06,2.22,573677500.00,Z-EQ,57367750
SHYAMPSUG,Shyampur Sugar Mills Limited,Food & Allied,Z,1471.00,-,294.20,2.40,294.20,5.2850,"18,103",49.7644,-61.1399,294.1500,298.6020,207.3925,291.5029,292.3476,294.5499,-2.2023,-1.3835,309.8371,278.4629,145.5200,-38605.2879,290.5178,291.8038,293.0090,0.8682,0.0000,0.0000,0.0000,-,0.037,-,0.028,-,-,-,-,-,0.039,-,-,287.30,6.90,253,5.2850,49.00%,6.07%,42.93%,0.00%,51.00%,0.00%,-,-,-50.77,-1310.44,27 Oct 2025,15 Dec 2025,-,-,50000000.00,Z-EQ,5000000
SIBL,Social Islami Bank PLC,Bank,A,3420.47,-,0.00,0.00,3.00,0.0000,0,31.3124,-100.0000,3.7100,4.3600,7.5535,3.3115,3.4113,3.8136,-0.4023,-0.3725,4.6456,2.7744,59.6900,-962520.2054,3.2244,3.2923,3.4724,1.2840,0.0000,0.0000,0.0000,-,-,-,-,-,-,-,-,-,-,-,-,3.00,0.00,0,0.0000,88.38%,68.54%,18.97%,11.62%,0.00%,0.87%,-,-,-0.89,18.15,01 Jun 2025,18 Aug 2025,-,-,11401551000.00,A-EQ,1140155100
SICL,Sikder Insurance Company Limited,Insurance,B,1408.00,28.05,35.20,-1.95,35.20,15.3320,"432,123",43.2462,-59.6154,36.1150,37.2720,29.4530,36.1089,36.1841,36.6133,-0.4292,-0.4659,38.4879,33.7421,514.6800,-874540.0382,36.1289,36.1897,36.0724,1.5148,0.0000,0.0000,0.0000,2.84,-,-,-,-,-,-,-,-,-,-,-,35.90,-0.70,550,15.3320,49.60%,7.03%,42.57%,50.40%,0.00%,0.00%,-,10.00,1.36,13.94,15 Jun 2026,27 Sep 2026,28.05,17.10,400000000.00,B-EQ,40000000
SILCOPHL,Silco Pharmaceuticals Limited,Pharmaceuticals & Chemicals,B,1681.67,40.73,16.20,-2.99,16.20,5.5650,"338,085",37.5882,-95.6522,17.1050,18.5280,16.5745,16.9417,17.0279,17.4390,-0.4111,-0.4152,18.2739,15.9361,110.9800,-313565.1931,16.8933,17.0321,17.1048,1.4179,0.0000,0.0000,0.0000,0.68,4.707,-,2.622,-,0.190,0.099,0.356,0.015,0.018,-,-,16.70,-0.50,305,5.5650,64.73%,16.34%,48.39%,35.27%,0.00%,0.00%,-,1.10,0.41,23.02,18 Nov 2025,15 Dec 2025,40.73,39.14,1038070000.00,B-EQ,103807000
SILVAPHL,Silva Pharmaceuticals Ltd.,Pharmaceuticals & Chemicals,B,1651.65,-,12.10,-3.20,12.10,3.1810,"261,854",35.2459,-94.1176,12.7350,14.3500,12.0905,12.6204,12.6952,13.1176,-0.4224,-0.4569,13.5867,11.8833,80.3100,-124177.6327,12.5800,12.6936,12.7243,1.5711,0.0000,0.0000,0.0000,-,14.899,-,6.945,-,-,-,0.267,-,-,-,-,12.50,-0.40,279,3.1810,54.85%,16.18%,38.66%,45.15%,0.00%,0.01%,-,-,-0.97,15.48,29 Oct 2025,30 Dec 2025,-,-,1365000000.00,B-EQ,136500000
SIMTEX,Simtex Industries PLC.,Textile,A,2013.76,24.56,25.30,0.00,25.30,36.5950,"1,437,544",55.7938,-24.0000,24.2250,25.6600,24.4920,24.5269,24.4682,24.6865,-0.2184,-0.4501,25.3106,23.1394,249.2000,-52360.8193,24.5311,24.4372,24.2805,1.2540,0.0000,0.0000,0.0000,3.95,1.982,-,1.689,-,-,-,-,-,-,-,-,25.30,0.00,"1,078",36.5950,68.35%,4.32%,64.03%,31.65%,0.00%,0.00%,-,10.00,1.03,22.43,28 Oct 2025,24 Dec 2025,24.56,19.77,795953810.00,A-EQ,79595381
SINGERBD,Singer Bangladesh Limited,Engineering,Z,7736.94,-,77.60,-2.51,77.60,1.0680,"13,668",53.0099,-43.8017,76.1350,76.1240,82.4225,78.5486,78.1359,76.8960,1.2399,0.9170,83.2112,69.0588,10.4300,-7744.0544,79.2467,79.1462,77.7162,0.6925,0.0000,0.0000,0.0000,-,0.715,36.911,0.326,-,0.026,-,0.242,-,-,-,-,79.60,-2.00,102,1.0680,43.00%,28.80%,14.20%,57.00%,0.00%,0.00%,-,-,-22.56,1.69,01 Feb 2026,20 Apr 2026,-,-,997028380.00,Z-EQ,99702838
SINOBANGLA,Sinobangla Industries Limited,Miscellaneous,A,1451.12,38.19,47.90,-1.24,47.90,5.3040,"110,178",36.4561,-62.2222,49.2750,52.6540,51.0850,48.8366,49.0175,50.1051,-1.0876,-1.2022,51.9808,46.5692,175.6800,-145390.3135,48.7889,48.9359,48.9800,1.5148,0.0000,0.0000,0.0000,2.09,1.076,-,0.665,0.022,0.058,0.013,0.110,0.013,0.048,-,-,48.50,-0.60,332,5.3040,69.39%,2.65%,66.66%,30.61%,0.00%,0.08%,-,10.00,1.27,26.39,28 Oct 2025,26 Jan 2026,38.19,34.00,302948490.00,A-EQ,30294849
SIPLC,Sena Insurance PLC,Insurance,A,5796.00,29.25,144.90,-4.17,144.90,116.0090,"788,812",51.7728,-51.2019,139.6550,138.0080,88.3420,148.2965,146.9300,142.5803,4.3497,3.3957,162.9056,116.4044,303.8500,-178870.7654,150.9067,149.1782,144.8414,1.5024,0.0000,0.0000,0.0000,1.04,-,-,-,-,-,-,-,-,-,-,-,151.20,-6.30,989,116.0090,40.00%,9.21%,30.79%,60.00%,0.00%,0.00%,-,15.00,5.17,28.58,17 Feb 2026,31 Mar 2026,29.25,22.30,400000000.00,A-EQ,40000000
SJIBLPBOND,SJIBL Mudaraba Perpetual Bond,Corporate Bond,A,470.00,-,0.00,0.00,4700.00,0.0000,0,47.0743,-23.7762,4741.3250,4738.1200,0.0000,4688.3935,4701.4018,4804.3352,-102.9334,-122.8053,5646.3919,3836.2581,0.1200,-1181.2894,4734.8000,4736.8077,4739.3571,-0.0840,0.0000,0.0000,0.0000,0.02,-,-,-,-,-,-,-,-,-,-,-,4700.00,0.00,0,0.0000,0.00%,0.00%,0.00%,0.00%,0.00%,0.00%,-,-,0.00,0.00,-,-,-,-,1000000.00,A-CB,100000
SKTRIMS,SK Trims & Industries Limited,Miscellaneous,Z,1177.33,25.93,13.90,-0.71,13.90,0.8860,"64,073",61.3282,-30.0000,12.6500,13.6460,10.8690,13.1224,13.0065,13.0339,-0.0274,-0.2950,14.1544,11.1456,27.3600,-46755.1910,13.2133,12.9936,12.7195,1.2249,0.0000,0.0000,0.0000,-,2.441,-,1.611,0.057,0.065,0.041,0.118,0.027,0.034,-,-,14.00,-0.10,117,0.8860,68.77%,26.34%,42.43%,31.23%,0.00%,0.00%,-,-,-3.33,12.03,01 Jun 2026,-,25.93,-,847000000.00,Z-EQ,84700000
SONALIANSH,Sonali Aansh Industries Limited,Jute,A,2470.09,24.80,227.70,4.45,227.70,112.1720,"491,741",63.6707,-15.9151,212.4550,214.9020,189.6600,219.6104,218.2229,215.3241,2.8988,1.2159,229.0675,195.8425,327.7400,-104683.8735,221.2911,219.9859,216.0981,1.3025,0.0000,0.0000,0.0000,0.66,1.983,-,1.538,0.073,0.069,0.055,0.114,0.070,0.268,-,-,218.00,9.70,"3,632",112.1720,68.98%,9.94%,59.04%,31.02%,0.00%,0.00%,-,15.00,8.79,32.81,19 Nov 2025,31 Dec 2025,24.80,29.09,108480000.00,A-EQ,10848000
SONALILIFE,Sonali Life Insurance PLC,Insurance,A,4617.00,55.99,97.20,7.17,97.20,119.2040,"1,249,840",73.2316,-4.3716,85.1500,85.5740,73.4420,89.2134,88.1821,86.2919,1.8902,0.5151,93.4295,76.8705,154.7300,439293.4973,89.9533,88.7321,86.6600,1.2999,0.0000,0.0000,0.0000,1.54,-,-,-,-,-,-,-,-,-,-,-,90.70,6.50,"2,367",119.2040,45.15%,3.99%,41.16%,54.85%,0.00%,0.00%,-,15.00,1.62,32.15,13 Jul 2026,27 Aug 2026,55.99,-,475000000.00,A-EQ,47500000
SONALIPAPR,Sonali Paper & Board Mills Limited,Paper & Printing,A,7323.72,30.60,222.30,1.32,222.30,27.1630,"121,488",47.1420,-41.8103,220.8800,230.6800,231.5605,222.2710,222.4152,224.4157,-2.0005,-2.6252,230.3136,211.4464,60.3100,-75566.8075,222.5800,222.8936,221.8900,1.2777,0.0000,0.0000,0.0000,1.80,0.981,-,0.610,0.100,0.137,0.084,0.163,0.033,0.043,-,-,219.40,2.90,"1,251",27.1630,32.49%,6.27%,26.22%,67.51%,0.00%,0.00%,-,40.00,7.17,167.90,28 Oct 2025,18 Dec 2025,30.60,25.05,329451880.00,A-EQ,32945188
SONARBAINS,Sonar Bangla Insurance Limited,Insurance,A,1858.53,56.67,42.10,7.67,42.10,62.5420,"1,516,799",67.9768,-4.0541,37.0500,38.2060,34.4650,38.4878,38.1331,37.7867,0.3464,-0.2695,40.1684,33.9316,145.0300,581694.1290,38.6200,38.2949,37.6152,1.4529,0.0000,0.0000,0.0000,1.19,-,-,-,-,-,-,-,-,-,-,-,39.10,3.00,"2,444",62.5420,63.15%,11.81%,51.34%,36.85%,0.00%,0.00%,5.00,5.00,0.69,20.02,10 May 2026,13 Aug 2026,56.67,37.60,441456920.00,A-EQ,44145692
SONARGAON,Sonargaon Textiles Limited,Textile,B,2935.20,-,110.90,1.84,110.90,32.8220,"297,735",59.7570,-19.1489,99.5350,104.2740,61.3845,107.4162,106.0291,103.2429,2.7863,1.0514,117.1630,81.9070,218.4400,14745.1219,109.1511,107.9090,103.9171,1.5414,0.0000,0.0000,0.0000,-,13.694,-,0.558,-,-,-,-,-,-,-,-,108.90,2.00,815,32.8220,55.55%,22.29%,33.25%,44.45%,0.00%,0.01%,-,-,-0.80,18.35,27 Oct 2025,29 Dec 2025,-,-,264670560.00,B-EQ,26467056
SOUTHEASTB,Southeast Bank PLC.,Bank,A,15884.26,4.50,11.10,-1.77,11.10,12.4220,"1,110,583",34.5242,-100.0000,11.9750,11.4960,10.0990,11.5146,11.5991,11.6781,-0.0790,0.0693,12.9415,11.0085,65.9900,-999267.5747,11.4156,11.5038,11.7538,0.9110,0.0000,0.0000,0.0000,2.70,-,-,-,-,0.604,0.169,-,0.006,0.097,0.007,-,11.30,-0.20,239,12.4220,68.88%,38.25%,29.41%,31.12%,0.00%,1.22%,7.00,3.00,2.51,25.74,30 Apr 2026,23 Jul 2026,4.50,3.45,14310141350.00,A-EQ,1431014135
SPCERAMICS,Shinepukur Ceramics PLC.,Ceramics Sector,B,3233.25,143.75,22.00,-4.35,22.00,15.2660,"680,959",49.3857,-55.1020,21.9100,21.7680,19.9145,22.7668,22.6044,22.0924,0.5119,0.3962,24.5783,19.2417,172.1200,-628324.8842,23.1200,23.0218,22.4886,1.5670,0.0000,0.0000,0.0000,0.91,-,-,-,-,-,-,0.136,-,-,-,-,23.00,-1.00,566,15.2660,50.00%,5.88%,44.12%,50.00%,0.00%,0.00%,-,2.00,0.16,31.22,29 Oct 2024,30 Dec 2024,143.75,-,1469660550.00,B-EQ,146966055
SPCL,Shahjibazar Power Co. Ltd.,Fuel & Power,A,9462.22,20.20,50.70,-0.78,50.70,11.7460,"230,574",47.7575,-37.9310,50.0150,53.0640,51.7370,50.5252,50.4884,51.0436,-0.5552,-0.8973,52.3879,47.6421,42.0800,-186260.9665,50.6089,50.5462,50.1914,1.0592,0.0000,0.0000,0.0000,3.94,1.341,-,0.949,0.064,0.082,0.038,0.096,0.036,0.062,-,-,51.10,-0.40,436,11.7460,46.62%,17.33%,29.29%,53.38%,0.00%,0.00%,-,20.00,2.53,39.25,28 Oct 2025,14 Jan 2026,20.20,8.77,1866316290.00,A-EQ,186631629
SQUARETEXT,Square Textile PLC.,Textile,A,9566.72,6.69,48.50,0.21,48.50,1.0250,"21,129",44.9493,-76.1905,48.7600,49.8180,49.0235,48.6492,48.6940,48.9983,-0.3043,-0.3492,49.8446,47.6754,7.5300,-57093.1559,48.6311,48.6641,48.6929,0.9739,0.0000,0.0000,0.0000,6.60,1.340,-,0.726,-,-,-,-,-,-,-,-,48.40,0.10,121,1.0250,38.17%,24.02%,11.40%,61.83%,0.00%,2.75%,-,32.00,7.24,55.86,22 Oct 2025,15 Dec 2025,6.69,23.57,1972520000.00,A-EQ,197252000
SQURPHARMA,Square Pharmaceuticals PLC.,Pharmaceuticals & Chemicals,A,193246.32,8.07,218.00,-0.14,218.00,55.8380,"256,475",58.3400,-13.1148,215.8300,217.5240,214.7230,217.3728,217.1094,216.8700,0.2394,-0.2266,219.4886,212.1714,10.8200,80425.6943,217.7756,217.5051,216.5905,0.5140,0.0000,0.0000,0.0000,5.50,12.804,0.001,10.561,-,0.275,0.272,0.479,0.141,0.148,-,-,218.30,-0.30,"1,506",55.8380,55.85%,13.90%,27.62%,44.15%,0.00%,14.33%,-,120.00,27.04,157.88,23 Oct 2025,15 Dec 2025,8.07,7.03,8864510100.00,A-EQ,886451010
SSSTEEL,S.S. Steel Limited,Engineering,Z,1873.21,34.12,5.70,-1.72,5.70,0.4570,"79,027",33.4878,-100.0000,6.0200,6.5800,5.4040,5.8593,5.9084,6.1262,-0.2178,-0.2125,6.4231,5.6169,20.2100,-399455.5997,5.8222,5.8564,5.9267,1.7398,0.0000,0.0000,0.0000,3.51,2.240,-,1.157,-,0.106,0.002,0.129,0.002,0.007,-,-,5.80,-0.10,78,0.4570,69.06%,6.23%,62.83%,30.94%,0.00%,0.00%,-,2.00,0.17,23.87,17 Nov 2024,31 Dec 2024,34.12,-,3286332000.00,Z-EQ,328633200
STANCERAM,Standard Ceramic Industries Ltd.,Ceramics Sector,Z,422.53,-,65.10,0.93,65.40,0.0090,133,45.0677,-57.1429,65.7950,69.1600,70.0910,65.3307,65.4760,66.5886,-1.1126,-1.3170,68.8465,62.7435,9.9400,-1283.8249,65.2222,65.2192,65.3667,1.0102,0.0000,0.0000,0.0000,-,-,-,-,-,-,-,-,-,-,-,-,64.80,0.60,10,0.0090,71.76%,4.63%,67.13%,28.24%,0.00%,0.00%,-,-,-23.02,-37.84,17 Nov 2024,26 Dec 2024,-,-,64606500.00,Z-EQ,6460650
STANDARINS,Standard Insurance PLC,Insurance,A,2143.18,20.95,49.90,-2.37,49.50,4.3070,"86,478",42.5303,-96.1538,51.1350,50.6240,45.6235,51.4029,51.4361,51.1703,0.2657,0.4636,54.8253,47.4447,222.9400,-341323.4279,51.5022,51.7385,51.6695,1.2218,0.0000,0.0000,0.0000,2.42,-,-,-,-,-,-,-,-,-,-,-,50.70,-1.20,204,4.3070,35.72%,10.35%,25.37%,64.28%,0.00%,0.00%,-,12.00,2.42,22.15,30 Apr 2026,29 Jun 2026,20.95,18.50,432965920.00,A-EQ,43296592
STANDBANKL,Standard Islami Bank PLC.,Bank,Z,4798.12,6.11,4.30,-2.27,4.30,0.8310,"191,052",38.1211,-100.0000,4.4450,4.6860,4.8980,4.4029,4.4192,4.4926,-0.0734,-0.0722,4.5968,4.2932,6.3500,-535771.3128,4.3889,4.4077,4.4324,0.9726,0.0000,0.0000,0.0000,-,-,-,-,-,0.318,0.128,-,0.003,0.043,0.003,-,4.40,-0.10,54,0.8310,66.47%,30.05%,36.42%,33.53%,0.00%,0.00%,-,-,0.72,16.94,30 Apr 2026,30 Jul 2026,6.11,73.33,11158423080.00,Z-EQ,1115842308
STYLECRAFT,Stylecraft Limited,Textile,Z,730.34,-,52.60,-0.38,52.60,0.2240,"4,253",44.7258,-53.0612,52.6100,55.5860,52.0240,52.8050,52.8601,53.4983,-0.6382,-0.8176,54.5609,50.6591,10.1500,-9288.5331,52.8022,52.9128,52.7762,1.3698,0.0000,0.0000,0.0000,-,1.409,-,0.779,-,-,-,-,-,-,-,-,52.80,-0.20,35,0.2240,67.97%,7.11%,60.86%,32.03%,0.00%,0.00%,-,-,-1.08,4.62,29 Oct 2025,11 Dec 2025,-,-,138847500.00,Z-EQ,13884750
SUMITPOWER,Summit Power Limited,Fuel & Power,A,16231.73,40.26,15.20,-0.65,15.20,2.9130,"191,511",39.0064,-81.8182,15.3750,16.0060,14.4375,15.3654,15.3880,15.5396,-0.1517,-0.1734,15.6569,15.0931,9.7800,-378281.6502,15.3644,15.3910,15.3876,0.9274,0.0000,0.0000,0.0000,6.91,1.490,-,1.454,0.087,0.133,0.080,0.145,0.033,0.055,-,-,15.30,-0.10,205,2.9130,36.81%,17.95%,15.21%,63.19%,0.00%,3.65%,-,10.50,0.38,40.57,23 Oct 2025,24 Dec 2025,40.26,7.81,10678772390.00,A-EQ,1067877239
SUNLIFEINS,Sunlife Insurance Company Limited,Insurance,B,2027.63,-,56.70,-1.73,56.70,36.8820,"649,118",57.3260,-19.0840,51.4100,56.8060,60.5200,55.2298,54.4763,53.9616,0.5147,-0.8979,59.5356,43.2844,293.9000,112480.3684,56.2156,55.3436,53.2581,0.9478,0.0000,0.0000,0.0000,-,-,-,-,-,-,-,-,-,-,-,-,57.70,-1.00,705,36.8820,64.34%,13.29%,51.05%,35.66%,0.00%,0.00%,-,-,0.00,0.00,14 Jun 2026,03 Sep 2026,-,-,357606900.00,B-EQ,35760690
TAKAFULINS,Takaful Islami Insurance PLC.,Insurance,A,2218.78,42.98,52.10,0.19,52.10,7.3450,"140,894",44.6613,-85.7143,54.2850,53.3700,39.8315,53.2140,53.3853,53.4017,-0.0165,0.3518,56.9981,51.5719,262.8400,-448693.4998,53.0867,53.2808,53.7529,1.0324,0.0000,0.0000,0.0000,1.92,-,-,-,-,-,-,-,-,-,-,-,52.00,0.10,303,7.3450,50.48%,15.93%,34.50%,49.52%,0.00%,0.05%,-,10.00,1.21,18.44,30 Apr 2026,20 Jun 2026,42.98,18.84,425869770.00,A-EQ,42586977
TALLUSPIN,Tallu Spinning Mills Limited,Textile,Z,607.48,-,6.80,1.49,6.80,0.4860,"72,158",37.1279,-62.5000,7.0750,7.6560,7.6910,6.8704,6.9312,7.1895,-0.2582,-0.2462,7.6251,6.5249,28.9100,-78530.2080,6.8178,6.8705,6.9590,1.3056,0.0000,0.0000,0.0000,-,1.346,-,0.734,-,-,-,-,-,-,-,-,6.70,0.10,62,0.4860,70.39%,14.05%,55.99%,29.61%,0.00%,0.35%,-,-,-2.84,10.51,29 Sep 2026,12 Nov 2026,-,-,893353750.00,Z-EQ,89335375
TAMIJTEX,Tamijuddin Textile Mills PLC,Textile,A,3707.29,16.72,112.10,-0.09,112.10,11.6740,"103,498",38.5700,-78.7879,114.8250,123.3160,122.3335,113.0905,113.7031,116.8351,-3.1320,-3.2606,121.0657,108.5843,42.8200,-90719.5002,112.5956,113.1526,113.8595,1.4218,0.0000,0.0000,0.0000,1.07,1.196,-,0.505,-,-,-,-,-,-,-,-,112.20,-0.10,609,11.6740,38.77%,1.56%,37.21%,61.23%,0.00%,0.00%,10.00,12.00,6.71,102.79,30 Oct 2025,30 Dec 2025,16.72,20.63,330712430.00,A-EQ,33071243
TB10Y0127,10Y BGTB 18/01/2027,G-SEC (T.Bond),A,0.00,-,0.00,0.01,99.40,0.0000,0,,,,,,,,,,,,,,,,,,,,,,-,-,-,-,-,-,-,-,-,-,-,-,99.39,0.01,0,0.0000,0.00%,0.00%,0.00%,0.00%,0.00%,0.00%,-,-,0.00,0.00,-,-,-,-,-,A-GOVDBT,-
TB10Y0130,10Y BGTB 22/01/2030,G-SEC (T.Bond),A,0.00,-,0.00,-0.35,100.20,0.0000,0,,,,,,,,,,,,,,,,,,,,,,-,-,-,-,-,-,-,-,-,-,-,-,100.55,-0.35,0,0.0000,0.00%,0.00%,0.00%,0.00%,0.00%,0.00%,-,-,0.00,0.00,-,-,-,-,-,A-GOVDBT,-
TB10Y0132,10Y BGTB 19/01/2032,G-SEC (T.Bond),A,41035.50,-,0.00,-1.15,91.19,0.0000,0,,,,,,,,,,,,,,,,,,,,,,-,-,-,-,-,-,-,-,-,-,-,-,92.25,-1.06,0,0.0000,0.00%,0.00%,0.00%,0.00%,0.00%,0.00%,-,-,0.00,0.00,-,-,-,-,4500000000.00,A-GOVDBT,450000000
TB10Y0135,10Y BGTB 22/01/2035,G-SEC (T.Bond),A,0.00,-,0.00,0.01,117.36,0.0000,0,61.2208,0.0000,118.8850,0.0000,0.0000,112.9726,112.4528,111.5461,0.9067,0.1918,125.2424,112.5276,0.0000,-827.0650,118.3987,118.7199,118.9421,0.0512,0.0000,0.0000,0.0000,-,-,-,-,-,-,-,-,-,-,-,-,117.35,0.01,0,0.0000,0.00%,0.00%,0.00%,0.00%,0.00%,0.00%,-,-,0.00,0.00,-,-,-,-,-,A-GOVDBT,-
TB10Y0231,10Y BGTB 17/02/2031,G-SEC (T.Bond),A,0.00,-,0.00,0.06,88.63,0.0000,0,,,,,,,,,,,,,,,,,,,,,,-,-,-,-,-,-,-,-,-,-,-,-,88.58,0.05,0,0.0000,0.00%,0.00%,0.00%,0.00%,0.00%,0.00%,-,-,0.00,0.00,-,-,-,-,-,A-GOVDBT,-
TB10Y0234,10Y BGTB 22/02/2034,G-SEC (T.Bond),A,0.00,-,0.00,-0.45,115.01,0.0000,0,67.3098,0.0000,117.3835,0.0000,0.0000,108.6944,108.3529,107.6690,0.6839,0.2558,123.5523,111.2147,0.0000,108.3149,116.4682,116.9191,117.2913,0.2215,0.0000,0.0000,0.0000,-,-,-,-,-,-,-,-,-,-,-,-,115.53,-0.52,0,0.0000,0.00%,0.00%,0.00%,0.00%,0.00%,0.00%,-,-,0.00,0.00,-,-,-,-,-,A-GOVDBT,-
TB10Y0333,10Y BGTB 15/03/2033,G-SEC (T.Bond),A,0.00,-,0.00,-0.49,97.70,0.0000,0,,,,,,,,,,,,,,,,,,,,,,-,-,-,-,-,-,-,-,-,-,-,-,98.18,-0.48,0,0.0000,0.00%,0.00%,0.00%,0.00%,0.00%,0.00%,-,-,0.00,0.00,-,-,-,-,-,A-GOVDBT,-
TB10Y0335,10Y BGTB 19/03/2035,G-SEC (T.Bond),A,0.00,-,0.00,0.12,116.99,0.0000,0,,,,,,,,,,,,,,,,,,,,,,-,-,-,-,-,-,-,-,-,-,-,-,116.85,0.14,0,0.0000,0.00%,0.00%,0.00%,0.00%,0.00%,0.00%,-,-,0.00,0.00,-,-,-,-,-,A-GOVDBT,-
TB10Y0429,10Y BGTB 17/04/2029,G-SEC (T.Bond),A,0.00,-,0.00,-0.63,97.22,0.0000,0,,,,,,,,,,,,,,,,,,,,,,-,-,-,-,-,-,-,-,-,-,-,-,97.84,-0.62,0,0.0000,0.00%,0.00%,0.00%,0.00%,0.00%,0.00%,-,-,0.00,0.00,-,-,-,-,-,A-GOVDBT,-
TB10Y0434,10Y BGTB 17/04/2034,G-SEC (T.Bond),A,0.00,-,0.00,-1.79,115.91,0.0000,0,68.2570,-5.6108,117.4870,0.0000,0.0000,114.3537,113.3233,110.8521,2.4712,1.3712,125.6467,109.3273,0.0000,0.0000,118.3042,118.1679,117.8745,0.1883,0.0000,0.0000,0.0000,-,-,-,-,-,-,-,-,-,-,-,-,118.02,-2.11,0,0.0000,0.00%,0.00%,0.00%,0.00%,0.00%,0.00%,-,-,0.00,0.00,-,-,-,-,-,A-GOVDBT,-
TB10Y0530,10Y BGTB 07/05/2030,G-SEC (T.Bond),A,0.00,-,0.00,-0.20,98.90,0.0000,0,,,,,,,,,,,,,,,,,,,,,,-,-,-,-,-,-,-,-,-,-,-,-,99.10,-0.20,0,0.0000,0.00%,0.00%,0.00%,0.00%,0.00%,0.00%,-,-,0.00,0.00,-,-,-,-,-,A-GOVDBT,-
TB10Y0531,10Y BGTB 19/05/2031,G-SEC (T.Bond),A,0.00,-,0.00,0.08,87.07,0.0000,0,,,,,,,,,,,,,,,,,,,,,,-,-,-,-,-,-,-,-,-,-,-,-,87.00,0.07,0,0.0000,0.00%,0.00%,0.00%,0.00%,0.00%,0.00%,-,-,0.00,0.00,-,-,-,-,-,A-GOVDBT,-
TB10Y0532,10Y BGTB 25/05/2032,G-SEC (T.Bond),A,0.00,-,0.00,-2.69,94.77,0.0000,0,,,,,,,,,,,,,,,,,,,,,,-,-,-,-,-,-,-,-,-,-,-,-,97.39,-2.62,0,0.0000,0.00%,0.00%,0.00%,0.00%,0.00%,0.00%,-,-,0.00,0.00,-,-,-,-,-,A-GOVDBT,-
TB10Y0535,10Y BGTB 21/05/2035,G-SEC (T.Bond),A,0.00,-,0.00,0.25,115.70,0.0000,0,66.4011,0.0000,118.1340,0.0000,0.0000,111.5609,110.8475,108.9512,1.8964,1.2222,123.2435,113.0245,0.0000,6785.6093,118.4307,118.5151,118.4317,0.0179,0.0000,0.0000,0.0000,-,-,-,-,-,-,-,-,-,-,-,-,115.41,0.29,0,0.0000,0.00%,0.00%,0.00%,0.00%,0.00%,0.00%,-,-,0.00,0.00,-,-,-,-,-,A-GOVDBT,-
TB10Y0628,10Y BGTB 20/06/2028,G-SEC (T.Bond),A,0.00,-,0.00,-0.78,97.73,0.0000,0,,,,,,,,,,,,,,,,,,,,,,-,-,-,-,-,-,-,-,-,-,-,-,98.50,-0.77,0,0.0000,0.00%,0.00%,0.00%,0.00%,0.00%,0.00%,-,-,0.00,0.00,-,-,-,-,-,A-GOVDBT,-
TB10Y0629,10Y BGTB 19/06/2029,G-SEC (T.Bond),A,0.00,-,0.00,-0.59,98.64,0.0000,0,,,,,,,,,,,,,,,,,,,,,,-,-,-,-,-,-,-,-,-,-,-,-,99.23,-0.59,0,0.0000,0.00%,0.00%,0.00%,0.00%,0.00%,0.00%,-,-,0.00,0.00,-,-,-,-,-,A-GOVDBT,-
TB10Y0630,10Y BGTB 17/06/2030,G-SEC (T.Bond),A,0.00,-,0.00,-0.13,98.62,0.0000,0,,,,,,,,,,,,,,,,,,,,,,-,-,-,-,-,-,-,-,-,-,-,-,98.75,-0.13,0,0.0000,0.00%,0.00%,0.00%,0.00%,0.00%,0.00%,-,-,0.00,0.00,-,-,-,-,-,A-GOVDBT,-
TB10Y0632,10Y BGTB 22/06/2032,G-SEC (T.Bond),A,0.00,-,0.00,-2.18,95.18,0.0000,0,,,,,,,,,,,,,,,,,,,,,,-,-,-,-,-,-,-,-,-,-,-,-,97.30,-2.12,0,0.0000,0.00%,0.00%,0.00%,0.00%,0.00%,0.00%,-,-,0.00,0.00,-,-,-,-,-,A-GOVDBT,-
TB10Y0634,10 Years BGTB 20/06/2034,G-SEC (T.Bond),A,0.00,-,0.00,-0.71,118.76,0.0000,0,60.3191,-31.6824,120.0675,0.0000,0.0000,114.5281,113.6299,111.4429,2.1870,1.2436,133.2508,106.8842,0.0000,6181.7769,118.8711,119.3690,119.8714,0.1174,0.0000,0.0000,0.0000,-,-,-,-,-,-,-,-,-,-,-,-,119.61,-0.85,0,0.0000,0.00%,0.00%,0.00%,0.00%,0.00%,0.00%,-,-,0.00,0.00,-,-,-,-,-,A-GOVDBT,-
TB10Y0730,10Y BGTB 22/07/2030,G-SEC (T.Bond),A,0.00,-,0.00,-0.08,96.16,0.0000,0,,,,,,,,,,,,,,,,,,,,,,-,-,-,-,-,-,-,-,-,-,-,-,96.24,-0.08,0,0.0000,0.00%,0.00%,0.00%,0.00%,0.00%,0.00%,-,-,0.00,0.00,-,-,-,-,-,A-GOVDBT,-
TB10Y0731,10Y BGTB 25/07/2031,G-SEC (T.Bond),A,0.00,-,0.00,0.40,85.20,0.0000,0,,,,,,,,,,,,,,,,,,,,,,-,-,-,-,-,-,-,-,-,-,-,-,84.86,0.34,0,0.0000,0.00%,0.00%,0.00%,0.00%,0.00%,0.00%,-,-,0.00,0.00,-,-,-,-,-,A-GOVDBT,-
TB10Y0735,10Y BGTB 23/07/2035,G-SEC (T.Bond),A,32274.00,-,0.00,1.16,107.58,0.0000,0,,,,,,,,,,,,,,,,,,,,,,-,-,-,-,-,-,-,-,-,-,-,-,106.35,1.23,0,0.0000,0.00%,0.00%,0.00%,0.00%,0.00%,0.00%,-,-,0.00,0.00,-,-,-,-,3000000000.00,A-GOVDBT,300000000
TB10Y0829,10Y BGTB 21/08/2029,G-SEC (T.Bond),A,0.00,-,0.00,-0.53,100.59,0.0000,0,,,,,,,,,,,,,,,,,,,,,,-,-,-,-,-,-,-,-,-,-,-,-,101.13,-0.54,0,0.0000,0.00%,0.00%,0.00%,0.00%,0.00%,0.00%,-,-,0.00,0.00,-,-,-,-,-,A-GOVDBT,-
TB10Y0833,10Y BGTB 16/08/2033,G-SEC (T.Bond),A,0.00,-,0.00,-0.06,100.43,0.0000,0,,,,,,,,,,,,,,,,,,,,,,-,-,-,-,-,-,-,-,-,-,-,-,100.49,-0.06,0,0.0000,0.00%,0.00%,0.00%,0.00%,0.00%,0.00%,-,-,0.00,0.00,-,-,-,-,-,A-GOVDBT,-
TB10Y0932,10Y BGTB 21/09/2032,G-SEC (T.Bond),A,0.00,-,0.00,-0.43,95.15,0.0000,0,,,,,,,,,,,,,,,,,,,,,,-,-,-,-,-,-,-,-,-,-,-,-,95.56,-0.41,0,0.0000,0.00%,0.00%,0.00%,0.00%,0.00%,0.00%,-,-,0.00,0.00,-,-,-,-,-,A-GOVDBT,-
TB10Y1027,10Y BGTB 18/10/2027,G-SEC (T.Bond),A,0.00,-,0.00,-0.60,97.98,0.0000,0,,,,,,,,,,,,,,,,,,,,,,-,-,-,-,-,-,-,-,-,-,-,-,98.57,-0.59,0,0.0000,0.00%,0.00%,0.00%,0.00%,0.00%,0.00%,-,-,0.00,0.00,-,-,-,-,-,A-GOVDBT,-
TB10Y1030,10Y BGTB 21/10/2030,G-SEC (T.Bond),A,0.00,-,0.00,0.03,88.36,0.0000,0,,,,,,,,,,,,,,,,,,,,,,-,-,-,-,-,-,-,-,-,-,-,-,88.33,0.03,0,0.0000,0.00%,0.00%,0.00%,0.00%,0.00%,0.00%,-,-,0.00,0.00,-,-,-,-,-,A-GOVDBT,-
TB10Y1031,10Y BGTB 19/10/2031,G-SEC (T.Bond),A,0.00,-,0.00,-0.09,90.26,0.0000,0,,,,,,,,,,,,,,,,,,,,,,-,-,-,-,-,-,-,-,-,-,-,-,90.34,-0.08,0,0.0000,0.00%,0.00%,0.00%,0.00%,0.00%,0.00%,-,-,0.00,0.00,-,-,-,-,-,A-GOVDBT,-
TB10Y1128,10Y BGTB 22/11/2028,G-SEC (T.Bond),A,0.00,-,0.00,-0.69,96.57,0.0000,0,,,,,,,,,,,,,,,,,,,,,,-,-,-,-,-,-,-,-,-,-,-,-,97.24,-0.67,0,0.0000,0.00%,0.00%,0.00%,0.00%,0.00%,0.00%,-,-,0.00,0.00,-,-,-,-,-,A-GOVDBT,-
TB10Y1135,10Y BGTB 19/11/2035,G-SEC (T.Bond),A,26987.50,-,0.00,0.60,107.95,0.0000,0,,,,,,,,,,,,,,,,,,,,,,-,-,-,-,-,-,-,-,-,-,-,-,107.31,0.64,0,0.0000,0.00%,0.00%,0.00%,0.00%,0.00%,0.00%,-,-,0.00,0.00,-,-,-,-,2500000000.00,A-GOVDBT,250000000
TB10Y1229,10Y BGTB 18/12/2029,G-SEC (T.Bond),A,0.00,-,0.00,-0.41,100.44,0.0000,0,,,,,,,,,,,,,,,,,,,,,,-,-,-,-,-,-,-,-,-,-,-,-,100.85,-0.41,0,0.0000,0.00%,0.00%,0.00%,0.00%,0.00%,0.00%,-,-,0.00,0.00,-,-,-,-,-,A-GOVDBT,-
TB10Y1232,10Y BGTB 21/12/2032,G-SEC (T.Bond),A,0.00,-,0.00,-0.95,96.16,0.0000,0,,,,,,,,,,,,,,,,,,,,,,-,-,-,-,-,-,-,-,-,-,-,-,97.08,-0.92,0,0.0000,0.00%,0.00%,0.00%,0.00%,0.00%,0.00%,-,-,0.00,0.00,-,-,-,-,-,A-GOVDBT,-
TB15Y0127,15Y BGTB 18/01/2027,G-SEC (T.Bond),A,0.00,-,0.00,-0.04,100.70,0.0000,0,,,,,,,,,,,,,,,,,,,,,,-,-,-,-,-,-,-,-,-,-,-,-,100.74,-0.04,0,0.0000,0.00%,0.00%,0.00%,0.00%,0.00%,0.00%,-,-,0.00,0.00,-,-,-,-,-,A-GOVDBT,-
TB15Y0128,15Y BGTB 16/01/2028,G-SEC (T.Bond),A,0.00,-,0.00,-0.67,103.77,0.0000,0,,,,,,,,,,,,,,,,,,,,,,-,-,-,-,-,-,-,-,-,-,-,-,104.47,-0.70,0,0.0000,0.00%,0.00%,0.00%,0.00%,0.00%,0.00%,-,-,0.00,0.00,-,-,-,-,-,A-GOVDBT,-
TB15Y0129,15Y BGTB 29/01/2029,G-SEC (T.Bond),A,0.00,-,0.00,-0.68,106.61,0.0000,0,,,,,,,,,,,,,,,,,,,,,,-,-,-,-,-,-,-,-,-,-,-,-,107.34,-0.73,0,0.0000,0.00%,0.00%,0.00%,0.00%,0.00%,0.00%,-,-,0.00,0.00,-,-,-,-,-,A-GOVDBT,-
TB15Y0227,15Y BGTB 22/02/2027,G-SEC (T.Bond),A,0.00,-,0.00,-0.08,100.96,0.0000,0,,,,,,,,,,,,,,,,,,,,,,-,-,-,-,-,-,-,-,-,-,-,-,101.04,-0.08,0,0.0000,0.00%,0.00%,0.00%,0.00%,0.00%,0.00%,-,-,0.00,0.00,-,-,-,-,-,A-GOVDBT,-
TB15Y0228,15Y BGTB 20/02/2028,G-SEC (T.Bond),A,0.00,-,0.00,-0.71,104.18,0.0000,0,,,,,,,,,,,,,,,,,,,,,,-,-,-,-,-,-,-,-,-,-,-,-,104.92,-0.74,0,0.0000,0.00%,0.00%,0.00%,0.00%,0.00%,0.00%,-,-,0.00,0.00,-,-,-,-,-,A-GOVDBT,-
TB15Y0229,15Y BGTB 26/02/2029,G-SEC (T.Bond),A,0.00,-,0.00,-0.67,106.58,0.0000,0,,,,,,,,,,,,,,,,,,,,,,-,-,-,-,-,-,-,-,-,-,-,-,107.30,-0.72,0,0.0000,0.00%,0.00%,0.00%,0.00%,0.00%,0.00%,-,-,0.00,0.00,-,-,-,-,-,A-GOVDBT,-
TB15Y0327,15Y BGTB 21/03/2027,G-SEC (T.Bond),A,0.00,-,0.00,-0.11,101.22,0.0000,0,,,,,,,,,,,,,,,,,,,,,,-,-,-,-,-,-,-,-,-,-,-,-,101.33,-0.11,0,0.0000,0.00%,0.00%,0.00%,0.00%,0.00%,0.00%,-,-,0.00,0.00,-,-,-,-,-,A-GOVDBT,-
TB15Y0328,15Y BGTB 20/03/2028,G-SEC (T.Bond),A,0.00,-,0.00,-0.73,104.55,0.0000,0,,,,,,,,,,,,,,,,,,,,,,-,-,-,-,-,-,-,-,-,-,-,-,105.32,-0.77,0,0.0000,0.00%,0.00%,0.00%,0.00%,0.00%,0.00%,-,-,0.00,0.00,-,-,-,-,-,A-GOVDBT,-
TB15Y0329,15Y BGTB 27/03/2029,G-SEC (T.Bond),A,0.00,-,0.00,-0.65,106.58,0.0000,0,,,,,,,,,,,,,,,,,,,,,,-,-,-,-,-,-,-,-,-,-,-,-,107.28,-0.70,0,0.0000,0.00%,0.00%,0.00%,0.00%,0.00%,0.00%,-,-,0.00,0.00,-,-,-,-,-,A-GOVDBT,-
TB15Y0339,15Y BGTB 27/03/2039,G-SEC (T.Bond),A,0.00,-,0.00,-0.36,121.19,0.0000,0,71.5503,-10.8292,122.5150,0.0000,0.0000,118.7331,117.6919,115.3036,2.3883,1.2258,132.2014,112.8286,0.0000,0.0000,121.3367,121.8808,122.3590,-0.0841,0.0000,0.0000,0.0000,-,-,-,-,-,-,-,-,-,-,-,-,121.63,-0.44,0,0.0000,0.00%,0.00%,0.00%,0.00%,0.00%,0.00%,-,-,0.00,0.00,-,-,-,-,-,A-GOVDBT,-
TB15Y0340,15Y BGTB 27/03/2040,G-SEC (T.Bond),A,0.00,-,0.00,-0.01,123.07,0.0000,0,59.5600,-29.4816,126.0255,0.0000,0.0000,121.6274,120.4279,117.6020,2.8259,1.5215,138.1620,113.8890,0.0000,0.0000,125.6918,126.0271,126.1760,0.3150,0.0000,0.0000,0.0000,-,-,-,-,-,-,-,-,-,-,-,-,123.08,-0.01,0,0.0000,0.00%,0.00%,0.00%,0.00%,0.00%,0.00%,-,-,0.00,0.00,-,-,-,-,-,A-GOVDBT,-
TB15Y0427,15Y BGTB 18/04/2027,G-SEC (T.Bond),A,0.00,-,0.00,-0.14,101.44,0.0000,0,,,,,,,,,,,,,,,,,,,,,,-,-,-,-,-,-,-,-,-,-,-,-,101.58,-0.14,0,0.0000,0.00%,0.00%,0.00%,0.00%,0.00%,0.00%,-,-,0.00,0.00,-,-,-,-,-,A-GOVDBT,-
TB15Y0428,15Y BGTB 17/04/2028,G-SEC (T.Bond),A,0.00,-,0.00,-0.75,104.78,0.0000,0,,,,,,,,,,,,,,,,,,,,,,-,-,-,-,-,-,-,-,-,-,-,-,105.57,-0.79,0,0.0000,0.00%,0.00%,0.00%,0.00%,0.00%,0.00%,-,-,0.00,0.00,-,-,-,-,-,A-GOVDBT,-
TB15Y0429,15Y BGTB 23/04/2029,G-SEC (T.Bond),A,0.00,-,0.00,-0.63,106.65,0.0000,0,,,,,,,,,,,,,,,,,,,,,,-,-,-,-,-,-,-,-,-,-,-,-,107.33,-0.68,0,0.0000,0.00%,0.00%,0.00%,0.00%,0.00%,0.00%,-,-,0.00,0.00,-,-,-,-,-,A-GOVDBT,-
TB15Y0431,15Y BGTB 27/04/2031,G-SEC (T.Bond),A,0.00,-,0.00,0.06,94.54,0.0000,0,,,,,,,,,,,,,,,,,,,,,,-,-,-,-,-,-,-,-,-,-,-,-,94.48,0.06,0,0.0000,0.00%,0.00%,0.00%,0.00%,0.00%,0.00%,-,-,0.00,0.00,-,-,-,-,-,A-GOVDBT,-
TB15Y0437,15Y BGTB 27/04/2037,G-SEC (T.Bond),A,0.00,-,0.00,1.69,95.83,0.0000,0,,,,,,,,,,,,,,,,,,,,,,-,-,-,-,-,-,-,-,-,-,-,-,94.24,1.59,0,0.0000,0.00%,0.00%,0.00%,0.00%,0.00%,0.00%,-,-,0.00,0.00,-,-,-,-,-,A-GOVDBT,-
TB15Y0527,15Y BGTB 23/05/2027,G-SEC (T.Bond),A,0.00,-,0.00,-0.20,101.70,0.0000,0,,,,,,,,,,,,,,,,,,,,,,-,-,-,-,-,-,-,-,-,-,-,-,101.90,-0.20,0,0.0000,0.00%,0.00%,0.00%,0.00%,0.00%,0.00%,-,-,0.00,0.00,-,-,-,-,-,A-GOVDBT,-
TB15Y0528,15Y BGTB 22/05/2028,G-SEC (T.Bond),A,0.00,-,0.00,-0.78,105.06,0.0000,0,,,,,,,,,,,,,,,,,,,,,,-,-,-,-,-,-,-,-,-,-,-,-,105.89,-0.83,0,0.0000,0.00%,0.00%,0.00%,0.00%,0.00%,0.00%,-,-,0.00,0.00,-,-,-,-,-,A-GOVDBT,-
TB15Y0529,15Y BGTB 28/05/2029,G-SEC (T.Bond),A,0.00,-,0.00,-0.60,106.84,0.0000,0,,,,,,,,,,,,,,,,,,,,,,-,-,-,-,-,-,-,-,-,-,-,-,107.49,-0.65,0,0.0000,0.00%,0.00%,0.00%,0.00%,0.00%,0.00%,-,-,0.00,0.00,-,-,-,-,-,A-GOVDBT,-
TB15Y0535,15Y BGTB 13/05/2035,G-SEC (T.Bond),A,0.00,-,0.00,0.26,98.28,0.0000,0,,,,,,,,,,,,,,,,,,,,,,-,-,-,-,-,-,-,-,-,-,-,-,98.03,0.25,0,0.0000,0.00%,0.00%,0.00%,0.00%,0.00%,0.00%,-,-,0.00,0.00,-,-,-,-,-,A-GOVDBT,-
TB15Y0627,15Y BGTB 20/06/2027,G-SEC (T.Bond),A,0.00,-,0.00,-0.24,101.93,0.0000,0,,,,,,,,,,,,,,,,,,,,,,-,-,-,-,-,-,-,-,-,-,-,-,102.18,-0.25,0,0.0000,0.00%,0.00%,0.00%,0.00%,0.00%,0.00%,-,-,0.00,0.00,-,-,-,-,-,A-GOVDBT,-
TB15Y0628,15Y BGTB 19/06/2028,G-SEC (T.Bond),A,0.00,-,0.00,-0.79,105.32,0.0000,0,,,,,,,,,,,,,,,,,,,,,,-,-,-,-,-,-,-,-,-,-,-,-,106.16,-0.84,0,0.0000,0.00%,0.00%,0.00%,0.00%,0.00%,0.00%,-,-,0.00,0.00,-,-,-,-,-,A-GOVDBT,-
TB15Y0629,15Y BGTB 25/06/2029,G-SEC (T.Bond),A,0.00,-,0.00,-0.59,106.98,0.0000,0,,,,,,,,,,,,,,,,,,,,,,-,-,-,-,-,-,-,-,-,-,-,-,107.62,-0.64,0,0.0000,0.00%,0.00%,0.00%,0.00%,0.00%,0.00%,-,-,0.00,0.00,-,-,-,-,-,A-GOVDBT,-
TB15Y0635,15Y BGTB 24/06/2035,G-SEC (T.Bond),A,0.00,-,0.00,0.60,97.02,0.0000,0,,,,,,,,,,,,,,,,,,,,,,-,-,-,-,-,-,-,-,-,-,-,-,96.44,0.58,0,0.0000,0.00%,0.00%,0.00%,0.00%,0.00%,0.00%,-,-,0.00,0.00,-,-,-,-,-,A-GOVDBT,-
TB15Y0637,15Y BGTB 29/06/2037,G-SEC (T.Bond),A,0.00,-,0.00,1.79,100.13,0.0000,0,,,,,,,,,,,,,,,,,,,,,,-,-,-,-,-,-,-,-,-,-,-,-,98.37,1.76,0,0.0000,0.00%,0.00%,0.00%,0.00%,0.00%,0.00%,-,-,0.00,0.00,-,-,-,-,-,A-GOVDBT,-
TB15Y0727,15Y BGTB 18/07/2027,G-SEC (T.Bond),A,0.00,-,0.00,-0.35,102.12,0.0000,0,,,,,,,,,,,,,,,,,,,,,,-,-,-,-,-,-,-,-,-,-,-,-,102.48,-0.36,0,0.0000,0.00%,0.00%,0.00%,0.00%,0.00%,0.00%,-,-,0.00,0.00,-,-,-,-,-,A-GOVDBT,-
TB15Y0728,15Y BGTB 24/07/2028,G-SEC (T.Bond),A,0.00,-,0.00,-0.77,105.62,0.0000,0,,,,,,,,,,,,,,,,,,,,,,-,-,-,-,-,-,-,-,-,-,-,-,106.44,-0.82,0,0.0000,0.00%,0.00%,0.00%,0.00%,0.00%,0.00%,-,-,0.00,0.00,-,-,-,-,-,A-GOVDBT,-
TB15Y0729,15Y BGTB 23/07/2029,G-SEC (T.Bond),A,0.00,-,0.00,-0.56,106.90,0.0000,0,,,,,,,,,,,,,,,,,,,,,,-,-,-,-,-,-,-,-,-,-,-,-,107.50,-0.60,0,0.0000,0.00%,0.00%,0.00%,0.00%,0.00%,0.00%,-,-,0.00,0.00,-,-,-,-,-,A-GOVDBT,-
TB15Y0730,15Y BGTB 29/07/2030,G-SEC (T.Bond),A,0.00,-,0.00,-0.08,103.01,0.0000,0,,,,,,,,,,,,,,,,,,,,,,-,-,-,-,-,-,-,-,-,-,-,-,103.09,-0.08,0,0.0000,0.00%,0.00%,0.00%,0.00%,0.00%,0.00%,-,-,0.00,0.00,-,-,-,-,-,A-GOVDBT,-
TB15Y0736,15Y BGTB 28/07/2036,G-SEC (T.Bond),A,0.00,-,0.00,1.20,79.30,0.0000,0,,,,,,,,,,,,,,,,,,,,,,-,-,-,-,-,-,-,-,-,-,-,-,78.36,0.94,0,0.0000,0.00%,0.00%,0.00%,0.00%,0.00%,0.00%,-,-,0.00,0.00,-,-,-,-,-,A-GOVDBT,-
TB15Y0828,15Y BGTB 29/08/2028,G-SEC (T.Bond),A,0.00,-,0.00,-0.73,105.93,0.0000,0,,,,,,,,,,,,,,,,,,,,,,-,-,-,-,-,-,-,-,-,-,-,-,106.71,-0.78,0,0.0000,0.00%,0.00%,0.00%,0.00%,0.00%,0.00%,-,-,0.00,0.00,-,-,-,-,-,A-GOVDBT,-
TB15Y0829,15Y BGTB 27/08/2029,G-SEC (T.Bond),A,0.00,-,0.00,-0.53,106.39,0.0000,0,,,,,,,,,,,,,,,,,,,,,,-,-,-,-,-,-,-,-,-,-,-,-,106.96,-0.57,0,0.0000,0.00%,0.00%,0.00%,0.00%,0.00%,0.00%,-,-,0.00,0.00,-,-,-,-,-,A-GOVDBT,-
TB15Y0840,15Y BGTB 27/08/2040,G-SEC (T.Bond),A,0.00,-,0.00,1.29,107.95,0.0000,0,,,,,,,,,,,,,,,,,,,,,,-,-,-,-,-,-,-,-,-,-,-,-,106.58,1.37,0,0.0000,0.00%,0.00%,0.00%,0.00%,0.00%,0.00%,-,-,0.00,0.00,-,-,-,-,-,A-GOVDBT,-
TB15Y0927,15Y BGTB 19/09/2027,G-SEC (T.Bond),A,0.00,-,0.00,-0.71,102.38,0.0000,0,,,,,,,,,,,,,,,,,,,,,,-,-,-,-,-,-,-,-,-,-,-,-,103.11,-0.73,0,0.0000,0.00%,0.00%,0.00%,0.00%,0.00%,0.00%,-,-,0.00,0.00,-,-,-,-,-,A-GOVDBT,-
TB15Y0928,15Y BGTB 25/09/2028,G-SEC (T.Bond),A,0.00,-,0.00,-0.72,106.19,0.0000,0,,,,,,,,,,,,,,,,,,,,,,-,-,-,-,-,-,-,-,-,-,-,-,106.96,-0.77,0,0.0000,0.00%,0.00%,0.00%,0.00%,0.00%,0.00%,-,-,0.00,0.00,-,-,-,-,-,A-GOVDBT,-
TB15Y0929,15Y BGTB 24/09/2029,G-SEC (T.Bond),A,0.00,-,0.00,-0.51,106.30,0.0000,0,,,,,,,,,,,,,,,,,,,,,,-,-,-,-,-,-,-,-,-,-,-,-,106.84,-0.54,0,0.0000,0.00%,0.00%,0.00%,0.00%,0.00%,0.00%,-,-,0.00,0.00,-,-,-,-,-,A-GOVDBT,-
TB15Y0930,15Y BGTB 23/09/2030,G-SEC (T.Bond),A,0.00,-,0.00,0.00,97.80,0.0000,0,,,,,,,,,,,,,,,,,,,,,,-,-,-,-,-,-,-,-,-,-,-,-,97.80,0.00,0,0.0000,0.00%,0.00%,0.00%,0.00%,0.00%,0.00%,-,-,0.00,0.00,-,-,-,-,-,A-GOVDBT,-
TB15Y0933,15Y BGTB 26/09/2033,G-SEC (T.Bond),A,0.00,-,0.00,-0.13,90.20,0.0000,0,,,,,,,,,,,,,,,,,,,,,,-,-,-,-,-,-,-,-,-,-,-,-,90.32,-0.12,0,0.0000,0.00%,0.00%,0.00%,0.00%,0.00%,0.00%,-,-,0.00,0.00,-,-,-,-,-,A-GOVDBT,-
TB15Y1026,15Y BGTB 19/10/2026,G-SEC (T.Bond),A,0.00,-,0.00,-0.01,100.08,0.0000,0,,,,,,,,,,,,,,,,,,,,,,-,-,-,-,-,-,-,-,-,-,-,-,100.09,-0.01,0,0.0000,0.00%,0.00%,0.00%,0.00%,0.00%,0.00%,-,-,0.00,0.00,-,-,-,-,-,A-GOVDBT,-
TB15Y1027,15Y BGTB 17/10/2027,G-SEC (T.Bond),A,0.00,-,0.00,-0.63,102.75,0.0000,0,,,,,,,,,,,,,,,,,,,,,,-,-,-,-,-,-,-,-,-,-,-,-,103.40,-0.65,0,0.0000,0.00%,0.00%,0.00%,0.00%,0.00%,0.00%,-,-,0.00,0.00,-,-,-,-,-,A-GOVDBT,-
TB15Y1028,15Y BGTB 23/10/2028,G-SEC (T.Bond),A,0.00,-,0.00,-0.71,106.39,0.0000,0,,,,,,,,,,,,,,,,,,,,,,-,-,-,-,-,-,-,-,-,-,-,-,107.15,-0.76,0,0.0000,0.00%,0.00%,0.00%,0.00%,0.00%,0.00%,-,-,0.00,0.00,-,-,-,-,-,A-GOVDBT,-
TB15Y1029,15Y BGTB 29/10/2029,G-SEC (T.Bond),A,0.00,-,0.00,-0.46,106.23,0.0000,0,,,,,,,,,,,,,,,,,,,,,,-,-,-,-,-,-,-,-,-,-,-,-,106.72,-0.49,0,0.0000,0.00%,0.00%,0.00%,0.00%,0.00%,0.00%,-,-,0.00,0.00,-,-,-,-,-,A-GOVDBT,-
TB15Y1126,15Y BGTB 16/11/2026,G-SEC (T.Bond),A,0.00,-,0.00,-0.02,100.22,0.0000,0,,,,,,,,,,,,,,,,,,,,,,-,-,-,-,-,-,-,-,-,-,-,-,100.24,-0.02,0,0.0000,0.00%,0.00%,0.00%,0.00%,0.00%,0.00%,-,-,0.00,0.00,-,-,-,-,-,A-GOVDBT,-
TB15Y1127,15Y BGTB 21/11/2027,G-SEC (T.Bond),A,0.00,-,0.00,-0.58,103.15,0.0000,0,,,,,,,,,,,,,,,,,,,,,,-,-,-,-,-,-,-,-,-,-,-,-,103.75,-0.60,0,0.0000,0.00%,0.00%,0.00%,0.00%,0.00%,0.00%,-,-,0.00,0.00,-,-,-,-,-,A-GOVDBT,-
TB15Y1128,15Y BGTB 27/11/2028,G-SEC (T.Bond),A,0.00,-,0.00,-0.71,106.37,0.0000,0,,,,,,,,,,,,,,,,,,,,,,-,-,-,-,-,-,-,-,-,-,-,-,107.13,-0.76,0,0.0000,0.00%,0.00%,0.00%,0.00%,0.00%,0.00%,-,-,0.00,0.00,-,-,-,-,-,A-GOVDBT,-
TB15Y1129,15Y BGTB 26/11/2029,G-SEC (T.Bond),A,0.00,-,0.00,-0.44,106.46,0.0000,0,,,,,,,,,,,,,,,,,,,,,,-,-,-,-,-,-,-,-,-,-,-,-,106.93,-0.47,0,0.0000,0.00%,0.00%,0.00%,0.00%,0.00%,0.00%,-,-,0.00,0.00,-,-,-,-,-,A-GOVDBT,-
TB15Y1133,15Y BGTB 28/11/2033,G-SEC (T.Bond),A,0.00,-,0.00,-0.28,91.67,0.0000,0,,,,,,,,,,,,,,,,,,,,,,-,-,-,-,-,-,-,-,-,-,-,-,91.93,-0.26,0,0.0000,0.00%,0.00%,0.00%,0.00%,0.00%,0.00%,-,-,0.00,0.00,-,-,-,-,-,A-GOVDBT,-
TB15Y1226,15Y BGTB 21/12/2026,G-SEC (T.Bond),A,0.00,-,0.00,-0.02,100.42,0.0000,0,,,,,,,,,,,,,,,,,,,,,,-,-,-,-,-,-,-,-,-,-,-,-,100.44,-0.02,0,0.0000,0.00%,0.00%,0.00%,0.00%,0.00%,0.00%,-,-,0.00,0.00,-,-,-,-,-,A-GOVDBT,-
TB15Y1227,15Y BGTB 19/12/2027,G-SEC (T.Bond),A,0.00,-,0.00,-0.62,103.45,0.0000,0,,,,,,,,,,,,,,,,,,,,,,-,-,-,-,-,-,-,-,-,-,-,-,104.10,-0.65,0,0.0000,0.00%,0.00%,0.00%,0.00%,0.00%,0.00%,-,-,0.00,0.00,-,-,-,-,-,A-GOVDBT,-
TB15Y1228,15Y BGTB 26/12/2028,G-SEC (T.Bond),A,0.00,-,0.00,-0.69,106.57,0.0000,0,,,,,,,,,,,,,,,,,,,,,,-,-,-,-,-,-,-,-,-,-,-,-,107.31,-0.74,0,0.0000,0.00%,0.00%,0.00%,0.00%,0.00%,0.00%,-,-,0.00,0.00,-,-,-,-,-,A-GOVDBT,-
TB20Y0128,20Y BGTB 23/01/2028,G-SEC (T.Bond),A,0.00,-,0.00,-0.68,105.01,0.0000,0,,,,,,,,,,,,,,,,,,,,,,-,-,-,-,-,-,-,-,-,-,-,-,105.73,-0.72,0,0.0000,0.00%,0.00%,0.00%,0.00%,0.00%,0.00%,-,-,0.00,0.00,-,-,-,-,-,A-GOVDBT,-
TB20Y0129,20Y BGTB 28/01/2029,G-SEC (T.Bond),A,0.00,-,0.00,-0.68,108.24,0.0000,0,,,,,,,,,,,,,,,,,,,,,,-,-,-,-,-,-,-,-,-,-,-,-,108.98,-0.74,0,0.0000,0.00%,0.00%,0.00%,0.00%,0.00%,0.00%,-,-,0.00,0.00,-,-,-,-,-,A-GOVDBT,-
TB20Y0131,20Y BGTB 26/01/2031,G-SEC (T.Bond),A,0.00,-,0.00,0.03,101.34,0.0000,0,,,,,,,,,,,,,,,,,,,,,,-,-,-,-,-,-,-,-,-,-,-,-,101.31,0.03,0,0.0000,0.00%,0.00%,0.00%,0.00%,0.00%,0.00%,-,-,0.00,0.00,-,-,-,-,-,A-GOVDBT,-
TB20Y0132,20Y BGTB 25/01/2032,G-SEC (T.Bond),A,0.00,-,0.00,-1.16,111.16,0.0000,0,,,,,,,,,,,,,,,,,,,,,,-,-,-,-,-,-,-,-,-,-,-,-,112.46,-1.30,0,0.0000,0.00%,0.00%,0.00%,0.00%,0.00%,0.00%,-,-,0.00,0.00,-,-,-,-,-,A-GOVDBT,-
TB20Y0133,20Y BGTB 23/01/2033,G-SEC (T.Bond),A,0.00,-,0.00,-0.74,115.64,0.0000,0,,,,,,,,,,,,,,,,,,,,,,-,-,-,-,-,-,-,-,-,-,-,-,116.50,-0.86,0,0.0000,0.00%,0.00%,0.00%,0.00%,0.00%,0.00%,-,-,0.00,0.00,-,-,-,-,-,A-GOVDBT,-
TB20Y0134,20Y BGTB 29/01/2034,G-SEC (T.Bond),A,0.00,-,0.00,-0.40,116.07,0.0000,0,,,,,,,,,,,,,,,,,,,,,,-,-,-,-,-,-,-,-,-,-,-,-,116.54,-0.47,0,0.0000,0.00%,0.00%,0.00%,0.00%,0.00%,0.00%,-,-,0.00,0.00,-,-,-,-,-,A-GOVDBT,-
TB20Y0143,20Y BGTB 25/01/2043,G-SEC (T.Bond),A,0.00,-,0.00,0.00,96.41,0.0000,0,67.5325,-5.7361,95.9010,0.0000,0.0000,95.4960,94.6072,92.2145,2.3927,1.5667,106.7874,85.0146,0.0000,-8197.0386,97.7742,97.5735,96.8222,0.4839,0.0000,0.0000,0.0000,-,-,-,-,-,-,-,-,-,-,-,-,96.41,0.00,0,0.0000,0.00%,0.00%,0.00%,0.00%,0.00%,0.00%,-,-,0.00,0.00,-,-,-,-,-,A-GOVDBT,-
TB20Y0228,20Y BGTB 27/02/2028,G-SEC (T.Bond),A,0.00,-,0.00,-0.71,105.32,0.0000,0,,,,,,,,,,,,,,,,,,,,,,-,-,-,-,-,-,-,-,-,-,-,-,106.07,-0.75,0,0.0000,0.00%,0.00%,0.00%,0.00%,0.00%,0.00%,-,-,0.00,0.00,-,-,-,-,-,A-GOVDBT,-
TB20Y0229,20Y BGTB 25/02/2029,G-SEC (T.Bond),A,0.00,-,0.00,-0.67,108.45,0.0000,0,,,,,,,,,,,,,,,,,,,,,,-,-,-,-,-,-,-,-,-,-,-,-,109.18,-0.73,0,0.0000,0.00%,0.00%,0.00%,0.00%,0.00%,0.00%,-,-,0.00,0.00,-,-,-,-,-,A-GOVDBT,-
TB20Y0230,20Y BGTB 24/02/2030,G-SEC (T.Bond),A,0.00,-,0.00,-0.30,100.07,0.0000,0,,,,,,,,,,,,,,,,,,,,,,-,-,-,-,-,-,-,-,-,-,-,-,100.37,-0.30,0,0.0000,0.00%,0.00%,0.00%,0.00%,0.00%,0.00%,-,-,0.00,0.00,-,-,-,-,-,A-GOVDBT,-
TB20Y0231,20Y BGTB 23/02/2031,G-SEC (T.Bond),A,0.00,-,0.00,0.03,101.28,0.0000,0,,,,,,,,,,,,,,,,,,,,,,-,-,-,-,-,-,-,-,-,-,-,-,101.25,0.03,0,0.0000,0.00%,0.00%,0.00%,0.00%,0.00%,0.00%,-,-,0.00,0.00,-,-,-,-,-,A-GOVDBT,-
TB20Y0232,20Y BGTB 29/02/2032,G-SEC (T.Bond),A,0.00,-,0.00,-1.55,111.57,0.0000,0,,,,,,,,,,,,,,,,,,,,,,-,-,-,-,-,-,-,-,-,-,-,-,113.33,-1.76,0,0.0000,0.00%,0.00%,0.00%,0.00%,0.00%,0.00%,-,-,0.00,0.00,-,-,-,-,-,A-GOVDBT,-
TB20Y0233,20Y BGTB 27/02/2033,G-SEC (T.Bond),A,0.00,-,0.00,-0.55,116.80,0.0000,0,,,,,,,,,,,,,,,,,,,,,,-,-,-,-,-,-,-,-,-,-,-,-,117.45,-0.65,0,0.0000,0.00%,0.00%,0.00%,0.00%,0.00%,0.00%,-,-,0.00,0.00,-,-,-,-,-,A-GOVDBT,-
TB20Y0234,20Y BGTB 26/02/2034,G-SEC (T.Bond),A,0.00,-,0.00,-0.55,116.04,0.0000,0,,,,,,,,,,,,,,,,,,,,,,-,-,-,-,-,-,-,-,-,-,-,-,116.68,-0.64,0,0.0000,0.00%,0.00%,0.00%,0.00%,0.00%,0.00%,-,-,0.00,0.00,-,-,-,-,-,A-GOVDBT,-
TB20Y0328,20Y BGTB 27/03/2028,G-SEC (T.Bond),A,0.00,-,0.00,-0.73,105.65,0.0000,0,,,,,,,,,,,,,,,,,,,,,,-,-,-,-,-,-,-,-,-,-,-,-,106.43,-0.78,0,0.0000,0.00%,0.00%,0.00%,0.00%,0.00%,0.00%,-,-,0.00,0.00,-,-,-,-,-,A-GOVDBT,-
TB20Y0329,20Y BGTB 25/03/2029,G-SEC (T.Bond),A,0.00,-,0.00,-0.66,108.69,0.0000,0,,,,,,,,,,,,,,,,,,,,,,-,-,-,-,-,-,-,-,-,-,-,-,109.41,-0.72,0,0.0000,0.00%,0.00%,0.00%,0.00%,0.00%,0.00%,-,-,0.00,0.00,-,-,-,-,-,A-GOVDBT,-
TB20Y0330,20Y BGTB 24/03/2030,G-SEC (T.Bond),A,0.00,-,0.00,-0.25,100.18,0.0000,0,,,,,,,,,,,,,,,,,,,,,,-,-,-,-,-,-,-,-,-,-,-,-,100.43,-0.25,0,0.0000,0.00%,0.00%,0.00%,0.00%,0.00%,0.00%,-,-,0.00,0.00,-,-,-,-,-,A-GOVDBT,-
TB20Y0331,20Y BGTB 23/03/2031,G-SEC (T.Bond),A,0.00,-,0.00,0.04,101.34,0.0000,0,,,,,,,,,,,,,,,,,,,,,,-,-,-,-,-,-,-,-,-,-,-,-,101.30,0.04,0,0.0000,0.00%,0.00%,0.00%,0.00%,0.00%,0.00%,-,-,0.00,0.00,-,-,-,-,-,A-GOVDBT,-
TB20Y0332,20Y BGTB 28/03/2032,G-SEC (T.Bond),A,0.00,-,0.00,-1.86,111.89,0.0000,0,,,,,,,,,,,,,,,,,,,,,,-,-,-,-,-,-,-,-,-,-,-,-,114.01,-2.12,0,0.0000,0.00%,0.00%,0.00%,0.00%,0.00%,0.00%,-,-,0.00,0.00,-,-,-,-,-,A-GOVDBT,-
TB20Y0333,20Y BGTB 27/03/2033,G-SEC (T.Bond),A,0.00,-,0.00,-0.44,117.13,0.0000,0,,,,,,,,,,,,,,,,,,,,,,-,-,-,-,-,-,-,-,-,-,-,-,117.65,-0.52,0,0.0000,0.00%,0.00%,0.00%,0.00%,0.00%,0.00%,-,-,0.00,0.00,-,-,-,-,-,A-GOVDBT,-
TB20Y0334,20Y BGTB 27/03/2034,G-SEC (T.Bond),A,0.00,-,0.00,-1.26,115.73,0.0000,0,,,,,,,,,,,,,,,,,,,,,,-,-,-,-,-,-,-,-,-,-,-,-,117.21,-1.48,0,0.0000,0.00%,0.00%,0.00%,0.00%,0.00%,0.00%,-,-,0.00,0.00,-,-,-,-,-,A-GOVDBT,-
TB20Y0342,20Y BGTB 30/03/2042,G-SEC (T.Bond),A,0.00,-,0.00,0.19,87.93,0.0000,0,,,,,,,,,,,,,,,,,,,,,,-,-,-,-,-,-,-,-,-,-,-,-,87.76,0.17,0,0.0000,0.00%,0.00%,0.00%,0.00%,0.00%,0.00%,-,-,0.00,0.00,-,-,-,-,-,A-GOVDBT,-
TB20Y0428,20Y BGTB 23/04/2028,G-SEC (T.Bond),A,0.00,-,0.00,-0.75,105.91,0.0000,0,,,,,,,,,,,,,,,,,,,,,,-,-,-,-,-,-,-,-,-,-,-,-,106.71,-0.80,0,0.0000,0.00%,0.00%,0.00%,0.00%,0.00%,0.00%,-,-,0.00,0.00,-,-,-,-,-,A-GOVDBT,-
TB20Y0429,20Y BGTB 29/04/2029,G-SEC (T.Bond),A,0.00,-,0.00,-0.63,105.58,0.0000,0,,,,,,,,,,,,,,,,,,,,,,-,-,-,-,-,-,-,-,-,-,-,-,106.25,-0.67,0,0.0000,0.00%,0.00%,0.00%,0.00%,0.00%,0.00%,-,-,0.00,0.00,-,-,-,-,-,A-GOVDBT,-
TB20Y0430,20Y BGTB 28/04/2030,G-SEC (T.Bond),A,0.00,-,0.00,-0.20,100.21,0.0000,0,,,,,,,,,,,,,,,,,,,,,,-,-,-,-,-,-,-,-,-,-,-,-,100.41,-0.20,0,0.0000,0.00%,0.00%,0.00%,0.00%,0.00%,0.00%,-,-,0.00,0.00,-,-,-,-,-,A-GOVDBT,-
TB20Y0431,20Y BGTB 27/04/2031,G-SEC (T.Bond),A,0.00,-,0.00,0.05,101.33,0.0000,0,,,,,,,,,,,,,,,,,,,,,,-,-,-,-,-,-,-,-,-,-,-,-,101.28,0.05,0,0.0000,0.00%,0.00%,0.00%,0.00%,0.00%,0.00%,-,-,0.00,0.00,-,-,-,-,-,A-GOVDBT,-
TB20Y0432,20Y BGTB 25/04/2032,G-SEC (T.Bond),A,0.00,-,0.00,-2.19,112.20,0.0000,0,,,,,,,,,,,,,,,,,,,,,,-,-,-,-,-,-,-,-,-,-,-,-,114.71,-2.51,0,0.0000,0.00%,0.00%,0.00%,0.00%,0.00%,0.00%,-,-,0.00,0.00,-,-,-,-,-,A-GOVDBT,-
TB20Y0433,20Y BGTB 24/04/2033,G-SEC (T.Bond),A,0.00,-,0.00,-0.37,117.09,0.0000,0,,,,,,,,,,,,,,,,,,,,,,-,-,-,-,-,-,-,-,-,-,-,-,117.52,-0.43,0,0.0000,0.00%,0.00%,0.00%,0.00%,0.00%,0.00%,-,-,0.00,0.00,-,-,-,-,-,A-GOVDBT,-
TB20Y0434,20Y BGTB 23/04/2034,G-SEC (T.Bond),A,0.00,-,0.00,-1.68,115.90,0.0000,0,,,,,,,,,,,,,,,,,,,,,,-,-,-,-,-,-,-,-,-,-,-,-,117.88,-1.98,0,0.0000,0.00%,0.00%,0.00%,0.00%,0.00%,0.00%,-,-,0.00,0.00,-,-,-,-,-,A-GOVDBT,-
TB20Y0436,20Y BGTB 27/04/2036,G-SEC (T.Bond),A,0.00,-,0.00,0.93,95.58,0.0000,0,,,,,,,,,,,,,,,,,,,,,,-,-,-,-,-,-,-,-,-,-,-,-,94.70,0.88,0,0.0000,0.00%,0.00%,0.00%,0.00%,0.00%,0.00%,-,-,0.00,0.00,-,-,-,-,-,A-GOVDBT,-
TB20Y0528,20Y BGTB 28/05/2028,G-SEC (T.Bond),A,0.00,-,0.00,-0.78,106.24,0.0000,0,,,,,,,,,,,,,,,,,,,,,,-,-,-,-,-,-,-,-,-,-,-,-,107.07,-0.83,0,0.0000,0.00%,0.00%,0.00%,0.00%,0.00%,0.00%,-,-,0.00,0.00,-,-,-,-,-,A-GOVDBT,-
TB20Y0529,20Y BGTB 27/05/2029,G-SEC (T.Bond),A,0.00,-,0.00,-0.61,104.80,0.0000,0,,,,,,,,,,,,,,,,,,,,,,-,-,-,-,-,-,-,-,-,-,-,-,105.44,-0.64,0,0.0000,0.00%,0.00%,0.00%,0.00%,0.00%,0.00%,-,-,0.00,0.00,-,-,-,-,-,A-GOVDBT,-
TB20Y0530,20Y BGTB 26/05/2030,G-SEC (T.Bond),A,0.00,-,0.00,-0.17,100.28,0.0000,0,,,,,,,,,,,,,,,,,,,,,,-,-,-,-,-,-,-,-,-,-,-,-,100.45,-0.17,0,0.0000,0.00%,0.00%,0.00%,0.00%,0.00%,0.00%,-,-,0.00,0.00,-,-,-,-,-,A-GOVDBT,-
TB20Y0531,20Y BGTB 25/05/2031,G-SEC (T.Bond),A,0.00,-,0.00,0.09,101.28,0.0000,0,,,,,,,,,,,,,,,,,,,,,,-,-,-,-,-,-,-,-,-,-,-,-,101.19,0.09,0,0.0000,0.00%,0.00%,0.00%,0.00%,0.00%,0.00%,-,-,0.00,0.00,-,-,-,-,-,A-GOVDBT,-
TB20Y0532,20Y BGTB 30/05/2032,G-SEC (T.Bond),A,0.00,-,0.00,-2.46,112.52,0.0000,0,,,,,,,,,,,,,,,,,,,,,,-,-,-,-,-,-,-,-,-,-,-,-,115.36,-2.84,0,0.0000,0.00%,0.00%,0.00%,0.00%,0.00%,0.00%,-,-,0.00,0.00,-,-,-,-,-,A-GOVDBT,-
TB20Y0533,20Y BGTB 29/05/2033,G-SEC (T.Bond),A,0.00,-,0.00,-0.27,116.98,0.0000,0,,,,,,,,,,,,,,,,,,,,,,-,-,-,-,-,-,-,-,-,-,-,-,117.30,-0.32,0,0.0000,0.00%,0.00%,0.00%,0.00%,0.00%,0.00%,-,-,0.00,0.00,-,-,-,-,-,A-GOVDBT,-
TB20Y0534,20Y BGTB 28/05/2034,G-SEC (T.Bond),A,0.00,-,0.00,-1.11,116.11,0.0000,0,,,,,,,,,,,,,,,,,,,,,,-,-,-,-,-,-,-,-,-,-,-,-,117.41,-1.30,0,0.0000,0.00%,0.00%,0.00%,0.00%,0.00%,0.00%,-,-,0.00,0.00,-,-,-,-,-,A-GOVDBT,-
TB20Y0540,20Y BGTB 20/05/2040,G-SEC (T.Bond),A,0.00,-,0.00,-0.06,99.15,0.0000,0,,,,,,,,,,,,,,,,,,,,,,-,-,-,-,-,-,-,-,-,-,-,-,99.21,-0.06,0,0.0000,0.00%,0.00%,0.00%,0.00%,0.00%,0.00%,-,-,0.00,0.00,-,-,-,-,-,A-GOVDBT,-
TB20Y0545,20Y BGTB 28/05/2045,G-SEC (T.Bond),A,0.00,-,0.00,1.97,125.00,0.0000,0,65.5537,-49.2439,113.9895,0.0000,0.0000,112.8171,112.4232,111.6986,0.7246,0.2006,122.1700,105.8090,0.0000,0.0000,116.1807,115.9555,115.1235,0.4785,0.0000,0.0000,0.0000,-,-,-,-,-,-,-,-,-,-,-,-,122.58,2.42,0,0.0000,0.00%,0.00%,0.00%,0.00%,0.00%,0.00%,-,-,0.00,0.00,-,-,-,-,-,A-GOVDBT,-
TB20Y0628,20Y BGTB 25/06/2028,G-SEC (T.Bond),A,0.00,-,0.00,-0.79,106.45,0.0000,0,,,,,,,,,,,,,,,,,,,,,,-,-,-,-,-,-,-,-,-,-,-,-,107.30,-0.85,0,0.0000,0.00%,0.00%,0.00%,0.00%,0.00%,0.00%,-,-,0.00,0.00,-,-,-,-,-,A-GOVDBT,-
TB20Y0629,20Y BGTB 24/06/2029,G-SEC (T.Bond),A,0.00,-,0.00,-0.58,102.49,0.0000,0,,,,,,,,,,,,,,,,,,,,,,-,-,-,-,-,-,-,-,-,-,-,-,103.09,-0.60,0,0.0000,0.00%,0.00%,0.00%,0.00%,0.00%,0.00%,-,-,0.00,0.00,-,-,-,-,-,A-GOVDBT,-
TB20Y0630,20Y BGTB 23/06/2030,G-SEC (T.Bond),A,0.00,-,0.00,-0.13,100.13,0.0000,0,,,,,,,,,,,,,,,,,,,,,,-,-,-,-,-,-,-,-,-,-,-,-,100.26,-0.13,0,0.0000,0.00%,0.00%,0.00%,0.00%,0.00%,0.00%,-,-,0.00,0.00,-,-,-,-,-,A-GOVDBT,-
TB20Y0631,20Y BGTB 29/06/2031,G-SEC (T.Bond),A,0.00,-,0.00,0.24,101.33,0.0000,0,,,,,,,,,,,,,,,,,,,,,,-,-,-,-,-,-,-,-,-,-,-,-,101.09,0.24,0,0.0000,0.00%,0.00%,0.00%,0.00%,0.00%,0.00%,-,-,0.00,0.00,-,-,-,-,-,A-GOVDBT,-
TB20Y0632,20Y BGTB 27/06/2032,G-SEC (T.Bond),A,0.00,-,0.00,-1.97,112.77,0.0000,0,,,,,,,,,,,,,,,,,,,,,,-,-,-,-,-,-,-,-,-,-,-,-,115.04,-2.27,0,0.0000,0.00%,0.00%,0.00%,0.00%,0.00%,0.00%,-,-,0.00,0.00,-,-,-,-,-,A-GOVDBT,-
TB20Y0633,20Y BGTB 26/06/2033,G-SEC (T.Bond),A,0.00,-,0.00,-0.20,116.98,0.0000,0,,,,,,,,,,,,,,,,,,,,,,-,-,-,-,-,-,-,-,-,-,-,-,117.22,-0.24,0,0.0000,0.00%,0.00%,0.00%,0.00%,0.00%,0.00%,-,-,0.00,0.00,-,-,-,-,-,A-GOVDBT,-
TB20Y0634,20Y BGTB 25/06/2034,G-SEC (T.Bond),A,0.00,-,0.00,-0.69,116.18,0.0000,0,,,,,,,,,,,,,,,,,,,,,,-,-,-,-,-,-,-,-,-,-,-,-,116.99,-0.81,0,0.0000,0.00%,0.00%,0.00%,0.00%,0.00%,0.00%,-,-,0.00,0.00,-,-,-,-,-,A-GOVDBT,-
TB20Y0639,20Y BGTB 26/06/2039,G-SEC (T.Bond),A,0.00,-,0.00,0.05,100.26,0.0000,0,,,,,,,,,,,,,,,,,,,,,,-,-,-,-,-,-,-,-,-,-,-,-,100.21,0.05,0,0.0000,0.00%,0.00%,0.00%,0.00%,0.00%,0.00%,-,-,0.00,0.00,-,-,-,-,-,A-GOVDBT,-
TB20Y0640,20Y BGTB 24/06/2040,G-SEC (T.Bond),A,0.00,-,0.00,0.42,97.31,0.0000,0,,,,,,,,,,,,,,,,,,,,,,-,-,-,-,-,-,-,-,-,-,-,-,96.90,0.41,0,0.0000,0.00%,0.00%,0.00%,0.00%,0.00%,0.00%,-,-,0.00,0.00,-,-,-,-,-,A-GOVDBT,-
TB20Y0641,20Y BGTB 30/06/2041,G-SEC (T.Bond),A,0.00,-,0.00,0.81,74.74,0.0000,0,,,,,,,,,,,,,,,,,,,,,,-,-,-,-,-,-,-,-,-,-,-,-,74.14,0.60,0,0.0000,0.00%,0.00%,0.00%,0.00%,0.00%,0.00%,-,-,0.00,0.00,-,-,-,-,-,A-GOVDBT,-
TB20Y0642,20Y BGTB 29/06/2042,G-SEC (T.Bond),A,0.00,-,0.00,0.00,95.24,0.0000,0,,,,,,,,,,,,,,,,,,,,,,-,-,-,-,-,-,-,-,-,-,-,-,95.24,0.00,0,0.0000,0.00%,0.00%,0.00%,0.00%,0.00%,0.00%,-,-,0.00,0.00,-,-,-,-,-,A-GOVDBT,-
TB20Y0727,20Y BGTB 25/07/2027,G-SEC (T.Bond),A,0.00,-,0.00,-0.44,105.24,0.0000,0,,,,,,,,,,,,,,,,,,,,,,-,-,-,-,-,-,-,-,-,-,-,-,105.70,-0.46,0,0.0000,0.00%,0.00%,0.00%,0.00%,0.00%,0.00%,-,-,0.00,0.00,-,-,-,-,-,A-GOVDBT,-
TB20Y0728,20Y BGTB 23/07/2028,G-SEC (T.Bond),A,0.00,-,0.00,-0.77,106.70,0.0000,0,,,,,,,,,,,,,,,,,,,,,,-,-,-,-,-,-,-,-,-,-,-,-,107.53,-0.83,0,0.0000,0.00%,0.00%,0.00%,0.00%,0.00%,0.00%,-,-,0.00,0.00,-,-,-,-,-,A-GOVDBT,-
TB20Y0729,20Y BGTB 29/07/2029,G-SEC (T.Bond),A,0.00,-,0.00,-0.56,99.86,0.0000,0,,,,,,,,,,,,,,,,,,,,,,-,-,-,-,-,-,-,-,-,-,-,-,100.42,-0.56,0,0.0000,0.00%,0.00%,0.00%,0.00%,0.00%,0.00%,-,-,0.00,0.00,-,-,-,-,-,A-GOVDBT,-
TB20Y0730,20Y BGTB 29/07/2030,G-SEC (T.Bond),A,0.00,-,0.00,-0.08,100.29,0.0000,0,,,,,,,,,,,,,,,,,,,,,,-,-,-,-,-,-,-,-,-,-,-,-,100.37,-0.08,0,0.0000,0.00%,0.00%,0.00%,0.00%,0.00%,0.00%,-,-,0.00,0.00,-,-,-,-,-,A-GOVDBT,-
TB20Y0731,20Y BGTB 27/07/2031,G-SEC (T.Bond),A,0.00,-,0.00,0.35,102.71,0.0000,0,,,,,,,,,,,,,,,,,,,,,,-,-,-,-,-,-,-,-,-,-,-,-,102.35,0.36,0,0.0000,0.00%,0.00%,0.00%,0.00%,0.00%,0.00%,-,-,0.00,0.00,-,-,-,-,-,A-GOVDBT,-
TB20Y0732,20Y BGTB 25/07/2032,G-SEC (T.Bond),A,0.00,-,0.00,-1.48,112.94,0.0000,0,,,,,,,,,,,,,,,,,,,,,,-,-,-,-,-,-,-,-,-,-,-,-,114.64,-1.70,0,0.0000,0.00%,0.00%,0.00%,0.00%,0.00%,0.00%,-,-,0.00,0.00,-,-,-,-,-,A-GOVDBT,-
TB20Y0733,20Y BGTB 24/07/2033,G-SEC (T.Bond),A,0.00,-,0.00,-0.14,116.93,0.0000,0,,,,,,,,,,,,,,,,,,,,,,-,-,-,-,-,-,-,-,-,-,-,-,117.09,-0.16,0,0.0000,0.00%,0.00%,0.00%,0.00%,0.00%,0.00%,-,-,0.00,0.00,-,-,-,-,-,A-GOVDBT,-
TB20Y0734,20Y BGTB 23/07/2034,G-SEC (T.Bond),A,0.00,-,0.00,-0.61,116.26,0.0000,0,,,,,,,,,,,,,,,,,,,,,,-,-,-,-,-,-,-,-,-,-,-,-,116.97,-0.71,0,0.0000,0.00%,0.00%,0.00%,0.00%,0.00%,0.00%,-,-,0.00,0.00,-,-,-,-,-,A-GOVDBT,-
TB20Y0735,20Y BGTB 29/07/2035,G-SEC (T.Bond),A,0.00,-,0.00,1.13,106.91,0.0000,0,,,,,,,,,,,,,,,,,,,,,,-,-,-,-,-,-,-,-,-,-,-,-,105.72,1.19,0,0.0000,0.00%,0.00%,0.00%,0.00%,0.00%,0.00%,-,-,0.00,0.00,-,-,-,-,-,A-GOVDBT,-
TB20Y0744,20Y BGTB 28/07/2044,G-SEC (T.Bond),A,27899.97,-,0.00,0.03,128.76,0.0000,0,46.8983,-66.6667,129.7950,125.7776,0.0000,127.4805,126.6761,123.3956,3.2805,3.0578,144.7290,114.8610,0.0000,4952.3912,130.6260,130.9069,130.5169,0.4936,0.0000,0.0000,0.0000,-,-,-,-,-,-,-,-,-,-,-,-,128.72,0.04,0,0.0000,0.00%,0.00%,0.00%,0.00%,0.00%,0.00%,-,-,0.00,0.00,-,-,-,-,2166820000.00,A-GOVDBT,216682000
TB20Y0827,20Y BGTB 29/08/2027,G-SEC (T.Bond),A,0.00,-,0.00,-0.73,105.20,0.0000,0,,,,,,,,,,,,,,,,,,,,,,-,-,-,-,-,-,-,-,-,-,-,-,105.97,-0.77,0,0.0000,0.00%,0.00%,0.00%,0.00%,0.00%,0.00%,-,-,0.00,0.00,-,-,-,-,-,A-GOVDBT,-
TB20Y0828,20Y BGTB 27/08/2028,G-SEC (T.Bond),A,0.00,-,0.00,-0.73,107.06,0.0000,0,,,,,,,,,,,,,,,,,,,,,,-,-,-,-,-,-,-,-,-,-,-,-,107.85,-0.79,0,0.0000,0.00%,0.00%,0.00%,0.00%,0.00%,0.00%,-,-,0.00,0.00,-,-,-,-,-,A-GOVDBT,-
TB20Y0829,20Y BGTB 26/08/2029,G-SEC (T.Bond),A,0.00,-,0.00,-0.52,98.90,0.0000,0,,,,,,,,,,,,,,,,,,,,,,-,-,-,-,-,-,-,-,-,-,-,-,99.42,-0.52,0,0.0000,0.00%,0.00%,0.00%,0.00%,0.00%,0.00%,-,-,0.00,0.00,-,-,-,-,-,A-GOVDBT,-
TB20Y0830,20Y BGTB 25/08/2030,G-SEC (T.Bond),A,0.00,-,0.00,-0.03,100.40,0.0000,0,,,,,,,,,,,,,,,,,,,,,,-,-,-,-,-,-,-,-,-,-,-,-,100.43,-0.03,0,0.0000,0.00%,0.00%,0.00%,0.00%,0.00%,0.00%,-,-,0.00,0.00,-,-,-,-,-,A-GOVDBT,-
TB20Y0831,20Y BGTB 24/08/2031,G-SEC (T.Bond),A,0.00,-,0.00,0.46,103.74,0.0000,0,,,,,,,,,,,,,,,,,,,,,,-,-,-,-,-,-,-,-,-,-,-,-,103.26,0.48,0,0.0000,0.00%,0.00%,0.00%,0.00%,0.00%,0.00%,-,-,0.00,0.00,-,-,-,-,-,A-GOVDBT,-
TB20Y0832,20Y BGTB 29/08/2032,G-SEC (T.Bond),A,0.00,-,0.00,-0.85,113.33,0.0000,0,,,,,,,,,,,,,,,,,,,,,,-,-,-,-,-,-,-,-,-,-,-,-,114.30,-0.97,0,0.0000,0.00%,0.00%,0.00%,0.00%,0.00%,0.00%,-,-,0.00,0.00,-,-,-,-,-,A-GOVDBT,-
TB20Y0833,20Y BGTB 29/08/2033,G-SEC (T.Bond),A,0.00,-,0.00,-0.09,116.93,0.0000,0,,,,,,,,,,,,,,,,,,,,,,-,-,-,-,-,-,-,-,-,-,-,-,117.04,-0.11,0,0.0000,0.00%,0.00%,0.00%,0.00%,0.00%,0.00%,-,-,0.00,0.00,-,-,-,-,-,A-GOVDBT,-
TB20Y0834,20Y BGTB 27/08/2034,G-SEC (T.Bond),A,0.00,-,0.00,-0.49,115.34,0.0000,0,,,,,,,,,,,,,,,,,,,,,,-,-,-,-,-,-,-,-,-,-,-,-,115.91,-0.57,0,0.0000,0.00%,0.00%,0.00%,0.00%,0.00%,0.00%,-,-,0.00,0.00,-,-,-,-,-,A-GOVDBT,-
TB20Y0845,20Y BGTB 27/08/2045,G-SEC (T.Bond),A,10804.00,-,0.00,2.54,108.04,0.0000,0,,,,,,,,,,,,,,,,,,,,,,-,-,-,-,-,-,-,-,-,-,-,-,105.36,2.68,0,0.0000,0.00%,0.00%,0.00%,0.00%,0.00%,0.00%,-,-,0.00,0.00,-,-,-,-,1000000000.00,A-GOVDBT,100000000
TB20Y0927,20Y BGTB 26/09/2027,G-SEC (T.Bond),A,0.00,-,0.00,-0.70,104.61,0.0000,0,,,,,,,,,,,,,,,,,,,,,,-,-,-,-,-,-,-,-,-,-,-,-,105.35,-0.74,0,0.0000,0.00%,0.00%,0.00%,0.00%,0.00%,0.00%,-,-,0.00,0.00,-,-,-,-,-,A-GOVDBT,-
TB20Y0928,20Y BGTB 24/09/2028,G-SEC (T.Bond),A,0.00,-,0.00,-0.72,107.33,0.0000,0,,,,,,,,,,,,,,,,,,,,,,-,-,-,-,-,-,-,-,-,-,-,-,108.11,-0.78,0,0.0000,0.00%,0.00%,0.00%,0.00%,0.00%,0.00%,-,-,0.00,0.00,-,-,-,-,-,A-GOVDBT,-
TB20Y0930,20Y BGTB 29/09/2030,G-SEC (T.Bond),A,0.00,-,0.00,0.00,100.44,0.0000,0,,,,,,,,,,,,,,,,,,,,,,-,-,-,-,-,-,-,-,-,-,-,-,100.44,0.00,0,0.0000,0.00%,0.00%,0.00%,0.00%,0.00%,0.00%,-,-,0.00,0.00,-,-,-,-,-,A-GOVDBT,-
TB20Y0931,20Y BGTB 28/09/2031,G-SEC (T.Bond),A,0.00,-,0.00,0.11,106.21,0.0000,0,,,,,,,,,,,,,,,,,,,,,,-,-,-,-,-,-,-,-,-,-,-,-,106.09,0.12,0,0.0000,0.00%,0.00%,0.00%,0.00%,0.00%,0.00%,-,-,0.00,0.00,-,-,-,-,-,A-GOVDBT,-
TB20Y0932,20Y BGTB 26/09/2032,G-SEC (T.Bond),A,0.00,-,0.00,-0.45,113.51,0.0000,0,,,,,,,,,,,,,,,,,,,,,,-,-,-,-,-,-,-,-,-,-,-,-,114.02,-0.51,0,0.0000,0.00%,0.00%,0.00%,0.00%,0.00%,0.00%,-,-,0.00,0.00,-,-,-,-,-,A-GOVDBT,-
TB20Y0933,20Y BGTB 25/09/2033,G-SEC (T.Bond),A,0.00,-,0.00,-0.15,117.01,0.0000,0,,,,,,,,,,,,,,,,,,,,,,-,-,-,-,-,-,-,-,-,-,-,-,117.18,-0.17,0,0.0000,0.00%,0.00%,0.00%,0.00%,0.00%,0.00%,-,-,0.00,0.00,-,-,-,-,-,A-GOVDBT,-
TB20Y0934,20Y BGTB 24/09/2034,G-SEC (T.Bond),A,0.00,-,0.00,-0.40,116.03,0.0000,0,,,,,,,,,,,,,,,,,,,,,,-,-,-,-,-,-,-,-,-,-,-,-,116.50,-0.47,0,0.0000,0.00%,0.00%,0.00%,0.00%,0.00%,0.00%,-,-,0.00,0.00,-,-,-,-,-,A-GOVDBT,-
TB20Y1027,20Y BGTB 24/10/2027,G-SEC (T.Bond),A,0.00,-,0.00,-0.61,104.75,0.0000,0,,,,,,,,,,,,,,,,,,,,,,-,-,-,-,-,-,-,-,-,-,-,-,105.39,-0.64,0,0.0000,0.00%,0.00%,0.00%,0.00%,0.00%,0.00%,-,-,0.00,0.00,-,-,-,-,-,A-GOVDBT,-
TB20Y1028,20Y BGTB 29/10/2028,G-SEC (T.Bond),A,0.00,-,0.00,-0.71,107.58,0.0000,0,,,,,,,,,,,,,,,,,,,,,,-,-,-,-,-,-,-,-,-,-,-,-,108.35,-0.77,0,0.0000,0.00%,0.00%,0.00%,0.00%,0.00%,0.00%,-,-,0.00,0.00,-,-,-,-,-,A-GOVDBT,-
TB20Y1029,20Y BGTB 28/10/2029,G-SEC (T.Bond),A,0.00,-,0.00,-0.47,100.13,0.0000,0,,,,,,,,,,,,,,,,,,,,,,-,-,-,-,-,-,-,-,-,-,-,-,100.60,-0.47,0,0.0000,0.00%,0.00%,0.00%,0.00%,0.00%,0.00%,-,-,0.00,0.00,-,-,-,-,-,A-GOVDBT,-
TB20Y1030,20Y BGTB 27/10/2030,G-SEC (T.Bond),A,0.00,-,0.00,0.01,100.36,0.0000,0,,,,,,,,,,,,,,,,,,,,,,-,-,-,-,-,-,-,-,-,-,-,-,100.35,0.01,0,0.0000,0.00%,0.00%,0.00%,0.00%,0.00%,0.00%,-,-,0.00,0.00,-,-,-,-,-,A-GOVDBT,-
TB20Y1031,20Y BGTB 26/10/2031,G-SEC (T.Bond),A,0.00,-,0.00,-0.18,108.88,0.0000,0,,,,,,,,,,,,,,,,,,,,,,-,-,-,-,-,-,-,-,-,-,-,-,109.08,-0.20,0,0.0000,0.00%,0.00%,0.00%,0.00%,0.00%,0.00%,-,-,0.00,0.00,-,-,-,-,-,A-GOVDBT,-
TB20Y1032,20Y BGTB 25/10/2032,G-SEC (T.Bond),A,0.00,-,0.00,-0.59,113.68,0.0000,0,,,,,,,,,,,,,,,,,,,,,,-,-,-,-,-,-,-,-,-,-,-,-,114.36,-0.68,0,0.0000,0.00%,0.00%,0.00%,0.00%,0.00%,0.00%,-,-,0.00,0.00,-,-,-,-,-,A-GOVDBT,-
TB20Y1033,20Y BGTB 23/10/2033,G-SEC (T.Bond),A,0.00,-,0.00,-0.20,117.06,0.0000,0,,,,,,,,,,,,,,,,,,,,,,-,-,-,-,-,-,-,-,-,-,-,-,117.29,-0.23,0,0.0000,0.00%,0.00%,0.00%,0.00%,0.00%,0.00%,-,-,0.00,0.00,-,-,-,-,-,A-GOVDBT,-
TB20Y1034,20Y BGTB 29/10/2034,G-SEC (T.Bond),A,0.00,-,0.00,-0.28,116.25,0.0000,0,,,,,,,,,,,,,,,,,,,,,,-,-,-,-,-,-,-,-,-,-,-,-,116.58,-0.33,0,0.0000,0.00%,0.00%,0.00%,0.00%,0.00%,0.00%,-,-,0.00,0.00,-,-,-,-,-,A-GOVDBT,-
TB20Y1127,20Y BGTB 28/11/2027,G-SEC (T.Bond),A,0.00,-,0.00,-0.61,104.78,0.0000,0,,,,,,,,,,,,,,,,,,,,,,-,-,-,-,-,-,-,-,-,-,-,-,105.42,-0.64,0,0.0000,0.00%,0.00%,0.00%,0.00%,0.00%,0.00%,-,-,0.00,0.00,-,-,-,-,-,A-GOVDBT,-
TB20Y1128,20Y BGTB 26/11/2028,G-SEC (T.Bond),A,0.00,-,0.00,-0.70,107.80,0.0000,0,,,,,,,,,,,,,,,,,,,,,,-,-,-,-,-,-,-,-,-,-,-,-,108.56,-0.76,0,0.0000,0.00%,0.00%,0.00%,0.00%,0.00%,0.00%,-,-,0.00,0.00,-,-,-,-,-,A-GOVDBT,-
TB20Y1130,20Y BGTB 24/11/2030,G-SEC (T.Bond),A,0.00,-,0.00,0.02,100.96,0.0000,0,,,,,,,,,,,,,,,,,,,,,,-,-,-,-,-,-,-,-,-,-,-,-,100.94,0.02,0,0.0000,0.00%,0.00%,0.00%,0.00%,0.00%,0.00%,-,-,0.00,0.00,-,-,-,-,-,A-GOVDBT,-
TB20Y1131,20Y BGTB 23/11/2031,G-SEC (T.Bond),A,0.00,-,0.00,-0.48,109.00,0.0000,0,,,,,,,,,,,,,,,,,,,,,,-,-,-,-,-,-,-,-,-,-,-,-,109.53,-0.53,0,0.0000,0.00%,0.00%,0.00%,0.00%,0.00%,0.00%,-,-,0.00,0.00,-,-,-,-,-,A-GOVDBT,-
TB20Y1132,20Y BGTB 28/11/2032,G-SEC (T.Bond),A,0.00,-,0.00,-0.79,113.95,0.0000,0,,,,,,,,,,,,,,,,,,,,,,-,-,-,-,-,-,-,-,-,-,-,-,114.86,-0.91,0,0.0000,0.00%,0.00%,0.00%,0.00%,0.00%,0.00%,-,-,0.00,0.00,-,-,-,-,-,A-GOVDBT,-
TB20Y1133,20Y BGTB 27/11/2033,G-SEC (T.Bond),A,0.00,-,0.00,-0.27,116.34,0.0000,0,,,,,,,,,,,,,,,,,,,,,,-,-,-,-,-,-,-,-,-,-,-,-,116.65,-0.31,0,0.0000,0.00%,0.00%,0.00%,0.00%,0.00%,0.00%,-,-,0.00,0.00,-,-,-,-,-,A-GOVDBT,-
TB20Y1134,20Y BGTB 26/11/2034,G-SEC (T.Bond),A,0.00,-,0.00,-0.19,116.42,0.0000,0,,,,,,,,,,,,,,,,,,,,,,-,-,-,-,-,-,-,-,-,-,-,-,116.64,-0.22,0,0.0000,0.00%,0.00%,0.00%,0.00%,0.00%,0.00%,-,-,0.00,0.00,-,-,-,-,-,A-GOVDBT,-
TB20Y1135,20Y BGTB 25/11/2035,G-SEC (T.Bond),A,0.00,-,0.00,0.64,97.65,0.0000,0,,,,,,,,,,,,,,,,,,,,,,-,-,-,-,-,-,-,-,-,-,-,-,97.03,0.62,0,0.0000,0.00%,0.00%,0.00%,0.00%,0.00%,0.00%,-,-,0.00,0.00,-,-,-,-,-,A-GOVDBT,-
TB20Y1138,20Y BGTB 28/11/2038,G-SEC (T.Bond),A,0.00,-,0.00,0.41,93.62,0.0000,0,,,,,,,,,,,,,,,,,,,,,,-,-,-,-,-,-,-,-,-,-,-,-,93.24,0.38,0,0.0000,0.00%,0.00%,0.00%,0.00%,0.00%,0.00%,-,-,0.00,0.00,-,-,-,-,-,A-GOVDBT,-
TB20Y1227,20Y BGTB 26/12/2027,G-SEC (T.Bond),A,0.00,-,0.00,-0.64,104.85,0.0000,0,,,,,,,,,,,,,,,,,,,,,,-,-,-,-,-,-,-,-,-,-,-,-,105.53,-0.68,0,0.0000,0.00%,0.00%,0.00%,0.00%,0.00%,0.00%,-,-,0.00,0.00,-,-,-,-,-,A-GOVDBT,-
TB20Y1228,20Y BGTB 24/12/2028,G-SEC (T.Bond),A,0.00,-,0.00,-0.70,107.99,0.0000,0,,,,,,,,,,,,,,,,,,,,,,-,-,-,-,-,-,-,-,-,-,-,-,108.75,-0.76,0,0.0000,0.00%,0.00%,0.00%,0.00%,0.00%,0.00%,-,-,0.00,0.00,-,-,-,-,-,A-GOVDBT,-
TB20Y1229,20Y BGTB 23/12/2029,G-SEC (T.Bond),A,0.00,-,0.00,-0.40,100.08,0.0000,0,,,,,,,,,,,,,,,,,,,,,,-,-,-,-,-,-,-,-,-,-,-,-,100.48,-0.40,0,0.0000,0.00%,0.00%,0.00%,0.00%,0.00%,0.00%,-,-,0.00,0.00,-,-,-,-,-,A-GOVDBT,-
TB20Y1230,20Y BGTB 29/12/2030,G-SEC (T.Bond),A,0.00,-,0.00,0.02,101.29,0.0000,0,,,,,,,,,,,,,,,,,,,,,,-,-,-,-,-,-,-,-,-,-,-,-,101.27,0.02,0,0.0000,0.00%,0.00%,0.00%,0.00%,0.00%,0.00%,-,-,0.00,0.00,-,-,-,-,-,A-GOVDBT,-
TB20Y1231,20Y BGTB 28/12/2031,G-SEC (T.Bond),A,0.00,-,0.00,-0.85,109.17,0.0000,0,,,,,,,,,,,,,,,,,,,,,,-,-,-,-,-,-,-,-,-,-,-,-,110.11,-0.94,0,0.0000,0.00%,0.00%,0.00%,0.00%,0.00%,0.00%,-,-,0.00,0.00,-,-,-,-,-,A-GOVDBT,-
TB20Y1232,20Y BGTB 26/12/2032,G-SEC (T.Bond),A,0.00,-,0.00,-0.88,114.65,0.0000,0,,,,,,,,,,,,,,,,,,,,,,-,-,-,-,-,-,-,-,-,-,-,-,115.67,-1.02,0,0.0000,0.00%,0.00%,0.00%,0.00%,0.00%,0.00%,-,-,0.00,0.00,-,-,-,-,-,A-GOVDBT,-
TB20Y1233,20Y BGTB 26/12/2033,G-SEC (T.Bond),A,0.00,-,0.00,-0.33,116.38,0.0000,0,,,,,,,,,,,,,,,,,,,,,,-,-,-,-,-,-,-,-,-,-,-,-,116.77,-0.39,0,0.0000,0.00%,0.00%,0.00%,0.00%,0.00%,0.00%,-,-,0.00,0.00,-,-,-,-,-,A-GOVDBT,-
TB20Y1242,20Y BGTB 28/12/2042,G-SEC (T.Bond),A,0.00,-,0.00,2.04,96.94,0.0000,0,57.7156,-27.1804,99.2095,0.0000,0.0000,95.2213,93.8944,89.9426,3.9519,2.8977,116.8321,81.5869,0.0000,2603.1532,97.4227,98.0762,98.8334,0.5733,0.0000,0.0000,0.0000,-,-,-,-,-,-,-,-,-,-,-,-,95.00,1.94,0,0.0000,0.00%,0.00%,0.00%,0.00%,0.00%,0.00%,-,-,0.00,0.00,-,-,-,-,-,A-GOVDBT,-
TB2Y0126,,,,,,,,,,,58.6375,-22.5080,0.0000,0.0000,0.0000,100.3720,100.3646,100.3519,0.0128,0.0026,0.0000,0.0000,0.0000,0.0000,100.4411,100.4459,100.4364,0.0627,0.0000,0.0000,0.0000,,,,,,,,,,,,,,,,,,,,,,,,,,,,,,,,,
TB2Y0127,02Y BGTB 08/01/2027,G-SEC (T.Bond),A,0.00,-,0.00,-0.02,100.80,0.0000,0,52.7909,-32.0988,101.0270,0.0000,0.0000,100.7539,100.7947,100.9282,-0.1335,-0.1066,103.0372,99.0168,0.0000,0.0000,100.8858,100.9192,100.9764,0.0170,0.0000,0.0000,0.0000,-,-,-,-,-,-,-,-,-,-,-,-,100.82,-0.02,0,0.0000,0.00%,0.00%,0.00%,0.00%,0.00%,0.00%,-,-,0.00,0.00,-,-,-,-,-,A-GOVDBT,-
TB2Y0227,02 Year BGTB 05/02/2027,G-SEC (T.Bond),A,0.00,-,0.00,-0.05,100.64,0.0000,0,46.3956,-13.8298,0.0000,0.0000,0.0000,99.9934,99.9498,99.8551,0.0946,0.0435,0.0000,0.0000,0.0000,0.0000,100.7131,100.7435,100.7644,0.0945,0.0000,0.0000,0.0000,-,-,-,-,-,-,-,-,-,-,-,-,100.69,-0.05,0,0.0000,0.00%,0.00%,0.00%,0.00%,0.00%,0.00%,-,-,0.00,0.00,-,-,-,-,-,A-GOVDBT,-
TB2Y0327,02 Year BGTB 05/03/2027,G-SEC (T.Bond),A,0.00,-,0.00,-0.08,100.91,0.0000,0,53.7778,-97.3568,0.0000,0.0000,0.0000,100.7700,100.7700,100.7700,0.0000,0.0000,0.0000,0.0000,0.0000,0.0000,101.0864,101.1024,101.1058,-0.0171,0.0000,0.0000,0.0000,-,-,-,-,-,-,-,-,-,-,-,-,100.99,-0.08,0,0.0000,0.00%,0.00%,0.00%,0.00%,0.00%,0.00%,-,-,0.00,0.00,-,-,-,-,-,A-GOVDBT,-
TB2Y0427,02Y BGTB 09/04/2027,G-SEC (T.Bond),A,0.00,-,0.00,-0.13,101.62,0.0000,0,,,,,,,,,,,,,,,,,,,,,,-,-,-,-,-,-,-,-,-,-,-,-,101.75,-0.13,0,0.0000,0.00%,0.00%,0.00%,0.00%,0.00%,0.00%,-,-,0.00,0.00,-,-,-,-,-,A-GOVDBT,-
TB2Y0526,,,,,,,,,,,48.6380,-54.7486,100.3000,0.0000,0.0000,100.2468,100.2368,100.1685,0.0683,0.0784,101.9737,98.6263,0.0000,14217.9795,100.2600,100.2732,100.2894,-0.0246,0.0000,0.0000,0.0000,,,,,,,,,,,,,,,,,,,,,,,,,,,,,,,,,
TB2Y0527,02Y BGTB 07/05/2027,G-SEC (T.Bond),A,0.00,-,0.00,-0.18,101.72,0.0000,0,,,,,,,,,,,,,,,,,,,,,,-,-,-,-,-,-,-,-,-,-,-,-,101.90,-0.18,0,0.0000,0.00%,0.00%,0.00%,0.00%,0.00%,0.00%,-,-,0.00,0.00,-,-,-,-,-,A-GOVDBT,-
TB2Y0627,02Y BGTB 04/06/2027,G-SEC (T.Bond),A,0.00,-,0.00,-0.22,102.12,0.0000,0,52.2340,-13.1455,102.3875,0.0000,0.0000,101.1360,101.1128,101.0556,0.0572,0.0331,103.9913,100.7837,0.0000,-4642.2450,102.3513,102.3537,102.3777,0.0164,0.0000,0.0000,0.0000,-,-,-,-,-,-,-,-,-,-,-,-,102.35,-0.23,0,0.0000,0.00%,0.00%,0.00%,0.00%,0.00%,0.00%,-,-,0.00,0.00,-,-,-,-,-,A-GOVDBT,-
TB2Y0727,02Y BGTB 09/07/2027,G-SEC (T.Bond),A,42199.98,-,0.00,-0.28,101.92,0.0000,0,,,,,,,,,,,,,,,,,,,,,,-,-,-,-,-,-,-,-,-,-,-,-,102.21,-0.29,0,0.0000,0.00%,0.00%,0.00%,0.00%,0.00%,0.00%,-,-,0.00,0.00,-,-,-,-,4140500000.00,A-GOVDBT,414050000
TB2Y0826,,,,,,,,,,,43.6017,-85.6655,100.2005,0.0000,0.0000,100.1312,100.2104,100.3081,-0.0977,0.0302,101.8150,98.5860,0.0000,969.4793,100.0320,100.0751,100.1407,-0.0309,0.0000,0.0000,0.0000,,,,,,,,,,,,,,,,,,,,,,,,,,,,,,,,,
TB2Y0927,02Y BGTB 03/09/2027,G-SEC (T.Bond),A,25182.50,-,0.00,-0.74,100.73,0.0000,0,,,,,,,,,,,,,,,,,,,,,,-,-,-,-,-,-,-,-,-,-,-,-,101.48,-0.75,0,0.0000,0.00%,0.00%,0.00%,0.00%,0.00%,0.00%,-,-,0.00,0.00,-,-,-,-,2500000000.00,A-GOVDBT,250000000
TB2Y1126,02Y BGTB 06/11/2026,G-SEC (T.Bond),A,0.00,-,0.00,-0.03,100.28,0.0000,0,50.4653,-45.9854,100.4420,100.5760,0.0000,100.0982,100.1788,100.2792,-0.1004,0.0293,101.9513,98.9327,0.0000,-87.6994,100.3247,100.3315,100.3776,0.0101,0.0000,0.0000,0.0000,-,-,-,-,-,-,-,-,-,-,-,-,100.31,-0.03,0,0.0000,0.00%,0.00%,0.00%,0.00%,0.00%,0.00%,-,-,0.00,0.00,-,-,-,-,-,A-GOVDBT,-
TB2Y1127,02Y BGTB 05/11/2027,G-SEC (T.Bond),A,40448.00,-,0.00,-0.54,101.12,0.0000,0,,,,,,,,,,,,,,,,,,,,,,-,-,-,-,-,-,-,-,-,-,-,-,101.67,-0.55,0,0.0000,0.00%,0.00%,0.00%,0.00%,0.00%,0.00%,-,-,0.00,0.00,-,-,-,-,4000000000.00,A-GOVDBT,400000000
TB5Y0128,5Y BGTB 11/01/2028,G-SEC (T.Bond),A,0.00,-,0.00,-0.65,99.14,0.0000,0,,,,,,,,,,,,,,,,,,,,,,-,-,-,-,-,-,-,-,-,-,-,-,99.79,-0.65,0,0.0000,0.00%,0.00%,0.00%,0.00%,0.00%,0.00%,-,-,0.00,0.00,-,-,-,-,-,A-GOVDBT,-
TB5Y0230,05Y BGTB 12/02/2030,G-SEC (T.Bond),A,0.00,-,0.00,-0.33,103.93,0.0000,0,,,,,,,,,,,,,,,,,,,,,,-,-,-,-,-,-,-,-,-,-,-,-,104.27,-0.34,0,0.0000,0.00%,0.00%,0.00%,0.00%,0.00%,0.00%,-,-,0.00,0.00,-,-,-,-,-,A-GOVDBT,-
TB5Y0327,05Y BGTB 16/03/2027,G-SEC (T.Bond),A,0.00,-,0.00,-0.06,98.85,0.0000,0,,,,,,,,,,,,,,,,,,,,,,-,-,-,-,-,-,-,-,-,-,-,-,98.91,-0.06,0,0.0000,0.00%,0.00%,0.00%,0.00%,0.00%,0.00%,-,-,0.00,0.00,-,-,-,-,-,A-GOVDBT,-
TB5Y0428,5Y BGTB 14/06/2028,G-SEC (T.Bond),A,0.00,-,0.00,-0.73,99.00,0.0000,0,,,,,,,,,,,,,,,,,,,,,,-,-,-,-,-,-,-,-,-,-,-,-,99.73,-0.73,0,0.0000,0.00%,0.00%,0.00%,0.00%,0.00%,0.00%,-,-,0.00,0.00,-,-,-,-,-,A-GOVDBT,-
TB5Y0429,05Y BGTB 15/04/2029,G-SEC (T.Bond),A,0.00,-,0.00,-0.63,106.90,0.0000,0,53.2578,-47.9167,107.2860,0.0000,0.0000,105.2411,105.0238,104.4514,0.5724,0.3647,109.9161,104.6559,0.0000,25.3104,106.9820,107.1906,107.3392,-0.0218,0.0000,0.0000,0.0000,-,-,-,-,-,-,-,-,-,-,-,-,107.58,-0.68,0,0.0000,0.00%,0.00%,0.00%,0.00%,0.00%,0.00%,-,-,0.00,0.00,-,-,-,-,-,A-GOVDBT,-
TB5Y0430,05Y BGTB 16/04/2030,G-SEC (T.Bond),A,0.00,-,0.00,-0.22,109.76,0.0000,0,,,,,,,,,,,,,,,,,,,,,,-,-,-,-,-,-,-,-,-,-,-,-,110.00,-0.24,0,0.0000,0.00%,0.00%,0.00%,0.00%,0.00%,0.00%,-,-,0.00,0.00,-,-,-,-,-,A-GOVDBT,-
TB5Y0527,05Y BGTB 18/05/2027,G-SEC (T.Bond),A,0.00,-,0.00,-0.16,99.28,0.0000,0,,,,,,,,,,,,,,,,,,,,,,-,-,-,-,-,-,-,-,-,-,-,-,99.44,-0.16,0,0.0000,0.00%,0.00%,0.00%,0.00%,0.00%,0.00%,-,-,0.00,0.00,-,-,-,-,-,A-GOVDBT,-
TB5Y0529,05Y BGTB 15/05/2029,G-SEC (T.Bond),A,0.00,-,0.00,-0.62,107.75,0.0000,0,59.1370,-5.4852,108.3175,107.5930,0.0000,106.4917,106.2005,105.3505,0.8500,0.6105,111.2124,105.4226,0.0000,9.6235,107.8887,108.0962,108.2799,0.0821,0.0000,0.0000,0.0000,-,-,-,-,-,-,-,-,-,-,-,-,108.42,-0.67,0,0.0000,0.00%,0.00%,0.00%,0.00%,0.00%,0.00%,-,-,0.00,0.00,-,-,-,-,-,A-GOVDBT,-
TB5Y0628,5Y BGTB 14/06/2028,G-SEC (T.Bond),A,0.00,-,0.00,-0.79,99.66,0.0000,0,,,,,,,,,,,,,,,,,,,,,,-,-,-,-,-,-,-,-,-,-,-,-,100.45,-0.79,0,0.0000,0.00%,0.00%,0.00%,0.00%,0.00%,0.00%,-,-,0.00,0.00,-,-,-,-,-,A-GOVDBT,-
TB5Y0630,05Y BGTB 18/06/2030,G-SEC (T.Bond),A,0.00,-,0.00,-0.15,110.15,0.0000,0,70.2367,0.0000,110.7230,0.0000,0.0000,108.7949,108.2442,107.2359,1.0083,0.2734,115.5040,105.9420,0.0000,0.0000,111.3838,111.1545,110.9310,-0.2313,0.0000,0.0000,0.0000,-,-,-,-,-,-,-,-,-,-,-,-,110.31,-0.16,0,0.0000,0.00%,0.00%,0.00%,0.00%,0.00%,0.00%,-,-,0.00,0.00,-,-,-,-,-,A-GOVDBT,-
TB5Y0727,5Y BGTB 13/07/2027,G-SEC (T.Bond),A,0.00,-,0.00,-0.28,99.22,0.0000,0,,,,,,,,,,,,,,,,,,,,,,-,-,-,-,-,-,-,-,-,-,-,-,99.50,-0.28,0,0.0000,0.00%,0.00%,0.00%,0.00%,0.00%,0.00%,-,-,0.00,0.00,-,-,-,-,-,A-GOVDBT,-
TB5Y0828,5Y BGTB 09/08/2028,G-SEC (T.Bond),A,0.00,-,0.00,-0.74,100.09,0.0000,0,,,,,,,,,,,,,,,,,,,,,,-,-,-,-,-,-,-,-,-,-,-,-,100.84,-0.75,0,0.0000,0.00%,0.00%,0.00%,0.00%,0.00%,0.00%,-,-,0.00,0.00,-,-,-,-,-,A-GOVDBT,-
TB5Y0928,5Y BGTB 13/09/2028,G-SEC (T.Bond),A,0.00,-,0.00,-0.71,100.30,0.0000,0,,,,,,,,,,,,,,,,,,,,,,-,-,-,-,-,-,-,-,-,-,-,-,101.02,-0.72,0,0.0000,0.00%,0.00%,0.00%,0.00%,0.00%,0.00%,-,-,0.00,0.00,-,-,-,-,-,A-GOVDBT,-
TB5Y0930,05Y BGTB 10/09/2030,G-SEC (T.Bond),A,20602.00,-,0.00,0.00,103.01,0.0000,0,,,,,,,,,,,,,,,,,,,,,,-,-,-,-,-,-,-,-,-,-,-,-,103.01,0.00,0,0.0000,0.00%,0.00%,0.00%,0.00%,0.00%,0.00%,-,-,0.00,0.00,-,-,-,-,2000000000.00,A-GOVDBT,200000000
TB5Y1029,05Y BGTB 09/10/2029,G-SEC (T.Bond),A,0.00,-,0.00,-0.49,108.43,0.0000,0,54.8007,-50.2525,109.4020,0.0000,0.0000,107.5498,107.1684,106.2702,0.8982,0.4831,113.0751,105.7289,0.0000,-831.5093,109.1251,109.2618,109.3870,0.1033,0.0000,0.0000,0.0000,-,-,-,-,-,-,-,-,-,-,-,-,108.96,-0.53,0,0.0000,0.00%,0.00%,0.00%,0.00%,0.00%,0.00%,-,-,0.00,0.00,-,-,-,-,-,A-GOVDBT,-
TB5Y1126,05Y BGTB 10/11/2026,G-SEC (T.Bond),A,0.00,-,0.00,0.02,99.76,0.0000,0,,,,,,,,,,,,,,,,,,,,,,-,-,-,-,-,-,-,-,-,-,-,-,99.74,0.02,0,0.0000,0.00%,0.00%,0.00%,0.00%,0.00%,0.00%,-,-,0.00,0.00,-,-,-,-,-,A-GOVDBT,-
TB5Y1127,5Y BGTB 16/11/2027,G-SEC (T.Bond),A,0.00,-,0.00,-0.55,98.80,0.0000,0,,,,,,,,,,,,,,,,,,,,,,-,-,-,-,-,-,-,-,-,-,-,-,99.35,-0.55,0,0.0000,0.00%,0.00%,0.00%,0.00%,0.00%,0.00%,-,-,0.00,0.00,-,-,-,-,-,A-GOVDBT,-
TB5Y1128,5Y BGTB 15/11/2028,G-SEC (T.Bond),A,0.00,-,0.00,-0.71,103.84,0.0000,0,58.6215,0.0000,103.2760,0.0000,0.0000,102.9672,102.7674,102.1781,0.5894,0.4280,106.1088,100.4432,0.0000,1692.5825,103.8556,103.7899,103.5509,0.1717,0.0000,0.0000,0.0000,-,-,-,-,-,-,-,-,-,-,-,-,104.58,-0.74,0,0.0000,0.00%,0.00%,0.00%,0.00%,0.00%,0.00%,-,-,0.00,0.00,-,-,-,-,-,A-GOVDBT,-
TB5Y1130,05Y BGTB 30/11/2030,G-SEC (T.Bond),A,52745.00,-,0.00,0.01,105.49,0.0000,0,,,,,,,,,,,,,,,,,,,,,,-,-,-,-,-,-,-,-,-,-,-,-,105.48,0.01,0,0.0000,0.00%,0.00%,0.00%,0.00%,0.00%,0.00%,-,-,0.00,0.00,-,-,-,-,5000000000.00,A-GOVDBT,500000000
TB5Y1228,5Y BGTB 13/12/2028,G-SEC (T.Bond),A,0.00,-,0.00,-0.70,102.70,0.0000,0,61.9564,-14.2857,102.9345,0.0000,0.0000,101.1791,100.9506,100.4051,0.5455,0.3003,107.0773,98.7917,0.0000,14976.2717,103.1891,103.2051,103.0882,0.1943,0.0000,0.0000,0.0000,-,-,-,-,-,-,-,-,-,-,-,-,103.42,-0.72,0,0.0000,0.00%,0.00%,0.00%,0.00%,0.00%,0.00%,-,-,0.00,0.00,-,-,-,-,-,A-GOVDBT,-
TB5Y1229,05Y BGTB 11/12/2029,G-SEC (T.Bond),A,32061.00,-,106.87,-2.36,106.87,0.2140,"2,000",51.8508,-66.0177,109.7285,0.0000,0.0000,107.5854,107.2855,106.0728,1.2127,1.1248,113.8515,105.6055,0.0000,59466.7839,108.9602,109.1600,109.5073,0.0306,0.0000,0.0000,0.0000,-,-,-,-,-,-,-,-,-,-,-,-,109.45,-2.58,1,0.2140,0.00%,0.00%,0.00%,0.00%,0.00%,0.00%,-,-,0.00,0.00,-,-,-,-,3000000000.00,A-GOVDBT,300000000
TECHNODRUG,Techno Drugs Limited,Pharmaceuticals & Chemicals,A,5372.33,23.41,40.90,-1.21,40.70,29.5460,"718,430",46.8015,-50.0000,40.6350,43.4380,37.6640,40.5139,40.5810,41.3399,-0.7589,-0.9687,42.9694,38.3006,246.0500,-708903.8348,40.4600,40.4308,40.4005,1.0091,0.0000,0.0000,0.0000,2.46,2.281,0.386,1.639,-,0.211,0.069,0.436,0.032,0.058,-,-,41.20,-0.50,928,29.5460,37.29%,4.73%,32.56%,62.71%,0.00%,0.00%,-,10.00,1.76,30.58,29 Oct 2025,24 Dec 2025,23.41,26.19,1319981880.00,A-EQ,131998188
TILIL,Trust Islami Life Insurance PLC,Insurance,B,1840.00,231.50,46.00,-0.65,46.00,7.0340,"152,498",50.1767,-36.5079,45.0700,47.5100,47.2000,45.9480,45.7646,45.9085,-0.1439,-0.6143,48.6536,41.4864,124.2700,-15903.7191,46.3111,45.9962,45.3267,1.6418,0.0000,0.0000,0.0000,1.09,-,-,-,-,-,-,-,-,-,-,-,46.30,-0.30,394,7.0340,46.62%,2.73%,43.89%,53.38%,0.00%,0.00%,-,5.00,0.20,12.13,18 Aug 2025,30 Sep 2025,231.50,-,400000000.00,B-EQ,40000000
TITASGAS,Titas Gas Transmission and Distribution  PLC,Fuel & Power,B,17311.38,-,17.50,-0.57,17.50,0.6470,"36,977",44.1193,-57.1429,17.4450,18.5420,17.4105,17.6310,17.6259,17.7942,-0.1683,-0.2588,18.2276,16.6624,4.5800,-54308.4927,17.6933,17.6821,17.5567,1.3690,0.0000,0.0000,0.0000,1.14,1.127,-,1.108,-,-,-,0.001,-,-,-,-,17.60,-0.10,135,0.6470,25.00%,15.16%,9.81%,0.00%,75.00%,0.03%,-,2.00,-7.80,90.13,28 Oct 2025,24 Dec 2025,-,-,9892218310.00,B-EQ,989221831
TOSRIFA,Tosrifa Industries PLC,Textile,B,1312.11,26.27,19.30,-2.03,19.30,2.3960,"123,603",45.5065,-57.1429,19.2000,21.0560,18.8885,19.5379,19.5264,19.8316,-0.3051,-0.4739,20.7314,17.6686,123.2300,21012.3218,19.6600,19.6128,19.3538,1.2609,0.0000,0.0000,0.0000,2.07,0.900,-,0.411,-,-,-,-,-,-,-,-,19.70,-0.40,170,2.3960,56.98%,22.41%,34.57%,43.02%,0.00%,0.00%,-,4.00,0.75,31.52,27 Oct 2025,28 Dec 2025,26.27,59.10,679851190.00,B-EQ,67985119
TRUSTB1MF,Trust Bank 1st Mutual Fund,Mutual Funds,A,1092.91,-,3.60,-2.70,3.60,1.4640,"405,208",44.7175,-80.0000,3.6900,3.7820,3.1160,3.7033,3.7042,3.7028,0.0014,0.0039,3.8836,3.4964,86.3900,-1092956.4207,3.7156,3.7231,3.7029,1.2855,0.0000,0.0000,0.0000,-,-,-,-,-,-,-,-,-,-,-,-,3.70,-0.10,96,1.4640,98.49%,34.01%,64.48%,1.51%,0.00%,0.00%,-,-,-1.96,8.16,15 Sep 2024,-,-,-,3035866750.00,A-MF,303586675
TRUSTBANK,Trust Bank PLC.,Bank,A,13986.70,3.99,13.40,-0.74,13.40,18.2930,"1,360,128",20.1345,-100.0000,13.8950,14.6960,16.5520,13.5864,13.6662,14.0378,-0.3716,-0.3713,14.6989,13.0911,40.6200,-665274.0411,13.5133,13.5577,13.6957,0.7015,0.0000,0.0000,0.0000,5.97,-,-,-,-,0.617,0.146,-,0.005,0.119,0.006,-,13.50,-0.10,525,18.2930,40.00%,23.37%,16.63%,60.00%,0.00%,0.00%,5.00,8.00,3.38,28.52,03 May 2026,28 Jul 2025,3.99,5.63,10437834560.00,A-EQ,1043783456
TUNGHAI,Tung Hai Knitting & Dyeing Limited,Textile,Z,490.60,-,4.60,0.00,4.60,14.0030,"2,820,968",59.8322,-36.3636,4.1800,4.1600,2.9825,4.2964,4.2665,4.2199,0.0466,0.0026,4.5505,3.8095,128.8700,739163.0696,4.3067,4.2526,4.2014,1.3904,0.0000,0.0000,0.0000,-,0.182,-,0.044,-,-,-,-,-,-,-,-,4.60,0.00,429,14.0030,69.96%,7.58%,62.38%,30.04%,0.00%,0.00%,-,-,-0.42,-6.18,31 Oct 2022,12 Dec 2022,-,-,1066530300.00,Z-EQ,106653030
UCB,United Commercial Bank PLC,Bank,Z,20464.96,58.00,8.70,1.15,8.80,2.2150,"253,488",41.8599,-80.0000,9.0650,9.3000,9.4510,8.8647,8.9066,9.0455,-0.1388,-0.1122,9.6280,8.5020,4.8200,-93797.2789,8.8067,8.8372,8.9586,0.9779,0.0000,0.0000,0.0000,-,-,-,-,-,0.344,0.007,-,0.000,0.006,0.000,-,8.70,0.10,88,2.2150,88.92%,36.43%,52.03%,10.27%,0.81%,0.46%,-,-,0.15,25.71,03 May 2026,11 Jun 2026,58.00,19.77,23255638470.00,Z-EQ,2325563847
UCB2PBOND,UCB 2nd Perpetual Bond,Corporate Bond,A,282.00,-,0.00,0.00,4700.00,0.0000,0,,,,,,,,,,,,,,,,,,,,,,0.02,-,-,-,-,-,-,-,-,-,-,-,4700.00,0.00,0,0.0000,0.00%,0.00%,0.00%,0.00%,0.00%,0.00%,-,10.00,0.00,0.00,29 Jan 2026,-,-,-,600000.00,A-CB,60000
UNILEVERCL,Unilever Consumer Care Limited,Food & Allied,A,38018.59,47.91,1971.30,-0.09,1972.50,0.0910,46,35.5069,-90.7407,1983.3200,2011.5380,2096.3025,1979.8108,1981.3411,1990.5341,-9.1930,-10.1584,2000.0031,1966.6369,0.2100,-123.9593,1979.7444,1980.7795,1981.4429,0.3327,0.0000,0.0000,0.0000,2.13,0.753,5.520,0.509,-,0.178,0.131,0.668,0.070,1.102,-,-,1974.30,-1.80,22,0.0910,7.18%,3.45%,3.62%,92.82%,0.00%,0.11%,-,420.00,41.21,116.30,08 Mar 2026,18 May 2026,47.91,95.56,192743180.00,A-EQ,19274318
UNIONBANK,Union Bank PLC.,Bank,Z,1554.42,0.96,0.00,0.00,1.50,0.0000,0,31.6231,-100.0000,1.7050,1.9000,3.0850,1.6132,1.6390,1.7458,-0.1068,-0.1005,1.9248,1.4852,48.5200,-791884.7608,1.5867,1.6077,1.6590,1.0097,0.0000,0.0000,0.0000,-,-,-,-,-,1.265,17.228,-,-,1.048,-,-,1.50,0.00,0,0.0000,45.51%,13.47%,32.03%,54.49%,0.00%,0.01%,-,-,1.58,16.03,28 Apr 2024,12 Aug 2024,0.96,-,10362804480.00,Z-EQ,1036280448
UNIONCAP,Union Capital Limited,Financial Institutions,Z,707.55,-,4.10,-2.38,4.10,0.2180,"53,418",35.1067,-80.0000,4.2650,4.5320,4.3970,4.1940,4.2175,4.3162,-0.0987,-0.0937,4.4626,4.0674,18.4300,-105278.0308,4.1689,4.1936,4.2333,1.7876,0.0000,0.0000,0.0000,-,-,-,-,-,1.360,0.667,-,-,-,-,-,4.20,-0.10,31,0.2180,71.06%,15.15%,55.91%,28.94%,0.00%,0.00%,-,-,-2.46,-65.49,20 May 2026,29 Jul 2026,-,-,1725738430.00,Z-EQ,172573843
UNIONINS,Union Insurance PLC,Insurance,A,2337.83,26.16,48.30,-2.82,48.30,14.8680,"305,190",49.6901,-52.8571,47.8400,49.6320,40.2715,48.3892,48.2767,48.3571,-0.0805,-0.3654,50.2465,45.4335,148.8400,-251973.9113,48.5089,48.3321,47.9476,1.6582,0.0000,0.0000,0.0000,2.07,-,-,-,-,-,-,-,-,-,-,-,49.70,-1.40,582,14.8680,43.02%,12.08%,30.94%,56.98%,0.00%,0.00%,-,10.00,1.90,19.23,12 May 2026,25 Aug 2026,26.16,20.20,484022600.00,A-EQ,48402260
UNIQUEHRL,Unique Hotel & Resorts PLC,Travel & Leisure,A,12247.04,8.28,41.60,-3.03,41.60,9.5480,"227,940",47.6937,-57.5342,41.3850,42.8460,40.1490,42.1862,42.0723,42.0832,-0.0109,-0.2660,44.6231,38.1469,24.2500,-61516.2923,42.5156,42.3282,41.7352,1.3187,0.0000,0.0000,0.0000,3.85,1.026,0.113,1.008,0.131,0.380,0.095,0.700,0.006,0.009,-,-,42.90,-1.30,417,9.5480,47.55%,29.36%,18.03%,52.45%,0.00%,0.16%,-,16.00,5.18,93.91,28 Oct 2025,24 Dec 2025,8.28,10.76,2944000000.00,A-EQ,294400000
UNITEDFIN,United Finance PLC.,Financial Institutions,A,3068.68,15.75,16.40,-1.80,16.40,6.4800,"391,575",42.0078,-66.6667,16.6950,17.5300,14.1990,16.7258,16.7460,16.9086,-0.1626,-0.1947,17.3389,16.0511,96.9300,-562038.7384,16.7711,16.7615,16.6986,1.6379,0.0000,0.0000,0.0000,6.10,-,-,-,-,0.372,0.163,-,-,-,-,0.091,16.70,-0.30,230,6.4800,59.87%,14.49%,45.38%,40.13%,0.00%,0.00%,-,10.00,1.06,17.90,29 Apr 2026,29 Jun 2026,15.75,30.93,1871146140.00,A-EQ,187114614
UNITEDINS,United Insurance Company Ltd.,Insurance,A,2647.75,17.69,59.50,-2.78,59.50,9.3950,"156,901",44.4024,-79.1045,61.0600,61.5840,47.7840,61.5651,61.5773,61.3041,0.2732,0.4284,63.9796,58.1404,93.3400,-159053.8710,61.8467,61.8769,61.4810,1.0875,0.0000,0.0000,0.0000,2.52,-,-,-,-,-,-,-,-,-,-,-,61.20,-1.70,256,9.3950,40.10%,16.98%,23.12%,59.90%,0.00%,0.00%,-,15.00,3.46,31.04,29 Apr 2026,29 Jun 2026,17.69,15.38,445000000.00,A-EQ,44500000
UPGDCL,United Power Generation & Distribution Company Limited,Fuel & Power,A,65563.54,5.50,113.10,-0.53,113.10,0.8880,"7,845",41.2762,-55.0725,113.3150,118.0020,119.7465,113.8639,113.9229,114.8994,-0.9765,-1.3064,116.4881,110.1419,1.6100,-21656.7214,113.9200,114.1038,113.7833,0.8554,0.0000,0.0000,0.0000,5.75,1.368,-,1.250,0.319,0.337,0.312,0.340,0.158,0.281,-,-,113.70,-0.60,158,0.8880,10.00%,7.42%,2.57%,90.00%,0.00%,0.01%,-,65.00,20.66,73.89,27 Oct 2025,30 Dec 2025,5.50,5.80,5796952700.00,A-EQ,579695270
USMANIAGL,Usmania Glass Sheet Factory Limited,Miscellaneous,Z,893.18,-,51.30,-2.29,51.30,0.7760,"15,058",34.5862,-87.8788,54.0950,60.2080,43.7920,53.0945,53.5645,55.5704,-2.0059,-1.9177,58.4861,49.7039,21.6700,-19013.5847,52.6089,53.2833,53.8190,1.2769,0.0000,0.0000,0.0000,-,0.654,-,0.293,-,-,-,-,-,-,-,-,52.50,-1.20,139,0.7760,47.00%,14.39%,32.61%,2.00%,51.00%,0.00%,-,-,-5.34,64.73,29 Oct 2025,21 Dec 2025,-,-,174109000.00,Z-EQ,17410900
UTTARABANK,Uttara Bank PLC,Bank,A,25105.71,3.40,20.70,0.00,20.70,14.9560,"724,689",44.5382,-66.6667,20.7050,20.9440,22.9135,20.6650,20.6756,20.7624,-0.0868,-0.1045,20.8824,20.5276,17.0800,-386010.4362,20.6467,20.6500,20.6752,0.6816,0.0000,0.0000,0.0000,2.42,-,-,-,-,0.608,0.298,-,0.018,0.190,0.020,-,20.70,0.00,358,14.9560,69.34%,24.87%,44.02%,30.66%,0.00%,0.45%,25.00,5.00,6.08,31.95,30 Apr 2026,15 Jun 2026,3.40,4.64,12128360900.00,A-EQ,1212836090
UTTARAFIN,Uttara Finance and Investments Limited,Financial Institutions,Z,1498.89,1.24,11.40,-2.56,11.40,0.2740,"24,030",31.6037,-100.0000,12.0400,12.7720,12.3640,11.7767,11.8582,12.1776,-0.3194,-0.2908,12.7062,11.3738,2.6300,-43141.7609,11.7133,11.7936,11.9076,1.3335,0.0000,0.0000,0.0000,13.16,-,-,-,-,0.983,0.593,-,-,-,-,0.564,11.70,-0.30,52,0.2740,55.56%,31.62%,16.12%,44.44%,0.00%,7.82%,5.00,15.00,9.45,62.45,24 Aug 2020,30 Sep 2020,1.24,5.22,1314815040.00,Z-EQ,131481504
VAMLBDMF1,Vanguard AML BD Finance Mutual Fund One,Mutual Funds,A,740.67,-,0.00,0.00,7.10,0.0000,0,45.8140,-71.4286,7.1600,7.2120,6.8430,7.2057,7.2027,7.1776,0.0250,0.0300,7.4458,6.8742,37.4300,-4593.5110,7.2333,7.2385,7.2100,0.6328,0.0000,0.0000,0.0000,-,-,-,-,-,-,-,-,-,-,-,-,7.10,0.00,0,0.0000,98.08%,81.13%,16.95%,1.92%,0.00%,0.00%,-,-,-0.10,9.55,01 Dec 2025,-,-,-,1043200000.00,A-MF,104320000
VAMLRBBF,Vanguard AML Rupali Bank Balanced Fund,Mutual Funds,A,1333.46,-,0.00,0.00,8.40,0.0000,0,58.1610,-44.4444,8.1750,8.1520,6.5870,8.3002,8.2687,8.1826,0.0861,0.0575,8.5690,7.7810,42.1700,369841.3920,8.3511,8.3026,8.2252,0.8721,0.0000,0.0000,0.0000,-,-,-,-,-,-,-,-,-,-,-,-,8.40,0.00,0,0.0000,74.80%,68.24%,6.56%,25.20%,0.00%,0.00%,-,-,-0.37,8.38,18 Feb 2026,-,-,3.53,1587450000.00,A-MF,158745000
VFSTDL,VFS Thread Dyeing Limited,Textile,B,1330.31,145.56,12.60,-3.82,12.60,6.6790,"522,637",35.9273,-94.1176,13.4800,14.8860,13.5515,13.1837,13.2867,13.7654,-0.4786,-0.4777,14.5235,12.4365,150.1200,-763284.6541,13.1133,13.2372,13.3367,1.5858,0.0000,0.0000,0.0000,0.20,5.475,-,3.946,-,-,-,-,-,-,-,-,13.10,-0.50,291,6.6790,69.23%,10.92%,58.26%,30.77%,0.00%,0.05%,-,0.25,0.09,20.34,29 Oct 2025,30 Dec 2025,145.56,327.50,1055800550.00,B-EQ,105580055
WALTONHIL,Walton Hi-Tech Industries PLC,Engineering,A,122242.19,9.84,333.50,-0.95,333.50,10.5080,"31,395",16.2180,-98.4615,365.9250,381.2940,382.0465,343.8789,348.6731,363.7554,-15.0824,-11.6515,417.6059,314.2441,4.5600,-64734.7095,337.8022,341.1397,353.6233,0.9076,0.0000,0.0000,0.0000,5.40,2.550,0.046,1.513,-,0.209,0.146,0.360,0.066,0.086,-,-,336.70,-3.20,"1,176",10.5080,28.91%,1.04%,27.84%,71.09%,0.00%,0.03%,10.00,180.00,33.75,381.26,30 Aug 2026,15 Oct 2026,9.84,9.98,3665432940.00,A-EQ,366543294
WATACHEM,Wata Chemicals Ltd,Pharmaceuticals & Chemicals,A,1903.22,172.84,127.70,0.39,128.40,1.1490,"8,932",42.2963,-75.8621,130.0950,136.1460,135.0550,128.9643,129.3893,131.6295,-2.2402,-2.3610,135.1084,125.0816,23.8300,-19246.5037,128.5844,128.9474,129.3976,1.1937,0.0000,0.0000,0.0000,0.78,0.545,0.439,0.490,-,0.249,0.014,0.296,0.004,0.012,-,-,127.90,0.50,100,1.1490,63.59%,35.65%,27.94%,36.41%,0.00%,0.00%,-,10.00,0.74,61.09,09 Nov 2025,24 Dec 2025,172.84,110.26,148226180.00,A-EQ,14822618
WMSHIPYARD,Western Marine Shipyard Limited,Engineering,Z,1975.71,-,8.40,-2.33,8.40,2.0200,"239,840",30.4852,-83.3333,8.7050,9.3620,8.8305,8.6213,8.6599,8.8644,-0.2046,-0.2161,9.0260,8.3840,19.3000,-63762.6074,8.6044,8.6372,8.6648,1.5875,0.0000,0.0000,0.0000,-,7.577,-,4.239,-,0.363,-,0.374,-,-,-,-,8.60,-0.20,170,2.0200,69.99%,15.39%,54.60%,30.01%,0.00%,0.00%,-,-,-0.02,16.16,16 Nov 2025,28 Dec 2025,-,-,2352037690.00,Z-EQ,235203769
YPL,Yeakin Polymer Limited,Engineering,Z,1429.76,-,19.40,-3.96,19.40,2.2910,"116,993",39.9523,-54.7170,20.0700,22.1280,20.2570,20.4501,20.4784,20.8478,-0.3693,-0.4809,22.4736,17.6664,57.3500,-127621.6680,20.6156,20.6808,20.3543,1.4964,0.0000,0.0000,0.0000,-,0.860,-,0.442,-,-,-,-,-,-,-,-,20.20,-0.80,152,2.2910,69.90%,17.00%,52.90%,30.10%,0.00%,0.00%,-,-,-0.71,6.16,08 Dec 2022,-,-,-,736988170.00,Z-EQ,73698817
ZAHEENSPIN,Zaheen Spinning Limited,Textile,Z,557.76,-,5.00,0.00,4.90,0.4120,"83,049",38.9068,-100.0000,5.1550,5.4900,5.1970,5.0136,5.0568,5.2231,-0.1663,-0.1497,5.5469,4.7631,33.5300,-261767.5422,4.9800,5.0167,5.0762,1.4399,0.0000,0.0000,0.0000,-,1.404,-,1.398,-,-,-,-,-,-,-,-,4.90,0.00,28,0.4120,68.90%,24.15%,44.75%,31.10%,0.00%,0.00%,-,-,-0.55,3.39,28 Oct 2025,30 Dec 2025,-,-,1138283680.00,Z-EQ,113828368
ZAHINTEX,Zahintex Industries Limited,Textile,Z,646.45,-,7.80,6.76,7.90,0.7730,"100,978",49.6339,-27.2727,7.8050,8.3960,7.4825,7.5989,7.6490,7.9043,-0.2553,-0.2655,8.4993,7.1107,17.3700,-48500.7445,7.5156,7.5628,7.6795,0.9924,0.0000,0.0000,0.0000,-,2.167,-,0.632,-,-,-,-,-,-,-,-,7.40,0.50,169,0.7730,63.06%,20.93%,42.13%,36.94%,0.00%,0.00%,-,-,-2.58,10.01,29 Oct 2023,24 Dec 2023,-,-,818285490.00,Z-EQ,81828549
ZEALBANGLA,Zeal Bangla Sugar Mills Limited,Food & Allied,Z,1021.80,-,170.30,-1.67,170.30,0.5790,"3,390",43.3084,-79.8701,173.5050,190.1320,152.7345,175.1320,175.4999,178.2347,-2.7348,-3.2139,187.5932,159.4168,35.1100,-7182.0144,175.8644,176.4769,175.2557,0.9961,0.0000,0.0000,0.0000,-,0.269,-,0.057,-,-,-,-,-,0.069,-,-,173.20,-2.90,66,0.5790,49.00%,11.95%,37.05%,0.00%,51.00%,0.00%,-,-,-78.87,-1139.19,27 Oct 2025,15 Dec 2025,-,-,60000000.00,Z-EQ,6000000
