Symbol,Company,Sector,Category,Market Cap (mn),PE,LTP,%,Close,Value(Turnover) (mn),Volume(Qty),RSI[14],Willams %R[14],SMA[20],SMA[50],SMA[200],EMA[9],EMA[12],EMA[26],"MACD[12,26]",MACD Signal[9],"BB Upper[20,2]","BB Lower[20,2]",TV[22],"CO[3,10]",WMA[9],WMA[12],WMA[20],Beta[5],VWMA[20],VWMA[50],VWMA[200],Dividend Yield,Current Ratio,Quick Ratio,Debt To Equity,EBITDA Margin,Operating Profit Margin,Net Profit Margin,Gross Profit Margin,Return on Assets (ROA),Return on Equity (ROE),Return on Earnings Assets (ROEA),Return on Investment (ROI),YCP,Change,Trade,Value (Turnover)(mn),Free Float,Institute Share %,Public Share %,Sponsor Director Share %,Govt. Share %,Foreign Share %,Stock Dividend,Cash Dividend,EPS,NAV(Year End),Last Dividend Date,Last AGM Date,Audited PE,Forward PE,PaidUp Capital,Quote Bases,Total Shares
1JANATAMF,First Janata Bank Mutual Fund,Mutual Funds,A,1130.70,-,3.90,-2.50,3.90,9.1200,"2,334,804",57.0748,-44.4444,3.7650,3.3560,2.9160,3.9687,3.9222,3.7082,0.2140,0.2128,4.3747,3.1553,376.1100,5388081.6744,4.0311,4.0115,3.9033,1.2864,0.0000,0.0000,0.0000,-,-,-,-,-,-,-,-,-,-,-,-,4.00,-0.10,409,9.1200,75.00%,28.78%,46.22%,25.00%,0.00%,0.00%,-,-,-2.24,7.54,15 Sep 2024,-,-,-,2899233490.00,A-MF,289923349
1STPRIMFMF,Prime Finance First Mutual Fund,Mutual Funds,A,506.00,-,25.30,-3.07,25.30,25.4850,"992,390",59.4057,-36.1111,24.3450,22.4900,20.0390,24.8501,24.6784,23.9953,0.6831,0.6276,25.9535,22.7365,1061.1300,-375501.2002,24.9911,24.7564,24.4667,0.9696,0.0000,0.0000,0.0000,-,-,-,-,-,-,-,-,-,-,-,-,26.10,-0.80,666,25.4850,98.00%,31.36%,66.63%,2.00%,0.00%,0.01%,-,-,-0.53,8.60,01 Feb 2026,-,-,10.79,200000000.00,A-MF,20000000
AAMRANET,Aamra Networks Limited.,IT Sector,Z,1961.88,8.50,21.10,0.96,21.10,5.2820,"247,883",56.0132,-40.0000,20.9750,19.8460,17.9190,21.0087,20.9812,20.6786,0.3026,0.3848,21.6735,20.2765,101.3700,-404435.2866,21.0400,21.0154,20.9581,1.3643,0.0000,0.0000,0.0000,4.74,2.957,-,2.304,0.204,0.214,0.188,0.399,0.055,0.067,-,-,20.90,0.20,341,5.2820,66.96%,21.95%,45.01%,33.04%,0.00%,0.00%,-,10.00,2.46,37.01,29 Oct 2024,31 Dec 2024,8.50,20.36,929799120.00,Z-EQ,92979912
AAMRATECH,Aamra Technologies Limited,IT Sector,Z,1494.74,-,23.10,5.00,23.10,9.5490,"410,111",85.5475,-13.8889,19.0450,16.7920,13.2025,21.0779,20.5825,19.0063,1.5762,1.2300,23.0626,15.0274,115.8200,332883.9986,21.5600,21.1013,20.0352,1.5134,0.0000,0.0000,0.0000,0.43,1.988,-,1.236,-,-,-,0.200,-,-,-,-,22.00,1.10,606,9.5490,69.99%,32.06%,37.93%,30.01%,0.00%,0.00%,-,-,0.00,0.00,-,-,-,-,647074420.00,Z-EQ,64707442
ABB1STMF,AB BANK 1ST MUTUAL FUND,Mutual Funds,A,932.45,-,3.90,-4.88,3.90,17.5760,"4,406,237",52.3210,-62.5000,3.9200,3.5140,3.0540,4.0473,4.0139,3.8356,0.1784,0.1890,4.3724,3.4676,783.6600,-544614.0323,4.0911,4.0769,4.0110,1.2395,0.0000,0.0000,0.0000,-,-,-,-,-,-,-,-,-,-,-,-,4.10,-0.20,413,17.5760,84.49%,13.20%,71.29%,15.51%,0.00%,0.00%,-,-,-1.37,8.69,25 Sep 2024,-,-,-,2390903960.00,A-MF,239090396
ABBANK,AB Bank PLC,Bank,Z,4388.90,-,4.90,0.00,4.90,2.3660,"481,642",47.4502,-100.0000,4.9550,4.8100,5.0130,4.9456,4.9509,4.9338,0.0171,0.0365,5.1201,4.7899,20.3700,-1021011.4036,4.9444,4.9615,4.9667,1.7434,0.0000,0.0000,0.0000,-,-,-,-,-,1.242,1.343,-,-,1.199,-,-,4.90,0.00,151,2.3660,80.48%,35.25%,44.69%,18.95%,0.57%,0.54%,-,-,-43.42,-36.24,03 May 2026,18 Jun 2026,-,-,8956947490.00,Z-EQ,895694749
ABBLPBOND,AB Bank Perpetual Bond,Corporate Bond,A,6053.59,-,0.00,0.00,1060.00,0.0000,0,63.0051,-25.0000,1068.0000,1047.2000,0.0000,1048.3281,1041.8432,1008.2701,33.5732,35.1310,1136.8491,999.1509,11.5000,4204.2088,1067.1111,1069.8718,1070.6190,0.0020,0.0000,0.0000,0.0000,0.09,-,-,-,-,-,-,-,-,-,-,-,1060.00,0.00,0,0.0000,100.00%,94.73%,5.27%,0.00%,0.00%,0.00%,-,10.00,0.00,0.00,10 Dec 2025,-,-,-,57109360.00,A-CB,5710936
ACFL,Aman Cotton Fibrous PLC,Textile,A,2379.67,113.81,23.60,-1.26,23.60,2.8820,"121,600",49.8124,-59.2593,23.6600,23.6320,19.5015,23.7972,23.7729,23.6312,0.1416,0.1548,24.5922,22.7278,27.3400,-78446.4312,23.9089,23.8192,23.7086,1.1997,0.0000,0.0000,0.0000,4.24,2.961,-,1.970,-,-,-,-,-,-,-,-,23.90,-0.30,145,2.8820,50.42%,11.65%,38.67%,49.58%,0.00%,0.10%,-,10.00,0.21,33.63,27 Oct 2025,29 Dec 2025,113.81,256.07,1008333330.00,A-EQ,100833333
ACI,ACI Limited,Pharmaceuticals & Chemicals,A,17566.37,-,200.00,-1.09,200.00,6.5870,"32,880",47.9618,-81.6514,202.8100,197.3860,195.4485,201.9886,201.9923,201.0568,0.9355,1.3838,207.6809,197.9391,28.0700,-39829.0511,202.0889,201.8141,202.2381,1.1383,0.0000,0.0000,0.0000,1.25,0.676,0.568,0.384,-,0.074,-,0.249,-,-,-,-,202.20,-2.20,298,6.5870,52.73%,34.59%,18.14%,47.27%,0.00%,0.00%,-,25.00,-7.40,91.64,29 Oct 2025,28 Dec 2025,-,-,878318430.00,A-EQ,87831843
ACIFORMULA,ACI Formulations PLC,Pharmaceuticals & Chemicals,A,8079.75,21.69,171.00,0.41,171.00,33.5140,"194,971",54.4289,-78.4483,172.1750,156.5140,140.7765,172.9046,172.4340,167.6274,4.8065,6.0348,189.2450,155.1050,318.4100,-323717.7833,173.2311,173.0615,173.6971,1.2783,0.0000,0.0000,0.0000,1.46,1.236,-,0.925,-,0.142,0.072,0.323,0.043,0.104,-,-,170.30,0.70,"1,244",33.5140,33.98%,24.23%,9.75%,66.02%,0.00%,0.00%,-,25.00,7.85,75.51,29 Oct 2025,28 Dec 2025,21.69,15.46,472500000.00,A-EQ,47250000
ACMELAB,The ACME Laboratories Limited,Pharmaceuticals & Chemicals,A,17435.98,7.20,82.60,-0.36,82.40,12.4430,"150,907",45.2512,-88.2353,84.0200,82.0400,76.6825,83.0796,83.2031,83.0944,0.1087,0.4311,86.8946,81.1454,78.7000,-488479.2711,83.0156,83.0333,83.3910,1.1999,0.0000,0.0000,0.0000,4.25,1.154,0.265,0.680,-,0.098,0.068,0.422,0.042,0.091,-,-,82.70,-0.30,470,12.4430,59.61%,30.50%,29.09%,40.39%,0.00%,0.02%,-,35.00,11.48,126.37,28 Oct 2025,22 Dec 2025,7.20,6.60,2116017000.00,A-EQ,211601700
ACMEPL,Acme Pesticides Limited,Pharmaceuticals & Chemicals,B,3375.00,-,25.00,-3.85,25.00,153.1080,"6,007,897",57.6535,-31.0345,23.3900,23.7200,19.4690,24.5877,24.3057,23.7888,0.5169,0.1408,26.1741,20.6059,716.8000,2499209.7639,24.9689,24.5038,23.8605,1.4230,0.0000,0.0000,0.0000,-,4.422,0.117,3.222,-,-,-,-,-,-,-,-,26.00,-1.00,"2,328",153.1080,68.20%,18.80%,49.40%,31.80%,0.00%,0.00%,-,0.01,-1.14,16.41,02 Nov 2025,29 Dec 2025,-,-,1350000000.00,B-EQ,135000000
ACTIVEFINE,Active Fine Chemicals Limited,Pharmaceuticals & Chemicals,Z,1655.56,62.73,6.90,0.00,6.90,1.8400,"266,813",50.4583,-40.0000,6.8400,6.9400,6.6105,6.8969,6.8887,6.8902,-0.0015,-0.0203,7.0493,6.6307,56.1400,-495280.0476,6.9222,6.8974,6.8586,1.3424,0.0000,0.0000,0.0000,0.36,-,-,-,-,-,-,-,-,-,-,-,6.90,0.00,121,1.8400,87.96%,21.05%,66.64%,12.04%,0.00%,0.27%,-,0.25,0.11,22.07,30 Oct 2022,29 Dec 2022,62.73,43.13,2399365800.00,Z-EQ,239936580
ADNTEL,ADN Telecom Limited,IT Sector,A,4267.01,26.16,66.00,-1.05,66.00,6.5090,"98,077",42.1395,-91.1111,68.3400,67.0580,61.8150,67.3001,67.4820,67.6251,-0.1431,0.1891,71.5775,65.1025,169.1800,-386860.2081,67.2444,67.2744,67.6400,1.2565,0.0000,0.0000,0.0000,1.52,1.943,-,1.935,0.122,0.152,0.091,0.354,0.049,0.077,-,-,66.70,-0.70,471,6.5090,59.24%,17.51%,40.21%,40.76%,0.00%,1.52%,-,10.00,2.55,32.82,28 Oct 2025,15 Dec 2025,26.16,26.90,646516660.00,A-EQ,64651666
ADVENT,Advent Pharma Limited,Pharmaceuticals & Chemicals,Z,1490.12,22.78,16.00,-2.44,16.00,7.2890,"450,306",53.3413,-52.3810,15.9000,15.5620,14.2290,16.1171,16.0570,15.8532,0.2039,0.1679,16.6284,15.1716,125.8200,-143809.0327,16.2156,16.1038,15.9662,1.4663,0.0000,0.0000,0.0000,0.31,1.507,0.005,1.157,-,0.200,0.134,0.352,0.035,0.044,-,-,16.40,-0.40,345,7.2890,69.98%,12.60%,56.38%,30.02%,0.00%,1.00%,-,0.50,0.72,16.43,27 Oct 2025,31 Dec 2025,22.78,37.27,931327320.00,Z-EQ,93132732
AFCAGRO,AFC Agro Biotech Limited,Pharmaceuticals & Chemicals,Z,829.56,33.18,7.20,-1.37,7.20,0.6310,"87,621",46.6991,-42.8571,7.2100,7.5140,6.4660,7.2187,7.2341,7.3271,-0.0930,-0.1031,7.4519,6.9681,47.9400,-139533.9507,7.2200,7.2077,7.2062,1.6435,0.0000,0.0000,0.0000,0.69,5.609,-,4.057,-,0.066,0.036,0.232,0.010,0.012,-,-,7.30,-0.10,80,0.6310,72.16%,34.11%,38.05%,27.84%,0.00%,0.00%,-,0.50,0.22,18.19,30 Oct 2022,29 Dec 2022,33.18,32.21,1152162000.00,Z-EQ,115216200
AFTABAUTO,Aftab Automobiles Limited,Engineering,Z,3187.46,-,30.20,-0.66,30.20,2.9040,"96,247",42.3823,-80.0000,31.0100,31.0100,31.5130,30.5770,30.6494,30.7809,-0.1315,-0.0344,32.1904,29.8296,53.1700,-78700.7544,30.5333,30.5474,30.7443,1.3016,0.0000,0.0000,0.0000,3.31,1.931,2.289,1.802,-,-,-,0.254,-,-,-,-,30.40,-0.20,221,2.9040,70.68%,32.77%,37.91%,29.32%,0.00%,0.00%,-,10.00,-1.37,47.57,28 Oct 2025,29 Dec 2025,-,-,1055449950.00,Z-EQ,105544995
AGNISYSL,Agni Systems PLC.,IT Sector,B,2263.75,40.37,31.20,-4.59,31.20,56.9680,"1,812,019",44.1789,-85.7143,32.9650,31.0300,24.3555,32.6075,32.6541,32.2081,0.4460,0.7582,34.9494,30.9806,914.2900,-1633288.4056,32.5756,32.6462,32.9205,1.2335,0.0000,0.0000,0.0000,0.80,3.518,-,3.484,0.174,0.181,0.082,0.383,0.039,0.048,-,-,32.70,-1.50,"1,224",56.9680,69.97%,14.59%,55.38%,30.03%,0.00%,0.00%,-,2.50,0.81,16.95,28 Oct 2025,29 Dec 2025,40.37,29.91,725561920.00,B-EQ,72556192
AGRANINS,Agrani Insurance PLC.,Insurance,A,1109.38,175.00,30.80,-2.22,30.80,7.5140,"241,999",56.8176,-40.4255,30.3500,28.0300,24.1720,30.7794,30.5656,29.6501,0.9156,0.8770,33.1376,27.5624,417.4200,-16040.6020,31.0778,30.7936,30.3676,1.4284,0.0000,0.0000,0.0000,-,-,-,-,-,-,-,-,-,-,-,-,31.50,-0.70,341,7.5140,72.25%,17.03%,55.22%,27.75%,0.00%,0.00%,-,-,0.18,19.42,16 Mar 2026,14 May 2026,175.00,31.50,360186980.00,A-EQ,36018698
AIBL1STIMF,AIBL 1st Islamic Mutual Fund,Mutual Funds,A,640.00,130.00,6.40,-1.54,6.40,7.5340,"1,174,791",57.6602,-80.0000,6.4000,5.0920,4.0570,6.5227,6.4653,6.0267,0.4387,0.5192,7.2052,5.5948,1379.6400,-418776.7867,6.5600,6.5692,6.5352,0.8090,0.0000,0.0000,0.0000,-,-,-,-,-,-,-,-,-,-,-,-,6.50,-0.10,286,7.5340,90.00%,40.05%,49.95%,10.00%,0.00%,0.00%,-,0.60,0.05,10.27,16 May 2023,-,130.00,73.86,1000000000.00,A-MF,100000000
AIBLPBOND,AIBL Mudaraba Perpetual Bond,Corporate Bond,A,395.00,-,3950.00,-1.40,3950.00,0.0080,2,50.7085,-57.9767,3946.4250,3945.9800,3712.7425,3945.6320,3932.1515,3933.1399,-0.9884,-31.0577,4225.3008,3667.5492,0.9500,-0.6849,3965.6667,3961.0449,3949.4738,0.0417,0.0000,0.0000,0.0000,0.03,-,-,-,-,-,-,-,-,-,-,-,4006.10,-56.10,1,0.0080,100.00%,87.13%,12.17%,0.00%,0.00%,0.70%,-,-,0.00,0.00,-,-,-,-,1000000.00,A-CB,100000
AIL,Alif Industries Limited,Textile,Z,1810.78,15.72,37.20,0.27,37.20,4.6210,"124,554",53.2269,-82.6087,37.8750,35.3680,35.8255,37.5577,37.5482,36.9240,0.6242,0.8970,39.1196,36.6304,178.0300,-242759.5796,37.5778,37.6654,37.7538,1.1475,0.0000,0.0000,0.0000,2.69,4.992,-,4.235,-,-,-,-,-,-,-,-,37.10,0.10,292,4.6210,69.76%,13.74%,56.02%,30.24%,0.00%,0.00%,10.00,10.00,2.36,24.56,29 Oct 2024,30 Dec 2024,15.72,12.31,486768350.00,Z-EQ,48676835
AL-HAJTEX,Al-Haj Textile Mills Limited,Textile,B,2158.50,9.66,96.80,-0.51,96.80,14.2060,"146,196",37.5442,-90.2174,103.7550,102.3660,119.8780,99.4378,100.2091,101.8705,-1.6614,-0.7492,114.5088,93.0012,491.5500,-403687.4595,98.7422,99.1051,101.3614,1.0637,0.0000,0.0000,0.0000,0.31,1.616,-,1.134,-,-,-,-,-,-,-,-,97.30,-0.50,871,14.2060,69.34%,9.06%,60.23%,30.65%,0.01%,0.05%,-,3.00,-1.64,16.38,23 Jul 2026,14 Sep 2026,9.66,-,222985490.00,B-EQ,22298549
ALARABANK,Al-Arafah Islami Bank PLC.,Bank,Z,18542.24,24.55,16.10,-0.62,16.10,1.7220,"106,593",45.2786,-94.4444,16.8350,15.5980,15.3910,16.5592,16.6160,16.4108,0.2052,0.4266,18.1365,15.5335,5.7100,-354991.7870,16.4778,16.6436,16.8348,0.6086,0.0000,0.0000,0.0000,-,-,-,-,-,0.230,0.056,-,0.001,0.033,0.002,-,16.20,-0.10,105,1.7220,84.89%,37.88%,46.98%,15.11%,0.00%,0.03%,-,-,0.74,21.16,03 May 2026,29 Jul 2026,24.55,9.42,11516917130.00,Z-EQ,1151691713
ALIF,Alif Manufacturing Company Ltd,Textile,Z,1429.60,16.67,5.50,0.00,5.50,2.5220,"457,469",47.1723,-60.0000,5.5650,5.4860,4.7545,5.5627,5.5651,5.5430,0.0221,0.0376,5.7140,5.4160,70.0000,-299435.9688,5.5733,5.5744,5.5714,1.6460,0.0000,0.0000,0.0000,1.82,15.328,-,13.723,-,-,-,-,-,-,-,-,5.50,0.00,115,2.5220,69.54%,3.78%,65.76%,30.46%,0.00%,0.00%,-,1.00,0.33,15.15,29 Oct 2024,29 Dec 2024,16.67,25.78,2599270220.00,Z-EQ,259927022
ALLTEX,Alltex Industries Limited,Textile,Z,1242.49,-,22.60,-2.63,22.20,9.2560,"415,184",73.4762,-27.6596,19.8750,18.2280,15.0755,21.3715,20.9792,19.7612,1.2180,0.9297,22.9638,16.7862,180.9900,2618.4407,21.7467,21.3244,20.6076,1.3736,0.0000,0.0000,0.0000,-,0.234,-,0.226,-,-,-,-,-,-,-,-,22.80,-0.60,371,9.2560,63.75%,13.25%,50.50%,36.25%,0.00%,0.00%,-,-,-0.18,24.77,08 Dec 2025,18 Jun 2026,-,570.00,559680000.00,Z-EQ,55968000
AMANFEED,Aman Feed PLC,Miscellaneous,A,5016.17,176.36,38.30,-1.29,38.30,47.0790,"1,215,319",59.2793,-53.1250,37.5450,34.9540,26.9650,38.0361,37.8673,36.8165,1.0508,1.1747,40.2224,34.8676,332.4000,-1275564.3202,38.1156,38.0821,37.9748,1.2808,0.0000,0.0000,0.0000,3.00,2.425,-,1.527,0.016,0.066,0.003,0.108,0.003,0.008,-,-,38.80,-0.50,"1,032",47.0790,36.74%,10.39%,26.32%,63.26%,0.00%,0.03%,-,11.50,0.22,28.03,27 Oct 2025,29 Dec 2025,176.36,50.17,1309704000.00,A-EQ,130970400
AMBEEPHA,Ambee Pharmaceuticals PLC.,Pharmaceuticals & Chemicals,A,1931.28,365.48,802.00,-0.37,804.70,0.6260,775,52.6873,-73.9510,805.2350,781.6800,763.0080,810.2313,808.8177,798.9245,9.8932,11.4445,845.3457,765.1243,25.2400,333.6510,811.9289,811.4718,810.9129,0.8226,0.0000,0.0000,0.0000,0.12,0.828,0.006,0.526,-,0.035,0.023,0.475,0.007,0.164,-,-,807.70,-3.00,78,0.6260,22.75%,5.83%,16.92%,77.25%,0.00%,0.00%,-,10.00,2.21,13.47,02 Nov 2025,18 Dec 2025,365.48,268.04,24000000.00,A-EQ,2400000
AMCL(PRAN),Agricultural Marketing Co Ltd.,Food & Allied,A,1859.20,45.63,230.60,1.66,232.40,2.8410,"12,193",56.7250,-69.4561,230.8450,224.1520,213.8825,229.3853,229.3592,228.1583,1.2008,1.7085,239.1394,222.5506,48.5500,-10818.3532,228.9000,228.7667,229.9205,0.9366,0.0000,0.0000,0.0000,1.38,1.559,-,0.623,0.023,0.026,0.011,0.191,0.022,0.054,-,-,228.60,3.80,259,2.8410,59.85%,28.26%,31.59%,40.15%,0.00%,0.00%,-,32.00,5.01,92.88,27 Oct 2025,24 Dec 2025,45.63,36.17,80000000.00,A-EQ,8000000
ANLIMAYARN,Anlima Yarn Dyeing Limited,Textile,Z,628.95,-,35.40,-1.95,35.20,1.2410,"34,998",57.9862,-29.4118,34.4400,32.6440,22.6950,34.5389,34.4051,33.7284,0.6766,0.7010,36.6731,32.2069,135.1700,110566.1175,34.5778,34.3667,34.2562,1.0668,0.0000,0.0000,0.0000,-,0.523,-,0.382,-,-,-,-,-,-,-,-,35.90,-0.70,197,1.2410,55.57%,7.17%,48.40%,44.43%,0.00%,0.00%,-,-,-2.99,5.63,19 Oct 2025,22 Dec 2025,-,-,178678000.00,Z-EQ,17867800
ANWARGALV,Anwar Galvanizing Limited,Engineering,A,3371.90,-,111.70,1.27,111.70,34.7540,"310,867",44.9463,-74.1573,114.3800,113.8100,96.2540,112.1814,112.6085,113.4220,-0.8136,-0.2585,120.1418,108.6182,305.7800,-417389.4841,111.8044,112.0218,113.0090,1.4763,0.0000,0.0000,0.0000,-,0.720,0.601,0.433,-,-,-,-,-,-,-,-,110.30,1.40,"1,289",34.7540,64.68%,16.07%,48.61%,35.32%,0.00%,0.00%,-,-,-12.32,1.38,27 Oct 2025,08 Feb 2026,-,20.68,301870800.00,A-EQ,30187080
AOL,Associated Oxygen Limited,Fuel & Power,Z,2052.92,11.20,18.70,0.00,18.70,10.2530,"546,900",65.0095,-30.7692,17.6750,17.9640,15.8130,18.0792,17.9837,17.8401,0.1435,0.0012,18.5549,16.7951,97.2200,-234693.3399,18.1400,17.9962,17.8276,1.5897,0.0000,0.0000,0.0000,0.53,-,-,-,-,-,-,-,-,-,-,-,18.70,0.00,435,10.2530,69.35%,15.81%,53.47%,30.65%,0.00%,0.07%,-,1.00,1.59,19.33,08 Jan 2024,18 Feb 2024,11.20,11.76,1097820000.00,Z-EQ,109782000
APEXFOODS,Apex Foods Limited,Food & Allied,A,1707.30,43.68,299.40,6.93,299.40,38.8140,"131,960",62.9362,-11.6981,288.2550,281.0020,245.8595,284.9670,284.8420,284.2230,0.6190,0.6358,307.8757,268.6343,226.4600,5093.9015,284.1133,283.3795,284.6795,1.1409,0.0000,0.0000,0.0000,0.67,1.554,-,1.153,0.038,0.030,0.017,0.104,0.023,0.051,-,-,280.00,19.40,"1,474",38.8140,46.61%,9.47%,37.14%,53.39%,0.00%,0.00%,-,20.00,6.41,126.05,09 Oct 2025,29 Nov 2025,43.68,47.19,57024000.00,A-EQ,5702400
APEXFOOT,Apex Footwear Limited,Tannery Industries,A,4268.64,25.06,217.20,0.56,217.20,15.7760,"72,520",55.1516,-45.6376,217.6400,208.9920,197.0200,216.9698,216.7911,214.6118,2.1794,2.8125,222.0042,213.2758,208.9300,-46434.4572,217.1200,216.9615,217.2090,0.9094,0.0000,0.0000,0.0000,1.15,1.042,-,0.144,0.021,0.096,0.008,0.289,0.004,0.020,-,-,216.00,1.20,606,15.7760,69.92%,23.35%,46.57%,30.08%,0.00%,0.00%,25.00,25.00,8.62,436.68,28 Sep 2025,26 Nov 2025,25.06,35.68,196530460.00,A-EQ,19653046
APEXSPINN,Apex Spinning & Knitting Mills Limited,Textile,A,3044.16,94.78,362.40,6.21,362.40,19.0670,"53,012",46.7501,-61.4458,377.0850,363.8660,248.4010,359.8584,363.2951,369.6885,-6.3934,-1.8549,416.2991,337.8709,359.0600,-14571.1156,355.6956,358.7667,367.1467,1.0195,0.0000,0.0000,0.0000,0.55,1.190,-,1.002,-,-,-,-,0.008,0.021,-,-,341.20,21.20,895,19.0670,49.29%,13.56%,35.48%,50.71%,0.00%,0.25%,-,20.00,3.60,83.11,09 Oct 2025,29 Nov 2025,94.78,99.96,84000000.00,A-EQ,8400000
APEXTANRY,Apex Tannery Limited,Tannery Industries,B,1626.11,-,106.70,4.20,106.70,16.6960,"156,559",54.4508,-31.9588,105.3700,104.4000,78.4460,104.3285,104.3648,104.3212,0.0436,0.1438,111.9373,98.8027,252.5700,-70795.2888,104.1133,103.9179,104.6110,0.9738,0.0000,0.0000,0.0000,-,0.898,-,0.211,-,0.061,-,0.125,-,-,-,-,102.40,4.30,969,16.6960,65.18%,26.76%,38.42%,34.82%,0.00%,0.00%,-,-,-14.62,30.19,15 Oct 2025,30 Dec 2025,-,-,152400000.00,B-EQ,15240000
APOLOISPAT,Appollo Ispat Complex Limited,Engineering,Z,1364.45,-,3.40,0.00,3.40,1.0290,"304,083",63.5492,-16.6667,3.1550,3.2700,2.7645,3.3128,3.2843,3.2397,0.0446,0.0030,3.4951,2.8149,54.1200,-467197.2369,3.3511,3.3205,3.2371,1.4458,0.0000,0.0000,0.0000,-,0.749,20.371,0.727,-,-,-,-,-,-,-,-,3.40,0.00,101,1.0290,79.76%,19.22%,60.18%,20.24%,0.00%,0.36%,-,-,-0.82,0.70,21 Nov 2024,19 Dec 2024,-,-,4013086000.00,Z-EQ,401308600
APSCLBOND,APSCL Non-Convertible and Fully Redeemable Coupon Bearing Bond,Corporate Bond,A,220.20,-,1101.00,0.00,1101.00,0.0010,1,31.2452,-71.2644,1110.5000,1142.9600,1828.0700,1118.0254,1133.6425,1288.9443,-155.3018,-194.0886,1200.4208,1020.5792,0.0300,543.5293,1099.3333,1102.1538,1106.6667,0.2504,0.0000,0.0000,0.0000,0.05,-,-,-,-,-,-,-,-,-,-,-,1101.00,0.00,1,0.0010,0.00%,0.00%,0.00%,0.00%,0.00%,0.00%,-,5.25,0.00,0.00,11 Jun 2026,-,-,-,2000000.00,A-CB,200000
ARAMIT,Aramit Limited,Miscellaneous,A,1243.80,97.75,207.30,1.47,207.30,1.6810,"8,157",55.0853,-33.8129,206.6600,196.8340,183.9940,206.0910,206.0626,203.9141,2.1485,3.0971,212.1883,201.1317,84.2400,-363.0043,205.9889,206.1769,206.3438,1.0159,0.0000,0.0000,0.0000,0.48,3.153,-,2.395,0.057,0.063,0.046,0.073,0.009,0.014,-,-,204.30,3.00,115,1.6810,39.27%,13.57%,25.70%,60.73%,0.00%,0.00%,-,10.00,1.75,128.67,01 Jan 2026,04 Mar 2026,97.75,-,60000000.00,A-EQ,6000000
ARAMITCEM,Aramit Cement Limited,Cement,Z,423.50,-,12.40,-1.57,12.50,0.6080,"47,986",53.4194,-28.5714,12.3700,12.3360,10.8765,12.4777,12.4436,12.3155,0.1282,0.1136,13.0192,11.7208,50.8500,9084.4725,12.5067,12.4667,12.4438,1.3770,0.0000,0.0000,0.0000,-,2.410,-,2.363,-,-,-,-,-,0.766,-,-,12.70,-0.20,76,0.6080,54.08%,9.99%,44.09%,45.92%,0.00%,0.00%,-,-,-14.47,-18.90,17 Nov 2024,30 Dec 2024,-,-,338800000.00,Z-EQ,33880000
ARGONDENIM,Argon Denims Limited,Textile,A,3222.22,14.17,23.20,-2.52,23.20,67.1900,"2,872,334",56.3912,-49.0909,22.4850,20.5920,18.3475,23.6962,23.4291,22.3215,1.1076,1.0424,25.9566,19.0134,735.8600,2041429.8859,24.2422,23.9244,23.1657,1.2100,0.0000,0.0000,0.0000,4.31,1.703,-,0.950,-,-,-,-,-,-,-,-,23.80,-0.60,"1,670",67.1900,64.13%,34.56%,29.57%,35.87%,0.00%,0.00%,-,10.00,1.68,24.57,23 Oct 2025,18 Dec 2025,14.17,19.83,1388886060.00,A-EQ,138888606
ASIAINS,Asia Insurance PLC.,Insurance,A,2047.54,21.34,43.50,-2.47,43.50,23.5680,"534,358",51.7511,-54.5455,43.4750,42.6460,35.7850,43.6606,43.5439,43.2075,0.3364,0.2383,46.3271,40.6229,354.3100,-488806.5209,43.8533,43.5577,43.3086,1.6005,0.0000,0.0000,0.0000,2.30,-,-,-,-,-,-,-,-,-,-,-,44.60,-1.10,789,23.5680,62.12%,10.77%,51.35%,37.88%,0.00%,0.00%,-,10.00,2.09,30.55,23 Apr 2026,29 Jun 2026,21.34,26.55,470698580.00,A-EQ,47069858
ASIAPACINS,Asia Pacific General Insurance PLC,Insurance,A,2227.61,21.16,52.60,-0.94,52.60,61.6640,"1,168,479",69.0790,-23.1343,47.3750,45.9480,37.9250,50.0793,49.3093,47.5657,1.7435,0.8730,54.5283,40.2217,328.9800,116255.8111,50.9644,49.7526,48.1262,1.4016,0.0000,0.0000,0.0000,2.66,-,-,-,-,-,-,-,-,-,-,-,53.10,-0.50,"1,316",61.6640,66.39%,32.27%,34.12%,33.61%,0.00%,0.00%,-,14.00,2.51,25.29,03 May 2026,09 Jul 2026,21.16,12.12,423500000.00,A-EQ,42350000
ASIATICLAB,Asiatic Laboratories Limited,Pharmaceuticals & Chemicals,A,14063.01,95.08,114.90,-2.54,114.90,74.3480,"641,394",32.9964,-95.8904,127.9350,128.6740,82.9320,120.6918,122.1899,125.4677,-3.2778,-1.5303,145.1838,110.6862,172.8800,-912934.8477,119.5378,120.4526,123.5633,0.9354,0.0000,0.0000,0.0000,0.87,4.084,0.157,2.848,-,0.308,0.145,0.434,0.029,0.039,-,-,117.90,-3.00,"1,370",74.3480,59.29%,15.81%,43.48%,40.71%,0.00%,0.00%,-,10.00,2.09,54.08,02 Nov 2025,24 Dec 2025,95.08,22.27,1223934550.00,A-EQ,122393455
ATLASBANG,Atlas Bangladesh Limited,Engineering,Z,3070.88,-,92.70,-2.42,92.70,0.9450,"10,168",56.5533,-65.3846,94.1550,81.1600,64.7855,93.7802,93.3811,89.8013,3.5797,4.3879,98.2674,90.0426,28.8600,-7492.7288,94.0667,93.8410,93.9186,0.9903,0.0000,0.0000,0.0000,-,1.732,0.001,1.667,-,-,-,-,-,-,-,-,95.00,-2.30,104,0.9450,49.00%,17.00%,32.00%,0.00%,51.00%,0.00%,-,-,-1.23,121.00,06 Nov 2025,24 Dec 2025,-,-,331271080.00,Z-EQ,33127108
AZIZPIPES,Aziz Pipes Limited,Engineering,Z,441.67,-,82.60,1.60,82.60,3.2400,"39,612",65.1791,-10.1563,76.7900,75.0900,54.4110,79.2600,78.5936,76.8403,1.7532,1.1149,82.9057,70.6743,172.8700,33925.7209,79.8267,78.7436,77.6248,1.3949,0.0000,0.0000,0.0000,-,0.259,-,0.182,-,-,-,-,-,0.214,-,-,81.30,1.30,235,3.2400,88.84%,13.66%,75.18%,11.16%,0.00%,0.00%,-,-,-10.12,-47.37,28 Oct 2025,30 Dec 2025,-,-,53471250.00,Z-EQ,5347125
BANGAS,Bangas Limited,Food & Allied,B,1055.25,483.93,138.40,2.14,138.40,23.5160,"169,831",54.7751,-37.6812,138.0750,136.0840,124.4880,136.6954,136.7966,136.8216,-0.0250,0.1856,143.2510,132.8990,412.0900,-94295.9602,136.5089,136.4897,136.9957,1.1952,0.0000,0.0000,0.0000,0.22,2.236,-,1.692,0.020,0.021,0.011,0.200,0.009,0.013,-,-,135.50,2.90,"1,074",23.5160,76.96%,5.30%,71.57%,23.04%,0.00%,0.09%,-,3.00,0.28,21.02,29 Sep 2025,12 Nov 2025,483.93,677.50,76246430.00,B-EQ,7624643
BANKASI1PB,Bank Asia 1st Perpetual Bond,Corporate Bond,N,588.63,-,0.00,0.00,8650.00,0.0000,0,,,,,,,,,,,,,,,,,,,,,,0.01,-,-,-,-,-,-,-,-,-,-,-,8650.00,0.00,0,0.0000,0.00%,0.00%,0.00%,0.00%,0.00%,0.00%,-,10.00,0.00,0.00,21 Dec 2025,-,-,-,680500.00,N-CB,68050
BANKASIA,Bank Asia PLC.,Bank,A,24768.88,5.63,17.80,-0.56,17.80,5.8120,"324,986",31.3397,-100.0000,18.2650,18.2800,19.2080,18.0194,18.0732,18.2358,-0.1626,-0.1210,18.8051,17.7249,13.6300,-1072900.7658,17.9578,18.0077,18.1424,0.7989,0.0000,0.0000,0.0000,4.78,-,-,-,-,0.643,0.146,-,0.007,0.126,0.008,-,17.90,-0.10,262,5.8120,49.30%,38.80%,10.50%,50.70%,0.00%,0.00%,8.50,8.50,3.18,27.42,30 Apr 2026,11 Jun 2026,5.63,5.06,13915098370.00,A-EQ,1391509837
BARKAPOWER,Baraka Power Limited,Fuel & Power,Z,2213.38,27.22,9.40,-4.08,9.40,7.2140,"756,117",67.9307,-34.7826,8.4650,8.4060,7.6640,9.1173,8.9625,8.6204,0.3422,0.1633,9.8079,7.1221,93.3700,1472123.7293,9.2933,9.0821,8.7424,1.3912,0.0000,0.0000,0.0000,-,1.375,-,1.111,-,-,0.011,0.040,0.002,0.003,-,-,9.80,-0.40,353,7.2140,77.36%,23.02%,54.34%,22.64%,0.00%,0.00%,-,-,0.36,22.63,29 Oct 2025,24 Dec 2025,27.22,8.45,2354656610.00,Z-EQ,235465661
BATASHOE,Bata Shoe Company (Bangladesh) Limited,Tannery Industries,A,12380.40,1062.59,905.00,0.20,905.00,4.7140,"5,208",59.4034,-43.0595,894.4450,877.6600,843.8150,903.2097,901.3292,892.3270,9.0022,9.1089,920.0682,868.8218,4.0200,-5290.1322,905.7622,904.6141,900.4348,0.4089,0.0000,0.0000,0.0000,1.16,1.452,-,0.238,0.060,0.083,0.032,0.472,0.037,0.098,-,-,903.20,1.80,46,4.7140,30.00%,19.73%,9.20%,70.00%,0.00%,1.07%,-,105.00,0.00,0.00,29 Apr 2026,-,1062.59,12.25,136800000.00,A-EQ,13680000
BATBC,British American Tobacco Bangladesh Company Limited,Food & Allied,A,127656.00,22.29,236.40,-1.91,236.40,42.9920,"180,799",54.8033,-56.3536,233.3150,222.5080,239.2700,241.2580,239.6407,232.8792,6.7614,6.3916,256.5392,210.0908,14.5100,-60898.3673,244.6667,243.3038,238.4281,1.1412,0.0000,0.0000,0.0000,1.27,1.543,-,0.738,0.163,0.192,0.070,0.404,0.052,0.105,-,-,241.00,-4.60,"1,806",42.9920,26.45%,14.38%,9.17%,72.91%,0.64%,2.90%,-,30.00,10.81,102.50,03 Mar 2026,30 Apr 2026,22.29,15.75,5400000000.00,A-EQ,540000000
BAYLEASING,Bay Leasing & Investment Limited,Financial Institutions,Z,718.53,-,0.00,-7.27,5.10,3.0280,"583,662",52.0185,-58.3333,5.0250,4.7540,4.2360,5.2775,5.2285,5.0297,0.1988,0.1848,5.8194,4.2306,119.2000,-84019.1156,5.3311,5.3269,5.2048,2.0545,0.0000,0.0000,0.0000,-,-,-,-,-,1.293,8.991,-,-,-,-,-,5.50,-0.40,159,3.0280,81.70%,20.63%,61.07%,18.30%,0.00%,0.00%,-,-,-6.87,-19.65,02 Jul 2026,27 Sep 2026,-,-,1408884430.00,Z-EQ,140888443
BBS,Bangladesh Building Systems PLC.,Engineering,B,2525.41,-,15.50,-0.64,15.50,16.3570,"1,054,075",52.4497,-52.3810,15.3150,15.1200,11.3270,15.6022,15.5460,15.3488,0.1972,0.1666,16.1838,14.4462,265.7400,-752348.4961,15.7289,15.6090,15.4352,1.6378,0.0000,0.0000,0.0000,-,2.624,0.324,2.056,-,0.101,-,0.207,-,-,-,-,15.60,-0.10,568,16.3570,69.99%,27.76%,42.17%,30.01%,0.00%,0.06%,-,-,-0.59,10.74,28 Oct 2025,23 Dec 2025,-,-,1629297320.00,B-EQ,162929732
BBSCABLES,BBS Cables PLC.,Engineering,B,4763.47,-,22.50,-1.32,22.50,29.0270,"1,287,101",44.9587,-66.6667,22.7650,23.4580,18.2775,22.8296,22.8278,22.8994,-0.0715,-0.1091,23.5916,21.9384,202.7700,-1760261.9614,22.9111,22.8308,22.7581,1.5487,0.0000,0.0000,0.0000,-,2.519,0.074,1.725,-,-,-,0.151,-,-,-,-,22.80,-0.30,"1,002",29.0270,69.88%,22.94%,46.85%,30.12%,0.00%,0.09%,-,-,-4.05,28.01,28 Oct 2025,24 Dec 2025,-,-,2117097670.00,B-EQ,211709767
BDAUTOCA,Bangladesh Autocars Limited,Engineering,B,939.18,1199.44,217.10,0.56,217.10,33.1610,"151,763",56.2884,-22.5275,210.8350,213.5480,164.7185,211.9005,211.4352,211.2901,0.1452,-0.8083,219.4616,202.2084,526.9600,-81226.3221,212.1778,211.2551,210.8686,1.2602,0.0000,0.0000,0.0000,0.09,1.833,0.022,1.744,-,0.020,0.013,0.043,0.023,0.035,-,-,215.90,1.20,"1,374",33.1610,69.94%,10.37%,59.57%,30.06%,0.00%,0.00%,-,2.00,0.18,7.45,28 Oct 2025,28 Dec 2025,1199.44,1799.17,43260130.00,B-EQ,4326013
BDCOM,BDCOM Online Limited,IT Sector,A,2039.19,38.26,32.40,-1.52,32.40,19.2170,"590,033",45.7783,-59.0909,33.2650,32.2580,27.9110,32.9644,33.0136,32.9286,0.0851,0.2331,34.5793,31.9507,631.3800,-1125288.1818,32.9489,32.8962,33.0557,1.7016,0.0000,0.0000,0.0000,1.54,2.336,-,2.051,0.136,0.086,0.063,0.550,0.034,0.055,-,-,32.90,-0.50,602,19.2170,70.00%,8.99%,61.01%,30.00%,0.00%,0.00%,5.00,5.00,0.86,15.58,27 Oct 2025,18 Dec 2025,38.26,53.64,629378650.00,A-EQ,62937865
BDFINANCE,Bangladesh Finance PLC,Financial Institutions,Z,2560.01,11.68,13.60,-2.16,13.60,5.4130,"396,035",53.9580,-47.6190,13.3100,13.0100,13.3150,13.7065,13.6289,13.3594,0.2695,0.2261,14.3561,12.2639,91.6300,-542935.1629,13.8378,13.7526,13.5414,1.7425,0.0000,0.0000,0.0000,-,-,-,-,-,1.819,18.372,-,-,-,-,-,13.90,-0.30,209,5.4130,81.11%,26.02%,55.09%,18.89%,0.00%,0.00%,-,-,1.19,-29.07,30 Apr 2026,30 Jun 2026,11.68,30.22,1882362670.00,Z-EQ,188236267
BDLAMPS,Bangladesh Lamps PLC.,Engineering,A,2090.84,-,198.60,6.43,198.60,92.7060,"471,632",71.5284,-5.6769,184.1300,180.9740,154.3990,186.3857,185.4229,183.2782,2.1447,1.0397,193.1705,175.0895,203.5100,76147.2785,186.6867,185.5128,184.3238,1.3665,0.0000,0.0000,0.0000,0.50,0.921,-,0.488,-,0.046,-,0.213,-,-,-,-,186.60,12.00,"2,525",92.7060,38.14%,9.38%,28.73%,61.86%,0.00%,0.03%,-,10.00,-6.22,39.93,13 Oct 2025,11 Dec 2025,-,-,105278770.00,A-EQ,10527877
BDSERVICE,Bangladesh Services Limited,Travel & Leisure,Z,508.50,-,0.00,0.00,5.20,0.0000,0,,,,,,,,,,,,,,,,,,,,,,-,0.353,0.021,0.344,-,-,-,0.532,-,-,-,-,5.20,0.00,0,0.0000,0.32%,0.00%,0.13%,0.00%,99.68%,0.19%,-,-,-8.94,219.74,28 Oct 2025,22 Dec 2025,-,-,977889130.00,Z-EQ,97788913
BDTHAI,Bangladesh Thai Aluminium Limited,Engineering,B,2325.51,-,18.20,-3.19,18.20,31.5120,"1,703,742",44.0622,-89.4737,19.0400,18.3040,13.1075,18.8901,18.9348,18.8358,0.0990,0.2438,19.9632,18.1168,712.4100,-3390175.8529,18.9244,18.9564,18.9610,1.5177,0.0000,0.0000,0.0000,-,2.274,0.238,1.417,-,-,-,-,-,-,-,-,18.80,-0.60,"1,392",31.5120,70.82%,20.39%,49.80%,29.18%,0.00%,0.63%,-,-,-2.01,28.60,24 Nov 2025,30 Dec 2025,-,-,1277752500.00,B-EQ,127775250
BDTHAIFOOD,BD Thai Food & Beverage Limited,Food & Allied,B,1996.75,-,24.50,-3.16,24.50,43.8660,"1,753,972",50.8547,-33.3333,23.7900,25.2800,17.7970,24.6668,24.5146,24.3617,0.1530,-0.1092,26.3022,21.2778,741.9500,378636.1894,24.9844,24.7487,24.1676,1.3918,0.0000,0.0000,0.0000,-,1.315,-,0.892,-,-,-,0.259,-,-,-,-,25.30,-0.80,"1,052",43.8660,66.79%,24.20%,42.59%,33.21%,0.00%,0.00%,-,-,-1.64,12.41,29 Oct 2025,28 Dec 2025,-,-,815000000.00,B-EQ,81500000
BDWELDING,Bangladesh Welding Electrodes Limited,Fuel & Power,Z,598.22,-,13.70,-1.43,13.80,0.7320,"52,905",41.6819,-75.0000,13.9550,14.7440,14.2065,13.9353,13.9544,14.1547,-0.2003,-0.2524,14.2414,13.6686,108.0100,-50392.3438,13.9333,13.9167,13.9386,1.3209,0.0000,0.0000,0.0000,-,1.557,-,1.207,6.501,7.509,2.015,0.193,0.075,0.162,-,-,14.00,-0.20,96,0.7320,68.99%,2.88%,65.39%,31.01%,0.00%,0.72%,1.00,-,-0.08,11.61,10 Aug 2020,17 Sep 2020,-,-,433493050.00,Z-EQ,43349305
BEACHHATCH,Beach Hatchery Limited,Food & Allied,Z,1341.39,16.26,32.40,-1.82,32.40,6.3370,"194,251",39.4232,-91.1765,34.0000,33.0980,37.0340,33.3008,33.4313,33.4891,-0.0578,0.2015,35.6971,32.3029,181.1800,-244112.8680,33.2022,33.3154,33.6705,1.1637,0.0000,0.0000,0.0000,3.09,5.789,-,5.616,0.494,0.534,0.383,0.567,0.138,0.163,-,-,33.00,-0.60,419,6.3370,65.03%,18.21%,46.82%,34.97%,0.00%,0.00%,-,10.00,2.03,12.49,26 Nov 2024,31 Dec 2024,16.26,5.40,414010210.00,Z-EQ,41401021
BEACONPHAR,Beacon Pharmaceuticals PLC.,Pharmaceuticals & Chemicals,A,24717.00,26.27,107.00,-0.65,107.00,16.0490,"149,504",40.3927,-96.0784,110.0400,108.7820,105.9670,108.3472,108.6611,109.2269,-0.5658,-0.1426,114.9721,105.1079,37.1500,-321290.4165,108.1289,108.2128,108.8995,1.3925,0.0000,0.0000,0.0000,1.96,1.542,0.479,1.144,-,0.191,0.075,0.520,0.049,0.142,-,-,107.70,-0.70,753,16.0490,60.14%,38.15%,21.99%,39.86%,0.00%,0.00%,-,21.00,4.10,28.86,23 Oct 2025,23 Dec 2025,26.27,13.58,2310000000.00,A-EQ,231000000
BENGALWTL,Bengal Windsor Thermoplastics PLC.,Engineering,B,2195.42,44.91,24.00,-2.83,24.00,10.9460,"450,111",44.1805,-68.1818,24.4950,24.9740,20.5800,24.4799,24.4841,24.5880,-0.1040,-0.1438,25.5971,23.3929,124.0400,-164779.8772,24.5489,24.4500,24.4167,1.4194,0.0000,0.0000,0.0000,2.08,11.790,0.000,9.087,-,0.092,0.055,0.190,0.019,0.021,-,-,24.70,-0.70,368,10.9460,46.77%,26.52%,20.25%,53.23%,0.00%,0.00%,-,5.00,0.55,26.12,27 Oct 2025,18 Dec 2025,44.91,42.10,914760000.00,B-EQ,91476000
BERGERPBL,Berger Paints Bangladesh Limited,Miscellaneous,A,72313.48,20.28,1472.60,-0.09,1472.60,8.0660,"5,472",63.2365,-38.3582,1432.0800,1418.9140,1408.7940,1468.3433,1460.6536,1439.3261,21.3274,14.4767,1519.5004,1344.6596,11.6200,22443.1361,1481.7889,1471.0077,1450.4752,0.2004,0.0000,0.0000,0.0000,3.57,1.931,-,1.188,0.155,0.152,0.118,0.319,0.141,0.218,-,-,1473.90,-1.30,299,8.0660,10.24%,8.06%,2.17%,89.76%,0.00%,0.01%,-,525.00,76.83,400.24,16 Jun 2026,24 Aug 2026,20.28,10.01,491059910.00,A-EQ,49105991
BESTHLDNG,Best Holdings PLC.,Travel & Leisure,Z,16206.22,10.77,15.30,-0.65,15.30,2.0930,"136,426",46.1239,-77.7778,15.8100,15.3020,13.7720,15.5200,15.5538,15.5011,0.0527,0.1518,16.6356,14.9844,16.1900,-353818.2288,15.4889,15.4974,15.6519,1.5406,0.0000,0.0000,0.0000,6.54,4.760,0.016,4.709,0.365,0.380,0.367,0.683,0.018,0.025,-,-,15.40,-0.10,176,2.0930,34.66%,20.74%,13.92%,65.34%,0.00%,0.00%,-,-,0.00,0.00,-,-,10.77,46.20,10592303650.00,Z-EQ,1059230365
BEXGSUKUK,Beximco Green Sukuk Al Istisna'a,Corporate Bond,A,19805.16,-,70.00,0.00,70.50,2.0180,"28,635",44.8674,-60.0000,72.2250,71.8300,63.8000,70.7838,71.0467,71.5687,-0.5220,-0.1904,75.9310,68.5190,2.0500,5962.2355,70.4333,70.5705,71.3333,0.2191,0.0000,0.0000,0.0000,0.65,-,-,-,-,-,-,-,-,-,-,-,70.50,0.00,13,2.0180,100.00%,98.01%,1.99%,0.00%,0.00%,0.00%,-,4.59,0.00,0.00,21 May 2026,-,-,-,2809242630.00,A-CB,280924263
BEXIMCO,BEXIMCO Limited,Miscellaneous,B,23392.26,-,24.80,5.53,24.80,286.2480,"11,707,196",30.4872,-33.3333,24.7350,47.6100,94.4775,23.6911,24.0780,29.8766,-5.7986,-7.6776,28.6160,20.8540,188.8300,-5027211.3324,23.2778,23.2526,23.8824,0.3134,0.0000,0.0000,0.0000,-,1.885,-,1.568,-,0.190,-,0.245,-,-,-,-,23.50,1.30,"8,620",286.2480,66.89%,31.79%,34.44%,33.11%,0.00%,0.66%,5.00,-,-0.41,92.58,29 Oct 2024,30 Dec 2024,-,-,9432362620.00,B-EQ,943236262
BGIC,Bangladesh General Insurance Company PLC.,Insurance,A,2306.96,28.61,42.70,-1.16,42.70,8.3590,"195,149",58.1014,-31.7460,41.6450,40.6260,35.2770,41.6097,41.4629,41.1361,0.3268,0.1580,45.6321,37.6579,106.0800,-61631.1526,41.7067,41.3064,41.1814,1.0816,0.0000,0.0000,0.0000,2.58,-,-,-,-,-,-,-,-,-,-,-,43.20,-0.50,431,8.3590,66.60%,46.85%,19.75%,33.40%,0.00%,0.00%,-,11.00,1.51,19.54,30 Apr 2026,18 Jun 2026,28.61,17.42,540272550.00,A-EQ,54027255
BIFC,Bangladesh Industrial Fin. Company Limited,Financial Institutions,Z,473.20,-,4.70,-7.84,4.70,1.3440,"282,014",51.3784,-50.0000,4.6300,4.4940,3.6989,4.8321,4.7876,4.6457,0.1419,0.1110,5.2804,3.9796,102.8900,-668679.4129,4.8933,4.8821,4.7729,1.0281,0.0000,0.0000,0.0000,-,-,-,-,-,1.085,0.993,-,-,-,-,-,5.10,-0.40,118,1.3440,61.65%,39.36%,22.29%,38.35%,0.00%,0.00%,-,-,-7.38,-133.58,25 Jun 2026,-,-,-,1006799440.00,Z-EQ,100679944
BNICL,Bangladesh National Insurance Company Limited.,Insurance,A,4986.98,23.95,112.20,-2.17,112.70,6.9880,"61,423",49.4784,-51.0638,113.5250,111.1440,69.7540,114.8874,114.7138,113.2695,1.4443,1.7426,122.5580,104.4920,150.3700,22284.2797,115.7333,115.4846,114.1933,1.3463,0.0000,0.0000,0.0000,1.95,-,-,-,-,-,-,-,-,-,-,-,115.20,-2.50,212,6.9880,39.87%,9.29%,30.58%,60.13%,0.00%,0.00%,-,22.00,4.81,31.26,19 Apr 2026,23 Jun 2026,23.95,19.20,442500000.00,A-EQ,44250000
BPML,Bashundhara Paper Mills Limited,Paper & Printing,Z,4918.30,-,28.30,-1.39,28.30,1.5210,"53,463",44.6067,-94.4444,28.9050,28.5360,27.1350,28.7076,28.7446,28.7023,0.0423,0.1434,29.6795,28.1305,14.6400,-67670.4854,28.6733,28.7244,28.8419,1.7392,0.0000,0.0000,0.0000,-,0.987,-,0.595,-,-,-,0.061,-,-,-,-,28.70,-0.40,157,1.5210,33.79%,8.98%,24.81%,66.21%,0.00%,0.00%,-,-,-18.98,57.82,29 Oct 2025,23 Dec 2025,-,-,1737914410.00,Z-EQ,173791441
BPPL,Baraka Patenga Power Limited,Fuel & Power,B,3667.50,15.84,21.20,-2.30,21.20,53.1320,"2,492,150",56.9649,-46.1538,20.7750,20.2000,16.1275,21.0680,20.9776,20.6369,0.3407,0.3025,21.6878,19.8622,364.5300,-2360727.3094,21.1578,21.0038,20.8510,1.4325,0.0000,0.0000,0.0000,0.94,0.792,-,0.596,0.044,0.256,0.039,0.280,0.020,0.075,-,-,21.70,-0.50,"1,215",53.1320,64.24%,10.77%,53.47%,35.76%,0.00%,0.00%,-,2.00,1.37,27.72,29 Oct 2025,24 Dec 2025,15.84,5.69,1729954880.00,B-EQ,172995488
BRACBANK,BRAC Bank PLC.,Bank,A,146074.25,6.96,63.80,0.47,63.80,151.6310,"2,374,107",46.3206,-57.1429,63.9900,65.1600,69.3220,63.8097,63.8483,64.2421,-0.3938,-0.4945,65.0219,62.9581,29.0600,-1203899.9389,63.7733,63.8103,63.9019,1.0905,0.0000,0.0000,0.0000,2.35,-,-,-,-,0.479,0.264,-,0.017,0.174,0.019,-,63.50,0.30,"1,812",151.6310,53.83%,12.14%,7.00%,46.17%,0.00%,34.69%,15.00,15.00,9.12,51.56,27 Apr 2026,11 Jun 2026,6.96,6.26,22895650920.00,A-EQ,2289565092
BSC,Bangladesh Shipping Corporation,Miscellaneous,A,18136.42,6.02,118.90,-1.82,118.90,48.1710,"402,679",48.1607,-80.2469,122.6750,114.8780,109.8495,121.2042,121.2424,119.7973,1.4451,2.2091,128.5609,116.7891,227.6400,-681214.2557,121.3333,121.1615,121.7143,1.7554,0.0000,0.0000,0.0000,2.10,3.689,-,3.670,0.773,0.921,0.620,1.195,0.086,0.192,-,-,121.10,-2.20,"1,242",48.1710,47.90%,21.34%,26.56%,0.00%,52.10%,0.00%,-,25.00,20.10,104.84,13 Nov 2025,22 Dec 2025,6.02,6.93,1525350400.00,A-EQ,152535040
BSCPLC,Bangladesh Submarine Cables PLC,Telecommunication,A,29009.72,15.72,155.10,-0.64,155.10,5.3950,"34,703",45.2893,-81.0345,160.1350,153.4440,139.7960,157.1206,157.5565,157.1881,0.3684,1.4989,167.2430,153.0270,26.3200,-82189.0938,156.6600,157.0321,158.4443,1.2429,0.0000,0.0000,0.0000,2.58,5.155,0.014,5.155,0.633,0.564,0.520,0.778,0.086,0.121,-,-,156.10,-1.00,291,5.3950,23.06%,17.87%,5.10%,0.00%,76.94%,0.09%,-,40.00,11.01,90.99,23 Sep 2025,23 Nov 2025,15.72,10.00,1870388430.00,A-EQ,187038843
BSRMLTD,Bangladesh Steel Re-Rolling Mills Limited,Engineering,A,29082.14,4.93,97.40,-3.94,97.40,63.1160,"630,995",39.8711,-83.4320,104.6950,98.9280,86.0025,102.0098,102.5004,102.2598,0.2406,1.4313,111.5678,97.8222,44.4500,-337346.9161,101.8444,102.1590,103.3457,0.7056,0.0000,0.0000,0.0000,5.13,1.243,0.029,0.586,-,0.094,0.064,0.118,0.066,0.123,-,-,101.40,-4.00,"1,823",63.1160,52.88%,16.69%,19.37%,47.12%,0.00%,16.82%,-,50.00,20.57,166.79,19 Oct 2025,24 Dec 2025,4.93,4.89,2985846260.00,A-EQ,298584626
BSRMSTEEL,BSRM Steels Limited,Engineering,A,35640.30,6.96,94.80,-1.15,94.80,18.9750,"199,097",53.2872,-81.1765,97.1300,86.9520,72.6565,96.7687,96.5949,93.8732,2.7216,3.6206,101.9089,92.3511,81.8500,-406558.0054,97.1311,96.9962,97.1667,1.0028,0.0000,0.0000,0.0000,5.27,1.496,0.653,0.648,-,0.087,0.050,0.111,0.059,0.152,-,-,95.90,-1.10,839,18.9750,27.94%,19.01%,8.33%,72.06%,0.00%,0.60%,-,50.00,13.77,90.52,19 Oct 2025,24 Dec 2025,6.96,6.26,3759525000.00,A-EQ,375952500
BXPHARMA,Beximco Pharmaceuticals PLC,Pharmaceuticals & Chemicals,A,64373.97,11.16,144.30,-1.03,144.30,109.6680,"750,383",45.6799,-87.0690,149.7700,141.4980,120.8240,146.8796,147.3727,146.6128,0.7598,2.2002,156.6741,142.8659,56.3500,-789448.2226,146.6400,147.0115,148.2881,1.2220,0.0000,0.0000,0.0000,3.29,2.177,0.034,0.910,-,0.195,0.132,0.442,0.085,0.113,-,-,145.80,-1.50,"1,518",109.6680,69.87%,26.18%,16.90%,30.13%,0.00%,26.79%,-,47.50,15.56,119.04,24 Jun 2026,-,11.16,7.03,4461120890.00,A-EQ,446112089
CAPITECGBF,Capitec Grameen Bank Growth Fund,Mutual Funds,A,1634.64,31.76,10.50,-2.78,10.50,49.2270,"4,655,933",75.3486,-30.3030,9.2800,8.1400,7.3375,10.2620,10.0262,9.2249,0.8013,0.6604,11.3842,7.1758,753.5700,-1738346.4419,10.5422,10.3372,9.8124,1.2481,0.0000,0.0000,0.0000,-,-,-,-,-,-,-,-,-,-,-,-,10.80,-0.30,"1,098",49.2270,35.77%,2.23%,33.54%,64.23%,0.00%,0.00%,-,9.00,1.06,10.35,29 Jul 2026,-,31.76,10.19,1556800000.00,A-MF,155680000
CAPMBDBLMF,CAPM BDBL Mutual Fund 01,Mutual Funds,A,556.45,-,11.10,-2.63,11.10,44.6320,"3,999,642",58.1391,-55.8824,10.4250,10.3020,10.6505,10.9714,10.8329,10.5456,0.2873,0.1185,11.7242,9.1258,1376.9400,349445.8113,11.1311,10.9449,10.6462,0.7912,0.0000,0.0000,0.0000,-,-,-,-,-,-,-,-,-,-,-,-,11.40,-0.30,806,44.6320,80.05%,11.80%,68.25%,19.95%,0.00%,0.00%,-,-,-1.15,7.66,18 Aug 2025,-,-,12.39,501310000.00,A-MF,50131000
CAPMIBBLMF,CAPM IBBL Islamic Mutual Fund,Mutual Funds,A,935.95,-,14.00,0.00,14.00,11.0720,"792,948",56.9319,-48.2759,14.3150,11.7220,8.9635,13.9870,13.9458,13.3757,0.5701,0.7479,15.8399,12.7901,666.3100,514359.7504,13.9778,13.9051,14.0652,1.1544,0.0000,0.0000,0.0000,-,-,-,-,-,-,-,-,-,-,-,-,14.00,0.00,263,11.0720,33.44%,6.98%,26.46%,66.56%,0.00%,0.00%,-,-,-0.71,7.96,18 Aug 2025,-,-,-,668535000.00,A-MF,66853500
CBLPBOND,City Bank Perpetual Bond,Corporate Bond,A,4150.00,-,0.00,0.00,1037500.00,0.0000,0,,,,,,,,,,,,,,,,,,,,,,-,-,-,-,-,-,-,-,-,-,-,-,1037500.00,0.00,0,0.0000,100.00%,65.00%,35.00%,0.00%,0.00%,0.00%,-,10.00,0.00,0.00,22 Feb 2026,-,-,-,40000.00,A-CB,4000
CENTRALINS,Central Insurance PLC,Insurance,A,2577.52,26.15,48.50,-0.82,48.50,53.9160,"1,116,670",70.3153,-27.9661,43.9250,42.8200,40.7045,45.8429,45.2305,43.9610,1.2695,0.5220,49.2596,38.5904,335.0000,434314.7059,46.3289,45.4154,44.3490,1.2818,0.0000,0.0000,0.0000,2.47,-,-,-,-,-,-,-,-,-,-,-,48.90,-0.40,"1,586",53.9160,60.63%,15.10%,45.53%,39.33%,0.04%,0.00%,-,12.00,1.87,50.69,19 Apr 2026,18 Jun 2026,26.15,23.74,531448230.00,A-EQ,53144823
CENTRALPHL,Central Pharmaceuticals Limited,Pharmaceuticals & Chemicals,Z,1329.79,-,11.10,-3.48,11.10,11.1250,"991,315",53.5299,-66.6667,11.0250,10.1500,9.1290,11.3741,11.2935,10.8964,0.3970,0.4068,12.0045,10.0455,302.1500,-948970.5922,11.5267,11.4359,11.2257,1.4470,0.0000,0.0000,0.0000,-,1.101,0.282,1.071,-,-,-,-,-,-,-,-,11.50,-0.40,498,11.1250,92.33%,13.57%,78.76%,7.67%,0.00%,0.00%,-,-,-0.18,6.87,05 Nov 2025,30 Dec 2025,-,-,1198008440.00,Z-EQ,119800844
CITYBANK,City Bank PLC.,Bank,A,54581.45,3.62,31.20,-0.95,31.20,140.4550,"4,507,226",48.8037,-28.5714,31.5250,30.7400,27.9240,31.4634,31.4695,31.2876,0.1819,0.2809,32.0013,31.0487,67.3700,-3256022.9597,31.4533,31.4936,31.5376,1.1000,0.0000,0.0000,0.0000,4.81,-,-,-,-,0.558,0.271,-,0.016,0.214,0.018,-,31.50,-0.30,"2,046",140.4550,69.63%,19.45%,40.20%,30.37%,0.00%,9.98%,15.00,15.00,8.71,40.67,12 Apr 2026,07 Jun 2026,3.62,5.23,17494053800.00,A-EQ,1749405380
CITYGENINS,City Insurance PLC.,Insurance,A,7805.02,33.82,114.50,-0.43,114.50,25.4730,"222,458",86.3336,-30.9735,109.6650,107.6160,91.7590,112.8080,112.0606,109.9281,2.1325,1.4948,116.0463,103.2837,82.8400,-32355.1346,113.7044,112.8295,111.1748,0.6326,0.0000,0.0000,0.0000,0.87,-,-,-,-,-,-,-,-,-,-,-,115.00,-0.50,102,25.4730,63.94%,38.31%,25.62%,36.06%,0.00%,0.01%,-,10.00,3.40,23.24,10 Feb 2026,30 Mar 2026,33.82,21.30,681661220.00,A-EQ,68166122
CLICL,Chartered Life Insurance PLC,Insurance,B,1946.25,-,51.90,-1.89,51.90,5.6460,"108,224",44.9853,-68.9189,52.6750,54.0560,54.5740,52.1331,52.2136,52.8795,-0.6660,-0.8027,56.9374,48.4126,168.0400,-121778.4790,52.0978,51.8590,51.9695,1.2000,0.0000,0.0000,0.0000,0.77,-,-,-,-,-,-,-,-,-,-,-,52.90,-1.00,334,5.6460,40.00%,5.78%,34.22%,60.00%,0.00%,0.00%,-,4.00,0.17,11.44,28 Jun 2026,10 Aug 2026,-,-,375000000.00,B-EQ,37500000
CNATEX,C & A Textiles Limited,Textile,Z,765.81,16.84,3.20,0.00,3.20,1.7730,"552,379",52.1413,-40.0000,3.1000,3.1740,2.8910,3.2075,3.1902,3.1585,0.0318,0.0088,3.4044,2.7956,118.6600,121808.1170,3.2356,3.2256,3.1633,1.4187,0.0000,0.0000,0.0000,1.56,3.384,-,3.384,-,-,-,-,-,-,-,-,3.20,0.00,157,1.7730,92.90%,10.04%,82.86%,7.10%,0.00%,0.00%,-,0.50,0.19,-3.81,20 Nov 2023,28 Dec 2023,16.84,10.43,2393160000.00,Z-EQ,239316000
CONFIDCEM,Confidence Cement PLC,Cement,A,5727.25,6.01,66.40,-1.63,66.40,12.7750,"192,033",42.7963,-83.0769,69.4400,66.6180,58.8190,67.9571,68.1550,68.0148,0.1402,0.6409,73.2862,65.5938,151.0500,-187474.0663,67.8511,67.9346,68.5567,1.4516,0.0000,0.0000,0.0000,1.51,0.589,-,0.519,0.255,0.101,0.237,0.140,0.063,0.127,-,-,67.50,-1.10,527,12.7750,69.66%,38.33%,31.18%,30.34%,0.00%,0.15%,-,10.00,11.23,88.68,02 Nov 2025,28 Dec 2025,6.01,7.11,862537900.00,A-EQ,86253790
CONTININS,Continental Insurance PLC.,Insurance,B,1546.47,25.63,35.40,-2.75,35.40,24.5400,"688,385",54.5079,-24.6753,34.8850,34.1560,27.8330,35.1107,34.9707,34.6115,0.3593,0.2210,38.2293,31.5407,507.8000,15337.4348,35.2956,34.9551,34.6567,1.4536,0.0000,0.0000,0.0000,1.41,-,-,-,-,-,-,-,-,-,-,-,36.40,-1.00,646,24.5400,68.46%,8.22%,60.24%,31.54%,0.00%,0.00%,-,5.00,1.50,22.78,03 May 2026,13 Aug 2026,25.63,19.57,436855760.00,B-EQ,43685576
COPPERTECH,Coppertech Industries Ltd.,Engineering,B,1828.01,40.14,27.90,-2.11,27.90,26.6080,"945,753",52.7516,-56.2500,27.3650,27.5620,21.8815,28.0472,27.9000,27.5285,0.3715,0.2231,29.3505,25.3795,428.1800,-844430.8913,28.3289,28.0936,27.6543,1.4967,0.0000,0.0000,0.0000,0.77,1.288,0.143,0.672,-,0.102,0.028,0.137,0.023,0.050,-,-,28.50,-0.60,934,26.6080,72.43%,19.30%,53.13%,27.57%,0.00%,0.00%,-,2.15,0.71,14.32,29 Oct 2025,29 Jan 2026,40.14,47.50,655200000.00,B-EQ,65520000
CROWNCEMNT,Crown Cement PLC,Cement,A,9934.65,15.00,66.20,-1.33,66.90,1.2550,"18,680",49.9248,-91.7647,68.9650,62.8600,52.5810,68.2443,68.3306,67.0592,1.2714,2.0594,71.5125,66.4175,7.5200,-8170.2189,68.0911,68.3859,68.8486,1.0812,0.0000,0.0000,0.0000,3.14,0.888,-,0.569,0.044,0.097,0.020,0.141,0.025,0.072,-,-,67.80,-0.90,164,1.2550,58.98%,18.73%,40.20%,41.02%,0.00%,0.05%,-,21.00,4.52,62.66,20 Oct 2025,22 Dec 2025,15.00,29.91,1485000000.00,A-EQ,148500000
CRYSTALINS,Crystal Insurance Company Limited,Insurance,A,3031.60,21.08,68.90,-2.13,68.90,7.3820,"106,354",45.8199,-59.7015,69.5850,71.6900,67.5975,69.3198,69.3652,70.0596,-0.6944,-0.9215,73.5867,65.5833,167.7800,-195399.9357,69.4044,69.1551,69.0910,1.5245,0.0000,0.0000,0.0000,1.74,-,-,-,-,-,-,-,-,-,-,-,70.40,-1.50,353,7.3820,42.00%,17.51%,24.48%,58.00%,0.00%,0.01%,-,12.00,3.34,27.65,17 Feb 2026,30 Mar 2026,21.08,18.14,440000000.00,A-EQ,44000000
CVOPRL,CVO Petrochemical Refinery PLC.,Fuel & Power,A,5375.73,45.52,177.60,2.13,177.60,56.9120,"321,138",57.1503,-49.5575,176.4900,170.5360,164.2035,175.2446,175.2266,174.0532,1.1735,1.6862,181.8388,171.1412,254.0700,-159336.6255,175.0422,175.0013,175.6843,1.3698,0.0000,0.0000,0.0000,0.62,0.917,-,0.507,0.101,0.124,0.092,0.156,0.085,0.126,-,-,173.90,3.70,"2,084",56.9120,56.94%,21.10%,35.72%,43.06%,0.00%,0.12%,9.00,11.00,3.82,13.12,28 Sep 2025,10 Dec 2025,45.52,25.67,302687550.00,A-EQ,30268755
DACCADYE,The Dacca Dyeing & Manufacturing Co.Limited,Textile,Z,1464.18,-,16.80,-1.18,16.80,1.5520,"91,958",44.6733,-93.3333,17.1400,16.9140,17.4390,17.0267,17.0572,17.0601,-0.0029,0.0629,17.6607,16.6193,66.3400,-372578.4300,16.9889,17.0167,17.1043,1.3697,0.0000,0.0000,0.0000,-,0.133,-,0.117,-,-,-,-,-,-,-,-,17.00,-0.20,115,1.5520,69.90%,17.15%,52.68%,30.10%,0.00%,0.07%,-,-,-5.82,25.71,08 Dec 2025,16 Jan 2026,-,-,871534530.00,Z-EQ,87153453
DAFODILCOM,Daffodil Computers PLC.,IT Sector,B,8205.58,1044.38,164.40,-1.62,164.40,23.0730,"140,130",51.9861,-49.3902,165.5300,156.4100,85.2490,166.5814,166.3287,163.4125,2.9161,3.7335,170.7154,160.3446,108.4900,138208.1260,166.9822,166.7974,166.3271,0.6883,0.0000,0.0000,0.0000,-,0.716,-,0.661,0.025,0.134,0.015,0.376,0.005,0.013,-,-,167.10,-2.70,884,23.0730,58.60%,36.69%,21.85%,41.40%,0.00%,0.06%,-,-,0.16,12.90,02 Nov 2025,29 Dec 2025,1044.38,501.30,499122620.00,B-EQ,49912262
DBH,DBH Finance PLC,Financial Institutions,A,8682.75,9.17,42.80,-0.47,42.80,4.1630,"97,170",52.4861,-62.1622,42.9200,41.3200,37.9485,43.0541,43.0129,42.5032,0.5097,0.6590,44.4509,41.3891,73.6300,-252941.5611,43.1067,43.1641,43.0971,1.1737,0.0000,0.0000,0.0000,3.50,-,-,-,-,0.714,0.395,-,-,-,-,0.099,43.00,-0.20,264,4.1630,48.68%,32.55%,15.68%,51.32%,0.00%,0.45%,-,15.00,4.69,49.55,11 May 2026,29 Jun 2026,9.17,7.85,2028679740.00,A-EQ,202867974
DBH1STMF,DBH First Mutual Fund,Mutual Funds,A,684.00,20.34,5.70,-3.39,5.70,6.5310,"1,135,522",54.4363,-66.6667,5.6700,5.0780,5.3130,5.8453,5.7975,5.5430,0.2545,0.2692,6.3352,5.0048,526.4100,248459.9672,5.8978,5.8718,5.8029,0.9261,0.0000,0.0000,0.0000,-,-,-,-,-,-,-,-,-,-,-,-,5.90,-0.20,234,6.5310,83.33%,38.93%,44.40%,16.67%,0.00%,0.00%,-,3.00,0.29,10.32,16 Aug 2023,-,20.34,-,1200000000.00,A-MF,120000000
DBLPBOND,Dhaka Bank Perpetual Bond,Corporate Bond,A,249.00,-,0.00,0.00,6225.00,0.0000,0,77.6658,0.0000,6011.2500,0.0000,0.0000,5876.3137,5790.1395,5570.2802,219.8593,134.0774,6733.7165,5288.7835,0.0900,0.9545,6045.0000,6034.6154,6021.4286,0.1145,0.0000,0.0000,0.0000,0.02,-,-,-,-,-,-,-,-,-,-,-,6225.00,0.00,0,0.0000,0.00%,0.00%,0.00%,0.00%,0.00%,0.00%,-,10.00,0.00,0.00,27 Jan 2026,-,-,-,400000.00,A-CB,40000
DELTALIFE,Delta Life Insurance Limited,Insurance,A,10011.38,-,80.90,-1.58,80.90,6.1690,"75,675",49.8008,-46.1538,81.9400,80.4420,74.1595,80.9186,80.9748,80.9872,-0.0124,0.1053,87.2559,76.6241,44.6400,-194197.9208,80.8222,80.6564,80.9571,1.4104,0.0000,0.0000,0.0000,4.33,-,-,-,-,-,-,-,-,-,-,-,82.20,-1.30,250,6.1690,51.16%,15.55%,35.61%,48.84%,0.00%,0.00%,-,35.00,0.00,0.00,12 May 2026,29 Jun 2026,-,-,1237500000.00,A-EQ,123750000
DELTASPINN,Delta Spinners Limited,Textile,Z,1298.56,27.24,7.80,-1.27,7.80,2.9390,"374,952",60.0764,-44.4444,7.6200,7.1540,5.7975,7.8250,7.7795,7.5436,0.2359,0.2470,8.2676,6.9724,202.6400,-1469146.1783,7.8756,7.8705,7.7710,1.4300,0.0000,0.0000,0.0000,1.28,1.821,-,0.910,-,-,-,-,-,-,-,-,7.90,-0.10,106,2.9390,79.40%,5.15%,74.25%,20.60%,0.00%,0.00%,-,1.00,0.00,0.00,31 Jan 2021,-,27.24,197.50,1664819640.00,Z-EQ,166481964
DESCO,Dhaka Electric Supply Company Limited,Fuel & Power,Z,10177.79,-,25.60,-0.78,25.60,1.2390,"48,213",49.1670,-81.2500,26.1050,24.9080,22.3270,25.8247,25.8524,25.6783,0.1741,0.3169,26.9815,25.2285,5.0000,-61317.9758,25.7911,25.8141,25.9148,1.0896,0.0000,0.0000,0.0000,-,0.929,-,0.929,-,0.016,-,0.088,-,-,-,-,25.80,-0.20,75,1.2390,32.34%,23.72%,8.58%,0.00%,67.66%,0.04%,-,-,-3.15,35.33,12 Oct 2025,17 Jan 2026,-,13.25,3975698040.00,Z-EQ,397569804
DESHBANDHU,Deshbandhu Polymer Limited,Engineering,B,1350.03,-,22.00,-2.65,22.00,24.5320,"1,102,688",50.5303,-66.6667,22.0400,21.3480,17.7945,22.5652,22.4727,21.9745,0.4982,0.5296,24.1189,19.9611,643.8100,-1072039.9904,22.8222,22.7705,22.3990,1.7029,0.0000,0.0000,0.0000,-,2.280,0.870,1.509,-,-,-,-,-,-,-,-,22.60,-0.60,796,24.5320,66.46%,17.38%,49.08%,33.54%,0.00%,0.00%,-,-,-3.93,14.54,28 Oct 2025,22 Dec 2025,-,-,613651500.00,B-EQ,61365150
DGIC,Desh General Insurance Company Limited,Insurance,B,1352.00,-,33.80,-1.74,33.80,11.6070,"341,955",55.5519,-50.0000,33.9950,30.3460,23.4620,34.0718,33.9112,32.7787,1.1326,1.3128,36.4233,31.5667,445.5500,-105678.2247,34.3156,34.1333,33.9157,1.5730,0.0000,0.0000,0.0000,0.59,-,-,-,-,-,-,-,-,-,-,-,34.40,-0.60,346,11.6070,48.52%,6.12%,42.40%,51.48%,0.00%,0.00%,-,2.00,0.16,11.35,21 May 2026,09 Sep 2026,-,78.18,400000000.00,B-EQ,40000000
DHAKABANK,Dhaka Bank PLC.,Bank,A,12788.88,4.53,12.10,0.83,12.10,13.2580,"1,098,597",47.8772,-85.7143,12.2300,12.0380,12.0110,12.1330,12.1516,12.1642,-0.0126,0.0225,12.5209,11.9391,40.2900,-1159284.1149,12.1111,12.1295,12.1867,1.0934,0.0000,0.0000,0.0000,8.26,-,-,-,-,0.601,0.139,-,0.006,0.112,0.007,-,12.00,0.10,313,13.2580,55.80%,11.72%,44.08%,44.20%,0.00%,0.00%,-,10.00,2.65,23.64,29 Apr 2026,25 Jun 2026,4.53,6.32,10569323490.00,A-EQ,1056932349
DHAKAINS,Dhaka Insurance Limited,Insurance,A,1994.21,28.02,49.70,3.11,49.70,49.3810,"994,024",71.8961,-23.4783,44.4750,43.8420,39.2235,45.9574,45.4488,44.4483,1.0005,0.3544,49.3264,39.6236,199.3100,91869.2397,46.3200,45.5154,44.6814,1.4239,0.0000,0.0000,0.0000,2.01,-,-,-,-,-,-,-,-,-,-,-,48.20,1.50,"1,189",49.3810,45.19%,13.46%,31.67%,54.81%,0.00%,0.06%,-,10.00,1.72,36.70,14 May 2026,20 Jul 2026,28.02,20.08,401250000.00,A-EQ,40125000
DOMINAGE,Dominage Steel Building Systems Limited,Engineering,B,8423.46,1692.00,82.10,-2.96,82.10,164.4910,"1,978,580",55.3506,-49.0323,79.4800,78.9960,47.1405,82.5477,81.9923,80.1965,1.7958,1.4213,87.6517,71.3083,499.6000,1146881.1612,83.6622,83.0282,81.1790,1.4689,0.0000,0.0000,0.0000,0.04,6.171,0.004,3.379,-,0.105,0.027,0.205,0.003,0.003,-,-,84.60,-2.50,"2,025",164.4910,69.80%,15.60%,54.18%,30.20%,0.00%,0.02%,-,0.35,0.05,17.16,29 Oct 2025,24 Dec 2025,1692.00,-,1026000000.00,B-EQ,102600000
DOREENPWR,Doreen Power Generations and Systems Limited,Fuel & Power,A,6266.71,11.00,34.70,-1.42,34.60,40.7720,"1,173,558",66.9128,-28.3019,32.1300,31.4180,28.9665,33.2763,32.9412,32.1263,0.8149,0.4623,34.6163,29.6437,124.8300,-33257.8041,33.5311,33.0949,32.5271,1.3714,0.0000,0.0000,0.0000,2.89,1.281,-,1.119,0.039,0.197,0.039,0.212,0.023,0.061,-,-,35.10,-0.50,"1,114",40.7720,33.39%,18.07%,15.32%,66.61%,0.00%,0.00%,-,10.00,3.19,52.43,26 Oct 2025,31 Dec 2025,11.00,6.33,1811189010.00,A-EQ,181118901
DSHGARME,Desh Garmants Limited,Textile,B,1370.89,223.29,165.40,1.47,165.40,16.7490,"100,683",55.0787,-74.1176,164.9650,153.0800,121.7740,164.8453,164.6107,161.0367,3.5740,4.7405,175.1028,154.8272,562.0300,-184850.3963,164.8711,165.1115,165.5624,1.3277,0.0000,0.0000,0.0000,0.18,1.866,-,0.947,-,-,-,-,-,-,-,-,163.00,2.40,890,16.7490,45.01%,7.63%,37.38%,54.99%,0.00%,0.00%,-,3.00,0.73,157.02,29 Oct 2025,18 Dec 2025,223.29,436.61,82883420.00,B-EQ,8288342
DSSL,Dragon Sweater and Spinning Limited,Textile,B,2824.63,97.86,13.40,-2.19,13.40,62.9530,"4,652,175",53.4198,-70.0000,13.6250,11.9240,9.5720,13.8423,13.7864,13.2307,0.5557,0.6945,14.6548,12.5952,1097.7500,-8641416.2958,13.9511,13.9615,13.8229,1.6831,0.0000,0.0000,0.0000,0.37,16.911,-,12.803,-,-,-,-,-,-,-,-,13.70,-0.30,"1,679",62.9530,67.83%,13.08%,54.75%,32.17%,0.00%,0.00%,-,0.50,0.14,18.18,28 Oct 2025,30 Dec 2025,97.86,-,2107932750.00,B-EQ,210793275
DULAMIACOT,Dulamia Cotton Spinning Mills Limited,Textile,Z,1570.26,860.80,207.80,-3.44,207.80,9.9300,"47,443",54.5194,-66.8588,205.1750,185.8120,144.0035,210.2923,209.1818,201.6461,7.5358,8.6434,230.7515,179.5985,167.9800,-39776.0389,210.8556,210.5782,209.4962,0.9768,0.0000,0.0000,0.0000,0.14,0.072,-,0.068,-,-,-,-,-,-,-,-,215.20,-7.40,337,9.9300,66.99%,6.57%,60.42%,33.01%,0.00%,0.00%,-,3.00,0.25,-39.83,29 Sep 2025,03 Dec 2025,860.80,807.00,75566000.00,Z-EQ,7556600
DUTCHBANGL,Dutch-Bangla Bank PLC.,Bank,A,49330.76,4.89,48.60,-0.41,48.60,26.6760,"548,422",54.2962,-62.5000,49.0900,45.2400,41.4935,48.9846,48.9266,47.9744,0.9522,1.2730,51.4394,46.7406,30.8800,-629271.7667,49.0667,49.0603,49.1690,0.8113,0.0000,0.0000,0.0000,5.14,-,-,-,-,0.503,0.186,-,0.012,0.161,0.013,-,48.80,-0.20,469,26.6760,16.44%,8.00%,8.40%,83.56%,0.00%,0.04%,5.00,25.00,9.98,62.14,29 Apr 2026,16 Jun 2026,4.89,5.61,10150361950.00,A-EQ,1015036195
EASTERNINS,Eastern Insurance PLC,Insurance,A,2763.36,22.47,64.10,-0.93,64.10,28.2330,"437,109",63.2814,-36.7188,60.2250,59.6560,53.9880,61.9099,61.3792,60.3056,1.0736,0.4133,65.6744,54.7756,136.6700,-46267.3219,62.4756,61.5756,60.5576,1.5557,0.0000,0.0000,0.0000,2.34,-,-,-,-,-,-,-,-,-,-,-,64.70,-0.60,854,28.2330,55.14%,28.38%,26.76%,44.86%,0.00%,0.00%,-,15.00,2.88,50.13,03 May 2026,14 Jul 2026,22.47,17.87,431101440.00,A-EQ,43110144
EASTLAND,Eastland Insurance PLC.,Insurance,A,2466.09,27.00,29.40,-1.01,29.40,15.2480,"518,308",58.3944,-36.1702,28.8150,27.2200,22.1555,29.0692,28.8890,28.2369,0.6521,0.5631,31.7553,25.8747,256.2100,-299340.4258,29.3156,28.9923,28.6762,1.1860,0.0000,0.0000,0.0000,3.40,-,-,-,-,-,-,-,-,-,-,-,29.70,-0.30,445,15.2480,58.89%,23.77%,35.12%,41.11%,0.00%,0.00%,-,10.00,1.10,21.58,23 Apr 2026,29 Jun 2026,27.00,21.21,838805810.00,A-EQ,83880581
EASTRNLUB,Eastern Lubricants Blenders PLC.,Fuel & Power,A,4917.88,47.74,2071.00,0.15,2065.10,20.6170,"9,975",57.8755,-65.0027,2055.8600,1933.2400,1941.8230,2076.1314,2069.2498,2018.8300,50.4197,59.0340,2166.9070,1944.8130,209.5200,-15135.5651,2084.0067,2083.3782,2075.8567,0.7886,0.0000,0.0000,0.0000,0.39,1.609,-,1.050,0.115,0.050,0.091,0.074,0.083,0.206,-,-,2062.10,3.00,"1,000",20.6170,33.96%,8.16%,25.80%,15.04%,51.00%,0.00%,50.00,80.00,43.18,209.35,23 Nov 2025,31 Jan 2026,47.74,54.00,23814240.00,A-EQ,2381424
EBL,Eastern Bank PLC.,Bank,A,39612.88,4.61,24.10,0.00,24.10,66.5830,"2,759,453",34.7733,-85.7143,24.3300,24.6460,24.8310,24.2100,24.2439,24.3915,-0.1475,-0.1425,24.6061,24.0539,37.4800,-3087264.6844,24.1889,24.2090,24.2619,0.6185,0.0000,0.0000,0.0000,10.37,-,-,-,-,0.583,0.272,-,0.011,0.167,0.012,-,24.10,0.00,972,66.5830,70.56%,44.42%,25.47%,29.44%,0.00%,0.67%,3.00,25.00,5.23,31.38,16 Apr 2026,11 Jun 2026,4.61,4.51,16436877890.00,A-EQ,1643687789
EBL1STMF,EBL First Mutual Fund,Mutual Funds,A,709.30,-,4.90,-3.92,4.90,3.8450,"777,152",54.8750,-60.0000,4.8550,4.2860,3.7685,5.0541,5.0017,4.7452,0.2565,0.2621,5.4407,4.2693,176.1400,552464.7118,5.1267,5.0910,4.9843,1.0038,0.0000,0.0000,0.0000,-,-,-,-,-,-,-,-,-,-,-,-,5.10,-0.20,154,3.8450,98.62%,61.93%,36.69%,1.38%,0.00%,0.00%,-,-,-1.89,7.88,15 Sep 2024,-,-,-,1447542220.00,A-MF,144754222
EBLNRBMF,EBL NRB Mutual Fund,Mutual Funds,A,852.19,-,3.80,-5.00,3.80,10.4860,"2,734,946",55.3732,-50.0000,3.7200,3.3440,2.8700,3.9103,3.8653,3.6652,0.2001,0.1955,4.2691,3.1709,468.9200,2106002.2464,3.9711,3.9462,3.8471,1.2184,0.0000,0.0000,0.0000,-,-,-,-,-,-,-,-,-,-,-,-,4.00,-0.20,369,10.4860,91.11%,37.93%,53.18%,8.89%,0.00%,0.00%,-,-,-1.93,8.25,25 Sep 2024,-,-,-,2242613030.00,A-MF,224261303
ECABLES,Eastern Cables Limited,Engineering,B,3659.04,-,138.30,0.22,138.60,1.8250,"13,023",49.3410,-90.9605,143.4050,133.4920,121.3565,139.7829,140.1574,139.1252,1.0322,2.3405,152.6966,134.1134,41.0900,-29947.2497,139.0778,139.4718,141.2510,1.3264,0.0000,0.0000,0.0000,-,1.179,0.009,0.945,-,-,-,0.082,-,-,-,-,138.30,0.30,154,1.8250,40.92%,13.30%,27.62%,8.08%,51.00%,0.00%,-,-,-4.43,339.32,12 Nov 2025,24 Jan 2026,-,-,264000000.00,B-EQ,26400000
EGEN,eGeneration PLC.,IT Sector,B,2002.50,36.27,26.70,-1.84,26.70,21.9360,"815,041",49.0706,-60.0000,27.0350,26.5720,22.5460,26.9313,26.9242,26.8055,0.1187,0.1589,28.1057,25.9643,550.0300,-860000.4903,26.9467,26.8526,26.9010,1.4593,0.0000,0.0000,0.0000,0.84,2.176,-,2.168,0.132,0.122,0.132,0.274,0.028,0.033,-,-,27.20,-0.50,831,21.9360,69.93%,14.87%,54.53%,30.07%,0.00%,0.53%,-,2.25,0.75,23.38,30 Oct 2025,29 Dec 2025,36.27,35.79,750000000.00,B-EQ,75000000
EHL,Eastern Housing Limited,Services & Real Estate,A,8690.43,11.50,93.10,-2.10,93.10,30.8160,"329,330",47.0324,-83.5821,96.0400,92.2440,80.5655,94.6551,94.7572,94.2581,0.4992,0.9583,101.4718,90.6082,327.7400,-306897.3407,94.6000,94.4628,94.9538,1.7337,0.0000,0.0000,0.0000,2.69,1.228,-,0.380,0.351,0.224,0.255,0.363,0.032,0.092,-,-,95.10,-2.00,"1,159",30.8160,49.56%,29.04%,20.49%,50.44%,0.00%,0.03%,-,25.00,8.27,89.99,10 Sep 2025,30 Oct 2025,11.50,10.73,933451530.00,A-EQ,93345153
EIL,Express Insurance Limited,Insurance,B,2190.63,29.07,33.60,-2.04,33.60,40.5190,"1,198,537",60.0321,-33.3333,32.5500,31.2180,28.9950,32.9967,32.8022,32.2136,0.5886,0.4384,35.2972,29.8028,543.0800,-1360767.9019,33.2200,32.8679,32.4971,1.1094,0.0000,0.0000,0.0000,1.49,-,-,-,-,-,-,-,-,-,-,-,34.30,-0.70,986,40.5190,40.00%,5.85%,34.15%,60.00%,0.00%,0.00%,-,5.00,1.18,19.91,03 May 2026,01 Jul 2026,29.07,19.71,651974640.00,B-EQ,65197464
EMERALDOIL,Emerald Oil Industries Limited,Food & Allied,Z,2683.40,39.86,29.40,1.03,29.40,14.8360,"495,578",62.0656,-47.0588,28.3050,24.9100,17.2750,28.9237,28.6525,27.2338,1.4187,1.4909,30.5895,26.0205,195.7900,-399869.0784,29.1933,28.9051,28.5762,1.4017,0.0000,0.0000,0.0000,1.70,0.874,-,0.739,0.066,0.066,0.059,0.097,0.081,-,-,-,29.10,0.30,612,14.8360,45.50%,4.42%,41.08%,54.50%,0.00%,0.00%,-,5.00,0.00,0.00,02 Nov 2023,-,39.86,8.71,912720040.00,Z-EQ,91272004
ENVOYTEX,Envoy Textiles Limited,Textile,A,9191.87,6.69,54.80,-2.49,54.80,24.5890,"445,364",41.2428,-96.0784,57.5350,54.5760,51.0905,56.7118,56.8574,56.5107,0.3467,0.8296,60.1622,54.9078,81.3500,-504606.0781,56.7822,56.8372,57.0995,1.0026,0.0000,0.0000,0.0000,5.47,1.215,-,0.723,-,-,-,-,-,-,-,-,56.20,-1.40,873,24.5890,34.59%,23.72%,10.64%,65.41%,0.00%,0.23%,-,30.00,8.40,58.32,28 Sep 2025,06 Dec 2025,6.69,7.16,1677347670.00,A-EQ,167734767
EPGL,Energypac Power Generation PLC.,Fuel & Power,B,3879.33,-,20.40,-2.39,20.40,7.1190,"345,890",54.0910,-37.5000,20.2100,19.7900,17.2420,20.3516,20.2993,20.1035,0.1959,0.1734,21.0483,19.3717,84.5200,-433305.5699,20.4178,20.3179,20.2105,1.7017,0.0000,0.0000,0.0000,0.98,-,-,-,-,-,-,-,-,-,-,-,20.90,-0.50,365,7.1190,45.86%,16.42%,29.44%,54.14%,0.00%,0.00%,-,2.00,-5.50,32.86,16 Nov 2025,15 Dec 2025,-,-,1901632160.00,B-EQ,190163216
ESQUIRENIT,Esquire Knit Composite PLC,Textile,A,3493.80,60.00,25.90,-1.89,25.90,3.9720,"152,279",50.2126,-61.2903,26.2150,25.2460,22.2275,26.2240,26.1994,25.9111,0.2882,0.3697,27.2312,25.1988,86.1700,-531640.2087,26.3289,26.2372,26.1781,1.2406,0.0000,0.0000,0.0000,3.86,1.236,-,0.438,-,-,-,-,-,-,-,-,26.40,-0.50,213,3.9720,53.05%,41.44%,11.61%,46.95%,0.00%,0.00%,-,10.00,0.44,65.10,27 Oct 2025,25 Jan 2026,60.00,-,1348958330.00,A-EQ,134895833
ETL,Evince Textiles Limited,Textile,B,2554.04,48.97,13.90,-2.11,13.90,28.0550,"2,001,922",46.5642,-93.3333,14.3250,13.3580,10.7380,14.3648,14.3616,14.0933,0.2683,0.3874,14.9503,13.6997,797.7600,-5287280.6675,14.4222,14.4423,14.4062,1.3943,0.0000,0.0000,0.0000,1.80,0.945,-,0.426,-,-,-,-,-,-,-,-,14.20,-0.30,913,28.0550,67.06%,18.04%,49.02%,32.94%,0.00%,0.00%,-,2.50,0.29,12.83,23 Oct 2025,18 Dec 2025,48.97,46.30,1837440000.00,B-EQ,183744000
EXIM1STMF,EXIM Bank 1st Mutual Fund,Mutual Funds,A,1002.79,-,7.00,0.00,7.00,49.6680,"7,205,159",87.9418,-9.3750,5.3450,4.2460,3.4990,6.4585,6.1954,5.3408,0.8546,0.6789,7.7181,2.9719,815.0100,7658604.8045,6.7756,6.5410,5.9590,1.2894,0.0000,0.0000,0.0000,-,-,-,-,-,-,-,-,-,-,-,-,7.00,0.00,748,49.6680,78.03%,25.91%,52.12%,21.97%,0.00%,0.00%,-,-,-1.91,8.16,15 Sep 2024,-,-,-,1432563430.00,A-MF,143256343
EXIMBANK,Export Import Bank of Bangladesh PLC.,Bank,A,4342.67,16.67,0.00,0.00,3.00,0.0000,0,35.3827,-100.0000,3.4350,3.8100,5.5645,3.1910,3.2550,3.5011,-0.2461,-0.2212,4.0054,2.8646,70.5700,-721052.8574,3.1222,3.1744,3.2990,1.0137,0.0000,0.0000,0.0000,-,-,-,-,-,0.465,0.016,-,0.000,0.008,0.000,-,3.00,0.00,0,0.0000,69.56%,27.45%,41.65%,30.44%,0.00%,0.46%,-,-,0.18,21.82,29 May 2025,28 Aug 2025,16.67,-,14475573440.00,A-EQ,1447557344
FAMILYTEX,Familytex (BD) Limited,Textile,Z,991.65,-,2.80,0.00,2.80,5.2870,"1,851,018",58.5577,-33.3333,2.5450,2.6360,2.1366,2.7364,2.7023,2.6326,0.0697,0.0278,3.0326,2.0574,154.8100,1222844.6342,2.7778,2.7615,2.6586,1.2828,0.0000,0.0000,0.0000,-,9.943,-,5.485,-,-,-,-,-,-,-,-,2.80,0.00,340,5.2870,95.98%,18.41%,77.57%,4.02%,0.00%,0.00%,-,-,-0.15,11.48,01 Nov 2020,24 Dec 2020,-,-,3541603880.00,Z-EQ,354160388
FARCHEM,Far Chemicals Industries Limited,Pharmaceuticals & Chemicals,B,3628.41,271.11,23.70,-2.87,23.70,28.0770,"1,172,249",54.4666,-87.7551,23.8350,20.8720,16.8820,24.4019,24.2551,23.0923,1.1628,1.3876,27.2056,20.4644,376.1900,-885472.0071,24.5511,24.6321,24.4552,1.4680,0.0000,0.0000,0.0000,-,1.151,0.045,0.520,-,0.068,0.004,0.079,0.002,0.003,-,-,24.40,-0.70,935,28.0770,67.37%,32.08%,35.29%,32.63%,0.00%,0.00%,-,-,0.09,32.52,29 Oct 2025,24 Dec 2025,271.11,-,1530973330.00,B-EQ,153097333
FAREASTFIN,Fareast Finance & Investment Limited,Financial Institutions,Z,377.35,-,2.30,-8.00,2.30,0.9150,"392,032",68.1697,-23.0769,1.7250,1.5180,1.4535,2.1408,2.0486,1.7934,0.2551,0.1726,2.6215,0.8285,147.7800,40290.4522,2.2333,2.1641,1.9590,1.3092,0.0000,0.0000,0.0000,-,-,-,-,-,1.071,1.324,-,-,-,-,-,2.50,-0.20,76,0.9150,60.26%,11.51%,48.75%,39.74%,0.00%,0.00%,-,-,-5.13,-50.48,12 May 2025,26 Jun 2025,-,-,1640633300.00,Z-EQ,164063330
FAREASTLIF,Fareast Islami Life Insurance Company Limited,Insurance,Z,1636.87,-,21.90,-2.23,21.90,0.7310,"33,192",45.6846,-45.4545,22.3650,22.5480,21.8635,22.1839,22.2019,22.3211,-0.1192,-0.1359,23.8816,20.8484,21.4200,-74420.0498,22.2289,22.1090,22.1595,1.6331,0.0000,0.0000,0.0000,-,-,-,-,-,-,-,-,-,-,-,-,22.40,-0.50,92,0.7310,79.92%,43.20%,36.72%,20.08%,0.00%,0.00%,-,-,0.00,0.00,01 Nov 2021,22 Dec 2021,-,-,747427510.00,Z-EQ,74742751
FASFIN,FAS Finance & Investment Limited,Financial Institutions,Z,402.51,-,2.70,-6.90,2.70,1.9410,"715,892",73.7359,-30.0000,1.9650,1.6500,1.5450,2.5133,2.3773,2.0115,0.3658,0.2394,3.2190,0.7110,146.3300,1007788.3139,2.7000,2.5833,2.2848,1.3040,0.0000,0.0000,0.0000,-,-,-,-,-,1.038,1.660,-,-,-,-,-,2.90,-0.20,167,1.9410,86.80%,8.69%,78.11%,13.20%,0.00%,0.00%,-,-,-22.65,-148.05,28 Jun 2026,-,-,-,1490773640.00,Z-EQ,149077364
FBFIF,First Bangladesh Fixed Income Fund,Mutual Funds,A,2949.36,-,3.90,-5.00,3.80,5.4740,"1,432,752",55.6559,-55.5556,3.6950,3.3480,2.9525,3.8918,3.8443,3.6492,0.1951,0.1827,4.2241,3.1659,83.0200,1260836.2938,3.9511,3.9205,3.8162,1.1506,0.0000,0.0000,0.0000,-,-,-,-,-,-,-,-,-,-,-,-,4.00,-0.20,295,5.4740,46.03%,28.69%,17.34%,53.97%,0.00%,0.00%,-,-,-1.82,8.32,15 Sep 2024,-,-,-,7761470280.00,A-MF,776147028
FEDERALINS,Federal Insurance  PLC.,Insurance,A,2017.53,28.81,28.40,-2.41,28.40,26.4660,"923,813",53.2846,-43.9024,28.3250,27.5020,22.3520,28.5000,28.3829,27.9572,0.4257,0.3687,30.6618,25.9882,548.6500,-628907.6898,28.7089,28.4641,28.2295,1.2798,0.0000,0.0000,0.0000,3.52,-,-,-,-,-,-,-,-,-,-,-,29.10,-0.70,872,26.4660,63.96%,2.02%,61.94%,36.04%,0.00%,0.00%,-,10.00,1.10,13.04,03 May 2026,17 Aug 2026,28.81,14.41,710396430.00,A-EQ,71039643
FEKDIL,Far East Knitting & Dyeing Industries PLC,Textile,A,5249.86,15.09,24.00,-6.98,24.00,91.8370,"3,702,184",49.0571,-84.7826,25.7200,20.6500,16.5055,25.6899,25.6272,24.2423,1.3848,1.8988,27.8152,23.6248,930.0600,-3350543.8977,25.7689,25.9731,25.9829,1.3049,0.0000,0.0000,0.0000,5.00,1.853,-,1.186,-,-,-,-,-,-,-,-,25.80,-1.80,"1,872",91.8370,32.80%,8.07%,24.73%,67.20%,0.00%,0.00%,-,12.00,1.71,21.37,15 Oct 2025,14 Dec 2025,15.09,-,2187441710.00,A-EQ,218744171
FINEFOODS,Fine Foods Limited,Food & Allied,A,6468.53,108.56,462.90,2.01,462.90,44.7670,"96,671",35.8816,-61.4458,483.4800,516.9720,441.7655,466.7868,471.0719,486.9881,-15.9162,-13.9957,518.8895,448.0705,191.3100,11933.9771,462.5000,466.2064,474.8262,0.6783,0.0000,0.0000,0.0000,0.30,8.739,-,2.251,0.572,0.601,0.492,0.641,0.263,0.286,-,-,453.80,9.10,676,44.7670,86.08%,18.69%,67.39%,13.92%,0.00%,0.00%,-,14.00,4.18,14.65,29 Oct 2025,20 Dec 2025,108.56,43.75,139739180.00,A-EQ,13973918
FIRSTFIN,First Finance Limited,Financial Institutions,Z,616.43,-,5.10,-3.70,5.20,1.5180,"290,688",69.4520,-27.7778,4.4000,4.3080,3.7275,4.8713,4.7617,4.5100,0.2517,0.1295,5.3324,3.4676,50.2300,286081.4420,4.9711,4.8628,4.6295,1.4502,0.0000,0.0000,0.0000,-,-,-,-,-,1.343,1.626,-,-,-,-,-,5.40,-0.20,247,1.5180,58.69%,18.10%,40.59%,41.31%,0.00%,0.00%,-,-,-6.66,-46.01,29 Jun 2026,17 Sep 2026,-,-,1185446630.00,Z-EQ,118544663
FIRSTSBANK,First Security Islami Bank PLC.,Bank,Z,2295.46,0.67,0.00,0.00,1.90,0.0000,0,32.9434,-91.6667,2.4900,2.5900,3.9140,2.1778,2.2479,2.4402,-0.1923,-0.1289,3.1450,1.8350,146.6500,-4143929.6253,2.1044,2.1705,2.3310,1.3165,0.0000,0.0000,0.0000,-,-,-,-,-,-,-,-,-,-,-,-,1.90,0.00,0,0.0000,94.10%,28.21%,65.74%,5.90%,0.00%,0.15%,-,-,-3.35,16.40,01 Jun 2025,15 Sep 2025,0.67,-,12081393790.00,Z-EQ,1208139379
FORTUNE,Fortune Shoes Limited,Tannery Industries,Z,3191.38,175.45,18.90,-3.11,18.70,9.2640,"491,719",46.6430,-100.0000,20.0800,17.6100,14.8045,19.5679,19.6128,19.1459,0.4670,0.7854,21.4528,18.7072,189.2200,-871023.0893,19.5200,19.6256,19.8995,1.6044,0.0000,0.0000,0.0000,0.27,3.496,-,1.891,0.021,0.116,0.007,0.161,0.005,0.007,-,-,19.30,-0.60,616,9.2640,69.07%,18.12%,50.95%,30.93%,0.00%,0.00%,-,0.50,0.11,14.70,25 Nov 2025,30 Dec 2025,175.45,-,1706622630.00,Z-EQ,170662263
FUWANGCER,Fu-Wang Ceramic Industries Ltd.,Ceramics Sector,B,2330.20,159.09,17.10,-2.29,17.10,61.7910,"3,581,605",59.1119,-28.0000,16.4600,15.5260,12.6765,17.0249,16.8949,16.3608,0.5340,0.4997,17.8371,15.0829,814.7000,-2825088.8717,17.1978,17.0769,16.7838,1.5232,0.0000,0.0000,0.0000,0.58,-,-,-,-,-,-,0.262,-,-,-,-,17.50,-0.40,"1,180",61.7910,70.00%,5.71%,63.89%,30.00%,0.00%,0.40%,-,1.00,0.11,12.00,05 Nov 2025,30 Dec 2025,159.09,1312.50,1362690930.00,B-EQ,136269093
FUWANGFOOD,Fu Wang Food Limited,Food & Allied,Z,1363.32,-,12.30,-2.38,12.30,3.9020,"314,311",45.8976,-100.0000,12.7100,12.0200,10.9125,12.6820,12.6881,12.5049,0.1832,0.2828,13.3079,12.1121,181.1100,-751677.4241,12.6956,12.7205,12.7562,1.6254,0.0000,0.0000,0.0000,-,0.648,-,0.546,-,-,-,0.181,-,-,-,-,12.60,-0.30,279,3.9020,92.15%,9.57%,82.57%,7.85%,0.00%,0.01%,-,-,-0.31,2.03,12 Nov 2024,26 Dec 2024,-,-,1108392840.00,Z-EQ,110839284
GBBPOWER,GBB Power Limited,Fuel & Power,Z,1191.10,109.09,11.70,-2.50,11.70,24.5660,"2,007,824",80.6040,-20.8333,8.9750,8.7040,7.5585,10.3110,9.9725,9.2361,0.7364,0.3396,11.5320,6.4180,177.9400,2966727.6061,10.5956,10.1756,9.5262,1.4631,0.0000,0.0000,0.0000,-,11.783,-,11.257,-,-,-,-,0.005,0.005,-,-,12.00,-0.30,907,24.5660,67.99%,15.95%,52.04%,32.01%,0.00%,0.00%,-,-,0.11,20.31,29 Oct 2025,22 Dec 2025,109.09,100.00,1018035480.00,Z-EQ,101803548
GEMINISEA,Gemini Sea Food PLC,Food & Allied,Z,1412.71,26.30,123.00,0.16,123.00,1.4340,"11,707",48.0913,-90.0826,126.3250,121.6080,125.8850,123.7675,124.0407,123.7433,0.2973,1.0372,133.3200,119.3300,94.4600,-24564.2486,123.3044,123.4667,124.9062,1.3346,0.0000,0.0000,0.0000,0.61,1.175,-,0.604,0.095,0.078,0.076,0.258,0.049,0.237,-,-,122.80,0.20,169,1.4340,69.99%,7.81%,61.95%,30.01%,0.00%,0.23%,7.50,7.50,4.67,19.69,14 Nov 2024,29 Dec 2024,26.30,-,114854180.00,Z-EQ,11485418
GENEXIL,Genex Infosys PLC.,IT Sector,B,4673.46,18.25,38.80,-2.02,38.80,42.4870,"1,086,899",48.5616,-89.0909,40.5450,36.9540,28.9715,39.9212,39.9574,39.1985,0.7589,1.1955,42.7229,38.3671,609.7600,-1856191.1358,39.8978,39.8974,40.2386,1.7292,0.0000,0.0000,0.0000,0.26,0.634,-,0.603,0.139,0.381,0.137,0.450,0.040,0.098,-,-,39.60,-0.80,"1,437",42.4870,73.93%,22.22%,51.68%,26.07%,0.00%,0.03%,-,1.00,2.17,22.11,07 Dec 2025,30 Dec 2025,18.25,14.01,1204500210.00,B-EQ,120450021
GENNEXT,Generation Next Fashions Limited,Textile,Z,1534.42,44.29,3.10,0.00,3.10,4.3060,"1,394,329",55.4205,-33.3333,2.9300,3.0040,2.8390,3.0454,3.0256,2.9927,0.0328,0.0048,3.2281,2.6319,100.6100,2086193.4218,3.0644,3.0538,2.9957,1.4504,0.0000,0.0000,0.0000,3.23,2.920,-,1.339,-,-,-,-,-,-,-,-,3.10,0.00,168,4.3060,83.74%,22.10%,61.64%,16.26%,0.00%,0.00%,-,1.00,0.07,11.88,29 Oct 2023,23 Dec 2023,44.29,-,4949745550.00,Z-EQ,494974555
GHAIL,Golden Harvest Agro Industries Limited,Food & Allied,B,3367.07,-,15.60,-2.50,15.60,17.8020,"1,131,824",49.6128,-66.6667,15.6800,15.2440,12.4670,15.9111,15.8677,15.6444,0.2233,0.2331,16.4356,14.9244,234.5800,-681349.8373,16.0222,15.9487,15.8057,1.4838,0.0000,0.0000,0.0000,0.64,1.739,-,1.329,-,-,-,0.420,-,-,-,-,16.00,-0.40,581,17.8020,69.58%,39.28%,30.08%,30.42%,0.00%,0.22%,-,1.00,-0.24,12.33,28 Oct 2025,29 Dec 2025,-,-,2158376210.00,B-EQ,215837621
GHCL,Global Heavy Chemicals Limited,Pharmaceuticals & Chemicals,Z,1706.40,-,23.70,-1.66,23.70,3.8910,"164,186",56.0718,-61.5385,23.3700,21.6080,20.3525,24.1862,24.0130,23.0523,0.9607,1.0325,26.5529,20.1871,107.5900,-145358.4144,24.4533,24.4205,24.0557,1.1493,0.0000,0.0000,0.0000,-,0.123,-,0.102,-,-,-,-,-,-,-,-,24.10,-0.40,189,3.8910,31.40%,10.59%,20.81%,68.60%,0.00%,0.00%,-,-,-2.19,71.89,07 Dec 2025,-,-,-,720000000.00,Z-EQ,72000000
GIB,Global Islami Bank PLC,Bank,Z,1678.65,-,0.00,0.00,1.70,0.0000,0,39.3150,-75.0000,1.8300,1.9440,3.1450,1.7469,1.7665,1.8431,-0.0767,-0.0699,2.0362,1.6238,50.4600,-1277163.4522,1.7200,1.7423,1.7910,1.1715,0.0000,0.0000,0.0000,-,-,-,-,-,2.014,3.128,-,-,0.580,-,-,1.70,0.00,0,0.0000,84.57%,53.15%,31.42%,15.43%,0.00%,0.00%,-,-,-12.62,-21.77,10 Jul 2025,21 Sep 2025,-,-,9874396880.00,Z-EQ,987439688
GLDNJMF,ICB AMCL CMSF Golden Jubilee Mutual Fund,Mutual Funds,A,940.00,27.71,9.40,-3.09,9.40,18.9600,"2,008,121",65.9861,-36.0000,8.5000,7.3020,6.5360,9.2218,9.0232,8.3224,0.7008,0.5945,10.1118,6.8882,627.3000,1823871.8981,9.4222,9.2269,8.8733,1.0997,0.0000,0.0000,0.0000,-,-,-,-,-,-,-,-,-,-,-,-,9.70,-0.30,403,18.9600,39.00%,12.64%,26.36%,61.00%,0.00%,0.00%,-,-,0.35,9.39,16 Feb 2026,-,27.71,5.91,1000000000.00,A-MF,100000000
GLOBALINS,Global Insurance PLC,Insurance,A,1788.33,28.54,44.10,-2.22,44.10,38.1140,"856,310",55.4708,-40.2439,43.5650,40.0980,30.8155,44.0987,43.8326,42.5287,1.3038,1.3330,47.8497,39.2803,707.0900,-473930.5589,44.4978,44.0500,43.5129,1.4861,0.0000,0.0000,0.0000,2.27,-,-,-,-,-,-,-,-,-,-,-,45.10,-1.00,"1,007",38.1140,64.68%,13.04%,51.64%,35.32%,0.00%,0.00%,-,10.00,1.29,14.83,14 Jun 2026,18 Aug 2026,28.54,15.24,405517630.00,A-EQ,40551763
GOLDENSON,Golden Son Limited,Engineering,B,2799.20,-,16.30,-1.21,16.30,25.1370,"1,533,980",45.0448,-83.3333,16.6350,16.6180,12.5665,16.7056,16.7072,16.6427,0.0644,0.0982,17.2650,16.0050,361.1000,-3521689.0353,16.7800,16.7538,16.6833,1.5133,0.0000,0.0000,0.0000,-,1.628,0.945,0.943,-,-,-,-,-,-,-,-,16.50,-0.20,761,25.1370,69.71%,23.04%,46.67%,30.29%,0.00%,0.00%,-,-,-1.83,16.06,26 Nov 2025,31 Dec 2025,-,-,1717297720.00,B-EQ,171729772
GP,Grameenphone Limited,Telecommunication,A,346486.99,11.74,256.60,-0.23,256.60,41.3420,"160,616",46.7351,-80.4348,258.3900,254.3120,259.7655,258.1555,258.2430,257.4182,0.8248,1.4051,260.6066,256.1734,2.9000,-115969.0862,258.2200,258.4641,258.4505,0.7066,0.0000,0.0000,0.0000,4.09,0.159,0.125,0.155,0.311,0.357,0.187,1.000,0.155,0.528,-,-,257.20,-0.60,"1,503",41.3420,10.00%,6.76%,2.91%,90.00%,0.00%,0.33%,-,105.00,10.52,41.51,15 Jul 2026,-,11.74,12.22,13503000220.00,A-EQ,1350300022
GPHISPAT,GPH Ispat Limited,Engineering,B,9048.62,-,18.70,-2.09,18.70,20.5520,"1,089,600",45.2049,-92.8571,19.4250,18.4020,17.0415,19.1923,19.2157,19.0292,0.1865,0.3255,20.1702,18.6798,119.8200,-1810840.2941,19.2111,19.2192,19.2967,1.5065,0.0000,0.0000,0.0000,2.67,1.024,1.164,0.595,-,0.112,-,0.140,-,-,-,-,19.10,-0.40,774,20.5520,69.78%,19.30%,50.48%,30.22%,0.00%,0.00%,-,5.00,-0.51,51.72,02 Dec 2025,31 Dec 2025,-,-,4838834560.00,B-EQ,483883456
GQBALLPEN,GQ Ball Pen Industries Limited,Miscellaneous,A,5113.12,-,572.70,0.46,572.70,20.8950,"36,433",38.5980,-76.3542,598.6600,631.4820,548.1715,586.2534,590.1320,603.0944,-12.9624,-10.5447,635.6240,561.6960,176.8700,-8462.5687,584.2400,588.4000,593.7062,0.9548,0.0000,0.0000,0.0000,0.17,2.247,-,2.213,-,-,-,-,-,-,-,-,570.10,2.60,676,20.8950,62.23%,1.47%,60.71%,37.77%,0.00%,0.05%,-,10.00,-1.83,135.81,29 Oct 2025,15 Dec 2025,-,-,89280910.00,A-EQ,8928091
GRAMEENS2,Grameen One : Scheme Two,Mutual Funds,A,2498.85,17.53,13.70,-3.52,13.70,8.2090,"594,905",55.1383,-58.8235,13.4500,12.9480,12.0845,13.7787,13.6959,13.4014,0.2945,0.2514,14.2923,12.6077,97.8700,490215.8646,13.8556,13.7808,13.6229,0.9095,0.0000,0.0000,0.0000,-,-,-,-,-,-,-,-,-,-,-,-,14.20,-0.50,332,8.2090,79.48%,56.08%,23.40%,20.52%,0.00%,0.00%,-,7.50,0.81,15.89,14 Aug 2025,-,17.53,19.72,1823979020.00,A-MF,182397902
GREENDELMF,Green Delta Mutual Fund,Mutual Funds,A,765.00,38.57,5.10,-5.56,5.10,5.5120,"1,071,882",57.6100,-53.8462,4.8600,4.1060,3.4255,5.2213,5.1358,4.7497,0.3862,0.3802,5.9290,3.7910,413.5500,1050903.0646,5.3178,5.2667,5.1033,1.1563,0.0000,0.0000,0.0000,-,-,-,-,-,-,-,-,-,-,-,-,5.40,-0.30,233,5.5120,91.67%,43.56%,48.11%,8.33%,0.00%,0.00%,-,1.50,0.14,10.16,16 Aug 2023,-,38.57,-,1500000000.00,A-MF,150000000
GREENDELT,Green Delta Insurance Company PLC.,Insurance,A,6933.02,13.03,69.20,-2.40,69.20,10.3500,"149,898",56.0018,-45.5446,68.0350,65.7980,57.7100,68.9852,68.6688,67.6362,1.0326,0.8239,72.1236,63.9464,58.1800,14216.1412,69.4111,68.8603,68.1562,1.2534,0.0000,0.0000,0.0000,3.90,-,-,-,-,-,-,-,-,-,-,-,70.90,-1.70,295,10.3500,69.42%,23.23%,41.59%,30.58%,0.00%,4.60%,-,27.00,5.44,70.53,16 Feb 2026,31 Mar 2026,13.03,13.69,1001881940.00,A-EQ,100188194
GSPFINANCE,GSP Finance Company (Bangladesh) PLC,Financial Institutions,Z,706.81,-,4.50,-8.16,4.50,3.8630,"844,097",60.9127,-37.5000,4.0450,3.8060,3.2405,4.4395,4.3497,4.0929,0.2569,0.1806,4.9021,3.1879,87.1200,189067.6214,4.5311,4.4564,4.2619,1.9501,0.0000,0.0000,0.0000,-,-,-,-,-,1.171,5.228,-,-,-,-,-,4.90,-0.40,239,3.8630,87.98%,34.62%,53.36%,12.02%,0.00%,0.00%,-,-,-11.79,4.60,03 Sep 2025,14 Dec 2025,-,-,1570685850.00,Z-EQ,157068585
HAKKANIPUL,Hakkani Pulp & Paper Mills PLC.,Paper & Printing,B,1546.60,1151.43,81.40,0.99,81.40,17.9880,"219,438",50.4296,-62.3188,82.3350,80.4480,74.1250,81.4625,81.4832,81.2895,0.1937,0.3304,86.5668,78.1032,600.5100,-462246.9646,81.4889,81.2936,81.5724,1.4008,0.0000,0.0000,0.0000,0.61,1.776,-,0.853,0.017,0.080,0.001,0.153,0.001,0.003,-,-,80.60,0.80,876,17.9880,52.72%,5.58%,47.14%,47.28%,0.00%,0.00%,-,5.00,0.07,24.24,28 Oct 2025,20 Dec 2025,1151.43,195.00,190000000.00,B-EQ,19000000
HAMI,Hami Industries PLC.,Miscellaneous,Z,1267.42,-,164.00,-0.36,164.60,1.5130,"9,177",61.6426,-49.7797,157.7150,158.7940,141.3425,161.0935,160.2306,158.8729,1.3577,0.1016,168.1203,147.3097,76.9000,-1053.2314,161.6489,160.6167,159.5167,0.9481,0.0000,0.0000,0.0000,0.06,0.508,-,0.360,-,-,-,0.020,-,-,-,-,165.20,-0.60,163,1.5130,67.48%,12.68%,53.62%,32.52%,0.00%,1.18%,-,1.00,0.00,0.00,02 Jun 2024,-,-,590.00,77000000.00,Z-EQ,7700000
HEIDELBCEM,Heidelberg Materials Bangladesh PLC.,Cement,A,12396.89,61.89,219.40,-0.14,219.40,2.8740,"13,019",39.8213,-94.6502,230.0000,232.2240,225.7830,223.2082,224.4645,227.5113,-3.0468,-1.7217,246.8857,213.1143,20.5900,-39509.0983,221.8844,222.5308,226.0624,1.0456,0.0000,0.0000,0.0000,0.50,0.885,-,0.559,0.049,0.048,0.031,0.122,0.042,0.112,-,-,219.70,-0.30,169,2.8740,39.33%,28.75%,10.54%,60.67%,0.00%,0.04%,-,11.00,3.55,73.92,26 Apr 2026,18 Jun 2026,61.89,-,565035800.00,A-EQ,56503580
HFL,Hamid Fabrics PLC.,Textile,Z,1484.23,79.47,16.30,7.95,16.30,10.3610,"650,761",63.7319,-4.0000,14.9150,15.2180,10.1640,15.3986,15.3130,15.1208,0.1922,0.0947,16.4078,13.4222,46.4200,64247.7594,15.4378,15.4500,15.2219,1.4722,0.0000,0.0000,0.0000,-,1.653,-,0.845,-,-,-,-,-,-,-,-,15.10,1.20,463,10.3610,48.62%,18.73%,29.89%,51.38%,0.00%,0.00%,-,-,-4.06,33.66,29 Oct 2024,26 Dec 2024,79.47,-,910573120.00,Z-EQ,91057312
HRTEX,H.R.Textile Limited,Textile,Z,590.27,-,20.20,-0.98,20.20,0.8940,"44,229",39.0604,-85.7143,21.1600,21.0340,18.7525,20.7217,20.8098,20.9451,-0.1354,-0.0056,22.2485,20.0715,83.9100,-98286.7430,20.6911,20.7372,20.9171,1.5025,0.0000,0.0000,0.0000,-,1.843,-,1.404,-,-,-,-,-,-,-,-,20.40,-0.20,102,0.8940,65.46%,16.98%,48.48%,34.54%,0.00%,0.00%,-,-,-19.67,21.43,24 Dec 2024,19 Mar 2025,-,-,292215000.00,Z-EQ,29221500
HWAWELLTEX,Hwa Well Textiles (BD) PLC,Textile,A,2816.80,14.01,50.30,-1.37,50.30,12.5380,"247,126",63.7969,-37.9310,48.5650,46.2640,43.0060,49.8680,49.5282,48.2799,1.2483,1.0894,51.4114,45.7186,108.8500,-192527.1630,50.2911,49.8910,49.1643,0.8939,0.0000,0.0000,0.0000,3.98,5.768,-,5.134,-,-,-,-,-,-,-,-,51.00,-0.70,659,12.5380,49.17%,9.05%,40.04%,50.83%,0.00%,0.08%,-,20.00,3.64,40.16,28 Oct 2025,11 Dec 2025,14.01,13.96,560000000.00,A-EQ,56000000
IBBL2PBOND,IBBL 2nd Mudaraba Perpetual Bond,Corporate Bond,N,623.68,-,0.00,0.00,3898.00,0.0000,0,43.7948,-100.0000,3983.3000,4039.8900,0.0000,3966.8322,3981.6427,4004.9834,-23.3408,-1.7999,4178.6705,3787.9295,0.1400,-4.1637,3929.6000,3932.3846,3949.3952,0.1501,0.0000,0.0000,0.0000,0.03,-,-,-,-,-,-,-,-,-,-,-,3898.00,0.00,0,0.0000,0.00%,0.00%,0.00%,0.00%,0.00%,0.00%,-,10.00,0.00,0.00,18 Nov 2025,-,-,-,1600000.00,N-CB,160000
IBBLPBOND,IBBL Mudaraba Perpetual Bond,Corporate Bond,A,2010.00,-,670.00,1.38,670.00,0.0070,10,48.3895,-65.9341,673.9250,675.3500,672.2375,672.7740,673.4144,675.8844,-2.4700,-2.2260,702.1278,645.7222,0.8200,110.9676,672.3000,673.6282,674.1714,0.1947,0.0000,0.0000,0.0000,-,-,-,-,-,-,-,-,-,-,-,-,660.90,9.10,2,0.0070,100.00%,79.51%,19.83%,0.00%,0.00%,0.66%,-,-,0.00,0.00,30 Apr 2026,-,-,-,30000000.00,A-CB,3000000
IBNSINA,The Ibn Sina Pharmaceutical Industry PLC,Pharmaceuticals & Chemicals,A,10032.33,15.75,323.40,0.60,321.10,7.7780,"24,234",49.7527,-68.4932,323.8350,319.3200,315.5875,320.9694,321.2914,321.3095,-0.0181,0.6803,334.0782,313.5918,33.7900,-31338.3710,320.5756,320.6115,321.9900,0.7900,0.0000,0.0000,0.0000,1.99,1.149,0.244,0.419,-,0.080,0.053,0.404,0.084,0.158,-,-,319.20,1.90,212,7.7780,55.32%,25.77%,29.55%,44.68%,0.00%,0.00%,-,64.00,20.27,125.69,05 Oct 2025,23 Nov 2025,15.75,12.01,312436270.00,A-EQ,31243627
IBP,Indo-Bangla Pharmaceuticals Limited,Pharmaceuticals & Chemicals,B,2173.04,-,18.70,-4.10,18.70,50.7270,"2,670,454",49.1140,-90.0000,19.3250,17.2580,13.6155,19.7108,19.6284,18.8565,0.7719,0.9541,21.1864,17.4636,1302.5200,-4481430.3497,19.9356,19.9449,19.6867,1.6582,0.0000,0.0000,0.0000,0.08,3.622,-,2.741,-,-,-,0.114,-,-,-,-,19.50,-0.80,"1,290",50.7270,75.57%,29.45%,46.12%,24.43%,0.00%,0.00%,-,0.15,-0.32,12.53,16 Nov 2025,30 Dec 2025,-,731.25,1162051780.00,B-EQ,116205178
ICB,Investment Corporation of Bangladesh,Financial Institutions,B,39547.01,-,45.60,-0.87,45.60,2.6020,"57,020",45.7533,-97.6744,46.9350,45.3700,40.4675,46.2250,46.3408,46.2078,0.1331,0.4502,48.5859,45.2841,7.2300,-211418.2920,46.0756,46.2051,46.5871,1.5196,0.0000,0.0000,0.0000,-,-,-,-,-,0.182,0.174,-,-,-,-,0.002,46.00,-0.40,154,2.6020,3.80%,1.61%,2.19%,69.20%,27.00%,0.00%,-,-,-14.00,37.45,29 Oct 2025,13 Dec 2025,-,-,8672589610.00,B-EQ,867258961
ICB3RDNRB,ICB AMCL Third NRB Mutual Fund,Mutual Funds,A,640.00,-,6.40,-4.48,6.40,6.2670,"966,637",61.4937,-46.6667,6.0750,5.2780,4.5340,6.4523,6.3515,5.9428,0.4088,0.3798,6.9668,5.1832,281.3300,-74618.8156,6.5667,6.4795,6.2881,0.8574,0.0000,0.0000,0.0000,-,-,-,-,-,-,-,-,-,-,-,-,6.70,-0.30,174,6.2670,89.97%,40.67%,49.26%,10.03%,0.00%,0.04%,-,-,-0.02,7.26,07 Aug 2025,-,-,7.50,1000000000.00,A-MF,100000000
ICBAGRANI1,ICB AMCL First Agrani Bank Mutual Fund,Mutual Funds,A,853.91,25.28,8.70,-4.40,8.70,6.0740,"688,148",55.8793,-72.2222,8.7100,7.6460,6.8070,8.8869,8.8066,8.4135,0.3931,0.4018,9.4323,7.9877,268.3400,70206.4464,8.9711,8.8833,8.7862,0.6379,0.0000,0.0000,0.0000,-,-,-,-,-,-,-,-,-,-,-,-,9.10,-0.40,223,6.0740,49.06%,38.60%,10.46%,50.94%,0.00%,0.00%,-,-,0.36,9.00,07 Aug 2025,-,25.28,9.61,981510000.00,A-MF,98151000
ICBAMCL2ND,ICB AMCL Second Mutual Fund,Mutual Funds,A,435.00,-,8.70,-3.33,8.70,7.7170,"885,472",67.5712,-31.8182,7.8750,6.9180,6.0000,8.4630,8.3030,7.7451,0.5578,0.4689,9.1179,6.6321,248.8900,754387.4701,8.6089,8.4628,8.1771,0.9275,0.0000,0.0000,0.0000,-,-,-,-,-,-,-,-,-,-,-,-,9.00,-0.30,218,7.7170,100.00%,56.23%,43.77%,0.00%,0.00%,0.00%,-,-,-0.15,8.08,07 Aug 2025,-,-,10.07,500000000.00,A-MF,50000000
ICBEPMF1S1,ICB Employees Provident MF 1: Scheme 1,Mutual Funds,A,510.00,-,6.80,-4.23,6.80,9.4880,"1,379,419",52.9259,-53.3333,6.6250,6.5660,4.9855,6.9050,6.8391,6.6528,0.1863,0.1292,7.3897,5.8603,603.2000,2057622.2264,6.9933,6.9064,6.7633,0.8471,0.0000,0.0000,0.0000,-,-,-,-,-,-,-,-,-,-,-,-,7.10,-0.30,247,9.4880,90.00%,46.46%,43.41%,10.00%,0.00%,0.13%,-,-,-0.23,7.38,07 Aug 2025,-,-,10.05,750000000.00,A-MF,75000000
ICBIBANK,ICB Islamic Bank Limited,Bank,Z,1794.70,-,2.70,-3.57,2.70,0.6040,"223,684",47.0630,-50.0000,2.7150,2.7400,2.6955,2.7197,2.7198,2.7278,-0.0080,-0.0114,2.7971,2.6329,17.5200,-898576.3744,2.7178,2.7154,2.7148,0.9408,0.0000,0.0000,0.0000,-,-,-,-,-,3.183,4.053,-,-,0.068,-,-,2.80,-0.10,26,0.6040,47.07%,20.39%,26.68%,52.76%,0.17%,0.00%,-,-,-1.22,-22.00,08 Jul 2026,21 Sep 2026,-,-,6647023000.00,Z-EQ,664702300
ICBSONALI1,ICB AMCL Sonali Bank Limited 1st Mutual Fund,Mutual Funds,A,690.00,-,6.90,-5.48,6.90,26.8370,"3,814,892",60.0496,-55.5556,6.5550,5.7100,4.8115,6.9218,6.8082,6.3863,0.4220,0.3711,7.4760,5.6340,868.0400,3365889.3571,7.0356,6.9051,6.7148,0.9683,0.0000,0.0000,0.0000,-,-,-,-,-,-,-,-,-,-,-,-,7.30,-0.40,512,26.8370,75.00%,34.05%,40.95%,25.00%,0.00%,0.00%,-,-,-0.04,8.23,07 Aug 2025,-,-,14.41,1000000000.00,A-MF,100000000
ICICL,Islami Commercial Insurance PLC,Insurance,A,1884.28,33.21,37.20,0.00,37.20,66.4980,"1,798,450",79.4228,-10.6383,32.7150,30.7620,24.8430,34.9372,34.3206,32.6081,1.7125,1.1644,37.4252,28.0048,570.6500,715811.1271,35.5600,34.7987,33.5500,1.4700,0.0000,0.0000,0.0000,2.69,-,-,-,-,-,-,-,-,-,-,-,37.20,0.00,"1,621",66.4980,58.70%,10.03%,48.67%,41.30%,0.00%,0.00%,-,10.00,1.13,17.36,30 Apr 2026,06 Aug 2026,33.21,19.79,506527660.00,A-EQ,50652766
IDLC,IDLC Finance PLC.,Financial Institutions,A,20578.01,8.14,44.90,-1.10,44.90,17.0590,"378,404",51.2587,-69.3878,45.6100,42.7080,39.3450,45.7728,45.7205,44.7799,0.9406,1.2686,48.2321,42.9879,58.9500,-684577.1255,45.8556,46.0551,45.9652,1.3430,0.0000,0.0000,0.0000,3.34,-,-,-,-,0.580,0.276,-,-,-,-,0.108,45.40,-0.50,627,17.0590,64.88%,52.15%,12.18%,35.12%,0.00%,0.55%,5.00,15.00,5.58,49.96,24 Mar 2026,14 May 2026,8.14,7.59,4583075790.00,A-EQ,458307579
IFADAUTOS,IFAD Autos PLC.,Engineering,B,6894.13,-,25.70,-1.91,25.70,7.0810,"273,371",46.2221,-48.1481,26.2600,25.7060,22.5995,26.0796,26.1002,26.0172,0.0830,0.1673,27.2449,25.2751,69.3700,-239405.3707,26.1067,26.0513,26.1114,1.4489,0.0000,0.0000,0.0000,0.78,3.428,2.164,3.214,-,0.054,-,0.126,-,-,-,-,26.20,-0.50,307,7.0810,45.13%,26.04%,19.09%,54.87%,0.00%,0.00%,-,2.00,-0.27,35.56,27 Oct 2025,28 Dec 2025,-,61.41,2682539110.00,B-EQ,268253911
IFIC,IFIC Bank PLC,Bank,Z,9226.02,-,4.90,-2.04,4.80,5.6060,"1,146,627",39.8471,-100.0000,4.9550,4.8660,4.9965,4.9154,4.9260,4.9302,-0.0042,0.0170,5.0760,4.8340,19.1500,-1953586.8147,4.9111,4.9218,4.9429,1.6135,0.0000,0.0000,0.0000,-,-,-,-,-,2.013,2.183,-,-,-,-,-,4.90,-0.10,243,5.6060,67.25%,21.23%,45.38%,0.00%,32.75%,0.64%,-,-,-13.32,4.96,03 May 2026,29 Jun 2026,-,-,19220866470.00,Z-EQ,1922086647
IFIC1STMF,IFIC Bank 1st Mutual Fund,Mutual Funds,A,819.76,-,4.50,-4.26,4.50,10.9490,"2,427,857",55.7099,-54.5455,4.4000,3.8880,3.2495,4.6323,4.5790,4.3213,0.2577,0.2617,5.1398,3.6602,554.0900,1552944.5045,4.7000,4.6821,4.5705,1.0951,0.0000,0.0000,0.0000,-,-,-,-,-,-,-,-,-,-,-,-,4.70,-0.20,371,10.9490,79.17%,9.51%,69.66%,20.83%,0.00%,0.00%,-,-,-1.79,8.19,15 Sep 2024,-,-,-,1821679650.00,A-MF,182167965
IFILISLMF1,IFIL Islamic Mutual Fund-1,Mutual Funds,A,580.00,-,5.80,-3.33,5.80,4.6030,"788,755",62.4894,-50.0000,5.5450,4.7840,4.0425,5.8409,5.7609,5.3983,0.3626,0.3576,6.3086,4.7814,268.6100,-98006.4282,5.9267,5.8744,5.7338,0.9870,0.0000,0.0000,0.0000,-,-,-,-,-,-,-,-,-,-,-,-,6.00,-0.20,131,4.6030,99.00%,54.65%,44.34%,1.00%,0.00%,0.01%,-,-,-0.32,6.80,07 Aug 2025,-,-,14.06,1000000000.00,A-MF,100000000
ILFSL,International Leasing & Financial Services Limited,Financial Institutions,Z,510.16,-,2.30,-8.00,2.30,1.0450,"454,183",70.7329,-28.5714,1.7300,1.5240,1.4810,2.1723,2.0756,1.8076,0.2680,0.1817,2.6861,0.7739,197.1300,3701933.3023,2.2756,2.2000,1.9810,1.4900,0.0000,0.0000,0.0000,-,-,-,-,-,1.065,2.866,-,-,-,-,-,2.50,-0.20,77,1.0450,58.45%,14.03%,44.42%,41.55%,0.00%,0.00%,-,-,-39.01,-212.32,25 May 2025,30 Jun 2025,-,-,2218102460.00,Z-EQ,221810246
INDEXAGRO,Index Agro Industries Limited,Miscellaneous,A,3661.69,13.44,74.00,-0.54,73.80,5.6700,"76,754",48.3919,-53.0612,74.8550,73.9100,69.5015,73.9848,74.0725,74.1716,-0.0991,0.0468,78.4739,71.2361,128.4700,-45387.3126,73.9156,73.7949,74.1257,1.1869,0.0000,0.0000,0.0000,1.63,1.663,-,0.676,0.078,0.166,0.059,0.204,0.036,0.064,-,-,74.20,-0.40,307,5.6700,42.23%,21.82%,20.41%,57.77%,0.00%,0.00%,5.00,12.00,5.52,85.74,19 Oct 2025,15 Dec 2025,13.44,19.19,496163310.00,A-EQ,49616331
INTECH,Intech Limited,IT Sector,Z,839.41,-,26.80,0.75,26.80,3.4850,"129,387",37.7533,-47.3684,26.8250,31.7640,31.6840,26.7204,26.8871,28.3272,-1.4400,-1.7515,28.0160,25.6340,217.5500,-137490.0012,26.6156,26.5526,26.6629,1.4200,0.0000,0.0000,0.0000,-,0.408,-,0.408,-,-,-,0.199,-,0.850,-,-,26.60,0.20,193,3.4850,70.00%,6.34%,63.53%,30.00%,0.00%,0.13%,-,-,-0.38,-0.45,02 Nov 2025,18 Dec 2025,-,-,313212260.00,Z-EQ,31321226
INTRACO,Intraco Refueling Station PLC,Fuel & Power,Z,2326.28,26.05,23.60,5.36,23.60,69.0890,"2,940,072",76.4079,-22.2222,21.8850,20.6120,20.4820,22.2148,22.0861,21.5896,0.4965,0.4476,22.8348,20.9352,157.0200,-365412.1835,22.2511,22.1167,21.9719,1.6223,0.0000,0.0000,0.0000,0.53,1.114,-,1.106,0.080,0.097,0.063,0.149,0.028,0.065,-,-,22.40,1.20,"1,670",69.0890,69.70%,22.22%,47.44%,30.30%,0.00%,0.04%,-,1.25,0.86,13.24,19 Nov 2025,30 Dec 2025,26.05,112.00,985712360.00,Z-EQ,98571236
IPDC,IPDC Finance PLC.,Financial Institutions,A,13059.38,28.29,30.40,-3.18,30.40,67.3610,"2,192,593",44.4959,-90.6977,32.3100,29.2140,21.9540,31.7800,31.9118,31.5152,0.3966,0.8729,33.8631,30.7569,314.3600,-4172471.8409,31.7667,31.8308,32.0557,1.8532,0.0000,0.0000,0.0000,1.64,-,-,-,-,0.544,0.112,-,-,-,-,0.038,31.40,-1.00,"1,351",67.3610,38.12%,23.95%,14.11%,40.00%,21.88%,0.06%,5.00,5.00,1.11,17.85,29 Apr 2026,25 Jun 2026,28.29,32.71,4295848510.00,A-EQ,429584851
ISLAMIBANK,Islami Bank Bangladesh PLC,Bank,Z,48138.72,44.56,29.90,-1.32,29.90,2.8510,"95,444",31.4107,-93.3333,31.6000,31.9640,36.7100,30.7684,30.9647,31.4977,-0.5331,-0.3529,33.2416,29.9584,2.3700,-147362.5585,30.5822,30.8051,31.2352,1.0601,0.0000,0.0000,0.0000,-,-,-,-,-,0.129,0.034,-,0.001,0.019,0.001,-,30.30,-0.40,360,2.8510,99.81%,75.08%,6.82%,0.18%,0.01%,17.91%,-,-,0.85,44.52,30 Apr 2026,25 Jun 2026,44.56,-,16099906680.00,Z-EQ,1609990668
ISLAMICFIN,Islamic Finance & Investment PLC.,Financial Institutions,Z,1740.05,-,0.00,0.00,12.40,0.0000,0,64.1969,-25.0000,12.0050,11.3240,9.8310,12.2865,12.2127,11.8634,0.3493,0.3515,12.8839,11.1261,118.4200,-52161.3375,12.3578,12.3244,12.2048,1.8046,0.0000,0.0000,0.0000,-,-,-,-,-,-,-,-,-,-,-,-,12.40,0.00,0,0.0000,69.18%,23.42%,45.76%,30.82%,0.00%,0.00%,-,-,0.39,2.38,28 Jun 2026,24 Sep 2026,-,-,1403266700.00,Z-EQ,140326670
ISLAMIINS,Islami Insurance Bangladesh Limited,Insurance,A,2622.22,19.24,63.70,-2.90,63.70,10.7740,"168,370",59.4654,-33.3333,61.6250,59.5320,44.4010,62.3084,61.9848,60.9366,1.0481,0.8307,67.2742,55.9758,157.3900,81745.2402,62.6067,61.8269,61.3562,1.3142,0.0000,0.0000,0.0000,2.51,-,-,-,-,-,-,-,-,-,-,-,65.60,-1.90,354,10.7740,54.39%,8.35%,46.04%,45.61%,0.00%,0.00%,-,16.00,3.04,23.62,25 Jun 2026,27 Aug 2026,19.24,16.08,411652150.00,A-EQ,41165215
ISNLTD,Information Services Network Limited,IT Sector,B,649.74,-,59.50,0.00,59.50,4.4510,"74,326",44.4447,-71.1111,60.3750,61.1700,73.3185,59.7083,59.8447,60.4028,-0.5581,-0.5212,62.7932,57.9568,419.2300,-170614.2252,59.5889,59.5564,59.9271,1.2531,0.0000,0.0000,0.0000,-,1.739,-,1.739,-,-,-,0.373,-,-,-,-,59.50,0.00,228,4.4510,78.52%,12.49%,66.03%,21.48%,0.00%,0.00%,-,-,-0.43,2.42,22 Oct 2025,14 Dec 2025,-,-,109200030.00,B-EQ,10920003
ITC,IT Consultants PLC.,IT Sector,A,6082.43,13.56,47.30,-3.67,47.30,135.8260,"2,835,965",37.3145,-93.9024,51.2800,47.1420,41.0070,50.3261,50.5635,49.9505,0.6130,1.4230,54.1458,48.4142,843.6100,-3746566.3209,50.2378,50.7179,51.1152,1.3648,0.0000,0.0000,0.0000,2.54,2.542,-,2.464,0.309,0.364,0.297,0.525,0.103,0.155,-,-,49.10,-1.80,"2,631",135.8260,48.91%,11.81%,36.98%,51.09%,0.00%,0.12%,-,12.00,3.62,23.25,27 Oct 2025,07 Dec 2025,13.56,13.64,1285926640.00,A-EQ,128592664
JAMUNABANK,Jamuna Bank PLC.,Bank,A,22638.04,4.07,24.10,0.00,24.10,10.7450,"445,838",52.8151,-55.5556,23.9600,24.1640,23.0160,24.0817,24.0599,24.0204,0.0395,0.0102,24.3406,23.5794,35.2200,-822616.1920,24.1133,24.1077,24.0438,0.8989,0.0000,0.0000,0.0000,12.03,-,-,-,-,0.477,0.291,-,0.013,0.216,0.014,-,24.10,0.00,233,10.7450,63.02%,2.96%,59.93%,36.98%,0.00%,0.13%,-,29.00,5.92,27.43,30 Apr 2026,27 Jul 2026,4.07,2.99,9393376300.00,A-EQ,939337630
JAMUNAOIL,Jamuna Oil PLC,Fuel & Power,A,20262.91,3.13,183.50,-0.11,183.50,3.3660,"18,356",57.0025,-42.0000,183.4600,179.0860,177.3575,183.1750,183.1055,182.1569,0.9486,1.2424,185.8857,181.0343,6.3700,-663.6762,183.1600,182.9756,183.1276,0.4958,0.0000,0.0000,0.0000,9.81,1.174,-,1.006,4.721,0.479,3.777,1.000,0.057,0.214,-,-,183.70,-0.20,183,3.3660,39.92%,31.22%,8.57%,0.00%,60.08%,0.13%,-,180.00,58.70,274.03,13 Nov 2025,31 Jan 2026,3.13,5.19,1104246000.00,A-EQ,110424600
JANATAINS,Janata Insurance PLC.,Insurance,A,1687.20,32.27,34.80,-1.97,34.80,10.9220,"311,715",50.9299,-38.4615,34.7000,35.1160,29.2005,34.6657,34.5988,34.6595,-0.0607,-0.2362,37.6686,31.7314,279.1600,-95980.1894,34.7978,34.5026,34.3771,1.3163,0.0000,0.0000,0.0000,2.87,-,-,-,-,-,-,-,-,-,-,-,35.50,-0.70,375,10.9220,60.13%,7.22%,52.91%,39.87%,0.00%,0.00%,-,10.00,1.10,15.07,07 May 2026,19 Jul 2026,32.27,22.19,484826280.00,A-EQ,48482628
JHRML,JMI Hospital Requisite Manufacturing Limited,Pharmaceuticals & Chemicals,B,6427.59,27.53,51.30,0.20,51.30,13.7660,"268,447",52.7586,-29.2683,51.1300,50.9580,46.3650,50.6116,50.6501,50.8284,-0.1783,-0.1778,54.1262,48.1338,68.5100,-32668.1256,50.5244,50.3423,50.5752,1.5341,0.0000,0.0000,0.0000,0.97,-,-,-,-,-,-,-,-,-,-,-,51.20,0.10,584,13.7660,67.70%,44.01%,23.69%,32.30%,0.00%,0.00%,-,5.00,1.86,35.14,27 Oct 2025,22 Jan 2026,27.53,57.31,1252941200.00,B-EQ,125294120
JMISMDL,JMI Syringes & Medical Devices Ltd,Pharmaceuticals & Chemicals,A,4523.43,96.78,150.50,4.37,150.50,11.6310,"77,894",60.1778,-28.5714,147.5000,140.5580,127.1335,145.5366,145.6832,145.1515,0.5318,1.1039,156.8261,138.1739,29.2300,-4044.2068,145.0044,144.7641,145.6219,1.2126,0.0000,0.0000,0.0000,0.66,5.676,0.000,3.472,-,0.075,0.024,0.156,0.015,0.017,-,-,144.20,6.30,659,11.6310,20.35%,5.87%,14.48%,79.65%,0.00%,0.00%,-,10.00,1.49,87.23,28 Oct 2025,23 Dec 2025,96.78,-,300560000.00,A-EQ,30056000
JUTESPINN,Jute Spinners Limited,Jute,Z,378.08,-,222.40,-0.94,222.40,0.2960,"1,334",50.2681,-50.9881,225.1500,218.2480,209.1540,224.6736,224.3553,222.2882,2.0671,2.3406,239.7637,210.5363,112.5200,-2037.1334,225.3956,224.7026,224.7571,0.8137,0.0000,0.0000,0.0000,-,-,-,-,-,-,-,-,-,-,-,-,224.50,-2.10,41,0.2960,60.18%,23.20%,36.98%,39.82%,0.00%,0.00%,-,-,-36.32,-624.19,29 Oct 2025,-,-,-,17000000.00,Z-EQ,1700000
KARNAPHULI,Karnaphuli Insurance PLC.,Insurance,A,2468.19,25.16,55.00,2.61,55.00,110.1490,"2,018,531",77.9830,-13.8686,48.5750,41.8340,32.9605,51.8688,50.8934,47.3779,3.5155,3.0276,55.6985,41.4515,951.1100,660090.0738,52.9378,51.8692,50.0019,1.3454,0.0000,0.0000,0.0000,1.82,-,-,-,-,-,-,-,-,-,-,-,53.60,1.40,"1,921",110.1490,67.26%,9.40%,57.86%,32.74%,0.00%,0.00%,-,10.00,2.13,23.79,26 Apr 2026,09 Jul 2026,25.16,18.61,448761130.00,A-EQ,44876113
KAY&QUE,Kay and Que Bangladesh Limited,Engineering,B,2993.02,44.16,428.00,2.12,428.00,20.3090,"47,559",49.1484,-43.4783,427.9350,438.4360,426.5260,424.0326,424.7348,428.7677,-4.0328,-4.3884,442.0979,413.7721,145.8100,-27580.9371,423.5089,423.6769,425.3648,1.1907,0.0000,0.0000,0.0000,0.09,0.869,-,0.855,-,0.161,0.171,0.275,0.061,0.093,-,-,419.10,8.90,"1,070",20.3090,64.76%,15.22%,49.54%,35.24%,0.00%,0.00%,-,4.00,9.49,101.72,29 Oct 2025,11 Dec 2025,44.16,31.78,69930490.00,B-EQ,6993049
KBPPWBIL,Khan Brothers PP Woven Bag Industries Ltd.,Miscellaneous,A,3785.88,144.81,38.60,-1.28,38.60,19.5680,"503,852",38.0086,-97.4359,39.9200,42.7220,55.7475,39.3671,39.5227,40.4469,-0.9242,-1.0173,41.5916,38.2484,331.3100,-1148101.9662,39.2867,39.3410,39.6376,1.2308,0.0000,0.0000,0.0000,2.59,21.510,-,5.814,0.375,0.400,0.254,0.479,0.021,0.022,-,-,39.10,-0.50,"1,102",19.5680,69.87%,15.54%,54.33%,30.13%,0.00%,0.00%,-,10.00,0.27,12.07,22 Oct 2025,24 Dec 2025,144.81,51.45,980798770.00,A-EQ,98079877
KDSALTD,KDS Accessories Limited,Engineering,A,3722.13,22.83,50.20,-0.40,49.80,8.3440,"166,834",40.5581,-93.0233,51.6950,51.3960,44.5815,50.6516,50.8711,51.3028,-0.4317,-0.1529,54.4369,48.9531,208.3600,-441325.0913,50.4711,50.5295,51.0705,1.5142,0.0000,0.0000,0.0000,2.01,1.517,0.013,1.194,-,0.075,0.057,0.172,0.035,0.079,-,-,50.00,-0.20,382,8.3440,36.03%,14.59%,21.44%,63.97%,0.00%,0.00%,-,10.00,2.19,27.71,22 Oct 2025,10 Dec 2025,22.83,24.67,747414790.00,A-EQ,74741479
KEYACOSMET,Keya Cosmetics Limited,Pharmaceuticals & Chemicals,Z,6062.75,26.67,5.50,-1.79,5.50,6.2610,"1,131,416",57.0214,-50.0000,5.3600,5.1100,4.7375,5.5357,5.4986,5.3475,0.1511,0.1408,5.8161,4.9039,39.9800,92394.3997,5.5978,5.5641,5.4643,1.3879,0.0000,0.0000,0.0000,-,1.465,44.309,0.868,-,0.169,0.026,0.209,0.009,0.927,-,-,5.60,-0.10,233,6.2610,53.95%,9.04%,44.91%,46.05%,0.00%,0.00%,-,1.00,0.24,0.25,13 Dec 2020,19 Jan 2021,26.67,23.33,11023173240.00,Z-EQ,1102317324
KEYACOSMET,Keya Cosmetics Limited,Pharmaceuticals & Chemicals,Z,6062.75,26.67,5.50,-1.79,5.50,6.2610,"1,131,416",57.0214,-50.0000,5.3600,5.1100,4.7375,5.5357,5.4986,5.3475,0.1511,0.1408,5.8161,4.9039,39.9800,92394.3997,5.5978,5.5641,5.4643,1.3879,0.0000,0.0000,0.0000,1.82,1.465,44.309,0.868,-,0.169,0.026,0.209,0.009,0.927,-,-,5.60,-0.10,233,6.2610,53.95%,9.04%,44.91%,46.05%,0.00%,0.00%,-,1.00,0.24,0.25,13 Dec 2020,19 Jan 2021,26.67,23.33,11023173240.00,Z-EQ,1102317324
KOHINOOR,Kohinoor Chemicals Company (Bangladesh) PLC.,Pharmaceuticals & Chemicals,A,22199.48,32.57,544.40,-1.98,544.40,7.2910,"13,368",60.7877,-43.9673,530.5400,517.0340,517.8930,539.6318,536.9224,528.4233,8.4991,6.5485,555.9683,505.1117,11.1600,-5374.5952,541.4800,538.4551,534.9462,0.7440,0.0000,0.0000,0.0000,1.19,4.768,0.135,2.500,-,0.136,0.098,0.282,0.184,0.262,-,-,555.40,-11.00,264,7.2910,49.43%,14.72%,34.70%,50.57%,0.00%,0.01%,10.00,65.00,17.05,65.16,26 Oct 2025,07 Dec 2025,32.57,33.92,407778930.00,A-EQ,40777893
KPCL,Khulna Power Company Limited,Fuel & Power,Z,4331.80,37.59,10.90,0.00,10.90,3.7730,"345,990",60.8688,-30.0000,10.5000,10.6720,10.5425,10.7517,10.7008,10.6233,0.0775,0.0021,11.0231,9.9769,31.4700,-447886.8021,10.8222,10.7474,10.6143,0.8405,0.0000,0.0000,0.0000,4.59,6.513,-,5.308,0.153,-,0.140,-,0.015,0.015,-,-,10.90,0.00,163,3.7730,30.01%,9.28%,20.73%,69.99%,0.00%,0.00%,-,5.00,0.29,19.03,28 Oct 2025,28 Dec 2025,37.59,11.20,3974131790.00,Z-EQ,397413179
KPPL,Khulna Printing & Packaging Limited,Paper & Printing,Z,1139.42,-,15.60,4.70,15.60,16.7400,"1,068,361",56.1054,-50.0000,15.1650,15.5060,14.8295,15.2021,15.2024,15.2489,-0.0465,-0.0676,15.7950,14.5350,131.7100,-288957.1670,15.1822,15.1756,15.2024,1.4785,0.0000,0.0000,0.0000,-,0.693,-,0.692,-,-,-,-,-,1.662,-,-,14.90,0.70,917,16.7400,60.24%,1.11%,59.13%,39.76%,0.00%,0.00%,-,-,-3.10,-1.86,30 Oct 2022,29 Dec 2022,-,-,730400000.00,Z-EQ,73040000
KTL,Kattali Textile Limited,Textile,Z,1314.25,-,11.30,-2.59,11.30,4.6820,"411,057",52.5465,-52.1739,11.1950,10.5960,10.1060,11.5836,11.5137,11.1628,0.3510,0.3628,12.4389,9.9511,154.6700,-230962.2987,11.7311,11.7000,11.4614,1.4347,0.0000,0.0000,0.0000,0.09,5.749,-,4.046,-,-,-,-,-,-,-,-,11.60,-0.30,336,4.6820,69.68%,18.62%,50.95%,30.32%,0.00%,0.11%,-,0.10,0.08,15.10,28 Dec 2025,-,-,145.00,1163052000.00,Z-EQ,116305200
LANKABAFIN,LankaBangla Finance PLC,Financial Institutions,A,9214.14,34.71,17.10,-3.39,17.10,44.1340,"2,547,466",46.6314,-96.0000,17.7150,16.4740,14.4365,17.7219,17.7268,17.3909,0.3359,0.5049,19.0293,16.4007,236.7500,-5162642.5560,17.7289,17.8077,17.8576,1.9204,0.0000,0.0000,0.0000,-,-,-,-,-,0.352,0.064,-,-,-,-,0.027,17.70,-0.60,"1,459",44.1340,66.23%,23.85%,41.93%,33.77%,0.00%,0.45%,-,-,0.51,18.52,15 Oct 2025,11 Dec 2025,34.71,24.58,5388386230.00,A-EQ,538838623
LBS,LankaBangla Securities PLC.,Stock Brokers,P,2905.53,-,10.80,-1.82,10.80,0.3430,"31,500",41.5159,-100.0000,11.5800,10.9160,20.2505,11.4197,11.4711,11.3939,0.0771,0.2263,12.4496,10.7104,2.7300,-103442.0584,11.4000,11.5282,11.5814,0.4393,0.0000,0.0000,0.0000,-,-,-,-,-,-,-,-,-,-,-,-,11.00,-0.20,61,0.3430,17.42%,11.81%,5.61%,82.58%,0.00%,0.00%,-,-,0.50,16.91,20 May 2026,23 Jul 2026,-,-,2690303320.00,-,269030332
LEGACYFOOT,Legacy Footwear Limited,Tannery Industries,B,3226.69,1490.00,74.90,0.54,74.90,36.0650,"477,701",56.3846,-45.8716,73.2800,71.0160,62.1815,74.9842,74.5840,73.0245,1.5595,1.4146,78.2699,68.2901,282.8200,-368542.5002,75.6111,75.3385,74.3567,1.3158,0.0000,0.0000,0.0000,0.07,7.339,-,5.939,0.068,-,0.039,0.223,0.004,0.004,-,-,74.50,0.40,"1,040",36.0650,67.36%,32.25%,35.11%,32.64%,0.00%,0.00%,-,0.50,0.05,11.21,29 Oct 2025,20 Dec 2025,1490.00,1396.88,430799800.00,B-EQ,43079980
LHB,LafargeHolcim Bangladesh PLC.,Cement,A,66895.11,13.20,57.60,-0.86,57.60,35.7610,"618,471",48.1747,-95.2381,59.1000,56.2880,52.0315,58.3837,58.4602,57.9600,0.5002,0.9036,61.8469,56.3531,43.9000,-527495.1991,58.2600,58.3744,58.8510,1.3138,0.0000,0.0000,0.0000,3.82,1.166,-,0.917,0.202,0.213,0.139,0.299,0.104,0.205,-,-,58.10,-0.50,"1,060",35.7610,37.34%,23.55%,13.00%,62.66%,0.00%,0.79%,-,22.00,0.00,0.00,12 Mar 2026,-,13.20,15.53,11613735000.00,A-EQ,1161373500
LIBRAINFU,Libra Infusions Limited,Pharmaceuticals & Chemicals,Z,1425.40,4238.67,632.70,-0.49,632.70,2.3640,"3,724",40.5616,-91.4557,642.3450,643.0540,648.6120,637.1926,638.2801,640.3656,-2.0855,-0.6787,658.3809,626.3091,58.3800,-6402.6600,636.0089,636.8910,639.8248,0.8321,0.0000,0.0000,0.0000,0.47,1.468,0.040,0.897,-,0.160,0.001,0.437,0.000,0.000,-,-,635.80,-3.10,217,2.3640,65.58%,4.24%,61.34%,34.42%,0.00%,0.00%,50.00,30.00,0.15,1261.00,22 Oct 2023,21 Dec 2023,4238.67,119.21,22528800.00,Z-EQ,2252880
LINDEBD,Linde Bangladesh Limited,Fuel & Power,A,10896.29,31.79,716.00,-0.35,716.00,4.5330,"6,334",43.6212,-94.2857,733.6150,709.6520,750.5100,723.5235,724.9347,723.2583,1.6764,5.5642,757.8218,709.4082,16.8900,-10623.4084,721.6044,723.2038,728.6490,0.8489,0.0000,0.0000,0.0000,1.40,1.701,-,1.489,3.445,0.121,2.900,0.471,1.081,1.840,-,-,718.50,-2.50,248,4.5330,40.00%,22.00%,18.00%,60.00%,0.00%,0.00%,-,100.00,22.60,210.31,09 Apr 2026,10 Jun 2026,31.79,28.11,152182800.00,A-EQ,15218280
LOVELLO,Taufika Foods and Lovello Ice-cream PLC.,Food & Allied,A,6705.35,41.82,68.30,-1.01,68.30,61.1790,"892,144",39.1309,-95.0000,71.6850,71.7400,75.0905,69.6558,69.9794,70.9455,-0.9661,-0.7100,76.9587,66.4113,731.7300,-2667290.7534,69.3244,69.4949,70.3814,1.0988,0.0000,0.0000,0.0000,1.61,2.497,-,1.800,0.167,0.278,0.134,0.423,0.040,0.137,-,-,69.00,-0.70,"2,482",61.1790,68.17%,19.56%,48.61%,31.83%,0.00%,0.00%,5.00,11.00,1.65,12.01,12 Oct 2025,28 Dec 2025,41.82,16.91,981750000.00,A-EQ,98175000
LRBDL,Lub-rref (Bangladesh) Limited,Fuel & Power,Z,2265.79,-,15.60,-1.89,15.60,10.8740,"692,540",60.7069,-44.4444,15.3350,13.4980,11.1845,15.6834,15.5657,14.8819,0.6838,0.7472,16.3919,14.2781,155.7300,-892781.0195,15.8444,15.7308,15.5000,1.7258,0.0000,0.0000,0.0000,-,0.872,-,0.689,-,-,-,0.047,-,-,-,-,15.90,-0.30,490,10.8740,64.27%,9.66%,54.61%,35.73%,0.00%,0.00%,-,-,-4.56,32.72,30 Nov 2025,28 Dec 2025,-,-,1452431440.00,Z-EQ,145243144
LRGLOBMF1,LR Global Bangladesh Mutual Fund One,Mutual Funds,A,1493.19,17.24,4.80,-4.00,4.80,4.1570,"855,817",60.9103,-38.4615,4.4700,3.8340,3.2535,4.8232,4.7379,4.3861,0.3518,0.3299,5.4083,3.5317,149.2900,1265078.5212,4.9111,4.8551,4.6943,1.2321,0.0000,0.0000,0.0000,-,-,-,-,-,-,-,-,-,-,-,-,5.00,-0.20,154,4.1570,86.43%,59.14%,27.29%,13.57%,0.00%,0.00%,-,3.00,0.29,10.47,15 Nov 2023,-,17.24,-,3110803320.00,A-MF,311080332
MAGURAPLEX,Magura Multiplex PLC.,Paper & Printing,A,2732.39,25.44,92.40,0.76,92.30,12.3660,"133,312",51.9820,-42.8571,93.1650,89.9900,86.9185,92.3525,92.3774,91.8599,0.5175,0.8156,96.7628,89.5672,182.0300,-150131.1225,92.3689,92.2462,92.5038,1.6893,0.0000,0.0000,0.0000,1.19,2.971,-,2.161,0.056,0.245,0.066,0.282,0.019,0.048,-,-,91.60,0.70,642,12.3660,54.19%,5.84%,48.35%,45.81%,0.00%,0.00%,-,11.00,3.60,74.79,02 Nov 2025,29 Dec 2025,25.44,33.68,296033780.00,A-EQ,29603378
MAKSONSPIN,Maksons Spinning Mills PLC.,Textile,Z,1500.86,-,6.30,-1.56,6.30,2.1360,"336,868",55.9185,-54.5455,6.1050,5.9500,5.6170,6.3348,6.2916,6.1378,0.1539,0.1315,6.7324,5.4776,64.8000,103678.9447,6.4089,6.3756,6.2500,1.7279,0.0000,0.0000,0.0000,-,0.967,-,0.170,-,-,-,-,-,-,-,-,6.40,-0.10,142,2.1360,70.00%,6.39%,63.61%,30.00%,0.00%,0.00%,-,-,-9.42,2.84,15 Dec 2025,-,-,-,2382325380.00,Z-EQ,238232538
MALEKSPIN,Malek Spinning Mills PLC.,Textile,A,8770.08,6.21,45.30,-1.52,45.30,138.4800,"3,020,906",61.9898,-40.6780,44.6700,37.4740,30.4145,45.1663,44.8651,42.7214,2.1437,2.4909,46.7777,42.5623,782.6900,292744.7625,45.4467,45.1692,44.8390,1.5416,0.0000,0.0000,0.0000,2.21,1.131,-,0.454,-,-,-,-,-,-,-,-,46.00,-0.70,"1,824",138.4800,52.66%,24.73%,27.93%,47.34%,0.00%,0.00%,-,10.00,7.41,60.63,27 Oct 2025,15 Dec 2025,6.21,8.54,1936000000.00,A-EQ,193600000
MARICO,Marico Bangladesh Limited,Pharmaceuticals & Chemicals,A,85680.00,13.20,2720.00,-0.02,2720.00,9.6280,"3,538",38.1523,-90.8759,2737.0350,2744.5540,2755.6330,2727.8342,2730.3428,2736.8548,-6.5120,-4.0673,2761.4622,2712.6078,3.9600,-10056.8632,2724.9867,2728.5115,2733.8895,0.3080,0.0000,0.0000,0.0000,1.84,1.990,-,1.506,-,0.435,0.362,0.595,0.427,0.784,-,-,2720.50,-0.50,378,9.6280,10.00%,6.65%,2.36%,90.00%,0.00%,0.99%,-,500.00,0.00,0.00,30 Jul 2026,-,13.20,12.57,315000000.00,A-EQ,31500000
MATINSPINN,Matin Spinning Mills PLC,Textile,A,5927.39,12.89,60.80,0.33,60.80,42.1020,"688,766",60.6482,-34.0909,59.0200,55.2620,49.5000,60.3822,59.9969,58.3494,1.6475,1.5767,63.2540,54.7860,100.5400,-226381.7623,61.0311,60.3974,59.5552,1.1460,0.0000,0.0000,0.0000,5.76,1.116,-,0.687,-,-,-,-,-,-,-,-,60.60,0.20,880,42.1020,67.28%,47.09%,20.19%,32.72%,0.00%,0.00%,-,35.00,4.70,69.89,26 Oct 2025,09 Dec 2025,12.89,13.57,974900000.00,A-EQ,97490000
MBL1STMF,MBL 1st Mutual Fund,Mutual Funds,A,750.00,18.33,7.50,-2.60,7.50,10.8410,"1,441,129",75.8476,-17.8571,6.3850,4.9080,4.0805,7.3947,7.1704,6.2617,0.9087,0.8436,9.0050,3.7650,617.1300,3406831.8174,7.6489,7.5526,7.0519,0.8538,0.0000,0.0000,0.0000,-,-,-,-,-,-,-,-,-,-,-,-,7.70,-0.20,230,10.8410,90.00%,48.54%,41.46%,10.00%,0.00%,0.00%,-,4.25,0.42,10.44,16 May 2023,-,18.33,53.97,1000000000.00,A-MF,100000000
MBPLCPBOND,Mercantile Bank Perpetual Bond,Corporate Bond,A,485.00,-,0.00,0.00,4850.00,0.0000,0,,,,,,,,,,,,,,,,,,,,,,0.02,-,-,-,-,-,-,-,-,-,-,-,4850.00,0.00,0,0.0000,0.00%,0.00%,0.00%,0.00%,0.00%,0.00%,-,10.00,0.00,0.00,19 Nov 2025,-,-,-,1000000.00,A-CB,100000
MEGCONMILK,Meghna Condensed Milk Industries Limited,Food & Allied,Z,531.20,-,33.00,-2.64,33.20,3.8820,"116,521",33.8474,-97.5610,36.5200,38.6880,26.8315,35.0553,35.4842,36.6865,-1.2022,-0.8260,40.0279,33.0121,313.5000,-230759.2939,34.6533,35.0462,35.9248,0.9734,0.0000,0.0000,0.0000,-,0.193,-,0.122,-,-,-,-,-,0.526,-,-,34.10,-0.90,376,3.8820,62.57%,6.75%,55.82%,37.43%,0.00%,0.00%,-,-,-10.05,-16.15,29 Oct 2025,24 Dec 2025,-,-,160000000.00,Z-EQ,16000000
MEGHNACEM,Meghna Cement Mills PLC.,Cement,Z,1007.67,-,32.00,0.63,31.90,0.2950,"9,219",48.3202,-80.4348,32.3050,32.1720,32.7420,31.9062,31.9728,32.0646,-0.0917,0.0113,33.4260,31.1840,15.4500,-28051.1464,31.7956,31.8615,32.1033,0.8491,0.0000,0.0000,0.0000,-,0.774,-,0.546,-,-,-,0.047,-,21.524,-,-,31.70,0.20,36,0.2950,58.10%,34.61%,23.49%,41.90%,0.00%,0.00%,-,-,-36.58,-1.70,29 Oct 2025,22 Dec 2025,-,-,315885290.00,Z-EQ,31588529
MEGHNAINS,Meghna Insurance PLC.,Insurance,A,1544.00,29.33,38.60,-2.53,38.60,43.0460,"1,110,519",52.6885,-42.5926,39.5050,35.9500,30.2760,38.9357,38.8428,38.0056,0.8372,1.0271,43.8251,35.1849,1772.3500,-1289383.4866,39.0733,38.9128,38.9171,1.4730,0.0000,0.0000,0.0000,2.59,-,-,-,-,-,-,-,-,-,-,-,39.60,-1.00,"1,061",43.0460,73.34%,12.89%,60.45%,26.66%,0.00%,0.00%,-,10.00,1.35,14.29,28 Apr 2026,23 Jun 2026,29.33,22.50,400000000.00,A-EQ,40000000
MEGHNALIFE,Meghna Life Insurance PLC,Insurance,A,2616.40,39.01,61.00,-1.75,61.70,5.4970,"88,667",50.3240,-50.0000,62.6050,61.2740,55.1355,61.5297,61.6092,61.6431,-0.0338,0.1249,67.2779,57.9321,190.6600,52449.0278,61.3200,61.2038,61.6424,1.3858,0.0000,0.0000,0.0000,2.43,-,-,-,-,-,-,-,-,-,-,-,62.80,-1.10,288,5.4970,69.89%,21.39%,48.50%,30.11%,0.00%,0.00%,-,15.00,0.00,0.00,29 Jun 2026,20 Aug 2026,39.01,-,424052180.00,A-EQ,42405218
MEGHNAPET,Meghna Pet Industries Limited,Food & Allied,Z,956.40,-,79.70,-1.73,79.70,8.2690,"103,260",41.7939,-92.5000,87.7450,82.2440,40.9290,84.1502,84.9481,84.5087,0.4394,2.3983,99.6953,75.7947,404.6100,-48021.9635,82.9778,84.2423,86.7810,1.1140,0.0000,0.0000,0.0000,-,2.775,-,1.426,-,-,-,-,-,-,-,-,81.10,-1.40,705,8.2690,56.45%,6.35%,50.10%,43.55%,0.00%,0.00%,-,-,-2.75,70.43,29 Oct 2025,24 Dec 2025,-,-,120000000.00,Z-EQ,12000000
MERCANBANK,Mercantile Bank PLC.,Bank,Z,8078.00,6.64,7.30,0.00,7.30,1.3460,"184,576",42.4266,-66.6667,7.5050,7.3640,7.9120,7.3833,7.4072,7.4409,-0.0337,0.0030,7.7684,7.2416,12.7600,-874787.1104,7.3533,7.3846,7.4476,1.1245,0.0000,0.0000,0.0000,-,-,-,-,-,0.419,0.087,-,0.003,0.045,0.003,-,7.30,0.00,86,1.3460,66.38%,27.85%,37.89%,33.62%,0.00%,0.64%,-,-,1.10,24.35,03 May 2026,24 Jun 2026,6.64,16.59,11065754350.00,Z-EQ,1106575435
MERCINS,Mercantile Islami Insurance PLC,Insurance,A,1874.65,27.52,43.50,-4.19,43.50,18.5960,"420,850",51.4990,-48.8095,44.0550,40.8280,28.8655,44.5248,44.3458,43.2496,1.0962,1.2192,47.5910,40.5190,462.8500,-8861.2634,44.9289,44.5410,44.0619,1.0094,0.0000,0.0000,0.0000,2.30,-,-,-,-,-,-,-,-,-,-,-,45.40,-1.90,647,18.5960,68.57%,29.95%,38.62%,31.43%,0.00%,0.00%,-,10.00,1.65,21.70,03 May 2026,30 Jun 2026,27.52,51.59,430953600.00,A-EQ,43095360
METROSPIN,Metro Spinning Limited,Textile,Z,592.30,-,9.60,2.13,9.60,0.2790,"29,258",54.6739,-40.0000,9.3450,9.4020,8.9355,9.4412,9.4270,9.3886,0.0383,0.0252,9.7874,8.9026,40.0700,-152009.1908,9.4778,9.4577,9.4010,1.7100,0.0000,0.0000,0.0000,-,1.034,-,1.014,-,-,-,-,-,-,-,-,9.40,0.20,45,0.2790,69.91%,13.73%,56.18%,30.09%,0.00%,0.00%,-,-,-1.98,3.96,12 Nov 2025,29 Dec 2025,-,-,616982750.00,Z-EQ,61698275
MHSML,Mozaffar Hossain Spinning Mills Limited,Textile,B,2272.35,31.94,22.50,-2.17,22.50,23.9720,"1,055,980",42.6813,-68.1818,23.1300,22.8380,18.1270,23.0796,23.1006,23.0583,0.0423,0.1083,23.7179,22.5421,495.1500,-2621705.1443,23.1222,23.1064,23.1171,1.3396,0.0000,0.0000,0.0000,1.33,1.411,-,0.666,-,-,-,-,-,-,-,-,23.00,-0.50,805,23.9720,60.39%,24.12%,36.21%,39.61%,0.00%,0.06%,-,3.00,0.72,20.41,28 Oct 2025,30 Dec 2025,31.94,21.30,1009933740.00,B-EQ,100993374
MIDASFIN,MIDAS Financing PLC.,Financial Institutions,Z,892.13,-,6.20,-3.13,6.20,0.2830,"45,482",54.1033,-33.3333,6.0400,5.9580,5.5730,6.1776,6.1471,6.0620,0.0852,0.0585,6.3858,5.6942,19.1400,-68218.9277,6.2044,6.1744,6.1076,1.8224,0.0000,0.0000,0.0000,-,-,-,-,-,3.217,3.201,-,-,-,-,-,6.40,-0.20,65,0.2830,61.64%,26.25%,34.98%,38.36%,0.00%,0.41%,-,-,-2.24,4.73,13 May 2025,24 Jun 2025,-,-,1438925070.00,Z-EQ,143892507
MIDLANDBNK,Midland Bank PLC.,Bank,B,12147.40,14.48,17.90,-1.10,17.90,20.0760,"1,119,534",50.0119,-86.9565,18.3900,16.8980,17.2845,18.3443,18.3305,17.9310,0.3995,0.5570,19.6795,17.1005,126.1400,-1434263.3510,18.3556,18.4179,18.4948,1.0091,0.0000,0.0000,0.0000,1.68,-,-,-,-,0.599,0.182,-,0.006,0.079,0.007,-,18.10,-0.20,669,20.0760,19.40%,3.86%,15.54%,80.60%,0.00%,0.00%,3.00,3.00,1.25,15.90,29 Apr 2026,24 Jun 2026,14.48,21.55,6786256400.00,B-EQ,678625640
MIRACLEIND,Miracle Industries Limited,Miscellaneous,Z,1074.15,-,30.50,0.99,30.50,8.1700,"269,357",59.8926,-27.5862,29.6250,28.7920,29.7675,29.9815,29.8718,29.4587,0.4131,0.3667,31.1480,28.1020,215.9300,-241397.1471,30.0422,29.9167,29.8262,1.3706,0.0000,0.0000,0.0000,-,0.256,-,0.234,-,-,-,-,-,-,-,-,30.20,0.30,316,8.1700,69.74%,4.89%,64.65%,30.26%,0.00%,0.20%,-,-,-2.30,11.32,29 Oct 2025,23 Dec 2025,-,-,352180550.00,Z-EQ,35218055
MIRAKHTER,Mir Akhter Hossain Limited,Engineering,A,4963.71,24.48,41.10,-2.38,41.10,23.3140,"564,993",45.9664,-81.8182,41.9250,42.3820,33.1290,41.9643,41.9656,41.8932,0.0724,0.1091,43.5353,40.3147,218.6300,-411321.5047,42.0333,41.9551,41.9876,1.4864,0.0000,0.0000,0.0000,2.55,1.160,2.507,0.309,-,0.205,0.160,0.324,0.008,0.033,-,-,42.10,-1.00,859,23.3140,51.42%,7.40%,44.02%,48.58%,0.00%,0.00%,-,10.50,1.72,51.51,28 Oct 2025,22 Dec 2025,24.48,47.84,1207715470.00,A-EQ,120771547
MITHUNKNIT,Mithun Knitting and Dyeing Limited,Textile,Z,448.38,-,13.90,-2.13,13.80,0.8400,"60,496",32.9401,-85.7143,14.3750,15.0340,14.7870,14.2589,14.3131,14.5296,-0.2165,-0.1994,14.7637,13.9863,65.5100,-153617.4307,14.2489,14.2987,14.3438,1.1255,0.0000,0.0000,0.0000,-,1.648,-,1.648,-,-,-,-,-,-,-,-,14.10,-0.30,116,0.8400,83.23%,10.09%,71.84%,16.77%,0.00%,1.30%,-,-,0.00,0.00,29 Sep 2025,12 Nov 2025,-,-,324911620.00,Z-EQ,32491162
MJLBD,MJL Bangladesh PLC.,Fuel & Power,A,29299.56,8.24,92.50,-1.18,92.50,9.3910,"101,092",40.8998,-94.5946,94.6300,93.1640,91.1250,93.7642,93.9078,93.9578,-0.0499,0.2421,97.0476,92.2124,9.0900,-51069.1969,93.6822,93.7103,94.0810,0.8605,0.0000,0.0000,0.0000,5.62,0.614,-,0.445,0.118,0.179,0.086,0.162,0.075,0.188,-,-,93.60,-1.10,435,9.3910,28.48%,22.80%,5.66%,71.52%,0.00%,0.02%,-,52.00,11.36,54.06,28 Oct 2025,22 Dec 2025,8.24,11.88,3167520270.00,A-EQ,316752027
MLDYEING,M.L. Dyeing Limited,Textile,B,4207.06,885.00,18.10,2.26,18.10,174.8650,"9,715,243",70.4914,-19.6429,15.9150,12.8140,9.5320,17.3716,17.0367,15.4572,1.5794,1.5873,20.1553,11.6747,714.3200,-2117363.3832,17.6667,17.6192,16.9419,1.5396,0.0000,0.0000,0.0000,0.28,2.557,-,1.476,-,-,-,-,-,-,-,-,17.70,0.40,"2,051",174.8650,69.43%,13.58%,55.85%,30.57%,0.00%,0.00%,-,0.50,0.02,13.30,28 Oct 2025,21 Dec 2025,885.00,-,2324340900.00,B-EQ,232434090
MONNOAGML,Monno Agro & General Machinery Limited,Engineering,B,1531.29,348.50,348.00,-0.14,348.00,6.2670,"17,929",45.8597,-76.4706,352.8200,352.6220,342.2225,349.5892,350.0339,351.2353,-1.2014,-0.7902,364.2527,341.3873,154.6100,-22325.9299,349.1956,348.9808,350.4438,1.3299,0.0000,0.0000,0.0000,0.14,1.376,-,0.985,-,0.067,0.039,0.185,0.008,0.009,-,-,348.50,-0.50,429,6.2670,70.00%,8.72%,61.22%,30.00%,0.00%,0.06%,-,5.00,1.00,110.86,19 Oct 2025,11 Dec 2025,348.50,1537.50,44002560.00,B-EQ,4400256
MONNOCERA,Monno Ceramic Industries Limited,Ceramics Sector,B,3542.31,428.18,93.90,-0.32,93.90,20.8920,"222,082",44.8790,-64.5161,95.6350,96.3780,85.9090,94.6589,94.7904,95.3091,-0.5187,-0.4739,100.2636,91.0064,328.2100,-290771.8742,94.6356,94.4705,94.7638,1.4757,0.0000,0.0000,0.0000,0.21,-,10.344,-,-,-,-,0.240,-,-,-,-,94.20,-0.30,654,20.8920,69.46%,10.97%,58.33%,30.54%,0.00%,0.16%,-,2.00,0.22,80.14,25 Sep 2025,11 Dec 2025,428.18,294.38,377243170.00,B-EQ,37724317
MONNOFABR,Monno Fabrics Limited,Textile,B,2714.00,610.00,23.60,-3.28,23.60,74.7800,"3,122,555",55.9859,-52.9412,22.9650,22.9020,21.3430,23.6209,23.4662,23.1182,0.3479,0.1720,24.4885,21.4415,590.0900,-2196937.6001,23.8289,23.5962,23.2405,1.6588,0.0000,0.0000,0.0000,0.11,1.615,-,1.446,-,-,-,-,-,-,-,-,24.40,-0.80,"1,755",74.7800,69.10%,6.18%,61.20%,30.90%,0.00%,1.72%,-,0.25,0.04,25.39,26 Oct 2025,14 Dec 2025,610.00,1830.00,1150000000.00,B-EQ,115000000
MONOSPOOL,Monospool Bangladesh PLC,Paper & Printing,A,4624.14,30.93,117.90,1.38,117.90,38.7380,"327,773",49.8628,-78.6517,120.0100,114.8340,103.1125,118.4430,118.6942,118.0614,0.6328,1.4822,123.6466,116.3734,302.6000,-460794.8015,118.1556,118.5385,119.2205,1.6521,0.0000,0.0000,0.0000,0.42,1.484,-,0.975,0.091,0.242,0.073,0.276,0.019,0.084,-,-,116.30,1.60,"1,165",38.7380,61.21%,5.01%,56.20%,38.79%,0.00%,0.00%,15.00,5.00,3.76,45.05,02 Nov 2025,29 Dec 2025,30.93,28.23,392208660.00,A-EQ,39220866
MPETROLEUM,Meghna Petroleum PLC,Fuel & Power,A,23298.93,3.51,215.30,-0.14,215.30,2.3810,"11,075",55.8991,-35.0000,215.0350,212.2180,205.0565,214.9129,214.8505,214.1135,0.7370,0.9467,216.6393,213.4307,5.5400,-6446.8733,214.8822,214.7718,214.8476,0.3503,0.0000,0.0000,0.0000,9.29,1.200,-,0.992,2.630,0.673,2.087,1.000,0.060,0.220,-,-,215.60,-0.30,119,2.3810,41.33%,33.40%,7.83%,0.00%,58.67%,0.10%,-,200.00,61.39,278.51,10 Nov 2025,24 Jan 2026,3.51,3.90,1082161080.00,A-EQ,108216108
MTB,Mutual Trust Bank PLC.,Bank,A,15987.89,4.20,13.20,0.00,13.20,4.1610,"315,150",42.7592,-100.0000,13.6450,13.2740,12.8210,13.3962,13.4382,13.4576,-0.0194,0.0638,14.1974,13.0926,26.1700,-1106283.9133,13.3556,13.3987,13.5095,0.9186,0.0000,0.0000,0.0000,-,-,-,-,-,0.462,0.151,-,0.007,0.112,0.007,-,13.20,0.00,134,4.1610,66.74%,31.68%,35.06%,33.26%,0.00%,0.00%,12.00,-,3.14,28.11,30 Apr 2026,16 Jul 2026,4.20,6.67,12112035260.00,A-EQ,1211203526
MTBPBOND,Mutual Trust Bank Perpetual Bond,Corporate Bond,A,4000.00,-,0.00,0.00,1000000.00,0.0000,0,,,,,,,,,,,,,,,,,,,,,,-,-,-,-,-,-,-,-,-,-,-,-,1000000.00,0.00,0,0.0000,0.00%,0.00%,0.00%,0.00%,0.00%,0.00%,-,10.00,0.00,0.00,01 Dec 2025,-,-,-,40000.00,A-CB,4000
NAHEEACP,Nahee Aluminum Composite Panel PLC,Engineering,B,2460.97,-,36.00,0.00,36.00,14.5170,"402,086",46.5691,-84.3750,37.3950,36.8960,24.0980,36.4650,36.6124,36.6554,-0.0430,0.2603,40.6488,34.1412,424.8700,-770753.7493,36.3422,36.4590,36.7452,1.4646,0.0000,0.0000,0.0000,0.28,7.608,0.112,5.160,-,0.126,-,0.191,-,-,-,-,36.00,0.00,396,14.5170,67.71%,23.13%,44.58%,32.29%,0.00%,0.00%,-,1.00,-7.18,11.91,28 Oct 2025,18 Dec 2025,-,158.82,683601600.00,B-EQ,68360160
NATLIFEINS,National Life Insurance PLC,Insurance,A,11188.62,28.41,103.00,-1.90,103.10,2.9270,"28,262",47.4805,-66.6667,104.7700,103.7800,99.4325,103.5453,103.6444,103.9143,-0.2699,-0.1793,111.2647,98.2753,22.8400,-43158.9053,103.4378,103.2603,103.5786,1.0140,0.0000,0.0000,0.0000,3.59,-,-,-,-,-,-,-,-,-,-,-,105.10,-2.00,131,2.9270,40.94%,18.31%,22.63%,59.06%,0.00%,0.00%,-,37.00,3.70,59.87,13 May 2026,30 Jun 2026,28.41,26.88,1085219810.00,A-EQ,108521981
NAVANACNG,Navana CNG Limited,Engineering,Z,1722.60,229.00,22.80,-0.44,22.80,1.0400,"45,525",54.1560,-41.6667,22.8000,22.1840,21.3180,22.8847,22.8429,22.6122,0.2307,0.2477,23.3912,22.2088,37.0300,-140551.1720,22.9600,22.8872,22.8133,1.2968,0.0000,0.0000,0.0000,4.39,2.226,4.010,1.346,-,-,0.002,0.179,0.001,0.003,-,-,22.90,-0.10,80,1.0400,57.51%,26.19%,31.32%,42.49%,0.00%,0.00%,-,10.00,0.10,30.79,28 Oct 2025,29 Dec 2025,229.00,1717.50,755527720.00,Z-EQ,75552772
NAVANAPHAR,Navana Pharmaceuticals PLC.,Pharmaceuticals & Chemicals,A,7336.53,15.46,68.30,-2.71,68.30,26.5010,"383,179",37.1613,-94.1176,71.9550,71.7560,59.4515,70.4779,70.7824,71.1815,-0.3991,0.0818,75.4060,68.5040,188.6700,-623069.9898,70.2756,70.4538,71.1938,1.5828,0.0000,0.0000,0.0000,2.05,0.857,0.018,0.601,-,0.167,0.055,0.442,0.043,0.100,-,-,70.20,-1.90,"1,087",26.5010,68.36%,11.02%,37.71%,31.64%,0.00%,19.63%,-,14.00,4.54,45.29,29 Oct 2025,31 Dec 2025,15.46,11.47,1074162170.00,A-EQ,107416217
NBL,National Bank PLC,Bank,Z,12235.01,-,3.80,2.70,3.80,1.8590,"498,797",49.4487,-50.0000,3.7850,3.8480,3.8125,3.7673,3.7738,3.8031,-0.0293,-0.0288,3.8829,3.6871,8.8200,-2460168.0583,3.7622,3.7705,3.7795,1.0613,0.0000,0.0000,0.0000,-,-,-,-,-,1.537,1.164,-,-,1.025,-,-,3.70,0.10,216,1.8590,82.60%,38.57%,43.52%,17.40%,0.00%,0.51%,-,-,-7.55,-7.37,03 May 2026,13 Aug 2026,-,-,32197395700.00,Z-EQ,3219739570
NCCBANK,National Credit and Commerce Bank PLC,Bank,A,17553.57,3.57,15.20,-0.65,15.20,34.6550,"2,266,725",41.3094,-100.0000,15.5300,15.7420,13.5180,15.4075,15.4439,15.5527,-0.1087,-0.0799,15.9753,15.0847,115.6700,-4709064.0819,15.3756,15.4128,15.4962,0.9723,0.0000,0.0000,0.0000,11.18,-,-,-,-,0.652,0.234,-,0.012,0.158,0.013,-,15.30,-0.10,716,34.6550,57.90%,21.35%,36.52%,42.10%,0.00%,0.03%,4.00,17.00,4.29,27.20,28 Apr 2026,24 Jun 2026,3.57,3.68,11548400180.00,A-EQ,1154840018
NCCBLMF1,NCCBL MUTUAL FUND-1,Mutual Funds,A,737.82,11.80,6.80,-5.56,6.80,4.8530,"698,888",56.5607,-63.1579,6.7050,5.2980,4.4465,7.1232,7.0173,6.4078,0.6095,0.6637,8.2616,5.1484,240.4200,-220999.8589,7.2556,7.2282,7.0462,1.0397,0.0000,0.0000,0.0000,-,-,-,-,-,-,-,-,-,-,-,-,7.20,-0.40,196,4.8530,85.00%,66.36%,18.64%,15.00%,0.00%,0.00%,-,4.50,0.61,10.97,15 Feb 2024,-,11.80,-,1085034010.00,A-MF,108503401
NEWLINE,New Line Clothings Limited,Textile,Z,541.88,4.17,6.90,1.47,6.90,6.0910,"885,240",64.2637,-33.3333,6.1300,5.7960,4.9265,6.7381,6.6095,6.2161,0.3934,0.2961,7.5650,4.6950,250.0400,371908.8133,6.9356,6.7872,6.4776,0.9102,0.0000,0.0000,0.0000,17.75,2.989,-,1.866,-,-,-,-,-,-,-,-,6.80,0.10,277,6.0910,69.39%,18.33%,51.06%,30.61%,0.00%,0.00%,-,12.25,1.63,24.02,31 Oct 2021,27 Jan 2022,4.17,3.19,785326500.00,Z-EQ,78532650
NFML,National Feed Mill Limited,Miscellaneous,B,1867.23,680.00,20.00,-1.96,20.00,17.5490,"871,375",45.5954,-85.0000,20.6650,20.0000,15.6745,20.6160,20.6495,20.5610,0.0885,0.2036,21.6708,19.6592,675.7200,-587332.4426,20.6889,20.6628,20.6386,1.2666,0.0000,0.0000,0.0000,0.05,4.356,-,2.722,-,0.118,0.017,0.181,0.001,0.002,-,-,20.40,-0.40,734,17.5490,69.60%,22.62%,46.98%,30.40%,0.00%,0.00%,-,0.10,0.03,11.09,10 Feb 2026,01 Mar 2026,680.00,-,933613240.00,B-EQ,93361324
NHFIL,National Housing Finance PLC,Financial Institutions,A,3656.05,980.00,28.40,-3.40,28.40,11.5110,"399,193",36.8896,-97.8261,31.0550,29.1140,25.0455,29.9639,30.1744,30.1315,0.0429,0.5253,33.1879,28.9221,245.5800,-966082.4468,29.7822,30.0167,30.5652,1.8998,0.0000,0.0000,0.0000,3.52,-,-,-,-,0.556,0.006,-,-,-,-,0.002,29.40,-1.00,517,11.5110,45.09%,16.88%,28.21%,45.57%,9.34%,0.00%,-,10.00,0.74,17.06,24 Jun 2026,15 Sep 2026,980.00,34.19,1287343200.00,A-EQ,128734320
NITOLINS,Nitol Insurance PLC,Insurance,A,1980.03,22.12,46.90,9.84,46.90,188.9710,"4,047,465",80.8813,0.0000,37.5400,35.6960,30.0030,39.8924,39.1262,37.4395,1.6867,0.7977,43.5222,31.5578,259.9700,2015461.3231,40.2733,39.2346,38.0981,1.0410,0.0000,0.0000,0.0000,2.13,-,-,-,-,-,-,-,-,-,-,-,42.70,4.20,"1,438",188.9710,65.00%,26.27%,38.73%,35.00%,0.00%,0.00%,-,10.00,1.93,31.30,01 Apr 2026,12 Jul 2026,22.12,27.03,422180200.00,A-EQ,42218020
NORTHERN,Northern Jute Manufacturing Company Limited,Jute,Z,237.76,9.93,111.30,-1.33,111.00,0.4370,"3,926",43.0509,-97.1429,117.0100,113.3180,102.9160,113.9391,114.4668,114.7645,-0.2976,0.7213,127.6926,106.3274,170.8500,-9921.4903,113.3489,113.9731,115.7886,1.1160,0.0000,0.0000,0.0000,0.45,0.695,-,0.392,0.056,0.051,0.044,0.261,0.026,0.139,-,-,112.50,-1.50,43,0.4370,84.91%,0.00%,84.91%,15.09%,0.00%,0.00%,-,5.00,11.33,81.66,29 Oct 2020,27 Dec 2020,9.93,-,21420000.00,Z-EQ,2142000
NORTHRNINS,Northern Islami Insurance PLC.,Insurance,A,1818.58,22.10,40.60,1.50,40.60,16.2880,"402,581",56.4132,-16.6667,39.5900,40.1300,32.5650,39.3015,39.2486,39.3198,-0.0711,-0.2207,43.3780,35.8020,194.2300,-236810.5452,39.3200,39.0410,39.0467,1.0852,0.0000,0.0000,0.0000,1.23,-,-,-,-,-,-,-,-,-,-,-,40.00,0.60,741,16.2880,69.18%,31.14%,38.04%,30.82%,0.00%,0.00%,5.00,5.00,1.68,25.48,13 May 2026,29 Aug 2026,22.10,22.47,447925920.00,A-EQ,44792592
NPOLYMER,National Polymer Industries PLC,Engineering,B,2590.92,524.29,35.50,-3.27,35.50,20.8270,"580,451",50.9897,-69.3878,35.7350,34.2540,29.2640,36.2288,36.1051,35.3846,0.7205,0.7880,37.8359,33.6341,334.8600,-652283.8634,36.3844,36.2987,36.0795,1.4163,0.0000,0.0000,0.0000,1.41,1.056,0.661,0.687,-,0.082,0.001,0.140,0.001,0.002,-,-,36.70,-1.20,744,20.8270,67.78%,14.57%,53.21%,32.22%,0.00%,0.00%,-,5.00,0.07,29.65,26 Oct 2025,31 Dec 2025,524.29,110.10,729836680.00,B-EQ,72983668
NRBBANK,NRB Bank PLC.,Bank,Z,4626.93,60.91,6.70,0.00,6.70,1.6020,"238,648",60.3957,-36.3636,6.4050,6.1140,6.4725,6.6787,6.6226,6.4152,0.2074,0.1817,7.1202,5.6898,18.6500,-117258.4101,6.7600,6.7282,6.5786,1.1334,0.0000,0.0000,0.0000,-,-,-,-,-,0.230,0.042,-,0.001,0.015,0.001,-,6.70,0.00,106,1.6020,44.01%,3.06%,40.95%,55.99%,0.00%,0.00%,-,-,0.20,12.89,03 May 2026,20 Aug 2026,60.91,25.77,6905872000.00,Z-EQ,690587200
NRBCBANK,NRBC Bank PLC.,Bank,Z,7457.85,54.38,9.00,3.45,9.00,4.4790,"503,789",83.0528,0.0000,8.0050,7.6340,6.5075,8.5450,8.4202,8.0486,0.3717,0.2726,9.1354,6.8746,10.1000,118042.3116,8.6756,8.5641,8.3005,1.1979,0.0000,0.0000,0.0000,-,-,-,-,-,0.439,0.013,-,0.001,0.010,0.001,-,8.70,0.30,106,4.4790,40.93%,4.87%,36.06%,59.07%,0.00%,0.00%,-,-,0.16,16.74,03 May 2026,25 Jun 2026,54.38,7.14,8286495340.00,Z-EQ,828649534
NTC,National Tea Company Limited,Food & Allied,Z,4989.07,-,170.90,-0.47,167.70,0.2020,"1,196",47.6548,-96.0227,172.9900,164.4980,163.2280,170.0920,170.3717,169.1851,1.1866,2.3593,183.0715,162.9085,11.2800,-10064.7188,169.7978,170.1513,171.6567,1.0036,0.0000,0.0000,0.0000,-,0.236,-,0.081,-,-,-,-,-,0.691,-,-,168.50,-0.80,39,0.2020,55.35%,31.49%,23.86%,39.43%,5.22%,0.00%,-,-,0.00,0.00,-,-,-,-,297500000.00,Z-EQ,29750000
NTLTUBES,National Tubes Limited,Engineering,B,2399.22,39.83,68.90,0.58,68.90,6.7820,"98,778",47.3330,-81.2500,70.7800,67.7000,63.9790,69.4682,69.6500,69.4862,0.1638,0.6400,74.5169,67.0431,177.3700,-172213.5688,69.3311,69.3821,69.9081,1.1262,0.0000,0.0000,0.0000,0.15,1.788,0.012,0.892,-,0.251,0.123,0.385,0.009,0.013,-,-,68.50,0.40,340,6.7820,48.95%,6.42%,42.53%,0.05%,51.00%,0.00%,-,1.00,1.72,137.61,09 Nov 2025,20 Dec 2025,39.83,-,348218030.00,B-EQ,34821803
NURANI,Nurani Dyeing & Sweater Limited,Textile,Z,380.14,-,3.10,0.00,3.10,1.2410,"400,339",57.6784,-20.0000,2.8950,2.9880,2.5995,3.0094,2.9884,2.9533,0.0351,0.0055,3.1957,2.5943,56.8600,408842.1432,3.0244,3.0154,2.9586,1.2189,0.0000,0.0000,0.0000,-,3.400,-,1.821,-,-,-,-,-,-,-,-,3.10,0.00,118,1.2410,69.07%,17.28%,51.79%,30.93%,0.00%,0.00%,10.00,-,-0.41,11.23,28 Oct 2020,24 Dec 2020,-,-,1226250300.00,Z-EQ,122625030
OAL,Olympic Accessories Limited,Engineering,Z,1169.74,-,6.90,-1.43,6.90,1.4380,"207,910",54.8246,-55.5556,6.7500,6.6060,5.9885,6.8983,6.8650,6.7597,0.1053,0.0816,7.1142,6.3858,59.6500,-331250.3350,6.9444,6.8923,6.8143,1.7056,0.0000,0.0000,0.0000,-,2.807,0.180,2.584,-,-,-,-,-,-,-,-,7.00,-0.10,102,1.4380,74.19%,17.45%,56.74%,25.81%,0.00%,0.00%,-,-,-0.75,9.50,28 Oct 2025,24 Dec 2025,-,-,1695269820.00,Z-EQ,169526982
OIMEX,Oimex Electrode Limited,Engineering,Z,1183.97,20.90,16.20,-0.61,16.20,1.7140,"105,505",47.7513,-71.4286,16.6100,16.0720,15.0520,16.4437,16.4555,16.3357,0.1198,0.2020,17.2218,15.9982,116.3800,-187870.9913,16.4556,16.4487,16.5148,1.3595,0.0000,0.0000,0.0000,-,0.959,-,0.550,-,0.040,0.000,0.064,0.000,0.008,-,-,16.30,-0.10,149,1.7140,64.24%,20.03%,44.21%,35.76%,0.00%,0.00%,-,-,0.03,3.27,05 Nov 2025,30 Dec 2025,20.90,81.50,730847810.00,Z-EQ,73084781
OLYMPIC,Olympic Industries PLC,Food & Allied,A,30130.79,15.08,150.70,-0.66,150.70,10.7940,"71,537",37.8868,-92.2222,155.7850,152.6320,146.9670,153.1323,153.5951,154.0750,-0.4799,0.3106,162.5123,149.0577,18.1100,-130750.0166,152.8200,153.0885,154.1614,1.1149,0.0000,0.0000,0.0000,1.99,2.636,-,2.042,0.097,0.083,0.072,0.239,0.124,0.161,-,-,151.70,-1.00,709,10.7940,62.62%,22.48%,12.52%,37.38%,0.00%,27.62%,-,30.00,10.06,62.35,28 Oct 2025,11 Dec 2025,15.08,15.35,1999388860.00,A-EQ,199938886
ONEBANKPLC,One Bank PLC.,Bank,Z,8419.99,6.45,7.90,-1.25,7.90,3.8120,"476,964",47.9251,-75.0000,7.9250,8.0360,7.4130,7.9680,7.9629,7.9385,0.0244,0.0247,8.1183,7.7317,9.1700,-589332.1485,7.9867,7.9782,7.9581,1.2753,0.0000,0.0000,0.0000,-,-,-,-,-,0.400,0.025,-,0.001,0.012,0.001,-,8.00,-0.10,89,3.8120,69.06%,43.13%,25.88%,30.94%,0.00%,0.05%,-,-,0.28,22.46,03 May 2026,13 Aug 2026,6.45,5.13,10658218870.00,Z-EQ,1065821887
ORIONINFU,Orion Infusion Limited,Pharmaceuticals & Chemicals,A,5389.23,152.38,264.70,0.99,264.70,37.6800,"142,073",29.8146,-87.9487,285.2600,298.8440,353.1590,273.1446,276.1556,285.7824,-9.6268,-7.5446,310.6085,259.9115,296.9900,-356411.2147,270.5578,273.1590,279.2805,1.4127,0.0000,0.0000,0.0000,0.76,0.943,0.028,0.681,-,0.130,0.053,0.420,0.041,0.107,-,-,262.10,2.60,"1,846",37.6800,59.39%,12.96%,46.37%,40.61%,0.00%,0.06%,-,20.00,1.72,16.02,10 Nov 2025,23 Dec 2025,152.38,138.43,203597600.00,A-EQ,20359760
ORIONPHARM,Orion Pharma Limited,Pharmaceuticals & Chemicals,Z,6809.40,-,29.10,1.75,29.10,7.0080,"242,193",52.2653,-55.0000,29.3400,28.5220,28.5780,28.8935,28.9462,28.9402,0.0060,0.1248,30.6689,28.0111,43.9200,-284256.8007,28.8044,28.8192,29.0281,1.6885,0.0000,0.0000,0.0000,-,2.072,1.164,1.894,-,0.014,-,0.339,-,-,-,-,28.60,0.50,321,7.0080,68.02%,21.54%,46.35%,31.98%,0.00%,0.13%,-,-,-1.77,86.09,12 Nov 2025,23 Dec 2025,-,-,2340000000.00,Z-EQ,234000000
PADMALIFE,Padma Islami Life Insurance Limited,Insurance,Z,715.39,-,18.30,-0.54,18.40,2.6580,"143,659",54.7587,-18.1818,18.1250,18.3320,17.4730,17.9915,17.9824,18.0665,-0.0841,-0.1436,19.4553,16.7947,53.0300,-8629.4528,18.1133,17.9872,17.9571,1.4201,0.0000,0.0000,0.0000,-,-,-,-,-,-,-,-,-,-,-,-,18.50,-0.10,189,2.6580,68.44%,17.78%,50.66%,31.56%,0.00%,0.00%,-,-,0.00,0.00,15 Jul 2026,17 Sep 2026,-,-,388800000.00,Z-EQ,38880000
PADMAOIL,Padma Oil PLC,Fuel & Power,A,19685.84,3.51,200.40,-0.25,200.40,6.0410,"30,171",54.8068,-88.0000,201.5850,193.3620,182.6015,200.9335,200.9755,199.2561,1.7194,2.6207,204.7247,198.4453,16.9200,540.8298,200.7822,200.8885,201.3476,0.5447,0.0000,0.0000,0.0000,7.98,1.171,-,0.977,2.203,0.532,1.762,0.962,0.044,0.208,-,-,200.90,-0.50,208,6.0410,47.59%,32.74%,14.83%,2.06%,50.35%,0.02%,-,160.00,57.30,274.86,06 Nov 2025,03 Jan 2026,3.51,3.42,982327500.00,A-EQ,98232750
PARAMOUNT,Paramount Insurance PLC,Insurance,A,2504.96,29.13,61.60,-3.45,61.60,17.0890,"274,422",47.8235,-55.1282,62.7100,61.6960,51.2975,62.7040,62.6826,62.3903,0.2923,0.3829,66.5854,58.8346,299.7000,-349603.3564,62.9089,62.7718,62.5329,1.4135,0.0000,0.0000,0.0000,1.62,-,-,-,-,-,-,-,-,-,-,-,63.80,-2.20,638,17.0890,51.52%,20.80%,30.68%,48.48%,0.00%,0.04%,-,10.00,2.19,28.16,11 Mar 2026,18 May 2026,29.13,14.57,406649660.00,A-EQ,40664966
PBLPBOND,Pubali Bank Perpetual Bond,Corporate Bond,A,470.00,-,0.00,0.00,4700.00,0.0000,0,52.4577,-8.4746,4652.5000,4652.2000,0.0000,4647.8049,4647.5120,4661.3778,-13.8657,-21.0341,4818.2623,4486.7377,0.0100,0.4224,4660.0000,4657.6923,4654.7619,-0.0693,0.0000,0.0000,0.0000,0.02,-,-,-,-,-,-,-,-,-,-,-,4700.00,0.00,0,0.0000,100.00%,99.33%,0.67%,0.00%,0.00%,0.00%,-,10.00,0.00,0.00,16 Sep 2025,-,-,-,1000000.00,A-CB,100000
PDL,Pacific Denims Limited,Textile,Z,1046.24,48.33,5.80,-1.72,5.70,1.3150,"228,125",51.2484,-62.5000,5.6000,5.6520,4.9970,5.7251,5.7082,5.6678,0.0404,0.0223,5.9613,5.2387,59.6500,-318489.8884,5.7622,5.7436,5.6743,1.5345,0.0000,0.0000,0.0000,1.75,3.648,-,2.501,-,-,-,-,-,-,-,-,5.80,-0.10,91,1.3150,69.88%,9.52%,60.35%,30.12%,0.00%,0.01%,-,1.00,0.12,13.58,29 Oct 2023,31 Dec 2023,48.33,217.50,1835501430.00,Z-EQ,183550143
PENINSULA,The Peninsula Chittagong PLC.,Travel & Leisure,B,2919.20,415.00,24.60,-1.20,24.60,4.6390,"188,170",48.6238,-81.2500,25.0150,24.2240,20.0185,24.9185,24.9280,24.7242,0.2038,0.3205,25.7835,24.2465,200.0800,-274115.1931,24.9133,24.9205,25.0005,1.4720,0.0000,0.0000,0.0000,0.20,1.341,0.093,1.256,0.080,0.072,0.020,0.265,0.001,0.002,-,-,24.90,-0.30,273,4.6390,43.14%,7.30%,35.77%,56.86%,0.00%,0.07%,-,0.50,0.06,27.90,28 Oct 2025,30 Dec 2025,415.00,-,1186668000.00,B-EQ,118666800
PEOPLESINS,Peoples Insurance PLC,Insurance,A,2855.16,15.16,61.80,-2.68,61.80,36.7630,"589,662",54.4099,-29.4964,59.9150,58.9240,44.6250,61.7816,61.3571,60.2330,1.1241,0.7210,66.6657,53.1643,492.7500,-371810.2813,62.6222,61.9000,60.5100,1.2944,0.0000,0.0000,0.0000,1.70,-,-,-,-,-,-,-,-,-,-,-,63.50,-1.70,988,36.7630,65.51%,12.07%,53.44%,34.49%,0.00%,0.00%,-,10.50,4.19,37.95,26 Apr 2026,24 Jun 2026,15.16,10.84,462000000.00,A-EQ,46200000
PF1STMF,Phoenix Finance 1st Mutual Fund,Mutual Funds,A,834.00,-,13.90,-2.11,13.90,23.3360,"1,678,859",74.1756,-23.3333,12.7800,10.3800,6.6875,13.6856,13.4377,12.3075,1.1303,1.1177,14.8862,10.6738,1153.1800,-76043.1503,13.9600,13.7795,13.3186,0.9005,0.0000,0.0000,0.0000,-,-,-,-,-,-,-,-,-,-,-,-,14.20,-0.30,615,23.3360,76.67%,29.58%,47.08%,23.33%,0.00%,0.01%,-,-,-0.17,7.20,07 Aug 2025,-,-,14.01,600000000.00,A-MF,60000000
PHARMAID,Pharma Aids,Pharmaceuticals & Chemicals,A,1896.65,29.18,607.90,1.86,607.90,15.2830,"25,029",50.8718,-68.0080,618.2000,593.5140,551.0935,609.4728,610.3571,606.8390,3.5181,7.1154,648.9334,587.4666,280.5600,-33636.5326,607.9889,609.5013,614.5271,0.9409,0.0000,0.0000,0.0000,0.49,3.328,-,2.894,-,0.200,0.146,0.303,0.110,0.148,-,-,596.80,11.10,775,15.2830,80.61%,21.78%,58.83%,19.39%,0.00%,0.00%,-,30.00,20.45,138.58,09 Nov 2025,24 Dec 2025,29.18,22.16,31200000.00,A-EQ,3120000
PHENIXINS,Phoenix Insurance PLC,Insurance,A,1984.81,25.00,49.20,-2.57,49.20,43.4300,"873,200",65.0014,-36.7347,46.1600,44.5580,33.9645,48.0736,47.5073,45.9761,1.5311,1.0080,51.0030,41.3170,419.2500,400622.3306,48.6822,47.9103,46.7633,1.3417,0.0000,0.0000,0.0000,2.44,-,-,-,-,-,-,-,-,-,-,-,50.50,-1.30,961,43.4300,61.83%,12.54%,49.29%,38.17%,0.00%,0.00%,-,12.00,2.02,33.85,30 Apr 2026,29 Jul 2026,25.00,17.41,403415720.00,A-EQ,40341572
PHOENIXFIN,Phoenix Finance and Investments Limited,Financial Institutions,Z,663.50,-,4.10,-4.76,4.00,1.3340,"328,984",53.4508,-50.0000,3.8750,3.7640,3.4365,4.0910,4.0493,3.9166,0.1327,0.1033,4.4600,3.2900,62.5200,-246706.5421,4.1622,4.1359,4.0129,1.7869,0.0000,0.0000,0.0000,-,-,-,-,-,1.141,3.873,-,-,-,-,-,4.20,-0.20,86,1.3340,73.99%,17.94%,56.05%,26.01%,0.00%,0.00%,-,-,-20.45,-102.46,30 Jun 2026,27 Aug 2026,-,-,1658741950.00,Z-EQ,165874195
PHPMF1,PHP First Mutual Fund,Mutual Funds,A,1099.38,-,3.90,-4.88,3.90,7.3340,"1,856,838",54.4145,-62.5000,3.8600,3.4180,2.9495,4.0153,3.9731,3.7713,0.2018,0.2040,4.3342,3.3858,292.7200,938087.1320,4.0667,4.0410,3.9629,1.2738,0.0000,0.0000,0.0000,-,-,-,-,-,-,-,-,-,-,-,-,4.10,-0.20,254,7.3340,88.28%,40.34%,47.94%,11.72%,0.00%,0.00%,-,-,-1.87,8.15,25 Sep 2024,-,-,-,2818932640.00,A-MF,281893264
PIONEERINS,Pioneer Insurance PLC,Insurance,A,7003.56,15.23,68.20,-2.01,68.20,22.8300,"333,729",49.5676,-50.6329,68.4950,67.8280,55.9385,68.5785,68.5212,68.3530,0.1683,0.1217,72.9796,64.0104,114.1100,-506361.4545,68.8311,68.4949,68.1529,1.3134,0.0000,0.0000,0.0000,3.67,-,-,-,-,-,-,-,-,-,-,-,69.60,-1.40,564,22.8300,60.06%,30.40%,29.66%,39.94%,0.00%,0.00%,5.00,25.00,4.57,46.97,03 Mar 2026,04 May 2026,15.23,11.56,1026914910.00,A-EQ,102691491
PLFSL,Peoples Leasing and Financial Services Limited,Financial Institutions,Z,627.97,-,2.20,-8.33,2.20,7.7640,"3,520,900",65.6098,-38.4615,1.7750,1.5520,1.4596,2.1393,2.0539,1.8138,0.2401,0.1656,2.6272,0.9228,188.0300,852779.9771,2.2378,2.1744,1.9890,1.1994,0.0000,0.0000,0.0000,-,-,-,-,-,1.019,1.026,-,-,-,-,-,2.40,-0.20,420,7.7640,81.85%,12.88%,68.72%,18.15%,0.00%,0.25%,-,-,-12.81,-155.15,02 Jul 2026,17 Aug 2026,-,-,2854405970.00,Z-EQ,285440597
POPULAR1MF,Popular Life First Mutual Fund,Mutual Funds,A,1166.45,-,3.90,-4.88,3.90,8.1740,"2,071,977",55.0753,-55.5556,3.8250,3.4040,2.9150,4.0171,3.9700,3.7554,0.2146,0.2121,4.3713,3.2787,231.9900,921339.4370,4.0822,4.0526,3.9505,1.2664,0.0000,0.0000,0.0000,-,-,-,-,-,-,-,-,-,-,-,-,4.10,-0.20,196,8.1740,90.00%,19.49%,70.51%,10.00%,0.00%,0.00%,-,-,-1.78,8.23,25 Sep 2024,-,-,-,2990890270.00,A-MF,299089027
POPULARLIF,Popular Life Insurance Co. Limited,Insurance,A,3674.04,24.23,60.80,-0.82,60.80,6.1250,"100,653",49.6693,-57.5758,61.7250,61.4040,50.7385,60.3576,60.5009,60.8918,-0.3909,-0.2602,67.0313,56.4187,210.3500,-222173.6206,60.0822,59.9333,60.5824,1.4239,0.0000,0.0000,0.0000,3.29,-,-,-,-,-,-,-,-,-,-,-,61.30,-0.50,329,6.1250,76.30%,25.22%,51.08%,23.70%,0.00%,0.00%,-,20.00,1.47,78.10,28 Jun 2026,22 Sep 2026,24.23,-,604283580.00,A-EQ,60428358
POWERGRID,Power Grid Company of Bangladesh Limited,Fuel & Power,Z,37009.18,-,40.50,-1.22,40.50,3.1900,"78,949",55.1422,-36.5854,40.5500,38.5020,31.8460,40.6234,40.5258,39.8708,0.6550,0.7488,42.5839,38.5161,5.3300,-84757.5458,40.8133,40.5910,40.4938,1.1632,0.0000,0.0000,0.0000,-,1.237,-,1.110,-,0.370,-,0.400,-,-,-,-,41.00,-0.50,168,3.1900,19.50%,14.80%,4.69%,58.50%,22.00%,0.01%,-,-,-2.30,139.29,10 Nov 2025,24 Jan 2026,-,4.93,9138069910.00,Z-EQ,913806991
PRAGATIINS,Pragati Insurance PLC,Insurance,A,6480.92,15.29,79.80,-1.72,79.80,18.7620,"234,044",52.9638,-39.5833,79.0950,77.8680,73.6220,79.3009,79.1611,78.9266,0.2346,0.0381,84.9979,73.1921,100.6400,-114252.8718,79.5711,79.0513,78.5995,1.3814,0.0000,0.0000,0.0000,3.38,-,-,-,-,-,-,-,-,-,-,-,81.20,-1.40,542,18.7620,59.87%,23.83%,36.04%,40.13%,0.00%,0.00%,3.00,27.00,5.31,57.36,13 Apr 2026,18 Jun 2026,15.29,13.05,812145590.00,A-EQ,81214559
PRAGATILIF,Pragati Life Insurance PLC.,Insurance,A,6214.85,-,173.60,2.66,173.60,60.3570,"348,042",49.0864,-12.4294,173.2100,181.5700,193.8185,168.4590,169.2236,174.0150,-4.7913,-5.3669,195.5945,150.8255,155.0400,-102828.2387,167.5467,166.9487,168.5986,1.2285,0.0000,0.0000,0.0000,0.86,-,-,-,-,-,-,-,-,-,-,-,169.10,4.50,"2,162",60.3570,59.38%,17.22%,42.16%,40.62%,0.00%,0.00%,10.00,15.00,0.00,0.00,22 Jun 2026,13 Aug 2026,-,-,357998160.00,A-EQ,35799816
PREBPBOND,Premier Bank Perpetual Bond,Corporate Bond,A,188.00,-,0.00,0.00,4700.00,0.0000,0,21.4982,-100.0000,4700.0000,0.0000,0.0000,4785.9727,4824.7366,4931.2486,-106.5121,-71.5070,5047.7749,4352.2251,0.3300,0.0000,4700.0000,4700.0000,4700.0000,-0.0038,0.0000,0.0000,0.0000,0.02,-,-,-,-,-,-,-,-,-,-,-,4700.00,0.00,0,0.0000,0.00%,0.00%,0.00%,0.00%,0.00%,0.00%,-,10.00,0.00,0.00,15 Dec 2025,-,-,-,400000.00,A-CB,40000
PREMIERBAN,The Premier Bank PLC.,Bank,Z,7030.56,-,5.70,0.00,5.70,7.6570,"1,363,798",66.1502,-10.0000,5.4450,4.7820,4.7605,5.6519,5.5962,5.3184,0.2778,0.2861,6.0757,4.8143,31.3800,2625025.5281,5.7133,5.6782,5.5862,1.1313,0.0000,0.0000,0.0000,-,-,-,-,-,-,-,-,-,-,-,-,5.70,0.00,121,7.6570,74.77%,22.49%,52.28%,25.23%,0.00%,0.00%,-,-,-8.05,13.59,03 May 2026,08 Jul 2026,-,-,12334311330.00,Z-EQ,1233431133
PREMIERCEM,Premier Cement Mills PLC,Cement,A,5093.23,37.75,48.30,-0.82,48.30,8.0220,"165,501",44.0385,-92.8571,50.4700,48.7180,42.0715,49.2356,49.4190,49.4222,-0.0033,0.3979,53.8549,47.0851,159.3700,-325364.5367,49.0911,49.1603,49.6633,0.9503,0.0000,0.0000,0.0000,2.07,0.569,-,0.410,0.032,0.135,0.006,0.179,0.004,0.020,-,-,48.70,-0.40,351,8.0220,64.01%,24.51%,39.30%,35.99%,0.00%,0.20%,-,10.00,1.29,64.50,26 Oct 2025,28 Dec 2025,37.75,18.35,1054500000.00,A-EQ,105450000
PREMIERLEA,Premier Leasing & Finance Limited,Financial Institutions,Z,359.02,-,2.70,-6.90,2.70,3.9160,"1,447,829",52.5767,-60.0000,2.5750,2.4940,1.7614,2.8112,2.7685,2.6266,0.1419,0.1148,3.2137,1.9363,239.1100,-175799.8028,2.8778,2.8526,2.7290,1.5206,0.0000,0.0000,0.0000,-,-,-,-,-,1.120,3.540,-,-,-,-,-,2.90,-0.20,143,3.9160,79.28%,9.79%,69.49%,20.72%,0.00%,0.00%,-,-,-21.98,-96.38,02 Aug 2026,17 Sep 2026,-,-,1329702100.00,Z-EQ,132970210
PRIME1ICBA,Prime Bank 1st ICB AMCL Mutual Fund,Mutual Funds,A,680.00,-,6.80,-2.86,6.80,2.4360,"359,369",63.9124,-38.4615,6.4600,5.4700,4.6635,6.7930,6.6943,6.2461,0.4482,0.4424,7.3045,5.6155,133.4600,227000.5296,6.8889,6.8244,6.6610,0.9154,0.0000,0.0000,0.0000,-,-,-,-,-,-,-,-,-,-,-,-,7.00,-0.20,194,2.4360,80.00%,48.99%,31.01%,20.00%,0.00%,0.00%,-,-,-0.28,7.62,07 Aug 2025,-,-,11.41,1000000000.00,A-MF,100000000
PRIMEBANK,Prime Bank PLC.,Bank,A,36680.46,3.84,30.10,0.00,30.10,10.5810,"351,739",44.4347,-85.7143,30.4250,30.1220,29.9630,30.2524,30.2874,30.2894,-0.0021,0.0737,31.0503,29.7997,22.9000,-878451.6063,30.2044,30.2603,30.3824,0.8079,0.0000,0.0000,0.0000,8.31,-,-,-,-,0.555,0.343,-,0.014,0.196,0.016,-,30.10,0.00,142,10.5810,64.46%,35.53%,23.05%,35.54%,0.00%,5.88%,5.00,25.00,7.84,40.00,06 Apr 2026,21 May 2026,3.84,4.23,12186200910.00,A-EQ,1218620091
PRIMEFIN,Prime Finance & Investment Limited,Financial Institutions,Z,955.21,-,3.50,-7.89,3.50,3.6460,"1,023,685",50.2270,-60.0000,3.4800,3.3000,2.7424,3.6650,3.6314,3.4984,0.1330,0.1216,4.0589,2.9011,101.9100,-1376793.7415,3.7156,3.7103,3.6081,1.5649,0.0000,0.0000,0.0000,-,-,-,-,-,4.255,14.439,-,-,-,-,-,3.80,-0.30,215,3.6460,40.86%,4.88%,35.97%,59.14%,0.00%,0.01%,-,-,-5.53,1.46,21 Jan 2026,03 Mar 2026,-,-,2729164830.00,Z-EQ,272916483
PRIMEINSUR,Prime Islami Insurance PLC,Insurance,A,2546.67,30.56,62.30,2.98,62.30,106.7050,"1,763,950",76.9489,-13.5000,50.9050,45.5580,35.7875,56.3390,54.8057,50.6642,4.1416,2.7233,62.2093,39.6007,525.0400,2371669.9480,57.7489,55.7654,52.9338,1.1225,0.0000,0.0000,0.0000,1.61,-,-,-,-,-,-,-,-,-,-,-,60.50,1.80,"2,018",106.7050,68.25%,20.24%,48.01%,31.75%,0.00%,0.00%,-,10.00,1.98,22.76,03 May 2026,15 Jun 2026,30.56,23.27,408774980.00,A-EQ,40877498
PRIMELIFE,Prime Islami Life Insurance Limited,Insurance,B,1300.16,-,42.60,-2.52,42.60,3.9150,"91,484",53.2671,-40.0000,41.9650,42.6040,37.5265,42.1150,41.9856,41.9604,0.0252,-0.2469,45.7777,38.1523,136.8700,-42270.6935,42.2578,41.8321,41.6100,1.4725,0.0000,0.0000,0.0000,0.06,-,-,-,-,-,-,-,-,-,-,-,43.70,-1.10,287,3.9150,63.92%,33.23%,30.51%,36.08%,0.00%,0.18%,-,0.25,0.00,0.00,16 Jun 2026,17 Sep 2026,-,-,305202300.00,B-EQ,30520230
PRIMETEX,Prime Textile Spinning Mills Limited,Textile,Z,645.58,-,16.90,-0.59,16.90,0.5810,"34,288",44.9373,-72.7273,16.9750,17.8120,15.8215,17.2246,17.2212,17.3213,-0.1000,-0.1544,18.0190,15.9310,62.3000,-39255.6227,17.3356,17.3167,17.1548,1.2395,0.0000,0.0000,0.0000,-,1.379,-,0.969,-,-,-,-,-,-,-,-,17.00,-0.10,75,0.5810,50.00%,5.65%,44.10%,50.00%,0.00%,0.25%,-,-,-8.05,64.83,11 Sep 2024,24 Oct 2024,-,-,382000000.00,Z-EQ,38200000
PROGRESLIF,Progressive Life Insurance Co. Limited,Insurance,Z,672.38,-,40.40,-1.70,40.40,0.2670,"6,578",46.2533,-34.7222,41.1450,41.8800,43.6395,40.5135,40.5922,41.0173,-0.4251,-0.4523,43.9574,38.3326,37.7900,-11613.5685,40.4200,40.3128,40.5881,0.9681,0.0000,0.0000,0.0000,-,-,-,-,-,-,-,-,-,-,-,-,41.10,-0.70,62,0.2670,61.26%,9.72%,51.54%,38.82%,0.00%,0.00%,-,-,0.00,0.00,28 Apr 2025,29 Jun 2025,-,-,166431660.00,Z-EQ,16643166
PROGRESLIF,Progressive Life Insurance Co. Limited,Insurance,Z,672.38,-,40.40,-1.70,40.40,0.2670,"6,578",46.2533,-34.7222,41.1450,41.8800,43.6395,40.5135,40.5922,41.0173,-0.4251,-0.4523,43.9574,38.3326,37.7900,-11613.5685,40.4200,40.3128,40.5881,0.9681,0.0000,0.0000,0.0000,0.62,-,-,-,-,-,-,-,-,-,-,-,41.10,-0.70,62,0.2670,61.26%,9.72%,51.54%,38.82%,0.00%,0.00%,-,-,0.00,0.00,28 Apr 2025,29 Jun 2025,-,-,166431660.00,Z-EQ,16643166
PROVATIINS,Provati Insurance PLC,Insurance,A,2346.17,30.41,58.20,-2.84,58.20,20.5320,"351,053",48.6670,-42.6829,59.5400,56.8640,37.6065,59.1658,59.2322,58.7817,0.4504,0.8081,64.8934,54.1866,483.5600,-125773.4140,59.3778,59.0308,58.9300,1.2679,0.0000,0.0000,0.0000,2.06,-,-,-,-,-,-,-,-,-,-,-,59.90,-1.70,690,20.5320,71.66%,16.93%,54.73%,28.34%,0.00%,0.00%,-,12.00,1.73,22.45,29 Apr 2026,10 Aug 2026,30.41,26.74,403122370.00,A-EQ,40312237
PTL,Paramount Textile PLC.,Textile,A,11409.75,9.74,63.70,0.95,63.70,19.3490,"304,313",47.2936,-68.5714,64.3950,63.8620,55.7215,63.8808,64.0109,64.1843,-0.1734,0.0307,66.5641,62.2259,81.3000,-446144.9501,63.8711,63.8641,64.0248,0.9828,0.0000,0.0000,0.0000,1.88,1.302,-,0.568,-,-,-,-,-,-,-,-,63.10,0.60,458,19.3490,39.05%,14.21%,20.41%,60.95%,0.00%,4.43%,-,12.00,6.48,43.89,29 Oct 2025,20 Dec 2025,9.74,9.21,1791168860.00,A-EQ,179116886
PUBALIBANK,Pubali Bank PLC.,Bank,A,59345.43,4.58,38.00,-1.04,38.00,48.2600,"1,266,935",53.3107,-62.0690,37.9000,36.6440,34.7515,38.3910,38.2708,37.7434,0.5274,0.5117,39.3539,36.4461,10.3100,-990959.4298,38.6178,38.5141,38.2143,0.7933,0.0000,0.0000,0.0000,2.63,-,-,-,-,0.557,0.209,-,0.009,0.154,0.011,-,38.40,-0.40,391,48.2600,68.13%,24.64%,43.44%,31.87%,0.00%,0.05%,20.00,10.00,8.38,54.32,30 Apr 2026,16 Jun 2026,4.58,4.37,15617218420.00,A-EQ,1561721842
PURABIGEN,Purabi General Insurance Co. Ltd.,Insurance,A,1854.19,20.84,31.00,-3.43,31.00,11.8880,"379,233",45.0079,-63.3333,31.9400,32.1500,24.2625,31.5226,31.5669,31.7219,-0.1550,-0.1306,34.6994,29.1806,418.7900,-225615.4400,31.5644,31.4269,31.4981,1.3584,0.0000,0.0000,0.0000,3.23,-,-,-,-,-,-,-,-,-,-,-,32.10,-1.10,550,11.8880,68.42%,25.19%,43.21%,31.58%,0.00%,0.02%,-,10.00,1.21,14.29,13 May 2026,30 Aug 2026,20.84,19.11,598125060.00,A-EQ,59812506
QUASEMIND,Quasem Industries Ltd.,Engineering,A,3551.96,43.56,44.40,-1.99,44.40,19.0300,"424,877",41.4087,-96.8750,45.8250,45.1140,41.3335,45.6009,45.6698,45.5518,0.1180,0.3249,46.9411,44.7089,262.8800,-1094187.4125,45.6356,45.6987,45.7786,1.5150,0.0000,0.0000,0.0000,-,1.042,0.047,0.384,-,0.122,0.052,0.245,0.019,0.036,-,-,45.30,-0.90,679,19.0300,70.00%,20.66%,49.34%,30.00%,0.00%,0.00%,10.00,-,1.04,29.06,27 Oct 2025,24 Dec 2025,43.56,40.93,799991950.00,A-EQ,79999195
QUEENSOUTH,Queen South Textile Mills Ltd.,Textile,B,2762.09,94.00,18.10,-3.72,18.10,60.7400,"3,290,556",56.3940,-54.5455,17.4400,15.7540,12.6125,18.4582,18.2376,17.2874,0.9502,0.9129,20.0745,14.8055,958.6100,-3544540.4706,18.7467,18.5962,18.0600,1.3998,0.0000,0.0000,0.0000,0.28,1.681,-,0.859,-,-,-,-,-,-,-,-,18.80,-0.70,"1,586",60.7400,48.43%,11.77%,35.60%,51.57%,0.00%,1.06%,-,0.50,0.20,15.82,28 Oct 2025,22 Dec 2025,94.00,58.75,1526014390.00,B-EQ,152601439
RAHIMAFOOD,Rahima Food Corporation Limited,Food & Allied,Z,1674.02,148.21,83.70,0.84,83.70,3.7090,"44,278",,,,,,,,,,,,,,,,,,,,,,0.24,0.862,-,0.786,0.155,0.149,0.120,0.253,0.036,0.059,-,-,83.00,0.70,287,3.7090,64.05%,6.42%,57.63%,35.95%,0.00%,0.00%,-,2.00,0.56,9.43,28 Oct 2025,23 Dec 2025,148.21,-,200002000.00,Z-EQ,20000200
RAHIMTEXT,Rahim Textile Mills PLC.,Textile,A,2065.05,163.10,218.30,3.75,218.30,9.4680,"43,595",57.0630,-15.1961,214.9350,208.7620,200.4565,212.3481,212.5131,212.3928,0.1203,0.5393,228.1806,201.6894,114.7300,-7848.9451,211.8378,211.3654,212.4948,1.1020,0.0000,0.0000,0.0000,0.46,0.883,-,0.493,-,-,-,-,-,-,-,-,210.40,7.90,547,9.4680,29.06%,7.35%,21.71%,70.94%,0.00%,0.00%,-,10.00,1.29,25.83,27 Oct 2025,15 Dec 2025,163.10,76.60,94596830.00,A-EQ,9459683
RAKCERAMIC,RAK Ceramics (Bangladesh) Limited,Ceramics Sector,A,12839.06,-,30.00,-0.99,30.00,8.9620,"298,259",45.1400,-96.5517,31.1150,29.2340,24.6075,30.7723,30.8390,30.5040,0.3350,0.6391,32.4132,29.8168,42.2100,-720038.7270,30.7244,30.8333,31.0581,1.4531,0.0000,0.0000,0.0000,3.33,-,-,-,-,-,-,0.132,-,-,-,-,30.30,-0.30,338,8.9620,27.92%,17.50%,10.38%,72.08%,0.00%,0.04%,-,10.00,-0.93,15.30,05 Feb 2026,31 Mar 2026,-,303.00,4279687010.00,A-EQ,427968701
RANFOUNDRY,Rangpur Foundry Limited,Engineering,A,1626.00,41.76,163.30,0.87,162.60,1.0080,"6,193",51.4016,-73.1183,164.0200,160.0420,154.7980,162.2428,162.4374,162.1782,0.2592,0.8086,169.6180,158.4220,67.2500,-25539.4721,161.9156,161.9603,162.9071,0.9540,0.0000,0.0000,0.0000,1.41,3.600,-,0.899,-,0.063,0.026,0.204,0.083,0.110,-,-,161.20,1.40,92,1.0080,50.11%,31.38%,18.73%,49.89%,0.00%,0.00%,-,23.00,3.86,35.09,27 Oct 2025,24 Dec 2025,41.76,38.50,100000000.00,A-EQ,10000000
RDFOOD,Rangpur Dairy & Food Products Limited,Food & Allied,B,2074.09,45.57,27.30,-1.80,27.30,12.7170,"463,397",43.9567,-76.1905,28.2800,28.5380,22.6580,27.8148,27.8913,28.0498,-0.1585,-0.0651,30.1990,26.3610,533.5800,-982391.9174,27.8156,27.7923,27.9257,1.5323,0.0000,0.0000,0.0000,0.37,1.546,-,1.007,0.047,0.049,0.037,0.194,0.023,0.036,-,-,27.80,-0.50,682,12.7170,66.58%,10.90%,55.68%,33.42%,0.00%,0.00%,-,1.00,0.61,16.92,02 Nov 2025,22 Dec 2025,45.57,40.10,759739560.00,B-EQ,75973956
RECKITTBEN,Reckitt Benckiser (Bangladesh) PLC,Pharmaceuticals & Chemicals,A,15599.59,19.09,3300.00,0.02,3301.50,0.6110,185,42.6106,-93.1238,3314.8500,3311.5320,3403.9550,3307.1246,3308.8300,3314.7969,-5.9668,-5.0295,3334.8408,3294.8592,5.7400,-1969.4350,3305.8200,3306.6538,3310.3010,0.2318,0.0000,0.0000,0.0000,5.24,1.538,-,1.183,-,0.203,0.138,0.485,0.195,0.454,-,-,3300.90,0.60,65,0.6110,13.27%,6.84%,6.42%,82.96%,3.77%,0.01%,-,1730.00,172.93,187.58,03 May 2026,29 Jun 2026,19.09,25.65,47250000.00,A-EQ,4725000
REGENTTEX,Regent Textile Mills Limited,Textile,Z,900.28,-,7.00,-1.41,7.00,1.6310,"231,844",58.4646,-35.0000,6.5200,6.5120,4.2735,7.0292,6.9345,6.6320,0.3026,0.2370,7.7925,5.2475,114.7900,-5147.9642,7.2044,7.1154,6.8186,1.4643,0.0000,0.0000,0.0000,-,2.915,-,2.028,-,-,-,-,-,-,-,-,7.10,-0.10,139,1.6310,45.45%,4.61%,40.84%,54.55%,0.00%,0.00%,-,-,-1.62,26.52,22 Nov 2021,30 Dec 2021,-,-,1286121370.00,Z-EQ,128612137
RELIANCE1,Reliance One the 1st scheme of Reliance Insurance Mutual Fund,Mutual Funds,A,719.95,-,11.90,-2.46,11.90,11.3230,"947,540",50.1289,-90.9091,12.1350,11.3180,13.2195,12.1574,12.1339,11.9096,0.2243,0.2784,12.6218,11.6482,588.2300,-1317470.5312,12.1867,12.1744,12.1581,0.6907,0.0000,0.0000,0.0000,-,-,-,-,-,-,-,-,-,-,-,-,12.20,-0.30,328,11.3230,80.00%,26.61%,53.39%,20.00%,0.00%,0.00%,-,-,-0.31,10.47,17 Aug 2025,-,-,23.46,605000000.00,A-MF,60500000
RELIANCINS,Reliance Insurance PLC,Insurance,A,11757.01,13.33,112.40,-0.36,111.80,10.9790,"99,086",48.0911,-56.0976,113.4850,111.9780,80.9475,113.2203,113.3011,112.9407,0.3604,0.7076,122.8013,104.1687,60.2600,-165765.3004,113.6022,113.5013,112.8457,1.1687,0.0000,0.0000,0.0000,2.68,-,-,-,-,-,-,-,-,-,-,-,112.20,-0.40,343,10.9790,32.05%,7.83%,24.22%,67.95%,0.00%,0.00%,-,30.00,8.42,78.95,01 Mar 2026,30 Apr 2026,13.33,8.60,1051610870.00,A-EQ,105161087
RENATA,Renata PLC.,Pharmaceuticals & Chemicals,A,53769.71,24.40,468.80,-0.76,468.80,10.5490,"22,505",54.3908,-83.7209,471.9250,452.0420,428.1235,471.6362,471.4083,466.3684,5.0398,6.9110,479.5033,464.3467,11.6100,-26375.0535,471.6667,472.2064,472.4867,0.6970,0.0000,0.0000,0.0000,1.17,1.443,0.189,0.463,-,0.141,0.096,0.442,0.064,0.107,-,-,472.40,-3.60,561,10.5490,48.71%,23.12%,8.01%,51.29%,0.00%,17.58%,-,55.00,19.36,305.49,28 Oct 2025,20 Dec 2025,24.40,17.38,1146964900.00,A-EQ,114696490
RENATAPS,Renata PLC,Pharmaceuticals & Chemicals,P,3250.00,-,0.00,0.00,1900.00,0.0000,0,,,,,,,,,,,,,,,,,,,,,,-,1.570,0.268,0.540,-,0.098,0.052,0.410,0.038,0.063,-,-,1900.00,0.00,0,0.0000,0.00%,0.00%,0.00%,0.00%,0.00%,0.00%,-,-,0.00,0.00,-,-,-,-,17105260.00,-,1710526
RENWICKJA,Renwick Jajneswar & Company (Bd),Engineering,Z,1746.40,-,887.80,0.60,873.20,2.3280,"2,670",55.6248,-67.9461,902.3650,700.2640,557.6460,879.8232,877.3386,829.2015,48.1371,65.3334,1022.3147,782.4153,64.1100,237.5585,873.8156,877.0026,895.2876,0.5689,0.0000,0.0000,0.0000,-,0.664,-,0.411,-,-,-,0.196,-,0.073,-,-,868.00,5.20,96,2.3280,49.00%,14.50%,34.50%,0.00%,51.00%,0.00%,-,-,-7.76,-105.59,27 Oct 2025,15 Dec 2025,-,-,20000000.00,Z-EQ,2000000
REPUBLIC,Republic Insurance PLC,Insurance,A,2056.88,20.48,37.60,-2.34,37.60,28.0540,"741,008",52.8989,-39.2157,37.6500,36.3040,32.1820,37.4172,37.3353,37.0516,0.2837,0.2372,41.6550,33.6450,258.5900,-335892.2715,37.5444,37.2359,37.1462,1.3229,0.0000,0.0000,0.0000,2.73,-,-,-,-,-,-,-,-,-,-,-,38.50,-0.90,854,28.0540,58.29%,18.86%,39.43%,41.71%,0.00%,0.00%,-,10.25,1.88,19.70,30 Apr 2026,29 Jun 2026,20.48,17.66,547041560.00,A-EQ,54704156
RINGSHINE,Ring Shine Textiles Ltd.,Textile,Z,2351.47,-,4.70,2.17,4.70,9.6780,"2,052,499",64.7919,-40.0000,4.2550,3.8840,3.3105,4.6383,4.5558,4.2634,0.2924,0.2488,5.2272,3.2828,146.6500,1444698.5076,4.7756,4.7038,4.4805,1.5632,0.0000,0.0000,0.0000,-,0.576,-,0.300,-,-,-,-,-,-,-,-,4.60,0.10,602,9.6780,63.54%,8.03%,55.51%,36.46%,0.00%,0.00%,-,-,-3.06,-8.03,28 Oct 2024,18 Dec 2024,-,-,5003130430.00,Z-EQ,500313043
ROBI,Robi Axiata PLC.,Telecommunication,A,166042.47,17.77,31.70,-0.31,31.70,42.0230,"1,325,030",41.9851,-93.3333,32.4000,31.9320,29.9990,31.9714,32.0584,32.1327,-0.0743,0.0819,33.3426,31.4574,13.9800,-2261385.2735,31.8644,31.9603,32.1919,1.1885,0.0000,0.0000,0.0000,5.52,0.247,0.000,0.242,0.113,0.188,0.094,0.387,0.045,0.134,-,-,31.80,-0.10,881,42.0230,10.00%,3.09%,6.91%,90.00%,0.00%,0.00%,-,17.50,1.79,13.34,22 Feb 2026,22 Apr 2026,17.77,16.74,52379328950.00,A-EQ,5237932895
RSRMSTEEL,Ratanpur Steel Re-Rolling Mills Limited,Engineering,Z,809.51,-,7.90,0.00,8.00,0.5880,"74,121",53.6108,-37.5000,7.8050,8.0060,7.3310,7.9151,7.8930,7.8847,0.0083,-0.0363,8.1126,7.4974,35.7200,48100.2427,7.9378,7.8936,7.8390,1.5720,0.0000,0.0000,0.0000,-,3.334,0.217,2.357,-,-,-,-,-,-,-,-,8.00,0.00,51,0.5880,70.07%,34.04%,36.03%,29.93%,0.00%,0.00%,-,-,-3.75,44.94,21 Nov 2021,30 Dec 2021,-,-,1011890880.00,Z-EQ,101189088
RUNNERAUTO,Runner Automobiles PLC,Engineering,A,5438.56,51.11,47.90,4.13,47.90,123.8940,"2,613,941",70.1422,-8.4507,43.8600,42.8460,37.8885,45.8022,45.3568,44.0955,1.2613,0.8767,48.2106,39.5094,304.9800,-272407.0615,46.4022,45.9013,44.8033,1.3537,0.0000,0.0000,0.0000,2.09,1.498,0.437,1.217,-,0.181,0.012,0.310,0.005,0.014,-,-,46.00,1.90,"3,130",123.8940,65.81%,37.67%,28.14%,34.19%,0.00%,0.00%,-,10.00,0.90,66.70,28 Oct 2025,23 Dec 2025,51.11,69.00,1135399320.00,A-EQ,113539932
RUPALIBANK,Rupali Bank PLC.,Bank,Z,16095.59,125.00,17.40,-2.29,17.10,2.3390,"135,900",44.9592,-92.3077,17.6100,17.0660,17.9300,17.4050,17.4286,17.3768,0.0518,0.1279,18.4947,16.7253,5.9400,-146320.2014,17.3689,17.3910,17.5224,1.3920,0.0000,0.0000,0.0000,-,-,-,-,-,0.094,0.005,-,0.000,0.004,0.000,-,17.50,-0.40,83,2.3390,5.09%,1.66%,3.43%,0.00%,94.91%,0.00%,-,-,0.14,35.02,03 May 2026,19 Jul 2026,125.00,-,9412623180.00,Z-EQ,941262318
RUPALIINS,Rupali Insurance Company Limited,Insurance,A,2414.96,29.71,30.00,-0.99,30.00,15.2540,"508,901",55.6472,-34.2105,29.8150,28.5860,24.2490,29.8211,29.7278,29.3002,0.4276,0.4239,31.9703,27.6597,300.3700,-268596.5900,29.9467,29.7769,29.6433,1.4297,0.0000,0.0000,0.0000,1.67,-,-,-,-,-,-,-,-,-,-,-,30.30,-0.30,374,15.2540,53.65%,17.16%,36.49%,46.35%,0.00%,0.00%,5.00,5.00,1.02,20.41,27 Apr 2026,29 Jul 2026,29.71,21.34,804986810.00,A-EQ,80498681
RUPALILIFE,Rupali Life Insurance Company Limited,Insurance,A,2734.30,-,91.10,-0.87,91.10,18.0040,"196,550",48.8050,-45.1220,91.8950,92.3820,87.4740,91.0962,91.1204,91.5313,-0.4108,-0.5509,98.8431,84.9469,280.0500,-150398.4827,91.1911,90.7282,90.8171,1.4244,0.0000,0.0000,0.0000,1.32,-,-,-,-,-,-,-,-,-,-,-,91.90,-0.80,911,18.0040,67.93%,22.58%,45.35%,32.07%,0.00%,0.00%,-,12.00,0.00,0.00,21 Jul 2026,24 Sep 2026,-,-,300142360.00,A-EQ,30014236
SAFKOSPINN,Safko Spinnings Mills Limited,Textile,Z,602.63,-,20.20,-3.83,20.10,2.8620,"140,005",40.9546,-90.9091,20.8050,21.0340,16.4700,20.7607,20.7847,20.8232,-0.0385,-0.0040,21.4522,20.1578,97.3700,-181311.6001,20.8156,20.7974,20.7810,1.3197,0.0000,0.0000,0.0000,-,0.114,-,0.021,-,-,-,-,-,-,-,-,20.90,-0.80,365,2.8620,70.00%,4.25%,65.75%,30.00%,0.00%,0.00%,-,-,-7.52,-4.50,29 Oct 2025,24 Dec 2025,-,-,299817160.00,Z-EQ,29981716
SAIFPOWER,Saif Powertec Limited,Services & Real Estate,Z,3641.65,14.00,9.60,-2.04,9.60,3.3160,"343,930",49.6788,-70.0000,9.7450,9.0380,6.5280,9.7716,9.7770,9.6382,0.1389,0.2160,10.1629,9.3271,44.1200,-316288.0693,9.8000,9.7821,9.7590,1.7364,0.0000,0.0000,0.0000,-,1.467,-,1.122,0.068,0.283,0.053,0.432,0.008,0.036,-,-,9.80,-0.20,233,3.3160,59.94%,18.86%,41.08%,40.06%,0.00%,0.00%,-,1.00,0.70,17.01,27 Oct 2024,30 Dec 2024,14.00,14.00,3793386470.00,Z-EQ,379338647
SAIFPOWER,Saif Powertec Limited,Services & Real Estate,Z,3641.65,14.00,9.60,-2.04,9.60,3.3160,"343,930",49.6788,-70.0000,9.7450,9.0380,6.5280,9.7716,9.7770,9.6382,0.1389,0.2160,10.1629,9.3271,44.1200,-316288.0693,9.8000,9.7821,9.7590,1.7364,0.0000,0.0000,0.0000,1.04,1.467,-,1.122,0.068,0.283,0.053,0.432,0.008,0.036,-,-,9.80,-0.20,233,3.3160,59.94%,18.86%,41.08%,40.06%,0.00%,0.00%,-,1.00,0.70,17.01,27 Oct 2024,30 Dec 2024,14.00,14.00,3793386470.00,Z-EQ,379338647
SAIHAMCOT,Saiham Cotton Mills Limited,Textile,B,3273.05,22.53,22.00,-1.35,22.00,84.0560,"3,804,034",55.6168,-57.7778,21.5450,20.4320,19.3235,22.1813,22.0517,21.4546,0.5971,0.5936,23.5913,19.4987,968.6200,-2912514.9632,22.4333,22.3513,21.9781,1.2584,0.0000,0.0000,0.0000,3.18,1.120,-,0.255,-,-,-,-,-,-,-,-,22.30,-0.30,"1,702",84.0560,57.60%,17.05%,40.55%,42.40%,0.00%,0.00%,-,7.00,0.99,38.26,29 Oct 2025,29 Dec 2025,22.53,21.17,1487750000.00,B-EQ,148775000
SAIHAMTEX,Saiham Textile Mills Limited,Textile,B,2390.85,44.75,26.40,0.00,26.40,167.4410,"6,299,105",85.8235,-10.4651,21.5600,19.6600,18.3505,24.4978,23.7866,21.8436,1.9430,1.2955,27.5805,15.5395,999.0300,4770536.9085,25.3867,24.5026,22.9286,1.2680,0.0000,0.0000,0.0000,2.27,1.691,-,0.608,-,-,-,-,-,-,-,-,26.40,0.00,"2,148",167.4410,65.80%,15.84%,49.96%,34.20%,0.00%,0.00%,-,6.00,0.59,43.77,29 Oct 2025,29 Dec 2025,44.75,38.82,905625000.00,B-EQ,90562500
SALAMCRST,S. Alam Cold Rolled Steels Limited,Engineering,Z,1209.96,25.92,12.30,-3.15,12.30,6.0960,"492,636",28.4372,-100.0000,13.6650,14.4440,14.9080,13.1099,13.2663,13.7568,-0.4905,-0.3778,14.8690,12.4610,85.7400,-459689.6355,13.0267,13.1526,13.3986,1.3063,0.0000,0.0000,0.0000,4.07,0.881,-,0.422,-,0.151,0.007,0.160,0.002,0.022,-,-,12.70,-0.40,413,6.0960,51.50%,24.63%,26.87%,48.50%,0.00%,0.00%,-,5.00,0.49,18.55,01 Nov 2023,23 Jan 2024,25.92,34.02,983711000.00,Z-EQ,98371100
SALVO,Salvo Organic Industries PLC.,Pharmaceuticals & Chemicals,B,2405.84,64.66,37.00,-1.33,37.00,25.2230,"679,155",41.0151,-100.0000,38.0500,37.9460,0.0000,37.6590,37.7505,37.8366,-0.0861,0.0742,39.1804,36.9196,519.6300,-1776075.8556,37.5778,37.6692,37.9071,1.1521,0.0000,0.0000,0.0000,0.68,0.478,0.355,0.300,-,0.077,0.014,0.115,0.013,0.035,-,-,37.50,-0.50,864,25.2230,69.85%,5.81%,64.04%,30.15%,0.00%,0.00%,-,2.50,0.58,16.57,19 Aug 2025,29 Sep 2025,64.66,63.92,650227930.00,B-EQ,65022793
SAMATALETH,Samata Leather Complex Limited,Tannery Industries,B,1104.24,-,107.00,-2.46,107.00,24.9890,"227,341",55.3707,-42.4460,103.4450,104.1940,93.9980,104.9624,104.4902,103.6298,0.8603,0.2281,109.9148,96.9752,292.2400,-42773.1292,105.2289,104.7064,104.1924,1.2042,0.0000,0.0000,0.0000,-,3.999,-,2.977,0.007,0.001,-,0.101,-,-,-,-,109.70,-2.70,"1,042",24.9890,66.13%,3.98%,62.15%,33.87%,0.00%,0.00%,-,-,-0.02,14.35,27 Nov 2025,31 Dec 2025,-,-,103200000.00,B-EQ,10320000
SAMORITA,Samorita Hospital Limited,Services & Real Estate,B,2071.09,151.77,95.00,0.96,95.00,26.3300,"276,844",59.8279,-54.3210,94.5650,84.1480,73.8195,94.8402,94.5928,91.7949,2.7979,3.5711,96.9165,92.2135,340.1300,-119613.4300,95.0822,95.0282,94.8010,1.0709,0.0000,0.0000,0.0000,0.53,1.668,-,1.342,0.045,0.040,0.034,0.580,0.011,0.013,-,-,94.10,0.90,367,26.3300,55.40%,16.42%,38.97%,44.60%,0.00%,0.01%,-,5.00,0.62,48.39,22 Oct 2025,09 Dec 2025,151.77,91.66,218008970.00,B-EQ,21800897
SANDHANINS,Sandhani Life Insurance Company Ltd.,Insurance,A,3148.35,25.57,28.70,-2.38,28.70,22.4940,"777,841",60.1960,-48.4848,28.2550,26.4440,22.0780,28.4036,28.2610,27.5950,0.6660,0.6663,29.5760,26.9340,255.6000,-338340.1882,28.5022,28.3179,28.2133,1.3346,0.0000,0.0000,0.0000,4.18,-,-,-,-,-,-,-,-,-,-,-,29.40,-0.70,801,22.4940,68.33%,16.44%,51.89%,31.67%,0.00%,0.00%,-,12.00,1.20,18.00,20 Jul 2026,29 Sep 2026,25.57,24.50,1096986330.00,A-EQ,109698633
SAPORTL,Summit Alliance Port Limited,Services & Real Estate,A,13667.23,20.42,57.70,-0.86,57.70,142.3350,"2,457,973",62.0346,-25.0000,54.2450,52.7320,47.4720,56.7189,56.1160,54.4094,1.7065,1.1856,59.4618,49.0282,384.3500,1574289.3561,57.3822,56.7423,55.5086,1.2143,0.0000,0.0000,0.0000,3.12,0.627,-,0.623,0.153,0.214,0.116,0.264,0.061,0.100,-,-,58.20,-0.50,"1,350",142.3350,37.32%,10.23%,27.06%,62.68%,0.00%,0.03%,-,18.00,2.85,35.67,09 Nov 2025,23 Dec 2025,20.42,26.94,2368671230.00,A-EQ,236867123
SAVAREFR,Savar Refractories Limited,Miscellaneous,Z,300.15,-,0.00,0.00,215.50,0.0000,0,8.6600,-52.3810,215.5000,216.5680,245.1760,216.0274,216.9502,223.9176,-6.9674,-8.2196,224.7257,206.2743,0.6400,-0.1356,215.5000,215.5000,215.5000,1.0444,0.0000,0.0000,0.0000,-,0.349,-,0.147,-,-,-,0.181,-,-,-,-,215.50,0.00,0,0.0000,49.32%,7.18%,42.14%,50.68%,0.00%,0.00%,-,-,-4.86,90.66,29 Oct 2023,17 Feb 2024,-,-,13928000.00,Z-EQ,1392800
SBACBANK,SBAC Bank PLC,Bank,Z,5686.92,700.00,6.90,-1.43,6.90,0.6090,"88,268",50.3709,-75.0000,6.9250,6.5760,6.4395,7.1273,7.0971,6.8971,0.1999,0.2276,7.8717,5.9783,17.5500,460842.4379,7.2267,7.2282,7.1005,1.6084,0.0000,0.0000,0.0000,-,-,-,-,-,0.274,0.002,-,0.000,0.001,0.000,-,7.00,-0.10,78,0.6090,27.58%,12.28%,15.30%,72.42%,0.00%,0.00%,-,-,0.01,13.61,30 Apr 2026,15 Jun 2026,700.00,20.59,8241916500.00,Z-EQ,824191650
SEAPEARL,Sea Pearl Beach Resort & Spa Limited,Travel & Leisure,B,4612.65,16.94,38.20,-2.80,38.20,27.8810,"723,065",42.3274,-95.5556,40.6800,38.5920,35.8375,39.4567,39.6431,39.6577,-0.0147,0.3877,43.7364,37.6236,427.4700,-1257084.2238,39.2933,39.3897,39.9395,1.2806,0.0000,0.0000,0.0000,0.26,0.303,0.070,0.303,-,0.212,-,0.706,-,-,-,-,39.30,-1.10,"1,066",27.8810,53.17%,10.26%,42.91%,46.83%,0.00%,0.00%,-,1.00,-2.46,15.28,28 Oct 2025,-,16.94,-,1207500000.00,B-EQ,120750000
SEB1PBOND,Southeast Bank 1st Perpetual Bond,Corporate Bond,A,460.00,-,0.00,0.00,4600.00,0.0000,0,,,,,,,,,,,,,,,,,,,,,,0.02,-,-,-,-,-,-,-,-,-,-,-,4600.00,0.00,0,0.0000,0.00%,0.00%,0.00%,0.00%,0.00%,0.00%,-,10.00,0.00,0.00,04 Sep 2025,-,-,-,1000000.00,A-CB,100000
SEMLFBSLGF,SEML FBLSL Growth Fund,Mutual Funds,A,547.08,-,7.50,-3.85,7.50,8.1080,"1,068,296",57.9535,-56.2500,7.3450,6.3380,5.3835,7.6752,7.5839,7.1408,0.4431,0.4512,8.2239,6.4661,382.5900,233937.3287,7.7933,7.7269,7.5467,1.2197,0.0000,0.0000,0.0000,-,-,-,-,-,-,-,-,-,-,-,-,7.80,-0.30,262,8.1080,85.61%,19.50%,66.11%,14.39%,0.00%,0.00%,-,-,-0.01,9.10,17 Aug 2025,-,-,11.94,729445000.00,A-MF,72944500
SEMLIBBLSF,SEML IBBL Shariah Fund,Mutual Funds,A,800.00,58.57,8.00,-2.44,8.00,2.4260,"300,108",55.2244,-66.6667,8.0500,7.1540,6.3255,8.1564,8.1135,7.8206,0.2929,0.3367,8.4578,7.6422,79.7100,-27413.3872,8.2089,8.1782,8.1200,0.9203,0.0000,0.0000,0.0000,-,-,-,-,-,-,-,-,-,-,-,-,8.20,-0.20,62,2.4260,50.00%,27.29%,22.71%,50.00%,0.00%,0.00%,-,-,0.14,9.51,14 Aug 2025,-,58.57,38.44,1000000000.00,A-MF,100000000
SHAHJABANK,Shahjalal Islami Bank PLC.,Bank,A,19365.65,5.26,17.40,0.00,17.40,1.5270,"88,013",48.4611,-62.5000,17.5350,17.2460,17.1105,17.4604,17.4732,17.4473,0.0259,0.0663,17.8343,17.2357,6.3900,-19078.1498,17.4556,17.4551,17.4971,0.5363,0.0000,0.0000,0.0000,7.47,-,-,-,-,0.674,0.172,-,0.009,0.142,0.010,-,17.40,0.00,112,1.5270,56.99%,24.23%,32.76%,43.01%,0.00%,0.00%,-,13.00,3.31,23.07,09 Apr 2026,24 May 2026,5.26,3.14,11129683510.00,A-EQ,1112968351
SHARPIND,Sharp Industries PLC,Textile,B,12866.37,355.45,42.40,8.44,42.40,405.3230,"9,860,508",77.1507,-4.2017,34.8750,25.7560,17.2665,38.4454,37.3961,33.1106,4.2855,3.9978,42.7393,27.0107,423.3600,5643531.2769,39.2044,38.4949,36.8790,1.3675,0.0000,0.0000,0.0000,-,1.048,-,0.594,-,-,-,-,-,-,-,-,39.10,3.30,"3,650",405.3230,63.37%,25.18%,38.17%,36.63%,0.00%,0.02%,-,-,0.11,10.08,27 Oct 2025,21 Dec 2025,355.45,-,3034521090.00,B-EQ,303452109
SHASHADNIM,Shasha Denims PLC,Textile,B,4005.42,18.15,28.40,-0.35,28.40,26.2150,"920,292",59.7369,-68.7500,28.2500,25.5840,19.7080,28.8041,28.6541,27.6170,1.0370,1.1955,30.1579,26.3421,277.9300,-571424.4780,29.0156,28.9949,28.6805,1.1850,0.0000,0.0000,0.0000,1.76,1.131,-,0.699,-,-,-,-,0.001,0.001,-,-,28.50,-0.10,572,26.2150,55.60%,25.00%,30.25%,44.40%,0.00%,0.35%,-,5.00,1.57,41.84,29 Oct 2025,23 Dec 2025,18.15,54.81,1410359100.00,B-EQ,141035910
SHEPHERD,Shepherd Industries PLC,Textile,B,2665.00,435.00,17.30,-0.57,17.30,23.5500,"1,354,244",52.4675,-65.2174,17.1600,16.8000,14.3775,17.4544,17.4014,17.1519,0.2495,0.2503,18.1929,16.1271,487.4700,-4712254.5129,17.6000,17.5256,17.3386,1.0897,0.0000,0.0000,0.0000,0.58,1.287,-,0.510,-,-,-,-,-,-,-,-,17.40,-0.10,770,23.5500,55.01%,30.10%,22.44%,44.99%,0.00%,2.47%,-,1.00,0.04,13.41,29 Oct 2025,30 Dec 2025,435.00,-,1540464730.00,B-EQ,154046473
SHURWID,Shurwid Industries Limited,Engineering,Z,355.68,4.64,6.30,-3.13,6.20,0.2530,"40,393",47.1709,-66.6667,6.1300,6.4460,5.5800,6.3212,6.2954,6.2912,0.0042,-0.0504,6.6246,5.6354,86.5500,-111162.7731,6.3867,6.3244,6.2190,1.4699,0.0000,0.0000,0.0000,16.13,5.671,0.087,5.525,-,0.407,0.369,0.483,0.088,0.113,-,-,6.40,-0.20,44,0.2530,87.99%,9.75%,78.24%,12.01%,0.00%,0.00%,-,10.00,1.38,12.21,03 Nov 2019,30 Dec 2019,4.64,2.54,573677500.00,Z-EQ,57367750
SHYAMPSUG,Shyampur Sugar Mills Limited,Food & Allied,Z,1528.00,-,305.20,-3.84,305.60,7.9450,"24,983",54.0013,-71.2951,315.6450,252.8880,185.9265,310.0906,309.3489,295.0615,14.2874,19.3821,351.1656,280.1244,179.8800,-6441.8968,308.6200,307.7090,312.2148,0.9207,0.0000,0.0000,0.0000,-,0.037,-,0.028,-,-,-,-,-,0.039,-,-,317.80,-12.20,340,7.9450,49.00%,9.69%,39.31%,0.00%,51.00%,0.00%,-,-,-50.77,-1310.44,27 Oct 2025,15 Dec 2025,-,-,50000000.00,Z-EQ,5000000
SIBL,Social Islami Bank PLC,Bank,A,3420.47,-,0.00,0.00,3.00,0.0000,0,31.3124,-100.0000,3.7100,4.3600,7.5535,3.3115,3.4113,3.8136,-0.4023,-0.3725,4.6456,2.7744,59.6900,-962520.2054,3.2244,3.2923,3.4724,1.2942,0.0000,0.0000,0.0000,-,-,-,-,-,-,-,-,-,-,-,-,3.00,0.00,0,0.0000,88.38%,68.54%,18.97%,11.62%,0.00%,0.87%,-,-,-0.89,18.15,01 Jun 2025,18 Aug 2025,-,-,11401551000.00,A-EQ,1140155100
SICL,Sikder Insurance Company Limited,Insurance,B,1432.00,28.91,35.80,-3.24,35.80,9.6060,"265,832",39.1548,-98.3333,38.6050,39.0440,26.1125,37.1709,37.4806,38.1400,-0.6594,-0.2894,42.5318,34.6782,608.8200,-603765.4656,36.9067,37.0885,37.6857,1.4634,0.0000,0.0000,0.0000,2.79,-,-,-,-,-,-,-,-,-,-,-,37.00,-1.20,534,9.6060,49.60%,4.25%,45.35%,50.40%,0.00%,0.00%,-,10.00,1.36,13.94,15 Jun 2026,27 Sep 2026,28.91,17.62,400000000.00,B-EQ,40000000
SILCOPHL,Silco Pharmaceuticals Limited,Pharmaceuticals & Chemicals,B,2107.28,50.73,20.30,-2.40,20.30,13.5440,"659,040",42.0913,-96.0000,21.4350,20.7360,15.8070,21.0884,21.1629,21.0891,0.0738,0.2723,22.5557,20.3143,505.7600,-1525160.2779,21.0600,21.1192,21.3167,1.3509,0.0000,0.0000,0.0000,0.54,4.707,-,2.622,-,0.190,0.099,0.356,0.015,0.018,-,-,20.80,-0.50,574,13.5440,64.73%,19.66%,45.07%,35.27%,0.00%,0.00%,-,1.10,0.41,23.02,18 Nov 2025,15 Dec 2025,50.73,48.75,1038070000.00,B-EQ,103807000
SILVAPHL,Silva Pharmaceuticals Ltd.,Pharmaceuticals & Chemicals,B,2224.95,-,16.30,-2.40,16.30,14.1220,"857,351",50.3623,-89.4737,16.8150,15.0280,11.3010,16.8712,16.8392,16.3131,0.5261,0.7035,17.9033,15.7267,424.6700,-1156328.8346,16.9533,16.9474,16.9338,1.5273,0.0000,0.0000,0.0000,-,14.899,-,6.945,-,-,-,0.267,-,-,-,-,16.70,-0.40,585,14.1220,54.84%,17.86%,36.97%,45.16%,0.00%,0.01%,-,-,-0.97,15.48,29 Oct 2025,30 Dec 2025,-,-,1365000000.00,B-EQ,136500000
SIMTEX,Simtex Industries PLC.,Textile,A,2157.03,26.89,27.10,-2.17,27.10,42.6160,"1,559,127",45.3556,-81.8182,27.9350,26.8720,25.4605,27.7463,27.7722,27.5978,0.1744,0.3133,28.9818,26.8882,707.5400,-2019390.7005,27.8044,27.7718,27.8219,1.2280,0.0000,0.0000,0.0000,3.69,1.982,-,1.689,-,-,-,-,-,-,-,-,27.70,-0.60,997,42.6160,68.35%,11.67%,56.68%,31.65%,0.00%,0.00%,-,10.00,1.03,22.43,28 Oct 2025,24 Dec 2025,26.89,21.64,795953810.00,A-EQ,79595381
SINGERBD,Singer Bangladesh Limited,Engineering,Z,7746.91,-,77.70,-0.64,77.70,1.2190,"15,652",46.5834,-78.2609,77.3300,79.3620,86.6950,77.9925,77.9910,78.2709,-0.2799,-0.4148,80.4237,74.2363,15.2500,-76574.3639,78.0733,78.1615,77.9276,0.6821,0.0000,0.0000,0.0000,-,0.715,36.911,0.326,-,0.026,-,0.242,-,-,-,-,78.20,-0.50,152,1.2190,43.00%,29.06%,13.94%,57.00%,0.00%,0.00%,-,-,-22.56,1.69,01 Feb 2026,20 Apr 2026,-,-,997028380.00,Z-EQ,99702838
SINOBANGLA,Sinobangla Industries Limited,Miscellaneous,A,1696.51,44.96,56.00,-1.93,56.00,18.4930,"327,813",39.3815,-97.0588,58.0850,57.3180,49.7135,57.4477,57.5880,57.6630,-0.0751,0.1975,60.0747,56.0953,573.6800,-753132.5736,57.4600,57.4885,57.7471,1.4936,0.0000,0.0000,0.0000,1.79,1.076,-,0.665,0.022,0.058,0.013,0.110,0.013,0.048,-,-,57.10,-1.10,629,18.4930,69.39%,7.03%,62.28%,30.61%,0.00%,0.08%,-,10.00,1.27,26.39,28 Oct 2025,26 Jan 2026,44.96,40.02,302948490.00,A-EQ,30294849
SIPLC,Sena Insurance PLC,Insurance,A,5052.00,23.17,126.30,5.43,126.30,66.7100,"564,113",61.9800,-23.9645,116.5150,106.1420,70.9240,122.9179,121.3947,115.2556,6.1391,5.6831,132.2717,100.7583,274.7100,97180.0259,125.1889,123.7038,119.9400,1.5098,0.0000,0.0000,0.0000,1.19,-,-,-,-,-,-,-,-,-,-,-,119.80,6.50,"1,197",66.7100,40.00%,14.12%,25.88%,60.00%,0.00%,0.00%,-,15.00,5.17,28.58,17 Feb 2026,31 Mar 2026,23.17,17.67,400000000.00,A-EQ,40000000
SJIBLPBOND,SJIBL Mudaraba Perpetual Bond,Corporate Bond,A,474.35,-,0.00,0.00,4743.50,0.0000,0,48.1106,-17.6923,4732.2250,4850.1200,0.0000,4685.4918,4701.6567,4812.6820,-111.0253,-127.7733,5801.3399,3663.1101,0.0700,-1439.7826,4743.5000,4743.5000,4742.4262,-0.0893,0.0000,0.0000,0.0000,0.02,-,-,-,-,-,-,-,-,-,-,-,4743.50,0.00,0,0.0000,0.00%,0.00%,0.00%,0.00%,0.00%,0.00%,-,-,0.00,0.00,-,-,-,-,1000000.00,A-CB,100000
SKTRIMS,SK Trims & Industries Limited,Miscellaneous,Z,1245.09,27.04,14.60,0.68,14.70,0.8420,"57,387",55.3294,-66.6667,14.4700,14.1240,9.7530,14.7579,14.7072,14.3940,0.3132,0.3492,15.5423,13.3977,75.3800,-210880.7514,14.8644,14.8359,14.6948,1.2178,0.0000,0.0000,0.0000,-,2.441,-,1.611,0.057,0.065,0.041,0.118,0.027,0.034,-,-,14.60,0.10,104,0.8420,68.77%,26.66%,42.11%,31.23%,0.00%,0.00%,-,-,-3.33,12.03,01 Jun 2026,-,27.04,-,847000000.00,Z-EQ,84700000
SONALIANSH,Sonali Aansh Industries Limited,Jute,A,2386.56,24.89,220.00,0.55,220.00,58.3070,"262,069",61.4961,-25.5319,216.4450,201.2640,187.5100,216.9401,216.0281,211.2116,4.8165,5.0803,228.1822,204.7078,481.4900,-184811.4290,217.6333,216.3103,215.5148,1.3065,0.0000,0.0000,0.0000,0.68,1.983,-,1.538,0.073,0.069,0.055,0.114,0.070,0.268,-,-,218.80,1.20,"1,821",58.3070,68.98%,9.61%,59.37%,31.02%,0.00%,0.00%,-,15.00,8.79,32.81,19 Nov 2025,31 Dec 2025,24.89,29.20,108480000.00,A-EQ,10848000
SONALILIFE,Sonali Life Insurance PLC,Insurance,A,4213.25,52.89,88.70,-3.06,88.70,36.1910,"403,369",58.6151,-39.8305,85.8900,84.7520,71.0205,87.8471,87.3073,85.6877,1.6196,1.1963,90.8594,80.9206,256.2600,227569.3715,88.2156,87.5359,86.6338,1.3139,0.0000,0.0000,0.0000,1.69,-,-,-,-,-,-,-,-,-,-,-,91.50,-2.80,"1,028",36.1910,45.15%,5.18%,39.97%,54.85%,0.00%,0.00%,-,15.00,1.62,32.15,13 Jul 2026,27 Aug 2026,52.89,-,475000000.00,A-EQ,47500000
SONALIPAPR,Sonali Paper & Board Mills Limited,Paper & Printing,A,8186.88,34.04,248.50,1.80,248.50,117.8190,"468,482",59.0653,-32.0988,243.9850,236.5600,233.8710,241.8591,241.6128,240.2409,1.3719,1.4766,257.1132,230.8568,187.6100,-218539.6199,241.3889,240.7205,241.7148,1.2692,0.0000,0.0000,0.0000,1.61,0.981,-,0.610,0.100,0.137,0.084,0.163,0.033,0.043,-,-,244.10,4.40,"3,943",117.8190,32.49%,6.44%,26.05%,67.51%,0.00%,0.00%,-,40.00,7.17,167.90,28 Oct 2025,18 Dec 2025,34.04,27.87,329451880.00,A-EQ,32945188
SONARBAINS,Sonar Bangla Insurance Limited,Insurance,A,1823.22,209.50,41.30,-1.43,41.30,14.8130,"356,951",49.3089,-28.5714,41.1800,43.3200,32.2685,40.5247,40.6187,41.4427,-0.8240,-1.0054,46.5197,35.8403,442.6000,-255199.0331,40.4311,40.1115,40.2757,1.4226,0.0000,0.0000,0.0000,1.21,-,-,-,-,-,-,-,-,-,-,-,41.90,-0.60,595,14.8130,60.48%,15.75%,44.73%,39.52%,0.00%,0.00%,5.00,5.00,0.69,20.02,10 May 2026,13 Aug 2026,209.50,40.29,441456920.00,A-EQ,44145692
SONARGAON,Sonargaon Textiles Limited,Textile,B,3043.71,-,115.00,5.60,115.00,137.7030,"1,193,955",73.2670,-6.1111,97.8900,87.2400,46.1355,105.9164,104.0940,97.3346,6.7595,5.9384,115.1815,80.5985,450.2700,277536.1406,107.7978,106.1615,101.9395,1.4713,0.0000,0.0000,0.0000,-,13.694,-,0.558,-,-,-,-,-,-,-,-,108.90,6.10,"1,871",137.7030,55.55%,28.19%,27.35%,44.45%,0.00%,0.01%,-,-,-0.80,18.35,27 Oct 2025,29 Dec 2025,-,-,264670560.00,B-EQ,26467056
SOUTHEASTB,Southeast Bank PLC.,Bank,A,15311.85,4.34,10.70,-1.83,10.70,14.4760,"1,349,573",55.2603,-45.4545,10.5600,10.2640,9.5450,10.7178,10.6811,10.5202,0.1609,0.1560,11.0767,10.0433,39.7500,-81232.6585,10.7422,10.7295,10.6643,0.9213,0.0000,0.0000,0.0000,2.80,-,-,-,-,0.604,0.169,-,0.006,0.097,0.007,-,10.90,-0.20,330,14.4760,68.73%,35.62%,31.89%,31.27%,0.00%,1.22%,7.00,3.00,2.51,25.74,30 Apr 2026,23 Jul 2026,4.34,3.32,14310141350.00,A-EQ,1431014135
SPCERAMICS,Shinepukur Ceramics PLC.,Ceramics Sector,B,3306.74,141.88,22.50,-0.88,22.50,12.9060,"570,785",42.3860,-73.0769,23.3350,23.5560,18.7875,22.8752,22.9748,23.2409,-0.2661,-0.1725,24.7058,21.9642,252.3400,-1467520.9454,22.8111,22.8115,23.0400,1.5318,0.0000,0.0000,0.0000,0.89,-,-,-,-,-,-,0.136,-,-,-,-,22.70,-0.20,633,12.9060,50.00%,5.83%,44.17%,50.00%,0.00%,0.00%,-,2.00,0.16,31.22,29 Oct 2024,30 Dec 2024,141.88,-,1469660550.00,B-EQ,146966055
SPCL,Shahjibazar Power Co. Ltd.,Fuel & Power,A,10675.33,22.92,57.20,-1.38,57.20,29.4110,"511,996",51.8969,-47.2222,57.4200,56.1100,50.3650,57.3582,57.2996,56.9528,0.3468,0.3814,59.2652,55.5748,124.2400,-339887.3331,57.4222,57.2333,57.2243,1.0472,0.0000,0.0000,0.0000,3.50,1.341,-,0.949,0.064,0.082,0.038,0.096,0.036,0.062,-,-,58.00,-0.80,631,29.4110,46.62%,17.10%,29.52%,53.38%,0.00%,0.00%,-,20.00,2.53,39.25,28 Oct 2025,14 Jan 2026,22.92,9.95,1866316290.00,A-EQ,186631629
SQUARETEXT,Square Textile PLC.,Textile,A,10020.40,7.00,50.80,0.20,50.80,3.0340,"59,821",51.7635,-60.0000,51.1000,49.6900,49.5720,50.9231,50.9296,50.6783,0.2513,0.3837,52.1177,50.0823,14.4400,-25232.8468,50.9600,50.9231,50.9567,0.9724,0.0000,0.0000,0.0000,6.30,1.340,-,0.726,-,-,-,-,-,-,-,-,50.70,0.10,206,3.0340,38.17%,24.32%,11.10%,61.83%,0.00%,2.75%,-,32.00,7.24,55.86,22 Oct 2025,15 Dec 2025,7.00,24.69,1972520000.00,A-EQ,197252000
SQURPHARMA,Square Pharmaceuticals PLC.,Pharmaceuticals & Chemicals,A,193955.48,8.14,218.80,-0.55,218.80,36.3430,"165,692",43.6526,-80.0000,220.8700,219.5360,213.4110,219.7943,219.9822,220.2331,-0.2509,0.0437,224.9379,216.8021,11.3300,-379737.4175,219.5911,219.5282,220.1233,0.5270,0.0000,0.0000,0.0000,5.48,12.804,0.001,10.561,-,0.275,0.272,0.479,0.141,0.148,-,-,220.00,-1.20,"1,633",36.3430,55.85%,13.80%,27.42%,44.15%,0.00%,14.63%,-,120.00,27.04,157.88,23 Oct 2025,15 Dec 2025,8.14,7.08,8864510100.00,A-EQ,886451010
SSSTEEL,S.S. Steel Limited,Engineering,Z,2366.16,42.94,7.20,-1.37,7.20,2.6830,"369,530",53.0109,-83.3333,7.2750,6.6200,5.0190,7.2977,7.2892,7.1213,0.1679,0.2283,7.4890,7.0610,78.5600,-1118516.1072,7.3089,7.3090,7.3000,1.7224,0.0000,0.0000,0.0000,2.78,2.240,-,1.157,-,0.106,0.002,0.129,0.002,0.007,-,-,7.30,-0.10,193,2.6830,69.06%,7.54%,61.52%,30.94%,0.00%,0.00%,-,2.00,0.17,23.87,17 Nov 2024,31 Dec 2024,42.94,-,3286332000.00,Z-EQ,328633200
STANCERAM,Standard Ceramic Industries Ltd.,Ceramics Sector,Z,470.98,-,72.30,-1.09,72.90,0.1980,"2,708",50.7383,-37.2727,73.0000,72.3280,69.2505,73.2205,73.1274,72.7578,0.3696,0.3393,75.1890,70.8110,68.6900,-4918.9131,73.3422,73.1487,73.0748,1.0371,0.0000,0.0000,0.0000,-,-,-,-,-,-,-,-,-,-,-,-,73.70,-0.80,29,0.1980,71.76%,6.95%,64.81%,28.24%,0.00%,0.00%,-,-,-23.02,-37.84,17 Nov 2024,26 Dec 2024,-,-,64606500.00,Z-EQ,6460650
STANDARINS,Standard Insurance PLC,Insurance,A,2199.47,21.61,50.80,-2.87,50.80,9.9940,"194,737",49.4942,-41.0959,51.1300,51.4760,42.9485,50.8698,50.8284,50.9415,-0.1131,-0.2571,56.2046,46.0554,183.3900,-97398.4115,51.0333,50.6385,50.5143,1.2137,0.0000,0.0000,0.0000,2.36,-,-,-,-,-,-,-,-,-,-,-,52.30,-1.50,316,9.9940,35.72%,12.78%,22.94%,64.28%,0.00%,0.00%,-,12.00,2.42,22.15,30 Apr 2026,29 Jun 2026,21.61,19.09,432965920.00,A-EQ,43296592
STANDBANKL,Standard Islami Bank PLC.,Bank,Z,5467.63,6.94,4.90,-2.00,4.90,0.7020,"143,137",48.8149,-85.7143,4.9550,4.7500,5.0275,4.9992,4.9937,4.9217,0.0721,0.0940,5.3013,4.6087,18.7200,-855620.6007,5.0067,5.0282,5.0133,0.9839,0.0000,0.0000,0.0000,-,-,-,-,-,0.318,0.128,-,0.003,0.043,0.003,-,5.00,-0.10,67,0.7020,66.47%,30.07%,36.40%,33.53%,0.00%,0.00%,-,-,0.72,16.94,30 Apr 2026,30 Jul 2026,6.94,83.33,11158423080.00,Z-EQ,1115842308
STYLECRAFT,Stylecraft Limited,Textile,Z,834.47,-,60.10,-1.15,60.10,0.3140,"5,218",56.5236,-43.7500,59.9450,56.2600,51.7180,59.8347,59.6618,58.5874,1.0744,1.2002,63.3400,56.5500,97.3100,-19189.5881,59.9044,59.6333,59.7552,1.3735,0.0000,0.0000,0.0000,-,1.409,-,0.779,-,-,-,-,-,-,-,-,60.80,-0.70,53,0.3140,67.97%,7.51%,60.46%,32.03%,0.00%,0.00%,-,-,-1.08,4.62,29 Oct 2025,11 Dec 2025,-,-,138847500.00,Z-EQ,13884750
SUMITPOWER,Summit Power Limited,Fuel & Power,A,17940.34,44.47,16.80,-0.59,16.80,8.5800,"511,321",53.1871,-63.6364,17.0550,15.9100,14.0555,16.9218,16.9138,16.6653,0.2485,0.3478,17.6584,16.4516,39.3400,-696110.5591,16.9378,16.9179,16.9533,0.9183,0.0000,0.0000,0.0000,6.25,1.490,-,1.454,0.087,0.133,0.080,0.145,0.033,0.055,-,-,16.90,-0.10,418,8.5800,36.81%,18.20%,14.96%,63.19%,0.00%,3.65%,-,10.50,0.38,40.57,23 Oct 2025,24 Dec 2025,44.47,8.62,10678772390.00,A-EQ,1067877239
SUNLIFEINS,Sunlife Insurance Company Limited,Insurance,B,2310.14,-,64.60,-3.44,64.60,65.2900,"986,437",37.6855,-93.6709,69.3250,71.6300,59.8755,67.3560,67.8319,69.3104,-1.4785,-1.1292,76.0277,62.6223,597.4100,-891736.3585,67.1711,67.3449,67.9710,0.9235,0.0000,0.0000,0.0000,-,-,-,-,-,-,-,-,-,-,-,-,66.90,-2.30,"1,141",65.2900,64.34%,11.83%,52.51%,35.66%,0.00%,0.00%,-,-,0.00,0.00,14 Jun 2026,03 Sep 2026,-,-,357606900.00,B-EQ,35760690
TAKAFULINS,Takaful Islami Insurance PLC.,Insurance,A,2265.63,45.79,53.90,-3.97,53.20,18.8590,"350,817",64.0436,-25.4545,50.9150,44.2860,36.0580,53.4098,52.7419,49.7639,2.9780,2.9125,57.0098,44.8202,218.9100,211018.4715,54.3978,53.6526,52.1614,0.9965,0.0000,0.0000,0.0000,1.88,-,-,-,-,-,-,-,-,-,-,-,55.40,-2.20,784,18.8590,51.07%,21.41%,29.58%,48.93%,0.00%,0.08%,-,10.00,1.21,18.44,30 Apr 2026,20 Jun 2026,45.79,20.07,425869770.00,A-EQ,42586977
TALLUSPIN,Tallu Spinning Mills Limited,Textile,Z,723.62,-,8.20,-1.22,8.10,1.4830,"181,763",46.0671,-66.6667,8.1250,8.2840,7.2770,8.1665,8.1661,8.1765,-0.0104,-0.0161,8.3183,7.9317,65.3400,-233323.4394,8.1778,8.1833,8.1590,1.3378,0.0000,0.0000,0.0000,-,1.346,-,0.734,-,-,-,-,-,-,-,-,8.20,-0.10,121,1.4830,70.39%,14.15%,55.89%,29.61%,0.00%,0.35%,-,-,-2.79,13.34,29 Sep 2025,12 Nov 2025,-,-,893353750.00,Z-EQ,89335375
TAMIJTEX,Tamijuddin Textile Mills PLC,Textile,A,4325.72,19.51,130.60,-0.08,130.80,7.6990,"58,692",46.7131,-84.8485,133.6800,130.9100,123.8540,131.6570,131.9295,131.9730,-0.0436,0.5343,139.7600,127.6000,109.5600,-129095.6274,131.3956,131.4577,132.3867,1.4986,0.0000,0.0000,0.0000,0.92,1.223,-,0.438,-,-,-,-,-,-,-,-,130.90,-0.10,478,7.6990,38.77%,3.04%,35.73%,61.23%,0.00%,0.00%,10.00,12.00,6.71,102.79,30 Oct 2025,30 Dec 2025,19.51,24.06,330712430.00,A-EQ,33071243
TB10Y0127,10Y BGTB 18/01/2027,G-SEC (T.Bond),A,0.00,-,0.00,-0.10,98.78,0.0000,0,,,,,,,,,,,,,,,,,,,,,,-,-,-,-,-,-,-,-,-,-,-,-,98.88,-0.10,0,0.0000,0.00%,0.00%,0.00%,0.00%,0.00%,0.00%,-,-,0.00,0.00,-,-,-,-,-,A-GOVDBT,-
TB10Y0130,10Y BGTB 22/01/2030,G-SEC (T.Bond),A,0.00,-,0.00,-0.32,98.60,0.0000,0,,,,,,,,,,,,,,,,,,,,,,-,-,-,-,-,-,-,-,-,-,-,-,98.92,-0.32,0,0.0000,0.00%,0.00%,0.00%,0.00%,0.00%,0.00%,-,-,0.00,0.00,-,-,-,-,-,A-GOVDBT,-
TB10Y0132,10Y BGTB 19/01/2032,G-SEC (T.Bond),A,0.00,-,0.00,0.40,90.09,0.0000,0,,,,,,,,,,,,,,,,,,,,,,-,-,-,-,-,-,-,-,-,-,-,-,89.73,0.36,0,0.0000,0.00%,0.00%,0.00%,0.00%,0.00%,0.00%,-,-,0.00,0.00,-,-,-,-,-,A-GOVDBT,-
TB10Y0135,10Y BGTB 22/01/2035,G-SEC (T.Bond),A,0.00,-,115.37,0.53,115.37,0.3460,"3,000",61.7999,0.0000,112.9895,0.0000,0.0000,112.0034,111.5805,111.0411,0.5394,-0.1356,118.8348,107.1442,0.0000,-1235.3589,113.9538,113.6706,113.2499,0.1842,0.0000,0.0000,0.0000,-,-,-,-,-,-,-,-,-,-,-,-,114.76,0.61,1,0.3460,0.00%,0.00%,0.00%,0.00%,0.00%,0.00%,-,-,0.00,0.00,-,-,-,-,-,A-GOVDBT,-
TB10Y0231,10Y BGTB 17/02/2031,G-SEC (T.Bond),A,0.00,-,0.00,0.32,87.49,0.0000,0,,,,,,,,,,,,,,,,,,,,,,-,-,-,-,-,-,-,-,-,-,-,-,87.21,0.28,0,0.0000,0.00%,0.00%,0.00%,0.00%,0.00%,0.00%,-,-,0.00,0.00,-,-,-,-,-,A-GOVDBT,-
TB10Y0234,10Y BGTB 22/02/2034,G-SEC (T.Bond),A,0.00,-,0.00,0.06,112.64,0.0000,0,61.5544,-13.1902,110.4590,0.0000,0.0000,107.5430,107.4534,107.2185,0.2349,0.1488,116.8363,104.0817,0.0000,132.1557,110.5358,110.6342,110.5834,0.2741,0.0000,0.0000,0.0000,-,-,-,-,-,-,-,-,-,-,-,-,112.57,0.07,0,0.0000,0.00%,0.00%,0.00%,0.00%,0.00%,0.00%,-,-,0.00,0.00,-,-,-,-,-,A-GOVDBT,-
TB10Y0333,10Y BGTB 15/03/2033,G-SEC (T.Bond),A,0.00,-,0.00,0.00,94.92,0.0000,0,,,,,,,,,,,,,,,,,,,,,,-,-,-,-,-,-,-,-,-,-,-,-,94.92,0.00,0,0.0000,0.00%,0.00%,0.00%,0.00%,0.00%,0.00%,-,-,0.00,0.00,-,-,-,-,-,A-GOVDBT,-
TB10Y0335,10Y BGTB 19/03/2035,G-SEC (T.Bond),A,0.00,-,0.00,0.35,114.11,0.0000,0,,,,,,,,,,,,,,,,,,,,,,-,-,-,-,-,-,-,-,-,-,-,-,113.71,0.40,0,0.0000,0.00%,0.00%,0.00%,0.00%,0.00%,0.00%,-,-,0.00,0.00,-,-,-,-,-,A-GOVDBT,-
TB10Y0429,10Y BGTB 17/04/2029,G-SEC (T.Bond),A,0.00,-,0.00,0.22,96.38,0.0000,0,,,,,,,,,,,,,,,,,,,,,,-,-,-,-,-,-,-,-,-,-,-,-,96.17,0.21,0,0.0000,0.00%,0.00%,0.00%,0.00%,0.00%,0.00%,-,-,0.00,0.00,-,-,-,-,-,A-GOVDBT,-
TB10Y0434,10Y BGTB 17/04/2034,G-SEC (T.Bond),A,0.00,-,0.00,0.38,113.05,0.0000,0,59.7282,0.0000,110.5125,0.0000,0.0000,109.4110,109.1525,108.4257,0.7267,0.5011,113.7030,107.3220,0.0000,0.0000,111.3424,111.2103,110.8956,0.2517,0.0000,0.0000,0.0000,-,-,-,-,-,-,-,-,-,-,-,-,112.62,0.43,0,0.0000,0.00%,0.00%,0.00%,0.00%,0.00%,0.00%,-,-,0.00,0.00,-,-,-,-,-,A-GOVDBT,-
TB10Y0530,10Y BGTB 07/05/2030,G-SEC (T.Bond),A,0.00,-,0.00,0.29,97.88,0.0000,0,,,,,,,,,,,,,,,,,,,,,,-,-,-,-,-,-,-,-,-,-,-,-,97.60,0.28,0,0.0000,0.00%,0.00%,0.00%,0.00%,0.00%,0.00%,-,-,0.00,0.00,-,-,-,-,-,A-GOVDBT,-
TB10Y0531,10Y BGTB 19/05/2031,G-SEC (T.Bond),A,0.00,-,0.00,0.35,86.13,0.0000,0,,,,,,,,,,,,,,,,,,,,,,-,-,-,-,-,-,-,-,-,-,-,-,85.83,0.30,0,0.0000,0.00%,0.00%,0.00%,0.00%,0.00%,0.00%,-,-,0.00,0.00,-,-,-,-,-,A-GOVDBT,-
TB10Y0532,10Y BGTB 25/05/2032,G-SEC (T.Bond),A,0.00,-,0.00,0.43,93.55,0.0000,0,,,,,,,,,,,,,,,,,,,,,,-,-,-,-,-,-,-,-,-,-,-,-,93.15,0.40,0,0.0000,0.00%,0.00%,0.00%,0.00%,0.00%,0.00%,-,-,0.00,0.00,-,-,-,-,-,A-GOVDBT,-
TB10Y0535,10Y BGTB 21/05/2035,G-SEC (T.Bond),A,0.00,-,0.00,0.77,112.58,0.0000,0,58.1634,-7.2692,108.8000,0.0000,0.0000,109.2733,108.9684,107.8590,1.1094,0.9619,112.7131,104.8869,0.0000,7448.2958,110.2182,109.9073,109.3545,0.0482,0.0000,0.0000,0.0000,-,-,-,-,-,-,-,-,-,-,-,-,111.72,0.86,0,0.0000,0.00%,0.00%,0.00%,0.00%,0.00%,0.00%,-,-,0.00,0.00,-,-,-,-,-,A-GOVDBT,-
TB10Y0628,10Y BGTB 20/06/2028,G-SEC (T.Bond),A,0.00,-,0.00,0.35,96.91,0.0000,0,,,,,,,,,,,,,,,,,,,,,,-,-,-,-,-,-,-,-,-,-,-,-,96.57,0.34,0,0.0000,0.00%,0.00%,0.00%,0.00%,0.00%,0.00%,-,-,0.00,0.00,-,-,-,-,-,A-GOVDBT,-
TB10Y0629,10Y BGTB 19/06/2029,G-SEC (T.Bond),A,0.00,-,0.00,0.15,97.76,0.0000,0,,,,,,,,,,,,,,,,,,,,,,-,-,-,-,-,-,-,-,-,-,-,-,97.61,0.15,0,0.0000,0.00%,0.00%,0.00%,0.00%,0.00%,0.00%,-,-,0.00,0.00,-,-,-,-,-,A-GOVDBT,-
TB10Y0630,10Y BGTB 17/06/2030,G-SEC (T.Bond),A,0.00,-,0.00,0.28,97.52,0.0000,0,,,,,,,,,,,,,,,,,,,,,,-,-,-,-,-,-,-,-,-,-,-,-,97.25,0.27,0,0.0000,0.00%,0.00%,0.00%,0.00%,0.00%,0.00%,-,-,0.00,0.00,-,-,-,-,-,A-GOVDBT,-
TB10Y0632,10Y BGTB 22/06/2032,G-SEC (T.Bond),A,0.00,-,0.00,0.44,93.93,0.0000,0,,,,,,,,,,,,,,,,,,,,,,-,-,-,-,-,-,-,-,-,-,-,-,93.52,0.41,0,0.0000,0.00%,0.00%,0.00%,0.00%,0.00%,0.00%,-,-,0.00,0.00,-,-,-,-,-,A-GOVDBT,-
TB10Y0634,10 Years BGTB 20/06/2034,G-SEC (T.Bond),A,0.00,-,0.00,0.79,115.37,0.0000,0,59.0450,-25.3913,0.0000,0.0000,0.0000,110.2350,109.9151,109.2305,0.6846,0.3043,0.0000,0.0000,0.0000,0.0000,113.8393,113.7351,113.4834,0.3132,0.0000,0.0000,0.0000,-,-,-,-,-,-,-,-,-,-,-,-,114.47,0.90,0,0.0000,0.00%,0.00%,0.00%,0.00%,0.00%,0.00%,-,-,0.00,0.00,-,-,-,-,-,A-GOVDBT,-
TB10Y0730,10Y BGTB 22/07/2030,G-SEC (T.Bond),A,0.00,-,0.00,0.27,94.94,0.0000,0,,,,,,,,,,,,,,,,,,,,,,-,-,-,-,-,-,-,-,-,-,-,-,94.68,0.26,0,0.0000,0.00%,0.00%,0.00%,0.00%,0.00%,0.00%,-,-,0.00,0.00,-,-,-,-,-,A-GOVDBT,-
TB10Y0731,10Y BGTB 25/07/2031,G-SEC (T.Bond),A,0.00,-,0.00,0.38,84.18,0.0000,0,,,,,,,,,,,,,,,,,,,,,,-,-,-,-,-,-,-,-,-,-,-,-,83.86,0.32,0,0.0000,0.00%,0.00%,0.00%,0.00%,0.00%,0.00%,-,-,0.00,0.00,-,-,-,-,-,A-GOVDBT,-
TB10Y0735,10Y BGTB 23/07/2035,G-SEC (T.Bond),A,31377.00,-,0.00,1.04,104.59,0.0000,0,,,,,,,,,,,,,,,,,,,,,,-,-,-,-,-,-,-,-,-,-,-,-,103.51,1.08,0,0.0000,0.00%,0.00%,0.00%,0.00%,0.00%,0.00%,-,-,0.00,0.00,-,-,-,-,3000000000.00,A-GOVDBT,300000000
TB10Y0829,10Y BGTB 21/08/2029,G-SEC (T.Bond),A,0.00,-,0.00,0.09,99.52,0.0000,0,,,,,,,,,,,,,,,,,,,,,,-,-,-,-,-,-,-,-,-,-,-,-,99.43,0.09,0,0.0000,0.00%,0.00%,0.00%,0.00%,0.00%,0.00%,-,-,0.00,0.00,-,-,-,-,-,A-GOVDBT,-
TB10Y0833,10Y BGTB 16/08/2033,G-SEC (T.Bond),A,0.00,-,0.00,0.00,97.39,0.0000,0,,,,,,,,,,,,,,,,,,,,,,-,-,-,-,-,-,-,-,-,-,-,-,97.39,0.00,0,0.0000,0.00%,0.00%,0.00%,0.00%,0.00%,0.00%,-,-,0.00,0.00,-,-,-,-,-,A-GOVDBT,-
TB10Y0932,10Y BGTB 21/09/2032,G-SEC (T.Bond),A,0.00,-,0.00,0.47,93.75,0.0000,0,,,,,,,,,,,,,,,,,,,,,,-,-,-,-,-,-,-,-,-,-,-,-,93.31,0.44,0,0.0000,0.00%,0.00%,0.00%,0.00%,0.00%,0.00%,-,-,0.00,0.00,-,-,-,-,-,A-GOVDBT,-
TB10Y1027,10Y BGTB 18/10/2027,G-SEC (T.Bond),A,0.00,-,0.00,0.11,97.37,0.0000,0,,,,,,,,,,,,,,,,,,,,,,-,-,-,-,-,-,-,-,-,-,-,-,97.26,0.11,0,0.0000,0.00%,0.00%,0.00%,0.00%,0.00%,0.00%,-,-,0.00,0.00,-,-,-,-,-,A-GOVDBT,-
TB10Y1030,10Y BGTB 21/10/2030,G-SEC (T.Bond),A,0.00,-,0.00,0.29,86.91,0.0000,0,,,,,,,,,,,,,,,,,,,,,,-,-,-,-,-,-,-,-,-,-,-,-,86.66,0.25,0,0.0000,0.00%,0.00%,0.00%,0.00%,0.00%,0.00%,-,-,0.00,0.00,-,-,-,-,-,A-GOVDBT,-
TB10Y1031,10Y BGTB 19/10/2031,G-SEC (T.Bond),A,0.00,-,0.00,0.38,89.22,0.0000,0,,,,,,,,,,,,,,,,,,,,,,-,-,-,-,-,-,-,-,-,-,-,-,88.88,0.34,0,0.0000,0.00%,0.00%,0.00%,0.00%,0.00%,0.00%,-,-,0.00,0.00,-,-,-,-,-,A-GOVDBT,-
TB10Y1128,10Y BGTB 22/11/2028,G-SEC (T.Bond),A,0.00,-,0.00,0.35,95.63,0.0000,0,,,,,,,,,,,,,,,,,,,,,,-,-,-,-,-,-,-,-,-,-,-,-,95.30,0.33,0,0.0000,0.00%,0.00%,0.00%,0.00%,0.00%,0.00%,-,-,0.00,0.00,-,-,-,-,-,A-GOVDBT,-
TB10Y1135,10Y BGTB 19/11/2035,G-SEC (T.Bond),A,26025.00,-,0.00,0.89,104.10,0.0000,0,,,,,,,,,,,,,,,,,,,,,,-,-,-,-,-,-,-,-,-,-,-,-,103.18,0.92,0,0.0000,0.00%,0.00%,0.00%,0.00%,0.00%,0.00%,-,-,0.00,0.00,-,-,-,-,2500000000.00,A-GOVDBT,250000000
TB10Y1229,10Y BGTB 18/12/2029,G-SEC (T.Bond),A,0.00,-,0.00,-0.56,98.57,0.0000,0,,,,,,,,,,,,,,,,,,,,,,-,-,-,-,-,-,-,-,-,-,-,-,99.13,-0.56,0,0.0000,0.00%,0.00%,0.00%,0.00%,0.00%,0.00%,-,-,0.00,0.00,-,-,-,-,-,A-GOVDBT,-
TB10Y1232,10Y BGTB 21/12/2032,G-SEC (T.Bond),A,0.00,-,0.00,0.23,94.56,0.0000,0,,,,,,,,,,,,,,,,,,,,,,-,-,-,-,-,-,-,-,-,-,-,-,94.34,0.22,0,0.0000,0.00%,0.00%,0.00%,0.00%,0.00%,0.00%,-,-,0.00,0.00,-,-,-,-,-,A-GOVDBT,-
TB15Y0127,15Y BGTB 18/01/2027,G-SEC (T.Bond),A,0.00,-,0.00,-0.14,100.77,0.0000,0,,,,,,,,,,,,,,,,,,,,,,-,-,-,-,-,-,-,-,-,-,-,-,100.91,-0.14,0,0.0000,0.00%,0.00%,0.00%,0.00%,0.00%,0.00%,-,-,0.00,0.00,-,-,-,-,-,A-GOVDBT,-
TB15Y0128,15Y BGTB 16/01/2028,G-SEC (T.Bond),A,0.00,-,0.00,0.16,103.72,0.0000,0,,,,,,,,,,,,,,,,,,,,,,-,-,-,-,-,-,-,-,-,-,-,-,103.55,0.17,0,0.0000,0.00%,0.00%,0.00%,0.00%,0.00%,0.00%,-,-,0.00,0.00,-,-,-,-,-,A-GOVDBT,-
TB15Y0129,15Y BGTB 29/01/2029,G-SEC (T.Bond),A,0.00,-,0.00,0.24,106.27,0.0000,0,,,,,,,,,,,,,,,,,,,,,,-,-,-,-,-,-,-,-,-,-,-,-,106.02,0.25,0,0.0000,0.00%,0.00%,0.00%,0.00%,0.00%,0.00%,-,-,0.00,0.00,-,-,-,-,-,A-GOVDBT,-
TB15Y0227,15Y BGTB 22/02/2027,G-SEC (T.Bond),A,0.00,-,0.00,-0.16,101.00,0.0000,0,,,,,,,,,,,,,,,,,,,,,,-,-,-,-,-,-,-,-,-,-,-,-,101.16,-0.16,0,0.0000,0.00%,0.00%,0.00%,0.00%,0.00%,0.00%,-,-,0.00,0.00,-,-,-,-,-,A-GOVDBT,-
TB15Y0228,15Y BGTB 20/02/2028,G-SEC (T.Bond),A,0.00,-,0.00,0.19,104.10,0.0000,0,,,,,,,,,,,,,,,,,,,,,,-,-,-,-,-,-,-,-,-,-,-,-,103.90,0.20,0,0.0000,0.00%,0.00%,0.00%,0.00%,0.00%,0.00%,-,-,0.00,0.00,-,-,-,-,-,A-GOVDBT,-
TB15Y0229,15Y BGTB 26/02/2029,G-SEC (T.Bond),A,0.00,-,0.00,0.23,106.23,0.0000,0,,,,,,,,,,,,,,,,,,,,,,-,-,-,-,-,-,-,-,-,-,-,-,105.99,0.24,0,0.0000,0.00%,0.00%,0.00%,0.00%,0.00%,0.00%,-,-,0.00,0.00,-,-,-,-,-,A-GOVDBT,-
TB15Y0327,15Y BGTB 21/03/2027,G-SEC (T.Bond),A,0.00,-,0.00,-0.21,101.13,0.0000,0,,,,,,,,,,,,,,,,,,,,,,-,-,-,-,-,-,-,-,-,-,-,-,101.34,-0.21,0,0.0000,0.00%,0.00%,0.00%,0.00%,0.00%,0.00%,-,-,0.00,0.00,-,-,-,-,-,A-GOVDBT,-
TB15Y0328,15Y BGTB 20/03/2028,G-SEC (T.Bond),A,0.00,-,0.00,0.22,104.42,0.0000,0,,,,,,,,,,,,,,,,,,,,,,-,-,-,-,-,-,-,-,-,-,-,-,104.19,0.23,0,0.0000,0.00%,0.00%,0.00%,0.00%,0.00%,0.00%,-,-,0.00,0.00,-,-,-,-,-,A-GOVDBT,-
TB15Y0329,15Y BGTB 27/03/2029,G-SEC (T.Bond),A,0.00,-,0.00,0.21,106.19,0.0000,0,,,,,,,,,,,,,,,,,,,,,,-,-,-,-,-,-,-,-,-,-,-,-,105.97,0.22,0,0.0000,0.00%,0.00%,0.00%,0.00%,0.00%,0.00%,-,-,0.00,0.00,-,-,-,-,-,A-GOVDBT,-
TB15Y0339,15Y BGTB 27/03/2039,G-SEC (T.Bond),A,0.00,-,0.00,1.57,116.94,0.0000,0,69.2114,-33.2500,111.3260,0.0000,0.0000,111.0014,111.1809,111.7062,-0.5253,-0.3784,122.5487,100.1033,0.0000,0.0000,112.0560,111.9509,111.8007,-0.1022,0.0000,0.0000,0.0000,-,-,-,-,-,-,-,-,-,-,-,-,115.13,1.81,0,0.0000,0.00%,0.00%,0.00%,0.00%,0.00%,0.00%,-,-,0.00,0.00,-,-,-,-,-,A-GOVDBT,-
TB15Y0340,15Y BGTB 27/03/2040,G-SEC (T.Bond),A,0.00,-,0.00,0.74,118.41,0.0000,0,56.7153,-39.3617,116.5305,0.0000,0.0000,113.4872,113.3926,113.5840,-0.1914,-0.4891,124.7436,108.3174,0.0000,0.0000,115.8407,116.2441,116.4484,0.3673,0.0000,0.0000,0.0000,-,-,-,-,-,-,-,-,-,-,-,-,117.54,0.87,0,0.0000,0.00%,0.00%,0.00%,0.00%,0.00%,0.00%,-,-,0.00,0.00,-,-,-,-,-,A-GOVDBT,-
TB15Y0427,15Y BGTB 18/04/2027,G-SEC (T.Bond),A,0.00,-,0.00,-0.26,101.26,0.0000,0,,,,,,,,,,,,,,,,,,,,,,-,-,-,-,-,-,-,-,-,-,-,-,101.52,-0.26,0,0.0000,0.00%,0.00%,0.00%,0.00%,0.00%,0.00%,-,-,0.00,0.00,-,-,-,-,-,A-GOVDBT,-
TB15Y0428,15Y BGTB 17/04/2028,G-SEC (T.Bond),A,0.00,-,0.00,0.25,104.61,0.0000,0,,,,,,,,,,,,,,,,,,,,,,-,-,-,-,-,-,-,-,-,-,-,-,104.35,0.26,0,0.0000,0.00%,0.00%,0.00%,0.00%,0.00%,0.00%,-,-,0.00,0.00,-,-,-,-,-,A-GOVDBT,-
TB15Y0429,15Y BGTB 23/04/2029,G-SEC (T.Bond),A,0.00,-,0.00,0.18,106.27,0.0000,0,,,,,,,,,,,,,,,,,,,,,,-,-,-,-,-,-,-,-,-,-,-,-,106.08,0.19,0,0.0000,0.00%,0.00%,0.00%,0.00%,0.00%,0.00%,-,-,0.00,0.00,-,-,-,-,-,A-GOVDBT,-
TB15Y0431,15Y BGTB 27/04/2031,G-SEC (T.Bond),A,0.00,-,0.00,0.33,93.70,0.0000,0,,,,,,,,,,,,,,,,,,,,,,-,-,-,-,-,-,-,-,-,-,-,-,93.39,0.31,0,0.0000,0.00%,0.00%,0.00%,0.00%,0.00%,0.00%,-,-,0.00,0.00,-,-,-,-,-,A-GOVDBT,-
TB15Y0437,15Y BGTB 27/04/2037,G-SEC (T.Bond),A,0.00,-,0.00,0.08,88.50,0.0000,0,,,,,,,,,,,,,,,,,,,,,,-,-,-,-,-,-,-,-,-,-,-,-,88.43,0.07,0,0.0000,0.00%,0.00%,0.00%,0.00%,0.00%,0.00%,-,-,0.00,0.00,-,-,-,-,-,A-GOVDBT,-
TB15Y0527,15Y BGTB 23/05/2027,G-SEC (T.Bond),A,0.00,-,0.00,-0.22,101.53,0.0000,0,,,,,,,,,,,,,,,,,,,,,,-,-,-,-,-,-,-,-,-,-,-,-,101.75,-0.22,0,0.0000,0.00%,0.00%,0.00%,0.00%,0.00%,0.00%,-,-,0.00,0.00,-,-,-,-,-,A-GOVDBT,-
TB15Y0528,15Y BGTB 22/05/2028,G-SEC (T.Bond),A,0.00,-,0.00,0.28,104.86,0.0000,0,,,,,,,,,,,,,,,,,,,,,,-,-,-,-,-,-,-,-,-,-,-,-,104.57,0.29,0,0.0000,0.00%,0.00%,0.00%,0.00%,0.00%,0.00%,-,-,0.00,0.00,-,-,-,-,-,A-GOVDBT,-
TB15Y0529,15Y BGTB 28/05/2029,G-SEC (T.Bond),A,0.00,-,0.00,0.15,106.42,0.0000,0,,,,,,,,,,,,,,,,,,,,,,-,-,-,-,-,-,-,-,-,-,-,-,106.26,0.16,0,0.0000,0.00%,0.00%,0.00%,0.00%,0.00%,0.00%,-,-,0.00,0.00,-,-,-,-,-,A-GOVDBT,-
TB15Y0535,15Y BGTB 13/05/2035,G-SEC (T.Bond),A,0.00,-,0.00,0.76,95.33,0.0000,0,,,,,,,,,,,,,,,,,,,,,,-,-,-,-,-,-,-,-,-,-,-,-,94.61,0.72,0,0.0000,0.00%,0.00%,0.00%,0.00%,0.00%,0.00%,-,-,0.00,0.00,-,-,-,-,-,A-GOVDBT,-
TB15Y0627,15Y BGTB 20/06/2027,G-SEC (T.Bond),A,0.00,-,0.00,-0.10,101.86,0.0000,0,,,,,,,,,,,,,,,,,,,,,,-,-,-,-,-,-,-,-,-,-,-,-,101.96,-0.10,0,0.0000,0.00%,0.00%,0.00%,0.00%,0.00%,0.00%,-,-,0.00,0.00,-,-,-,-,-,A-GOVDBT,-
TB15Y0628,15Y BGTB 19/06/2028,G-SEC (T.Bond),A,0.00,-,0.00,0.31,105.10,0.0000,0,,,,,,,,,,,,,,,,,,,,,,-,-,-,-,-,-,-,-,-,-,-,-,104.78,0.32,0,0.0000,0.00%,0.00%,0.00%,0.00%,0.00%,0.00%,-,-,0.00,0.00,-,-,-,-,-,A-GOVDBT,-
TB15Y0629,15Y BGTB 25/06/2029,G-SEC (T.Bond),A,0.00,-,0.00,0.12,106.45,0.0000,0,,,,,,,,,,,,,,,,,,,,,,-,-,-,-,-,-,-,-,-,-,-,-,106.32,0.13,0,0.0000,0.00%,0.00%,0.00%,0.00%,0.00%,0.00%,-,-,0.00,0.00,-,-,-,-,-,A-GOVDBT,-
TB15Y0635,15Y BGTB 24/06/2035,G-SEC (T.Bond),A,0.00,-,0.00,0.97,94.09,0.0000,0,,,,,,,,,,,,,,,,,,,,,,-,-,-,-,-,-,-,-,-,-,-,-,93.19,0.90,0,0.0000,0.00%,0.00%,0.00%,0.00%,0.00%,0.00%,-,-,0.00,0.00,-,-,-,-,-,A-GOVDBT,-
TB15Y0637,15Y BGTB 29/06/2037,G-SEC (T.Bond),A,0.00,-,0.00,-0.04,92.16,0.0000,0,,,,,,,,,,,,,,,,,,,,,,-,-,-,-,-,-,-,-,-,-,-,-,92.20,-0.04,0,0.0000,0.00%,0.00%,0.00%,0.00%,0.00%,0.00%,-,-,0.00,0.00,-,-,-,-,-,A-GOVDBT,-
TB15Y0727,15Y BGTB 18/07/2027,G-SEC (T.Bond),A,0.00,-,0.00,0.02,102.19,0.0000,0,,,,,,,,,,,,,,,,,,,,,,-,-,-,-,-,-,-,-,-,-,-,-,102.17,0.02,0,0.0000,0.00%,0.00%,0.00%,0.00%,0.00%,0.00%,-,-,0.00,0.00,-,-,-,-,-,A-GOVDBT,-
TB15Y0728,15Y BGTB 24/07/2028,G-SEC (T.Bond),A,0.00,-,0.00,0.34,105.37,0.0000,0,,,,,,,,,,,,,,,,,,,,,,-,-,-,-,-,-,-,-,-,-,-,-,105.01,0.36,0,0.0000,0.00%,0.00%,0.00%,0.00%,0.00%,0.00%,-,-,0.00,0.00,-,-,-,-,-,A-GOVDBT,-
TB15Y0729,15Y BGTB 23/07/2029,G-SEC (T.Bond),A,0.00,-,0.00,0.09,106.23,0.0000,0,,,,,,,,,,,,,,,,,,,,,,-,-,-,-,-,-,-,-,-,-,-,-,106.13,0.10,0,0.0000,0.00%,0.00%,0.00%,0.00%,0.00%,0.00%,-,-,0.00,0.00,-,-,-,-,-,A-GOVDBT,-
TB15Y0730,15Y BGTB 29/07/2030,G-SEC (T.Bond),A,0.00,-,0.00,0.26,101.96,0.0000,0,,,,,,,,,,,,,,,,,,,,,,-,-,-,-,-,-,-,-,-,-,-,-,101.70,0.26,0,0.0000,0.00%,0.00%,0.00%,0.00%,0.00%,0.00%,-,-,0.00,0.00,-,-,-,-,-,A-GOVDBT,-
TB15Y0736,15Y BGTB 28/07/2036,G-SEC (T.Bond),A,0.00,-,0.00,0.59,74.40,0.0000,0,,,,,,,,,,,,,,,,,,,,,,-,-,-,-,-,-,-,-,-,-,-,-,73.96,0.44,0,0.0000,0.00%,0.00%,0.00%,0.00%,0.00%,0.00%,-,-,0.00,0.00,-,-,-,-,-,A-GOVDBT,-
TB15Y0826,15Y BGTB 17/08/2026,G-SEC (T.Bond),A,0.00,-,0.00,-0.01,99.99,0.0000,0,,,,,,,,,,,,,,,,,,,,,,-,-,-,-,-,-,-,-,-,-,-,-,100.00,-0.01,0,0.0000,0.00%,0.00%,0.00%,0.00%,0.00%,0.00%,-,-,0.00,0.00,-,-,-,-,-,A-GOVDBT,-
TB15Y0828,15Y BGTB 29/08/2028,G-SEC (T.Bond),A,0.00,-,0.00,0.39,105.62,0.0000,0,,,,,,,,,,,,,,,,,,,,,,-,-,-,-,-,-,-,-,-,-,-,-,105.21,0.41,0,0.0000,0.00%,0.00%,0.00%,0.00%,0.00%,0.00%,-,-,0.00,0.00,-,-,-,-,-,A-GOVDBT,-
TB15Y0829,15Y BGTB 27/08/2029,G-SEC (T.Bond),A,0.00,-,0.00,0.07,105.51,0.0000,0,,,,,,,,,,,,,,,,,,,,,,-,-,-,-,-,-,-,-,-,-,-,-,105.44,0.07,0,0.0000,0.00%,0.00%,0.00%,0.00%,0.00%,0.00%,-,-,0.00,0.00,-,-,-,-,-,A-GOVDBT,-
TB15Y0840,15Y BGTB 27/08/2040,G-SEC (T.Bond),A,0.00,-,0.00,0.00,103.61,0.0000,0,,,,,,,,,,,,,,,,,,,,,,-,-,-,-,-,-,-,-,-,-,-,-,103.61,0.00,0,0.0000,0.00%,0.00%,0.00%,0.00%,0.00%,0.00%,-,-,0.00,0.00,-,-,-,-,-,A-GOVDBT,-
TB15Y0926,15Y BGTB 21/09/2026,G-SEC (T.Bond),A,0.00,-,0.00,-0.05,100.03,0.0000,0,,,,,,,,,,,,,,,,,,,,,,-,-,-,-,-,-,-,-,-,-,-,-,100.08,-0.05,0,0.0000,0.00%,0.00%,0.00%,0.00%,0.00%,0.00%,-,-,0.00,0.00,-,-,-,-,-,A-GOVDBT,-
TB15Y0927,15Y BGTB 19/09/2027,G-SEC (T.Bond),A,0.00,-,0.00,0.06,102.58,0.0000,0,,,,,,,,,,,,,,,,,,,,,,-,-,-,-,-,-,-,-,-,-,-,-,102.52,0.06,0,0.0000,0.00%,0.00%,0.00%,0.00%,0.00%,0.00%,-,-,0.00,0.00,-,-,-,-,-,A-GOVDBT,-
TB15Y0928,15Y BGTB 25/09/2028,G-SEC (T.Bond),A,0.00,-,0.00,0.39,105.84,0.0000,0,,,,,,,,,,,,,,,,,,,,,,-,-,-,-,-,-,-,-,-,-,-,-,105.43,0.41,0,0.0000,0.00%,0.00%,0.00%,0.00%,0.00%,0.00%,-,-,0.00,0.00,-,-,-,-,-,A-GOVDBT,-
TB15Y0929,15Y BGTB 24/09/2029,G-SEC (T.Bond),A,0.00,-,0.00,0.04,105.24,0.0000,0,,,,,,,,,,,,,,,,,,,,,,-,-,-,-,-,-,-,-,-,-,-,-,105.20,0.04,0,0.0000,0.00%,0.00%,0.00%,0.00%,0.00%,0.00%,-,-,0.00,0.00,-,-,-,-,-,A-GOVDBT,-
TB15Y0930,15Y BGTB 23/09/2030,G-SEC (T.Bond),A,0.00,-,0.00,0.27,96.52,0.0000,0,,,,,,,,,,,,,,,,,,,,,,-,-,-,-,-,-,-,-,-,-,-,-,96.26,0.26,0,0.0000,0.00%,0.00%,0.00%,0.00%,0.00%,0.00%,-,-,0.00,0.00,-,-,-,-,-,A-GOVDBT,-
TB15Y0933,15Y BGTB 26/09/2033,G-SEC (T.Bond),A,0.00,-,0.00,0.02,87.30,0.0000,0,,,,,,,,,,,,,,,,,,,,,,-,-,-,-,-,-,-,-,-,-,-,-,87.28,0.02,0,0.0000,0.00%,0.00%,0.00%,0.00%,0.00%,0.00%,-,-,0.00,0.00,-,-,-,-,-,A-GOVDBT,-
TB15Y1026,15Y BGTB 19/10/2026,G-SEC (T.Bond),A,0.00,-,0.00,-0.08,100.19,0.0000,0,,,,,,,,,,,,,,,,,,,,,,-,-,-,-,-,-,-,-,-,-,-,-,100.27,-0.08,0,0.0000,0.00%,0.00%,0.00%,0.00%,0.00%,0.00%,-,-,0.00,0.00,-,-,-,-,-,A-GOVDBT,-
TB15Y1027,15Y BGTB 17/10/2027,G-SEC (T.Bond),A,0.00,-,0.00,0.08,102.79,0.0000,0,,,,,,,,,,,,,,,,,,,,,,-,-,-,-,-,-,-,-,-,-,-,-,102.71,0.08,0,0.0000,0.00%,0.00%,0.00%,0.00%,0.00%,0.00%,-,-,0.00,0.00,-,-,-,-,-,A-GOVDBT,-
TB15Y1028,15Y BGTB 23/10/2028,G-SEC (T.Bond),A,0.00,-,0.00,0.34,106.03,0.0000,0,,,,,,,,,,,,,,,,,,,,,,-,-,-,-,-,-,-,-,-,-,-,-,105.67,0.36,0,0.0000,0.00%,0.00%,0.00%,0.00%,0.00%,0.00%,-,-,0.00,0.00,-,-,-,-,-,A-GOVDBT,-
TB15Y1029,15Y BGTB 29/10/2029,G-SEC (T.Bond),A,0.00,-,0.00,-0.18,104.89,0.0000,0,,,,,,,,,,,,,,,,,,,,,,-,-,-,-,-,-,-,-,-,-,-,-,105.08,-0.19,0,0.0000,0.00%,0.00%,0.00%,0.00%,0.00%,0.00%,-,-,0.00,0.00,-,-,-,-,-,A-GOVDBT,-
TB15Y1126,15Y BGTB 16/11/2026,G-SEC (T.Bond),A,0.00,-,0.00,-0.11,100.28,0.0000,0,,,,,,,,,,,,,,,,,,,,,,-,-,-,-,-,-,-,-,-,-,-,-,100.39,-0.11,0,0.0000,0.00%,0.00%,0.00%,0.00%,0.00%,0.00%,-,-,0.00,0.00,-,-,-,-,-,A-GOVDBT,-
TB15Y1127,15Y BGTB 21/11/2027,G-SEC (T.Bond),A,0.00,-,0.00,0.11,103.08,0.0000,0,,,,,,,,,,,,,,,,,,,,,,-,-,-,-,-,-,-,-,-,-,-,-,102.97,0.11,0,0.0000,0.00%,0.00%,0.00%,0.00%,0.00%,0.00%,-,-,0.00,0.00,-,-,-,-,-,A-GOVDBT,-
TB15Y1128,15Y BGTB 27/11/2028,G-SEC (T.Bond),A,0.00,-,0.00,0.29,106.02,0.0000,0,,,,,,,,,,,,,,,,,,,,,,-,-,-,-,-,-,-,-,-,-,-,-,105.71,0.31,0,0.0000,0.00%,0.00%,0.00%,0.00%,0.00%,0.00%,-,-,0.00,0.00,-,-,-,-,-,A-GOVDBT,-
TB15Y1129,15Y BGTB 26/11/2029,G-SEC (T.Bond),A,0.00,-,0.00,-0.46,104.86,0.0000,0,,,,,,,,,,,,,,,,,,,,,,-,-,-,-,-,-,-,-,-,-,-,-,105.34,-0.48,0,0.0000,0.00%,0.00%,0.00%,0.00%,0.00%,0.00%,-,-,0.00,0.00,-,-,-,-,-,A-GOVDBT,-
TB15Y1133,15Y BGTB 28/11/2033,G-SEC (T.Bond),A,0.00,-,0.00,0.04,89.00,0.0000,0,,,,,,,,,,,,,,,,,,,,,,-,-,-,-,-,-,-,-,-,-,-,-,88.96,0.04,0,0.0000,0.00%,0.00%,0.00%,0.00%,0.00%,0.00%,-,-,0.00,0.00,-,-,-,-,-,A-GOVDBT,-
TB15Y1226,15Y BGTB 21/12/2026,G-SEC (T.Bond),A,0.00,-,0.00,-0.13,100.43,0.0000,0,,,,,,,,,,,,,,,,,,,,,,-,-,-,-,-,-,-,-,-,-,-,-,100.56,-0.13,0,0.0000,0.00%,0.00%,0.00%,0.00%,0.00%,0.00%,-,-,0.00,0.00,-,-,-,-,-,A-GOVDBT,-
TB15Y1227,15Y BGTB 19/12/2027,G-SEC (T.Bond),A,0.00,-,0.00,0.14,103.39,0.0000,0,,,,,,,,,,,,,,,,,,,,,,-,-,-,-,-,-,-,-,-,-,-,-,103.25,0.14,0,0.0000,0.00%,0.00%,0.00%,0.00%,0.00%,0.00%,-,-,0.00,0.00,-,-,-,-,-,A-GOVDBT,-
TB15Y1228,15Y BGTB 26/12/2028,G-SEC (T.Bond),A,0.00,-,0.00,0.26,106.23,0.0000,0,,,,,,,,,,,,,,,,,,,,,,-,-,-,-,-,-,-,-,-,-,-,-,105.95,0.28,0,0.0000,0.00%,0.00%,0.00%,0.00%,0.00%,0.00%,-,-,0.00,0.00,-,-,-,-,-,A-GOVDBT,-
TB20Y0128,20Y BGTB 23/01/2028,G-SEC (T.Bond),A,0.00,-,0.00,0.16,105.08,0.0000,0,,,,,,,,,,,,,,,,,,,,,,-,-,-,-,-,-,-,-,-,-,-,-,104.91,0.17,0,0.0000,0.00%,0.00%,0.00%,0.00%,0.00%,0.00%,-,-,0.00,0.00,-,-,-,-,-,A-GOVDBT,-
TB20Y0129,20Y BGTB 28/01/2029,G-SEC (T.Bond),A,0.00,-,0.00,0.23,107.99,0.0000,0,,,,,,,,,,,,,,,,,,,,,,-,-,-,-,-,-,-,-,-,-,-,-,107.74,0.25,0,0.0000,0.00%,0.00%,0.00%,0.00%,0.00%,0.00%,-,-,0.00,0.00,-,-,-,-,-,A-GOVDBT,-
TB20Y0131,20Y BGTB 26/01/2031,G-SEC (T.Bond),A,0.00,-,0.00,0.28,100.44,0.0000,0,,,,,,,,,,,,,,,,,,,,,,-,-,-,-,-,-,-,-,-,-,-,-,100.16,0.28,0,0.0000,0.00%,0.00%,0.00%,0.00%,0.00%,0.00%,-,-,0.00,0.00,-,-,-,-,-,A-GOVDBT,-
TB20Y0132,20Y BGTB 25/01/2032,G-SEC (T.Bond),A,0.00,-,0.00,0.35,110.38,0.0000,0,,,,,,,,,,,,,,,,,,,,,,-,-,-,-,-,-,-,-,-,-,-,-,109.99,0.39,0,0.0000,0.00%,0.00%,0.00%,0.00%,0.00%,0.00%,-,-,0.00,0.00,-,-,-,-,-,A-GOVDBT,-
TB20Y0133,20Y BGTB 23/01/2033,G-SEC (T.Bond),A,0.00,-,0.00,0.11,113.70,0.0000,0,,,,,,,,,,,,,,,,,,,,,,-,-,-,-,-,-,-,-,-,-,-,-,113.57,0.13,0,0.0000,0.00%,0.00%,0.00%,0.00%,0.00%,0.00%,-,-,0.00,0.00,-,-,-,-,-,A-GOVDBT,-
TB20Y0134,20Y BGTB 29/01/2034,G-SEC (T.Bond),A,0.00,-,0.00,0.04,113.61,0.0000,0,,,,,,,,,,,,,,,,,,,,,,-,-,-,-,-,-,-,-,-,-,-,-,113.56,0.05,0,0.0000,0.00%,0.00%,0.00%,0.00%,0.00%,0.00%,-,-,0.00,0.00,-,-,-,-,-,A-GOVDBT,-
TB20Y0143,20Y BGTB 25/01/2043,G-SEC (T.Bond),A,0.00,-,0.00,0.64,92.27,0.0000,0,64.7146,-21.4052,0.0000,0.0000,0.0000,89.3660,89.1777,88.8522,0.3255,0.0651,0.0000,0.0000,0.0000,0.0000,90.3651,90.3358,90.3952,0.5621,0.0000,0.0000,0.0000,-,-,-,-,-,-,-,-,-,-,-,-,91.68,0.59,0,0.0000,0.00%,0.00%,0.00%,0.00%,0.00%,0.00%,-,-,0.00,0.00,-,-,-,-,-,A-GOVDBT,-
TB20Y0228,20Y BGTB 27/02/2028,G-SEC (T.Bond),A,0.00,-,0.00,0.19,105.33,0.0000,0,,,,,,,,,,,,,,,,,,,,,,-,-,-,-,-,-,-,-,-,-,-,-,105.13,0.20,0,0.0000,0.00%,0.00%,0.00%,0.00%,0.00%,0.00%,-,-,0.00,0.00,-,-,-,-,-,A-GOVDBT,-
TB20Y0229,20Y BGTB 25/02/2029,G-SEC (T.Bond),A,0.00,-,0.00,0.21,108.20,0.0000,0,,,,,,,,,,,,,,,,,,,,,,-,-,-,-,-,-,-,-,-,-,-,-,107.97,0.23,0,0.0000,0.00%,0.00%,0.00%,0.00%,0.00%,0.00%,-,-,0.00,0.00,-,-,-,-,-,A-GOVDBT,-
TB20Y0230,20Y BGTB 24/02/2030,G-SEC (T.Bond),A,0.00,-,0.00,-0.09,98.71,0.0000,0,,,,,,,,,,,,,,,,,,,,,,-,-,-,-,-,-,-,-,-,-,-,-,98.80,-0.09,0,0.0000,0.00%,0.00%,0.00%,0.00%,0.00%,0.00%,-,-,0.00,0.00,-,-,-,-,-,A-GOVDBT,-
TB20Y0231,20Y BGTB 23/02/2031,G-SEC (T.Bond),A,0.00,-,0.00,0.29,100.45,0.0000,0,,,,,,,,,,,,,,,,,,,,,,-,-,-,-,-,-,-,-,-,-,-,-,100.16,0.29,0,0.0000,0.00%,0.00%,0.00%,0.00%,0.00%,0.00%,-,-,0.00,0.00,-,-,-,-,-,A-GOVDBT,-
TB20Y0232,20Y BGTB 29/02/2032,G-SEC (T.Bond),A,0.00,-,0.00,0.36,110.73,0.0000,0,,,,,,,,,,,,,,,,,,,,,,-,-,-,-,-,-,-,-,-,-,-,-,110.33,0.40,0,0.0000,0.00%,0.00%,0.00%,0.00%,0.00%,0.00%,-,-,0.00,0.00,-,-,-,-,-,A-GOVDBT,-
TB20Y0233,20Y BGTB 27/02/2033,G-SEC (T.Bond),A,0.00,-,0.00,0.03,114.29,0.0000,0,,,,,,,,,,,,,,,,,,,,,,-,-,-,-,-,-,-,-,-,-,-,-,114.26,0.03,0,0.0000,0.00%,0.00%,0.00%,0.00%,0.00%,0.00%,-,-,0.00,0.00,-,-,-,-,-,A-GOVDBT,-
TB20Y0234,20Y BGTB 26/02/2034,G-SEC (T.Bond),A,0.00,-,0.00,0.08,113.63,0.0000,0,,,,,,,,,,,,,,,,,,,,,,-,-,-,-,-,-,-,-,-,-,-,-,113.54,0.09,0,0.0000,0.00%,0.00%,0.00%,0.00%,0.00%,0.00%,-,-,0.00,0.00,-,-,-,-,-,A-GOVDBT,-
TB20Y0328,20Y BGTB 27/03/2028,G-SEC (T.Bond),A,0.00,-,0.00,0.22,105.59,0.0000,0,,,,,,,,,,,,,,,,,,,,,,-,-,-,-,-,-,-,-,-,-,-,-,105.36,0.23,0,0.0000,0.00%,0.00%,0.00%,0.00%,0.00%,0.00%,-,-,0.00,0.00,-,-,-,-,-,A-GOVDBT,-
TB20Y0329,20Y BGTB 25/03/2029,G-SEC (T.Bond),A,0.00,-,0.00,0.19,108.41,0.0000,0,,,,,,,,,,,,,,,,,,,,,,-,-,-,-,-,-,-,-,-,-,-,-,108.20,0.21,0,0.0000,0.00%,0.00%,0.00%,0.00%,0.00%,0.00%,-,-,0.00,0.00,-,-,-,-,-,A-GOVDBT,-
TB20Y0330,20Y BGTB 24/03/2030,G-SEC (T.Bond),A,0.00,-,0.00,0.11,99.02,0.0000,0,,,,,,,,,,,,,,,,,,,,,,-,-,-,-,-,-,-,-,-,-,-,-,98.91,0.11,0,0.0000,0.00%,0.00%,0.00%,0.00%,0.00%,0.00%,-,-,0.00,0.00,-,-,-,-,-,A-GOVDBT,-
TB20Y0331,20Y BGTB 23/03/2031,G-SEC (T.Bond),A,0.00,-,0.00,0.30,100.56,0.0000,0,,,,,,,,,,,,,,,,,,,,,,-,-,-,-,-,-,-,-,-,-,-,-,100.26,0.30,0,0.0000,0.00%,0.00%,0.00%,0.00%,0.00%,0.00%,-,-,0.00,0.00,-,-,-,-,-,A-GOVDBT,-
TB20Y0332,20Y BGTB 28/03/2032,G-SEC (T.Bond),A,0.00,-,0.00,0.38,110.97,0.0000,0,,,,,,,,,,,,,,,,,,,,,,-,-,-,-,-,-,-,-,-,-,-,-,110.55,0.42,0,0.0000,0.00%,0.00%,0.00%,0.00%,0.00%,0.00%,-,-,0.00,0.00,-,-,-,-,-,A-GOVDBT,-
TB20Y0333,20Y BGTB 27/03/2033,G-SEC (T.Bond),A,0.00,-,0.00,-0.01,114.30,0.0000,0,,,,,,,,,,,,,,,,,,,,,,-,-,-,-,-,-,-,-,-,-,-,-,114.31,-0.01,0,0.0000,0.00%,0.00%,0.00%,0.00%,0.00%,0.00%,-,-,0.00,0.00,-,-,-,-,-,A-GOVDBT,-
TB20Y0334,20Y BGTB 27/03/2034,G-SEC (T.Bond),A,0.00,-,0.00,0.26,113.04,0.0000,0,,,,,,,,,,,,,,,,,,,,,,-,-,-,-,-,-,-,-,-,-,-,-,112.75,0.29,0,0.0000,0.00%,0.00%,0.00%,0.00%,0.00%,0.00%,-,-,0.00,0.00,-,-,-,-,-,A-GOVDBT,-
TB20Y0342,20Y BGTB 30/03/2042,G-SEC (T.Bond),A,0.00,-,0.00,0.00,83.57,0.0000,0,,,,,,,,,,,,,,,,,,,,,,-,-,-,-,-,-,-,-,-,-,-,-,83.57,0.00,0,0.0000,0.00%,0.00%,0.00%,0.00%,0.00%,0.00%,-,-,0.00,0.00,-,-,-,-,-,A-GOVDBT,-
TB20Y0428,20Y BGTB 23/04/2028,G-SEC (T.Bond),A,0.00,-,0.00,0.25,105.82,0.0000,0,,,,,,,,,,,,,,,,,,,,,,-,-,-,-,-,-,-,-,-,-,-,-,105.56,0.26,0,0.0000,0.00%,0.00%,0.00%,0.00%,0.00%,0.00%,-,-,0.00,0.00,-,-,-,-,-,A-GOVDBT,-
TB20Y0429,20Y BGTB 29/04/2029,G-SEC (T.Bond),A,0.00,-,0.00,0.18,105.15,0.0000,0,,,,,,,,,,,,,,,,,,,,,,-,-,-,-,-,-,-,-,-,-,-,-,104.96,0.19,0,0.0000,0.00%,0.00%,0.00%,0.00%,0.00%,0.00%,-,-,0.00,0.00,-,-,-,-,-,A-GOVDBT,-
TB20Y0430,20Y BGTB 28/04/2030,G-SEC (T.Bond),A,0.00,-,0.00,0.28,99.23,0.0000,0,,,,,,,,,,,,,,,,,,,,,,-,-,-,-,-,-,-,-,-,-,-,-,98.95,0.28,0,0.0000,0.00%,0.00%,0.00%,0.00%,0.00%,0.00%,-,-,0.00,0.00,-,-,-,-,-,A-GOVDBT,-
TB20Y0431,20Y BGTB 27/04/2031,G-SEC (T.Bond),A,0.00,-,0.00,0.31,100.64,0.0000,0,,,,,,,,,,,,,,,,,,,,,,-,-,-,-,-,-,-,-,-,-,-,-,100.33,0.31,0,0.0000,0.00%,0.00%,0.00%,0.00%,0.00%,0.00%,-,-,0.00,0.00,-,-,-,-,-,A-GOVDBT,-
TB20Y0432,20Y BGTB 25/04/2032,G-SEC (T.Bond),A,0.00,-,0.00,0.38,111.24,0.0000,0,,,,,,,,,,,,,,,,,,,,,,-,-,-,-,-,-,-,-,-,-,-,-,110.82,0.42,0,0.0000,0.00%,0.00%,0.00%,0.00%,0.00%,0.00%,-,-,0.00,0.00,-,-,-,-,-,A-GOVDBT,-
TB20Y0433,20Y BGTB 24/04/2033,G-SEC (T.Bond),A,0.00,-,0.00,-0.01,114.20,0.0000,0,,,,,,,,,,,,,,,,,,,,,,-,-,-,-,-,-,-,-,-,-,-,-,114.21,-0.01,0,0.0000,0.00%,0.00%,0.00%,0.00%,0.00%,0.00%,-,-,0.00,0.00,-,-,-,-,-,A-GOVDBT,-
TB20Y0434,20Y BGTB 23/04/2034,G-SEC (T.Bond),A,0.00,-,0.00,0.43,112.99,0.0000,0,,,,,,,,,,,,,,,,,,,,,,-,-,-,-,-,-,-,-,-,-,-,-,112.51,0.48,0,0.0000,0.00%,0.00%,0.00%,0.00%,0.00%,0.00%,-,-,0.00,0.00,-,-,-,-,-,A-GOVDBT,-
TB20Y0436,20Y BGTB 27/04/2036,G-SEC (T.Bond),A,0.00,-,0.00,0.69,90.85,0.0000,0,,,,,,,,,,,,,,,,,,,,,,-,-,-,-,-,-,-,-,-,-,-,-,90.23,0.62,0,0.0000,0.00%,0.00%,0.00%,0.00%,0.00%,0.00%,-,-,0.00,0.00,-,-,-,-,-,A-GOVDBT,-
TB20Y0528,20Y BGTB 28/05/2028,G-SEC (T.Bond),A,0.00,-,0.00,0.28,106.12,0.0000,0,,,,,,,,,,,,,,,,,,,,,,-,-,-,-,-,-,-,-,-,-,-,-,105.82,0.30,0,0.0000,0.00%,0.00%,0.00%,0.00%,0.00%,0.00%,-,-,0.00,0.00,-,-,-,-,-,A-GOVDBT,-
TB20Y0529,20Y BGTB 27/05/2029,G-SEC (T.Bond),A,0.00,-,0.00,0.16,104.30,0.0000,0,,,,,,,,,,,,,,,,,,,,,,-,-,-,-,-,-,-,-,-,-,-,-,104.13,0.17,0,0.0000,0.00%,0.00%,0.00%,0.00%,0.00%,0.00%,-,-,0.00,0.00,-,-,-,-,-,A-GOVDBT,-
TB20Y0530,20Y BGTB 26/05/2030,G-SEC (T.Bond),A,0.00,-,0.00,0.27,99.27,0.0000,0,,,,,,,,,,,,,,,,,,,,,,-,-,-,-,-,-,-,-,-,-,-,-,99.00,0.27,0,0.0000,0.00%,0.00%,0.00%,0.00%,0.00%,0.00%,-,-,0.00,0.00,-,-,-,-,-,A-GOVDBT,-
TB20Y0531,20Y BGTB 25/05/2031,G-SEC (T.Bond),A,0.00,-,0.00,0.32,100.65,0.0000,0,,,,,,,,,,,,,,,,,,,,,,-,-,-,-,-,-,-,-,-,-,-,-,100.33,0.32,0,0.0000,0.00%,0.00%,0.00%,0.00%,0.00%,0.00%,-,-,0.00,0.00,-,-,-,-,-,A-GOVDBT,-
TB20Y0532,20Y BGTB 30/05/2032,G-SEC (T.Bond),A,0.00,-,0.00,0.39,111.52,0.0000,0,,,,,,,,,,,,,,,,,,,,,,-,-,-,-,-,-,-,-,-,-,-,-,111.09,0.43,0,0.0000,0.00%,0.00%,0.00%,0.00%,0.00%,0.00%,-,-,0.00,0.00,-,-,-,-,-,A-GOVDBT,-
TB20Y0533,20Y BGTB 29/05/2033,G-SEC (T.Bond),A,0.00,-,0.00,-0.02,114.02,0.0000,0,,,,,,,,,,,,,,,,,,,,,,-,-,-,-,-,-,-,-,-,-,-,-,114.04,-0.02,0,0.0000,0.00%,0.00%,0.00%,0.00%,0.00%,0.00%,-,-,0.00,0.00,-,-,-,-,-,A-GOVDBT,-
TB20Y0534,20Y BGTB 28/05/2034,G-SEC (T.Bond),A,0.00,-,0.00,0.64,112.92,0.0000,0,,,,,,,,,,,,,,,,,,,,,,-,-,-,-,-,-,-,-,-,-,-,-,112.20,0.72,0,0.0000,0.00%,0.00%,0.00%,0.00%,0.00%,0.00%,-,-,0.00,0.00,-,-,-,-,-,A-GOVDBT,-
TB20Y0540,20Y BGTB 20/05/2040,G-SEC (T.Bond),A,0.00,-,0.00,0.00,95.49,0.0000,0,,,,,,,,,,,,,,,,,,,,,,-,-,-,-,-,-,-,-,-,-,-,-,95.49,0.00,0,0.0000,0.00%,0.00%,0.00%,0.00%,0.00%,0.00%,-,-,0.00,0.00,-,-,-,-,-,A-GOVDBT,-
TB20Y0545,20Y BGTB 28/05/2045,G-SEC (T.Bond),A,0.00,-,0.00,-0.67,119.56,0.0000,0,65.5537,-49.2439,113.9895,0.0000,0.0000,112.8171,112.4232,111.6986,0.7246,0.2006,122.1700,105.8090,0.0000,0.0000,116.1807,115.9555,115.1235,0.4785,0.0000,0.0000,0.0000,-,-,-,-,-,-,-,-,-,-,-,-,120.37,-0.81,0,0.0000,0.00%,0.00%,0.00%,0.00%,0.00%,0.00%,-,-,0.00,0.00,-,-,-,-,-,A-GOVDBT,-
TB20Y0628,20Y BGTB 25/06/2028,G-SEC (T.Bond),A,0.00,-,0.00,0.31,106.31,0.0000,0,,,,,,,,,,,,,,,,,,,,,,-,-,-,-,-,-,-,-,-,-,-,-,105.98,0.33,0,0.0000,0.00%,0.00%,0.00%,0.00%,0.00%,0.00%,-,-,0.00,0.00,-,-,-,-,-,A-GOVDBT,-
TB20Y0629,20Y BGTB 24/06/2029,G-SEC (T.Bond),A,0.00,-,0.00,0.14,101.76,0.0000,0,,,,,,,,,,,,,,,,,,,,,,-,-,-,-,-,-,-,-,-,-,-,-,101.62,0.14,0,0.0000,0.00%,0.00%,0.00%,0.00%,0.00%,0.00%,-,-,0.00,0.00,-,-,-,-,-,A-GOVDBT,-
TB20Y0630,20Y BGTB 23/06/2030,G-SEC (T.Bond),A,0.00,-,0.00,0.26,99.06,0.0000,0,,,,,,,,,,,,,,,,,,,,,,-,-,-,-,-,-,-,-,-,-,-,-,98.80,0.26,0,0.0000,0.00%,0.00%,0.00%,0.00%,0.00%,0.00%,-,-,0.00,0.00,-,-,-,-,-,A-GOVDBT,-
TB20Y0631,20Y BGTB 29/06/2031,G-SEC (T.Bond),A,0.00,-,0.00,0.33,100.67,0.0000,0,,,,,,,,,,,,,,,,,,,,,,-,-,-,-,-,-,-,-,-,-,-,-,100.34,0.33,0,0.0000,0.00%,0.00%,0.00%,0.00%,0.00%,0.00%,-,-,0.00,0.00,-,-,-,-,-,A-GOVDBT,-
TB20Y0632,20Y BGTB 27/06/2032,G-SEC (T.Bond),A,0.00,-,0.00,0.39,111.73,0.0000,0,,,,,,,,,,,,,,,,,,,,,,-,-,-,-,-,-,-,-,-,-,-,-,111.30,0.43,0,0.0000,0.00%,0.00%,0.00%,0.00%,0.00%,0.00%,-,-,0.00,0.00,-,-,-,-,-,A-GOVDBT,-
TB20Y0633,20Y BGTB 26/06/2033,G-SEC (T.Bond),A,0.00,-,0.00,-0.02,113.97,0.0000,0,,,,,,,,,,,,,,,,,,,,,,-,-,-,-,-,-,-,-,-,-,-,-,113.99,-0.02,0,0.0000,0.00%,0.00%,0.00%,0.00%,0.00%,0.00%,-,-,0.00,0.00,-,-,-,-,-,A-GOVDBT,-
TB20Y0634,20Y BGTB 25/06/2034,G-SEC (T.Bond),A,0.00,-,0.00,0.77,112.82,0.0000,0,,,,,,,,,,,,,,,,,,,,,,-,-,-,-,-,-,-,-,-,-,-,-,111.96,0.86,0,0.0000,0.00%,0.00%,0.00%,0.00%,0.00%,0.00%,-,-,0.00,0.00,-,-,-,-,-,A-GOVDBT,-
TB20Y0639,20Y BGTB 26/06/2039,G-SEC (T.Bond),A,0.00,-,0.00,1.45,96.39,0.0000,0,,,,,,,,,,,,,,,,,,,,,,-,-,-,-,-,-,-,-,-,-,-,-,95.01,1.38,0,0.0000,0.00%,0.00%,0.00%,0.00%,0.00%,0.00%,-,-,0.00,0.00,-,-,-,-,-,A-GOVDBT,-
TB20Y0640,20Y BGTB 24/06/2040,G-SEC (T.Bond),A,0.00,-,0.00,0.00,93.53,0.0000,0,,,,,,,,,,,,,,,,,,,,,,-,-,-,-,-,-,-,-,-,-,-,-,93.53,0.00,0,0.0000,0.00%,0.00%,0.00%,0.00%,0.00%,0.00%,-,-,0.00,0.00,-,-,-,-,-,A-GOVDBT,-
TB20Y0641,20Y BGTB 30/06/2041,G-SEC (T.Bond),A,0.00,-,0.00,0.01,71.00,0.0000,0,,,,,,,,,,,,,,,,,,,,,,-,-,-,-,-,-,-,-,-,-,-,-,70.99,0.01,0,0.0000,0.00%,0.00%,0.00%,0.00%,0.00%,0.00%,-,-,0.00,0.00,-,-,-,-,-,A-GOVDBT,-
TB20Y0642,20Y BGTB 29/06/2042,G-SEC (T.Bond),A,0.00,-,0.00,0.01,90.60,0.0000,0,,,,,,,,,,,,,,,,,,,,,,-,-,-,-,-,-,-,-,-,-,-,-,90.59,0.01,0,0.0000,0.00%,0.00%,0.00%,0.00%,0.00%,0.00%,-,-,0.00,0.00,-,-,-,-,-,A-GOVDBT,-
TB20Y0727,20Y BGTB 25/07/2027,G-SEC (T.Bond),A,0.00,-,0.00,-0.01,105.91,0.0000,0,,,,,,,,,,,,,,,,,,,,,,-,-,-,-,-,-,-,-,-,-,-,-,105.92,-0.01,0,0.0000,0.00%,0.00%,0.00%,0.00%,0.00%,0.00%,-,-,0.00,0.00,-,-,-,-,-,A-GOVDBT,-
TB20Y0728,20Y BGTB 23/07/2028,G-SEC (T.Bond),A,0.00,-,0.00,0.34,106.53,0.0000,0,,,,,,,,,,,,,,,,,,,,,,-,-,-,-,-,-,-,-,-,-,-,-,106.17,0.36,0,0.0000,0.00%,0.00%,0.00%,0.00%,0.00%,0.00%,-,-,0.00,0.00,-,-,-,-,-,A-GOVDBT,-
TB20Y0729,20Y BGTB 29/07/2029,G-SEC (T.Bond),A,0.00,-,0.00,0.11,98.87,0.0000,0,,,,,,,,,,,,,,,,,,,,,,-,-,-,-,-,-,-,-,-,-,-,-,98.76,0.11,0,0.0000,0.00%,0.00%,0.00%,0.00%,0.00%,0.00%,-,-,0.00,0.00,-,-,-,-,-,A-GOVDBT,-
TB20Y0730,20Y BGTB 29/07/2030,G-SEC (T.Bond),A,0.00,-,0.00,0.26,99.17,0.0000,0,,,,,,,,,,,,,,,,,,,,,,-,-,-,-,-,-,-,-,-,-,-,-,98.91,0.26,0,0.0000,0.00%,0.00%,0.00%,0.00%,0.00%,0.00%,-,-,0.00,0.00,-,-,-,-,-,A-GOVDBT,-
TB20Y0731,20Y BGTB 27/07/2031,G-SEC (T.Bond),A,0.00,-,0.00,0.32,102.05,0.0000,0,,,,,,,,,,,,,,,,,,,,,,-,-,-,-,-,-,-,-,-,-,-,-,101.72,0.33,0,0.0000,0.00%,0.00%,0.00%,0.00%,0.00%,0.00%,-,-,0.00,0.00,-,-,-,-,-,A-GOVDBT,-
TB20Y0732,20Y BGTB 25/07/2032,G-SEC (T.Bond),A,0.00,-,0.00,0.40,111.87,0.0000,0,,,,,,,,,,,,,,,,,,,,,,-,-,-,-,-,-,-,-,-,-,-,-,111.42,0.45,0,0.0000,0.00%,0.00%,0.00%,0.00%,0.00%,0.00%,-,-,0.00,0.00,-,-,-,-,-,A-GOVDBT,-
TB20Y0733,20Y BGTB 24/07/2033,G-SEC (T.Bond),A,0.00,-,0.00,-0.02,113.88,0.0000,0,,,,,,,,,,,,,,,,,,,,,,-,-,-,-,-,-,-,-,-,-,-,-,113.90,-0.02,0,0.0000,0.00%,0.00%,0.00%,0.00%,0.00%,0.00%,-,-,0.00,0.00,-,-,-,-,-,A-GOVDBT,-
TB20Y0734,20Y BGTB 23/07/2034,G-SEC (T.Bond),A,0.00,-,0.00,0.68,113.01,0.0000,0,,,,,,,,,,,,,,,,,,,,,,-,-,-,-,-,-,-,-,-,-,-,-,112.25,0.76,0,0.0000,0.00%,0.00%,0.00%,0.00%,0.00%,0.00%,-,-,0.00,0.00,-,-,-,-,-,A-GOVDBT,-
TB20Y0735,20Y BGTB 29/07/2035,G-SEC (T.Bond),A,0.00,-,0.00,1.04,103.89,0.0000,0,,,,,,,,,,,,,,,,,,,,,,-,-,-,-,-,-,-,-,-,-,-,-,102.82,1.07,0,0.0000,0.00%,0.00%,0.00%,0.00%,0.00%,0.00%,-,-,0.00,0.00,-,-,-,-,-,A-GOVDBT,-
TB20Y0744,20Y BGTB 28/07/2044,G-SEC (T.Bond),A,26690.89,-,0.00,0.21,123.18,0.0000,0,56.7302,0.0000,121.0615,117.6518,0.0000,116.2554,116.3587,116.4282,-0.0695,0.1245,127.6249,114.4981,0.0000,-694.1228,122.2509,122.1309,121.6840,0.6690,0.0000,0.0000,0.0000,-,-,-,-,-,-,-,-,-,-,-,-,122.92,0.26,0,0.0000,0.00%,0.00%,0.00%,0.00%,0.00%,0.00%,-,-,0.00,0.00,-,-,-,-,2166820000.00,A-GOVDBT,216682000
TB20Y0827,20Y BGTB 29/08/2027,G-SEC (T.Bond),A,0.00,-,0.00,0.02,105.96,0.0000,0,,,,,,,,,,,,,,,,,,,,,,-,-,-,-,-,-,-,-,-,-,-,-,105.94,0.02,0,0.0000,0.00%,0.00%,0.00%,0.00%,0.00%,0.00%,-,-,0.00,0.00,-,-,-,-,-,A-GOVDBT,-
TB20Y0828,20Y BGTB 27/08/2028,G-SEC (T.Bond),A,0.00,-,0.00,0.39,106.84,0.0000,0,,,,,,,,,,,,,,,,,,,,,,-,-,-,-,-,-,-,-,-,-,-,-,106.43,0.41,0,0.0000,0.00%,0.00%,0.00%,0.00%,0.00%,0.00%,-,-,0.00,0.00,-,-,-,-,-,A-GOVDBT,-
TB20Y0829,20Y BGTB 26/08/2029,G-SEC (T.Bond),A,0.00,-,0.00,0.08,97.73,0.0000,0,,,,,,,,,,,,,,,,,,,,,,-,-,-,-,-,-,-,-,-,-,-,-,97.65,0.08,0,0.0000,0.00%,0.00%,0.00%,0.00%,0.00%,0.00%,-,-,0.00,0.00,-,-,-,-,-,A-GOVDBT,-
TB20Y0830,20Y BGTB 25/08/2030,G-SEC (T.Bond),A,0.00,-,0.00,0.26,99.21,0.0000,0,,,,,,,,,,,,,,,,,,,,,,-,-,-,-,-,-,-,-,-,-,-,-,98.95,0.26,0,0.0000,0.00%,0.00%,0.00%,0.00%,0.00%,0.00%,-,-,0.00,0.00,-,-,-,-,-,A-GOVDBT,-
TB20Y0831,20Y BGTB 24/08/2031,G-SEC (T.Bond),A,0.00,-,0.00,0.33,103.06,0.0000,0,,,,,,,,,,,,,,,,,,,,,,-,-,-,-,-,-,-,-,-,-,-,-,102.72,0.34,0,0.0000,0.00%,0.00%,0.00%,0.00%,0.00%,0.00%,-,-,0.00,0.00,-,-,-,-,-,A-GOVDBT,-
TB20Y0832,20Y BGTB 29/08/2032,G-SEC (T.Bond),A,0.00,-,0.00,0.41,112.19,0.0000,0,,,,,,,,,,,,,,,,,,,,,,-,-,-,-,-,-,-,-,-,-,-,-,111.73,0.46,0,0.0000,0.00%,0.00%,0.00%,0.00%,0.00%,0.00%,-,-,0.00,0.00,-,-,-,-,-,A-GOVDBT,-
TB20Y0833,20Y BGTB 29/08/2033,G-SEC (T.Bond),A,0.00,-,0.00,-0.02,113.86,0.0000,0,,,,,,,,,,,,,,,,,,,,,,-,-,-,-,-,-,-,-,-,-,-,-,113.88,-0.02,0,0.0000,0.00%,0.00%,0.00%,0.00%,0.00%,0.00%,-,-,0.00,0.00,-,-,-,-,-,A-GOVDBT,-
TB20Y0834,20Y BGTB 27/08/2034,G-SEC (T.Bond),A,0.00,-,0.00,0.56,112.20,0.0000,0,,,,,,,,,,,,,,,,,,,,,,-,-,-,-,-,-,-,-,-,-,-,-,111.58,0.62,0,0.0000,0.00%,0.00%,0.00%,0.00%,0.00%,0.00%,-,-,0.00,0.00,-,-,-,-,-,A-GOVDBT,-
TB20Y0845,20Y BGTB 27/08/2045,G-SEC (T.Bond),A,10383.00,-,0.00,0.01,103.83,0.0000,0,,,,,,,,,,,,,,,,,,,,,,-,-,-,-,-,-,-,-,-,-,-,-,103.82,0.01,0,0.0000,0.00%,0.00%,0.00%,0.00%,0.00%,0.00%,-,-,0.00,0.00,-,-,-,-,1000000000.00,A-GOVDBT,100000000
TB20Y0927,20Y BGTB 26/09/2027,G-SEC (T.Bond),A,0.00,-,0.00,0.04,105.07,0.0000,0,,,,,,,,,,,,,,,,,,,,,,-,-,-,-,-,-,-,-,-,-,-,-,105.03,0.04,0,0.0000,0.00%,0.00%,0.00%,0.00%,0.00%,0.00%,-,-,0.00,0.00,-,-,-,-,-,A-GOVDBT,-
TB20Y0928,20Y BGTB 24/09/2028,G-SEC (T.Bond),A,0.00,-,0.00,0.38,107.06,0.0000,0,,,,,,,,,,,,,,,,,,,,,,-,-,-,-,-,-,-,-,-,-,-,-,106.65,0.41,0,0.0000,0.00%,0.00%,0.00%,0.00%,0.00%,0.00%,-,-,0.00,0.00,-,-,-,-,-,A-GOVDBT,-
TB20Y0930,20Y BGTB 29/09/2030,G-SEC (T.Bond),A,0.00,-,0.00,0.25,99.22,0.0000,0,,,,,,,,,,,,,,,,,,,,,,-,-,-,-,-,-,-,-,-,-,-,-,98.97,0.25,0,0.0000,0.00%,0.00%,0.00%,0.00%,0.00%,0.00%,-,-,0.00,0.00,-,-,-,-,-,A-GOVDBT,-
TB20Y0931,20Y BGTB 28/09/2031,G-SEC (T.Bond),A,0.00,-,0.00,0.34,105.49,0.0000,0,,,,,,,,,,,,,,,,,,,,,,-,-,-,-,-,-,-,-,-,-,-,-,105.13,0.36,0,0.0000,0.00%,0.00%,0.00%,0.00%,0.00%,0.00%,-,-,0.00,0.00,-,-,-,-,-,A-GOVDBT,-
TB20Y0932,20Y BGTB 26/09/2032,G-SEC (T.Bond),A,0.00,-,0.00,0.40,112.28,0.0000,0,,,,,,,,,,,,,,,,,,,,,,-,-,-,-,-,-,-,-,-,-,-,-,111.83,0.45,0,0.0000,0.00%,0.00%,0.00%,0.00%,0.00%,0.00%,-,-,0.00,0.00,-,-,-,-,-,A-GOVDBT,-
TB20Y0933,20Y BGTB 25/09/2033,G-SEC (T.Bond),A,0.00,-,0.00,0.00,114.01,0.0000,0,,,,,,,,,,,,,,,,,,,,,,-,-,-,-,-,-,-,-,-,-,-,-,114.01,0.00,0,0.0000,0.00%,0.00%,0.00%,0.00%,0.00%,0.00%,-,-,0.00,0.00,-,-,-,-,-,A-GOVDBT,-
TB20Y0934,20Y BGTB 24/09/2034,G-SEC (T.Bond),A,0.00,-,0.00,0.44,112.95,0.0000,0,,,,,,,,,,,,,,,,,,,,,,-,-,-,-,-,-,-,-,-,-,-,-,112.45,0.50,0,0.0000,0.00%,0.00%,0.00%,0.00%,0.00%,0.00%,-,-,0.00,0.00,-,-,-,-,-,A-GOVDBT,-
TB20Y1027,20Y BGTB 24/10/2027,G-SEC (T.Bond),A,0.00,-,0.00,0.07,105.00,0.0000,0,,,,,,,,,,,,,,,,,,,,,,-,-,-,-,-,-,-,-,-,-,-,-,104.93,0.07,0,0.0000,0.00%,0.00%,0.00%,0.00%,0.00%,0.00%,-,-,0.00,0.00,-,-,-,-,-,A-GOVDBT,-
TB20Y1028,20Y BGTB 29/10/2028,G-SEC (T.Bond),A,0.00,-,0.00,0.33,107.29,0.0000,0,,,,,,,,,,,,,,,,,,,,,,-,-,-,-,-,-,-,-,-,-,-,-,106.94,0.35,0,0.0000,0.00%,0.00%,0.00%,0.00%,0.00%,0.00%,-,-,0.00,0.00,-,-,-,-,-,A-GOVDBT,-
TB20Y1029,20Y BGTB 28/10/2029,G-SEC (T.Bond),A,0.00,-,0.00,-0.15,98.61,0.0000,0,,,,,,,,,,,,,,,,,,,,,,-,-,-,-,-,-,-,-,-,-,-,-,98.76,-0.15,0,0.0000,0.00%,0.00%,0.00%,0.00%,0.00%,0.00%,-,-,0.00,0.00,-,-,-,-,-,A-GOVDBT,-
TB20Y1030,20Y BGTB 27/10/2030,G-SEC (T.Bond),A,0.00,-,0.00,0.26,99.21,0.0000,0,,,,,,,,,,,,,,,,,,,,,,-,-,-,-,-,-,-,-,-,-,-,-,98.95,0.26,0,0.0000,0.00%,0.00%,0.00%,0.00%,0.00%,0.00%,-,-,0.00,0.00,-,-,-,-,-,A-GOVDBT,-
TB20Y1031,20Y BGTB 26/10/2031,G-SEC (T.Bond),A,0.00,-,0.00,0.33,108.17,0.0000,0,,,,,,,,,,,,,,,,,,,,,,-,-,-,-,-,-,-,-,-,-,-,-,107.81,0.36,0,0.0000,0.00%,0.00%,0.00%,0.00%,0.00%,0.00%,-,-,0.00,0.00,-,-,-,-,-,A-GOVDBT,-
TB20Y1032,20Y BGTB 25/10/2032,G-SEC (T.Bond),A,0.00,-,0.00,0.34,112.37,0.0000,0,,,,,,,,,,,,,,,,,,,,,,-,-,-,-,-,-,-,-,-,-,-,-,111.99,0.38,0,0.0000,0.00%,0.00%,0.00%,0.00%,0.00%,0.00%,-,-,0.00,0.00,-,-,-,-,-,A-GOVDBT,-
TB20Y1033,20Y BGTB 23/10/2033,G-SEC (T.Bond),A,0.00,-,0.00,0.01,114.16,0.0000,0,,,,,,,,,,,,,,,,,,,,,,-,-,-,-,-,-,-,-,-,-,-,-,114.15,0.01,0,0.0000,0.00%,0.00%,0.00%,0.00%,0.00%,0.00%,-,-,0.00,0.00,-,-,-,-,-,A-GOVDBT,-
TB20Y1034,20Y BGTB 29/10/2034,G-SEC (T.Bond),A,0.00,-,0.00,0.31,113.29,0.0000,0,,,,,,,,,,,,,,,,,,,,,,-,-,-,-,-,-,-,-,-,-,-,-,112.94,0.35,0,0.0000,0.00%,0.00%,0.00%,0.00%,0.00%,0.00%,-,-,0.00,0.00,-,-,-,-,-,A-GOVDBT,-
TB20Y1127,20Y BGTB 28/11/2027,G-SEC (T.Bond),A,0.00,-,0.00,0.10,104.91,0.0000,0,,,,,,,,,,,,,,,,,,,,,,-,-,-,-,-,-,-,-,-,-,-,-,104.80,0.11,0,0.0000,0.00%,0.00%,0.00%,0.00%,0.00%,0.00%,-,-,0.00,0.00,-,-,-,-,-,A-GOVDBT,-
TB20Y1128,20Y BGTB 26/11/2028,G-SEC (T.Bond),A,0.00,-,0.00,0.29,107.53,0.0000,0,,,,,,,,,,,,,,,,,,,,,,-,-,-,-,-,-,-,-,-,-,-,-,107.22,0.31,0,0.0000,0.00%,0.00%,0.00%,0.00%,0.00%,0.00%,-,-,0.00,0.00,-,-,-,-,-,A-GOVDBT,-
TB20Y1130,20Y BGTB 24/11/2030,G-SEC (T.Bond),A,0.00,-,0.00,0.27,99.89,0.0000,0,,,,,,,,,,,,,,,,,,,,,,-,-,-,-,-,-,-,-,-,-,-,-,99.62,0.27,0,0.0000,0.00%,0.00%,0.00%,0.00%,0.00%,0.00%,-,-,0.00,0.00,-,-,-,-,-,A-GOVDBT,-
TB20Y1131,20Y BGTB 23/11/2031,G-SEC (T.Bond),A,0.00,-,0.00,0.34,108.26,0.0000,0,,,,,,,,,,,,,,,,,,,,,,-,-,-,-,-,-,-,-,-,-,-,-,107.89,0.37,0,0.0000,0.00%,0.00%,0.00%,0.00%,0.00%,0.00%,-,-,0.00,0.00,-,-,-,-,-,A-GOVDBT,-
TB20Y1132,20Y BGTB 28/11/2032,G-SEC (T.Bond),A,0.00,-,0.00,0.26,112.56,0.0000,0,,,,,,,,,,,,,,,,,,,,,,-,-,-,-,-,-,-,-,-,-,-,-,112.27,0.29,0,0.0000,0.00%,0.00%,0.00%,0.00%,0.00%,0.00%,-,-,0.00,0.00,-,-,-,-,-,A-GOVDBT,-
TB20Y1133,20Y BGTB 27/11/2033,G-SEC (T.Bond),A,0.00,-,0.00,0.02,113.59,0.0000,0,,,,,,,,,,,,,,,,,,,,,,-,-,-,-,-,-,-,-,-,-,-,-,113.57,0.02,0,0.0000,0.00%,0.00%,0.00%,0.00%,0.00%,0.00%,-,-,0.00,0.00,-,-,-,-,-,A-GOVDBT,-
TB20Y1134,20Y BGTB 26/11/2034,G-SEC (T.Bond),A,0.00,-,0.00,0.21,113.58,0.0000,0,,,,,,,,,,,,,,,,,,,,,,-,-,-,-,-,-,-,-,-,-,-,-,113.34,0.24,0,0.0000,0.00%,0.00%,0.00%,0.00%,0.00%,0.00%,-,-,0.00,0.00,-,-,-,-,-,A-GOVDBT,-
TB20Y1135,20Y BGTB 25/11/2035,G-SEC (T.Bond),A,0.00,-,0.00,0.91,93.91,0.0000,0,,,,,,,,,,,,,,,,,,,,,,-,-,-,-,-,-,-,-,-,-,-,-,93.06,0.85,0,0.0000,0.00%,0.00%,0.00%,0.00%,0.00%,0.00%,-,-,0.00,0.00,-,-,-,-,-,A-GOVDBT,-
TB20Y1138,20Y BGTB 28/11/2038,G-SEC (T.Bond),A,0.00,-,0.00,1.36,89.15,0.0000,0,,,,,,,,,,,,,,,,,,,,,,-,-,-,-,-,-,-,-,-,-,-,-,87.95,1.20,0,0.0000,0.00%,0.00%,0.00%,0.00%,0.00%,0.00%,-,-,0.00,0.00,-,-,-,-,-,A-GOVDBT,-
TB20Y1227,20Y BGTB 26/12/2027,G-SEC (T.Bond),A,0.00,-,0.00,0.14,104.95,0.0000,0,,,,,,,,,,,,,,,,,,,,,,-,-,-,-,-,-,-,-,-,-,-,-,104.80,0.15,0,0.0000,0.00%,0.00%,0.00%,0.00%,0.00%,0.00%,-,-,0.00,0.00,-,-,-,-,-,A-GOVDBT,-
TB20Y1228,20Y BGTB 24/12/2028,G-SEC (T.Bond),A,0.00,-,0.00,0.25,107.73,0.0000,0,,,,,,,,,,,,,,,,,,,,,,-,-,-,-,-,-,-,-,-,-,-,-,107.46,0.27,0,0.0000,0.00%,0.00%,0.00%,0.00%,0.00%,0.00%,-,-,0.00,0.00,-,-,-,-,-,A-GOVDBT,-
TB20Y1229,20Y BGTB 23/12/2029,G-SEC (T.Bond),A,0.00,-,0.00,-0.53,98.24,0.0000,0,,,,,,,,,,,,,,,,,,,,,,-,-,-,-,-,-,-,-,-,-,-,-,98.76,-0.52,0,0.0000,0.00%,0.00%,0.00%,0.00%,0.00%,0.00%,-,-,0.00,0.00,-,-,-,-,-,A-GOVDBT,-
TB20Y1230,20Y BGTB 29/12/2030,G-SEC (T.Bond),A,0.00,-,0.00,0.27,100.32,0.0000,0,,,,,,,,,,,,,,,,,,,,,,-,-,-,-,-,-,-,-,-,-,-,-,100.05,0.27,0,0.0000,0.00%,0.00%,0.00%,0.00%,0.00%,0.00%,-,-,0.00,0.00,-,-,-,-,-,A-GOVDBT,-
TB20Y1231,20Y BGTB 28/12/2031,G-SEC (T.Bond),A,0.00,-,0.00,0.35,108.39,0.0000,0,,,,,,,,,,,,,,,,,,,,,,-,-,-,-,-,-,-,-,-,-,-,-,108.01,0.38,0,0.0000,0.00%,0.00%,0.00%,0.00%,0.00%,0.00%,-,-,0.00,0.00,-,-,-,-,-,A-GOVDBT,-
TB20Y1232,20Y BGTB 26/12/2032,G-SEC (T.Bond),A,0.00,-,0.00,0.19,113.13,0.0000,0,,,,,,,,,,,,,,,,,,,,,,-,-,-,-,-,-,-,-,-,-,-,-,112.92,0.21,0,0.0000,0.00%,0.00%,0.00%,0.00%,0.00%,0.00%,-,-,0.00,0.00,-,-,-,-,-,A-GOVDBT,-
TB20Y1233,20Y BGTB 26/12/2033,G-SEC (T.Bond),A,0.00,-,0.00,0.04,113.77,0.0000,0,,,,,,,,,,,,,,,,,,,,,,-,-,-,-,-,-,-,-,-,-,-,-,113.73,0.04,0,0.0000,0.00%,0.00%,0.00%,0.00%,0.00%,0.00%,-,-,0.00,0.00,-,-,-,-,-,A-GOVDBT,-
TB20Y1242,20Y BGTB 28/12/2042,G-SEC (T.Bond),A,0.00,-,0.00,0.66,92.80,0.0000,0,51.8502,-59.4223,0.0000,0.0000,0.0000,83.2052,83.2428,83.3117,-0.0689,-0.0186,0.0000,0.0000,0.0000,0.0000,84.1422,84.5214,85.4704,0.4208,0.0000,0.0000,0.0000,-,-,-,-,-,-,-,-,-,-,-,-,92.19,0.61,0,0.0000,0.00%,0.00%,0.00%,0.00%,0.00%,0.00%,-,-,0.00,0.00,-,-,-,-,-,A-GOVDBT,-
TB2Y0126,,,,,,,,,,,58.6375,-22.5080,0.0000,0.0000,0.0000,100.3720,100.3646,100.3519,0.0128,0.0026,0.0000,0.0000,0.0000,0.0000,100.4411,100.4459,100.4364,0.0627,0.0000,0.0000,0.0000,,,,,,,,,,,,,,,,,,,,,,,,,,,,,,,,,
TB2Y0127,02Y BGTB 08/01/2027,G-SEC (T.Bond),A,0.00,-,0.00,-0.14,100.95,0.0000,0,52.9667,-30.8642,101.0275,0.0000,0.0000,100.7299,100.7847,100.9345,-0.1498,-0.0999,103.0472,99.0078,0.0000,0.0000,101.0291,101.0549,101.0613,0.0207,0.0000,0.0000,0.0000,-,-,-,-,-,-,-,-,-,-,-,-,101.09,-0.14,0,0.0000,0.00%,0.00%,0.00%,0.00%,0.00%,0.00%,-,-,0.00,0.00,-,-,-,-,-,A-GOVDBT,-
TB2Y0227,02 Year BGTB 05/02/2027,G-SEC (T.Bond),A,0.00,-,0.00,0.89,100.64,0.0000,0,43.1807,-84.0426,0.0000,0.0000,0.0000,99.8892,99.8661,99.8108,0.0554,0.0307,0.0000,0.0000,0.0000,0.0000,100.4680,100.5022,100.5803,0.1072,0.0000,0.0000,0.0000,-,-,-,-,-,-,-,-,-,-,-,-,99.75,0.89,0,0.0000,0.00%,0.00%,0.00%,0.00%,0.00%,0.00%,-,-,0.00,0.00,-,-,-,-,-,A-GOVDBT,-
TB2Y0327,02 Year BGTB 05/03/2027,G-SEC (T.Bond),A,0.00,-,0.00,-0.18,100.83,0.0000,0,,,,,,,,,,,,,,,,,,,,,,-,-,-,-,-,-,-,-,-,-,-,-,101.01,-0.18,0,0.0000,0.00%,0.00%,0.00%,0.00%,0.00%,0.00%,-,-,0.00,0.00,-,-,-,-,-,A-GOVDBT,-
TB2Y0427,02Y BGTB 09/04/2027,G-SEC (T.Bond),A,0.00,-,0.00,-0.24,101.53,0.0000,0,,,,,,,,,,,,,,,,,,,,,,-,-,-,-,-,-,-,-,-,-,-,-,101.77,-0.24,0,0.0000,0.00%,0.00%,0.00%,0.00%,0.00%,0.00%,-,-,0.00,0.00,-,-,-,-,-,A-GOVDBT,-
TB2Y0526,,,,,,,,,,,48.6380,-54.7486,100.3000,0.0000,0.0000,100.2468,100.2368,100.1685,0.0683,0.0784,101.9737,98.6263,0.0000,14217.9795,100.2600,100.2732,100.2894,-0.0246,0.0000,0.0000,0.0000,,,,,,,,,,,,,,,,,,,,,,,,,,,,,,,,,
TB2Y0527,02Y BGTB 07/05/2027,G-SEC (T.Bond),A,0.00,-,0.00,-0.29,101.52,0.0000,0,,,,,,,,,,,,,,,,,,,,,,-,-,-,-,-,-,-,-,-,-,-,-,101.82,-0.30,0,0.0000,0.00%,0.00%,0.00%,0.00%,0.00%,0.00%,-,-,0.00,0.00,-,-,-,-,-,A-GOVDBT,-
TB2Y0627,02Y BGTB 04/06/2027,G-SEC (T.Bond),A,0.00,-,0.00,1.49,102.06,0.0000,0,44.5857,-91.0959,102.1775,0.0000,0.0000,100.8825,100.9242,100.9681,-0.0438,0.0271,103.7751,100.5799,0.0000,-4606.1467,101.8647,101.9417,102.0632,0.0555,0.0000,0.0000,0.0000,-,-,-,-,-,-,-,-,-,-,-,-,100.56,1.50,0,0.0000,0.00%,0.00%,0.00%,0.00%,0.00%,0.00%,-,-,0.00,0.00,-,-,-,-,-,A-GOVDBT,-
TB2Y0727,02Y BGTB 09/07/2027,G-SEC (T.Bond),A,42195.84,-,0.00,0.01,101.91,0.0000,0,,,,,,,,,,,,,,,,,,,,,,-,-,-,-,-,-,-,-,-,-,-,-,101.90,0.01,0,0.0000,0.00%,0.00%,0.00%,0.00%,0.00%,0.00%,-,-,0.00,0.00,-,-,-,-,4140500000.00,A-GOVDBT,414050000
TB2Y0826,2Y BGTB 07/08/2026,G-SEC (T.Bond),A,35003.50,-,0.00,0.00,0.00,0.0000,0,43.6017,-85.6655,100.2005,0.0000,0.0000,100.1312,100.2104,100.3081,-0.0977,0.0302,101.8150,98.5860,0.0000,969.4793,100.0320,100.0751,100.1407,-0.0309,0.0000,0.0000,0.0000,-,-,-,-,-,-,-,-,-,-,-,-,100.01,0.00,0,0.0000,0.00%,0.00%,0.00%,0.00%,0.00%,0.00%,-,-,0.00,0.00,-,-,-,-,3500000000.00,A-GOVDBT,350000000
TB2Y0927,02Y BGTB 03/09/2027,G-SEC (T.Bond),A,25197.50,-,0.00,0.06,100.79,0.0000,0,,,,,,,,,,,,,,,,,,,,,,-,-,-,-,-,-,-,-,-,-,-,-,100.73,0.06,0,0.0000,0.00%,0.00%,0.00%,0.00%,0.00%,0.00%,-,-,0.00,0.00,-,-,-,-,2500000000.00,A-GOVDBT,250000000
TB2Y1026,02Y BGTB 02/10/2026,G-SEC (T.Bond),A,0.00,-,0.00,-0.08,100.31,0.0000,0,45.4243,-100.0000,100.5245,0.0000,0.0000,100.4535,100.5052,100.5892,-0.0840,-0.0101,101.5735,99.4755,0.0000,0.0000,100.3913,100.4251,100.4780,0.0225,0.0000,0.0000,0.0000,-,-,-,-,-,-,-,-,-,-,-,-,100.39,-0.08,0,0.0000,0.00%,0.00%,0.00%,0.00%,0.00%,0.00%,-,-,0.00,0.00,-,-,-,-,-,A-GOVDBT,-
TB2Y1126,02Y BGTB 06/11/2026,G-SEC (T.Bond),A,0.00,-,0.00,-0.12,100.54,0.0000,0,48.3437,-64.6429,100.6715,0.0000,0.0000,100.4807,100.5171,100.4389,0.0783,0.1951,102.1721,99.1709,0.0000,-237.4287,100.5891,100.6042,100.6309,-0.0013,0.0000,0.0000,0.0000,-,-,-,-,-,-,-,-,-,-,-,-,100.66,-0.12,0,0.0000,0.00%,0.00%,0.00%,0.00%,0.00%,0.00%,-,-,0.00,0.00,-,-,-,-,-,A-GOVDBT,-
TB2Y1127,02Y BGTB 05/11/2027,G-SEC (T.Bond),A,40320.00,-,0.00,0.10,100.80,0.0000,0,,,,,,,,,,,,,,,,,,,,,,-,-,-,-,-,-,-,-,-,-,-,-,100.70,0.10,0,0.0000,0.00%,0.00%,0.00%,0.00%,0.00%,0.00%,-,-,0.00,0.00,-,-,-,-,4000000000.00,A-GOVDBT,400000000
TB5Y0128,5Y BGTB 11/01/2028,G-SEC (T.Bond),A,0.00,-,0.00,0.18,98.59,0.0000,0,,,,,,,,,,,,,,,,,,,,,,-,-,-,-,-,-,-,-,-,-,-,-,98.41,0.18,0,0.0000,0.00%,0.00%,0.00%,0.00%,0.00%,0.00%,-,-,0.00,0.00,-,-,-,-,-,A-GOVDBT,-
TB5Y0230,05Y BGTB 12/02/2030,G-SEC (T.Bond),A,0.00,-,0.00,-0.18,102.60,0.0000,0,,,,,,,,,,,,,,,,,,,,,,-,-,-,-,-,-,-,-,-,-,-,-,102.79,-0.19,0,0.0000,0.00%,0.00%,0.00%,0.00%,0.00%,0.00%,-,-,0.00,0.00,-,-,-,-,-,A-GOVDBT,-
TB5Y0327,05Y BGTB 16/03/2027,G-SEC (T.Bond),A,0.00,-,0.00,-0.16,98.03,0.0000,0,,,,,,,,,,,,,,,,,,,,,,-,-,-,-,-,-,-,-,-,-,-,-,98.19,-0.16,0,0.0000,0.00%,0.00%,0.00%,0.00%,0.00%,0.00%,-,-,0.00,0.00,-,-,-,-,-,A-GOVDBT,-
TB5Y0428,5Y BGTB 14/06/2028,G-SEC (T.Bond),A,0.00,-,0.00,0.28,98.33,0.0000,0,,,,,,,,,,,,,,,,,,,,,,-,-,-,-,-,-,-,-,-,-,-,-,98.06,0.27,0,0.0000,0.00%,0.00%,0.00%,0.00%,0.00%,0.00%,-,-,0.00,0.00,-,-,-,-,-,A-GOVDBT,-
TB5Y0429,05Y BGTB 15/04/2029,G-SEC (T.Bond),A,0.00,-,0.00,0.20,106.53,0.0000,0,53.9268,0.0000,105.2160,0.0000,0.0000,103.8795,103.8484,103.7475,0.1010,0.0801,107.5262,102.9058,0.0000,69.0179,105.1156,105.1691,105.1940,-0.0212,0.0000,0.0000,0.0000,-,-,-,-,-,-,-,-,-,-,-,-,106.32,0.21,0,0.0000,0.00%,0.00%,0.00%,0.00%,0.00%,0.00%,-,-,0.00,0.00,-,-,-,-,-,A-GOVDBT,-
TB5Y0430,05Y BGTB 16/04/2030,G-SEC (T.Bond),A,0.00,-,0.00,0.26,109.08,0.0000,0,,,,,,,,,,,,,,,,,,,,,,-,-,-,-,-,-,-,-,-,-,-,-,108.80,0.28,0,0.0000,0.00%,0.00%,0.00%,0.00%,0.00%,0.00%,-,-,0.00,0.00,-,-,-,-,-,A-GOVDBT,-
TB5Y0527,05Y BGTB 18/05/2027,G-SEC (T.Bond),A,0.00,-,0.00,-0.22,98.53,0.0000,0,,,,,,,,,,,,,,,,,,,,,,-,-,-,-,-,-,-,-,-,-,-,-,98.75,-0.22,0,0.0000,0.00%,0.00%,0.00%,0.00%,0.00%,0.00%,-,-,0.00,0.00,-,-,-,-,-,A-GOVDBT,-
TB5Y0529,05Y BGTB 15/05/2029,G-SEC (T.Bond),A,0.00,-,0.00,0.16,107.43,0.0000,0,53.5438,-41.7112,106.3565,105.8842,0.0000,105.0559,104.8929,104.4499,0.4430,0.2937,108.5148,104.1982,0.0000,-4.5666,106.0540,106.2022,106.3374,0.0867,0.0000,0.0000,0.0000,-,-,-,-,-,-,-,-,-,-,-,-,107.26,0.17,0,0.0000,0.00%,0.00%,0.00%,0.00%,0.00%,0.00%,-,-,0.00,0.00,-,-,-,-,-,A-GOVDBT,-
TB5Y0628,5Y BGTB 14/06/2028,G-SEC (T.Bond),A,0.00,-,0.00,0.33,99.01,0.0000,0,,,,,,,,,,,,,,,,,,,,,,-,-,-,-,-,-,-,-,-,-,-,-,98.68,0.33,0,0.0000,0.00%,0.00%,0.00%,0.00%,0.00%,0.00%,-,-,0.00,0.00,-,-,-,-,-,A-GOVDBT,-
TB5Y0630,05Y BGTB 18/06/2030,G-SEC (T.Bond),A,0.00,-,0.00,0.24,109.37,0.0000,0,60.9497,-14.7059,107.7630,0.0000,0.0000,106.3566,106.2681,106.2156,0.0525,-0.1173,111.1080,104.4180,0.0000,0.0000,107.8833,107.8686,107.8386,-0.2334,0.0000,0.0000,0.0000,-,-,-,-,-,-,-,-,-,-,-,-,109.11,0.26,0,0.0000,0.00%,0.00%,0.00%,0.00%,0.00%,0.00%,-,-,0.00,0.00,-,-,-,-,-,A-GOVDBT,-
TB5Y0727,5Y BGTB 13/07/2027,G-SEC (T.Bond),A,0.00,-,0.00,0.04,98.72,0.0000,0,,,,,,,,,,,,,,,,,,,,,,-,-,-,-,-,-,-,-,-,-,-,-,98.68,0.04,0,0.0000,0.00%,0.00%,0.00%,0.00%,0.00%,0.00%,-,-,0.00,0.00,-,-,-,-,-,A-GOVDBT,-
TB5Y0828,5Y BGTB 09/08/2028,G-SEC (T.Bond),A,0.00,-,0.00,0.39,99.42,0.0000,0,,,,,,,,,,,,,,,,,,,,,,-,-,-,-,-,-,-,-,-,-,-,-,99.03,0.39,0,0.0000,0.00%,0.00%,0.00%,0.00%,0.00%,0.00%,-,-,0.00,0.00,-,-,-,-,-,A-GOVDBT,-
TB5Y0926,05Y BGTB 15/09/2026,G-SEC (T.Bond),A,0.00,-,0.00,-0.01,99.51,0.0000,0,,,,,,,,,,,,,,,,,,,,,,-,-,-,-,-,-,-,-,-,-,-,-,99.52,-0.01,0,0.0000,0.00%,0.00%,0.00%,0.00%,0.00%,0.00%,-,-,0.00,0.00,-,-,-,-,-,A-GOVDBT,-
TB5Y0928,5Y BGTB 13/09/2028,G-SEC (T.Bond),A,0.00,-,0.00,0.44,99.58,0.0000,0,,,,,,,,,,,,,,,,,,,,,,-,-,-,-,-,-,-,-,-,-,-,-,99.14,0.44,0,0.0000,0.00%,0.00%,0.00%,0.00%,0.00%,0.00%,-,-,0.00,0.00,-,-,-,-,-,A-GOVDBT,-
TB5Y0930,05Y BGTB 10/09/2030,G-SEC (T.Bond),A,20366.00,-,0.00,0.25,101.83,0.0000,0,,,,,,,,,,,,,,,,,,,,,,-,-,-,-,-,-,-,-,-,-,-,-,101.58,0.25,0,0.0000,0.00%,0.00%,0.00%,0.00%,0.00%,0.00%,-,-,0.00,0.00,-,-,-,-,2000000000.00,A-GOVDBT,200000000
TB5Y1029,05Y BGTB 09/10/2029,G-SEC (T.Bond),A,0.00,-,0.00,1.46,107.36,0.0000,0,54.7278,-56.1404,106.4175,0.0000,0.0000,105.3425,105.2889,105.1900,0.0989,0.0278,108.5167,104.3183,0.0000,-3605.9807,106.5860,106.6574,106.5982,0.1155,0.0000,0.0000,0.0000,-,-,-,-,-,-,-,-,-,-,-,-,105.81,1.55,0,0.0000,0.00%,0.00%,0.00%,0.00%,0.00%,0.00%,-,-,0.00,0.00,-,-,-,-,-,A-GOVDBT,-
TB5Y1126,05Y BGTB 10/11/2026,G-SEC (T.Bond),A,0.00,-,0.00,-0.08,99.17,0.0000,0,,,,,,,,,,,,,,,,,,,,,,-,-,-,-,-,-,-,-,-,-,-,-,99.25,-0.08,0,0.0000,0.00%,0.00%,0.00%,0.00%,0.00%,0.00%,-,-,0.00,0.00,-,-,-,-,-,A-GOVDBT,-
TB5Y1127,5Y BGTB 16/11/2027,G-SEC (T.Bond),A,0.00,-,0.00,0.13,98.20,0.0000,0,,,,,,,,,,,,,,,,,,,,,,-,-,-,-,-,-,-,-,-,-,-,-,98.07,0.13,0,0.0000,0.00%,0.00%,0.00%,0.00%,0.00%,0.00%,-,-,0.00,0.00,-,-,-,-,-,A-GOVDBT,-
TB5Y1128,5Y BGTB 15/11/2028,G-SEC (T.Bond),A,0.00,-,0.00,0.32,103.33,0.0000,0,59.0698,-6.8323,102.3465,0.0000,0.0000,102.5496,102.3204,101.7865,0.5339,0.2819,105.9311,98.7619,0.0000,4566.1214,102.6336,102.5129,102.4291,0.1827,0.0000,0.0000,0.0000,-,-,-,-,-,-,-,-,-,-,-,-,103.00,0.33,0,0.0000,0.00%,0.00%,0.00%,0.00%,0.00%,0.00%,-,-,0.00,0.00,-,-,-,-,-,A-GOVDBT,-
TB5Y1130,05Y BGTB 30/11/2030,G-SEC (T.Bond),A,52270.00,-,0.00,0.26,104.54,0.0000,0,,,,,,,,,,,,,,,,,,,,,,-,-,-,-,-,-,-,-,-,-,-,-,104.27,0.27,0,0.0000,0.00%,0.00%,0.00%,0.00%,0.00%,0.00%,-,-,0.00,0.00,-,-,-,-,5000000000.00,A-GOVDBT,500000000
TB5Y1228,5Y BGTB 13/12/2028,G-SEC (T.Bond),A,0.00,-,100.11,-1.71,100.11,0.1000,"1,000",59.1327,-47.0588,0.0000,0.0000,0.0000,100.0412,99.9744,99.8331,0.1414,0.0612,0.0000,0.0000,0.0000,22089.5317,101.2538,101.1569,101.1153,0.2336,0.0000,0.0000,0.0000,-,-,-,-,-,-,-,-,-,-,-,-,101.85,-1.74,1,0.1000,0.00%,0.00%,0.00%,0.00%,0.00%,0.00%,-,-,0.00,0.00,-,-,-,-,-,A-GOVDBT,-
TB5Y1229,05Y BGTB 11/12/2029,G-SEC (T.Bond),A,32193.00,-,0.00,-0.61,107.31,0.0000,0,53.0267,-43.6155,106.8355,0.0000,0.0000,105.8885,105.7444,104.8537,0.8907,0.9934,109.9810,103.6900,0.0000,126665.2893,107.0284,107.0801,107.0251,0.0294,0.0000,0.0000,0.0000,-,-,-,-,-,-,-,-,-,-,-,-,107.97,-0.66,0,0.0000,0.00%,0.00%,0.00%,0.00%,0.00%,0.00%,-,-,0.00,0.00,-,-,-,-,3000000000.00,A-GOVDBT,300000000
TECHNODRUG,Techno Drugs Limited,Pharmaceuticals & Chemicals,A,5966.32,26.19,45.20,-1.95,45.20,50.3880,"1,102,499",46.6177,-97.1429,46.5600,44.7500,35.4995,46.7506,46.7485,46.0050,0.7436,1.0889,51.0792,42.0408,615.1900,-2603781.1745,46.8667,46.9756,47.0786,0.9356,0.0000,0.0000,0.0000,2.21,2.281,0.386,1.639,-,0.211,0.069,0.436,0.032,0.058,-,-,46.10,-0.90,"1,483",50.3880,37.29%,6.30%,30.99%,62.71%,0.00%,0.00%,-,10.00,1.76,30.58,29 Oct 2025,24 Dec 2025,26.19,29.30,1319981880.00,A-EQ,131998188
TILIL,Trust Islami Life Insurance PLC,Insurance,B,2088.00,265.50,52.20,-1.69,52.20,8.0880,"154,140",47.9040,-60.3774,53.2150,52.2960,47.0540,52.7424,52.7487,52.6946,0.0541,0.0933,57.3298,49.1002,345.0000,-255284.6843,52.8600,52.6167,52.6138,1.6097,0.0000,0.0000,0.0000,0.96,-,-,-,-,-,-,-,-,-,-,-,53.10,-0.90,434,8.0880,46.62%,3.85%,42.77%,53.38%,0.00%,0.00%,-,5.00,0.20,12.13,18 Aug 2025,30 Sep 2025,265.50,-,400000000.00,B-EQ,40000000
TITASGAS,Titas Gas Transmission and Distribution  PLC,Fuel & Power,B,19784.44,-,20.00,-1.48,20.00,6.4040,"319,036",49.8364,-82.3529,20.6400,18.9860,17.2555,20.3653,20.3711,20.0450,0.3261,0.4923,21.5945,19.6855,27.4900,-396184.0516,20.3778,20.3769,20.4643,1.3422,0.0000,0.0000,0.0000,1.00,1.127,-,1.108,-,-,-,0.001,-,-,-,-,20.30,-0.30,344,6.4040,25.00%,15.25%,9.72%,0.00%,75.00%,0.03%,-,2.00,-7.80,90.13,28 Oct 2025,24 Dec 2025,-,-,9892218310.00,B-EQ,989221831
TOSRIFA,Tosrifa Industries PLC,Textile,B,1570.46,30.93,23.10,-0.43,23.10,7.9330,"343,102",50.9114,-63.3333,23.6300,21.8460,18.3295,23.5281,23.5212,23.0556,0.4656,0.6698,24.4663,22.7937,519.3500,-832489.2832,23.5800,23.5910,23.6100,1.1919,0.0000,0.0000,0.0000,1.73,0.900,-,0.411,-,-,-,-,-,-,-,-,23.20,-0.10,370,7.9330,56.98%,24.91%,32.07%,43.02%,0.00%,0.00%,-,4.00,0.75,31.52,27 Oct 2025,28 Dec 2025,30.93,69.60,679851190.00,B-EQ,67985119
TRUSTB1MF,Trust Bank 1st Mutual Fund,Mutual Funds,A,1214.35,-,4.00,-2.44,4.00,10.3640,"2,587,706",58.1849,-40.0000,3.8050,3.3920,2.9435,4.0273,3.9733,3.7462,0.2271,0.2155,4.4256,3.1844,359.0100,3374000.7617,4.0889,4.0577,3.9486,1.2521,0.0000,0.0000,0.0000,-,-,-,-,-,-,-,-,-,-,-,-,4.10,-0.10,313,10.3640,98.49%,33.17%,65.32%,1.51%,0.00%,0.00%,-,-,-1.96,8.16,15 Sep 2024,-,-,-,3035866750.00,A-MF,303586675
TRUSTBANK,Trust Bank PLC.,Bank,A,15969.89,4.56,15.30,-0.65,15.30,15.0960,"984,297",33.2026,-90.9091,15.7150,15.8880,17.0905,15.5185,15.5637,15.6920,-0.1283,-0.0893,16.1658,15.2642,47.0500,-1659454.5091,15.4711,15.5167,15.6314,0.6960,0.0000,0.0000,0.0000,5.23,-,-,-,-,0.617,0.146,-,0.005,0.119,0.006,-,15.40,-0.10,897,15.0960,40.00%,23.39%,16.61%,60.00%,0.00%,0.00%,5.00,8.00,3.38,28.52,03 May 2026,28 Jul 2025,4.56,6.42,10437834560.00,A-EQ,1043783456
TUNGHAI,Tung Hai Knitting & Dyeing Limited,Textile,Z,415.95,-,3.90,8.33,3.90,2.3230,"595,602",78.4979,0.0000,2.8750,2.9400,2.4300,3.2364,3.1481,2.9948,0.1533,0.0316,3.5795,2.1705,99.2100,1999960.5725,3.2800,3.1897,3.0233,1.3523,0.0000,0.0000,0.0000,-,0.182,-,0.044,-,-,-,-,-,-,-,-,3.60,0.30,105,2.3230,69.96%,7.58%,62.38%,30.04%,0.00%,0.00%,-,-,-0.42,-6.18,31 Oct 2022,12 Dec 2022,-,-,1066530300.00,Z-EQ,106653030
UCB,United Commercial Bank PLC,Bank,Z,14728.57,62.67,9.50,1.06,9.50,1.9330,"204,138",51.3510,-63.6364,9.5600,9.1540,9.6135,9.6452,9.6306,9.4739,0.1567,0.1984,10.2978,8.8222,23.8700,95301.2713,9.6422,9.6833,9.6695,0.9766,0.0000,0.0000,0.0000,-,-,-,-,-,0.344,0.007,-,0.000,0.006,0.000,-,9.40,0.10,85,1.9330,88.92%,36.81%,51.60%,10.27%,0.81%,0.51%,-,-,0.15,25.71,03 May 2026,11 Jun 2026,62.67,21.36,15503758980.00,Z-EQ,1550375898
UCB2PBOND,UCB 2nd Perpetual Bond,Corporate Bond,A,282.00,-,0.00,0.00,4700.00,0.0000,0,,,,,,,,,,,,,,,,,,,,,,0.02,-,-,-,-,-,-,-,-,-,-,-,4700.00,0.00,0,0.0000,0.00%,0.00%,0.00%,0.00%,0.00%,0.00%,-,10.00,0.00,0.00,29 Jan 2026,-,-,-,600000.00,A-CB,60000
UNILEVERCL,Unilever Consumer Care Limited,Food & Allied,A,39340.81,49.54,2041.50,-0.02,2041.10,0.5270,258,40.2665,-94.6015,2055.3400,2059.4160,2165.4585,2046.2524,2048.3501,2054.2577,-5.9076,-4.0809,2076.5129,2034.1671,1.0000,-762.4540,2043.8422,2045.8141,2050.5995,0.3368,0.0000,0.0000,0.0000,2.06,0.753,5.520,0.509,-,0.178,0.131,0.668,0.070,1.102,-,-,2041.60,-0.50,68,0.5270,7.18%,3.46%,3.61%,92.82%,0.00%,0.11%,-,420.00,41.21,116.30,08 Mar 2026,18 May 2026,49.54,98.82,192743180.00,A-EQ,19274318
UNIONBANK,Union Bank PLC.,Bank,Z,1554.42,0.96,0.00,0.00,1.50,0.0000,0,31.6231,-100.0000,1.7050,1.9000,3.0850,1.6132,1.6390,1.7458,-0.1068,-0.1005,1.9248,1.4852,48.5200,-791884.7608,1.5867,1.6077,1.6590,1.0097,0.0000,0.0000,0.0000,-,-,-,-,-,1.265,17.228,-,-,1.048,-,-,1.50,0.00,0,0.0000,45.51%,13.47%,32.03%,54.49%,0.00%,0.01%,-,-,1.58,16.03,28 Apr 2024,12 Aug 2024,0.96,-,10362804480.00,Z-EQ,1036280448
UNIONCAP,Union Capital Limited,Financial Institutions,Z,828.35,-,4.80,-4.00,4.80,1.6210,"336,601",51.6888,-50.0000,4.7050,4.6780,4.2345,4.8677,4.8388,4.7492,0.0896,0.0683,5.1926,4.2174,70.1600,-747694.9324,4.9089,4.8949,4.8090,1.8191,0.0000,0.0000,0.0000,-,-,-,-,-,1.462,3.854,-,-,-,-,-,5.00,-0.20,152,1.6210,71.06%,16.76%,54.30%,28.94%,0.00%,0.00%,-,-,-2.46,-65.49,20 May 2026,29 Jul 2026,-,-,1725738430.00,Z-EQ,172573843
UNIONINS,Union Insurance PLC,Insurance,A,2473.36,28.61,51.10,-4.49,51.10,24.5180,"472,417",55.0819,-59.3023,52.0200,45.2180,36.9150,52.2516,51.9086,49.6784,2.2302,2.5265,55.3252,48.7148,562.7800,-110655.4978,52.6400,52.2949,52.0762,1.6486,0.0000,0.0000,0.0000,1.96,-,-,-,-,-,-,-,-,-,-,-,53.50,-2.40,820,24.5180,43.02%,12.40%,30.62%,56.98%,0.00%,0.00%,-,10.00,1.90,19.23,12 May 2026,25 Aug 2026,28.61,21.75,484022600.00,A-EQ,48402260
UNIQUEHRL,Unique Hotel & Resorts PLC,Travel & Leisure,A,12865.28,8.51,43.70,-0.91,43.70,8.5630,"195,046",44.6000,-83.7209,45.5500,43.1420,39.4600,44.7868,44.8958,44.6335,0.2624,0.6254,48.0162,43.0838,78.6800,-449140.3539,44.7822,44.7795,45.0510,1.2845,0.0000,0.0000,0.0000,3.66,1.026,0.113,1.008,0.131,0.380,0.095,0.700,0.006,0.009,-,-,44.10,-0.40,482,8.5630,47.55%,29.44%,17.95%,52.45%,0.00%,0.16%,-,16.00,5.18,93.91,28 Oct 2025,24 Dec 2025,8.51,11.06,2944000000.00,A-EQ,294400000
UNITEDFIN,United Finance PLC.,Financial Institutions,A,3517.75,18.21,18.80,-2.59,18.80,29.2440,"1,542,865",63.2025,-32.3529,17.6500,15.9600,13.1810,18.4952,18.2836,17.4330,0.8506,0.7863,19.6652,15.6348,267.9900,-1468098.0913,18.6956,18.5115,18.1186,1.6409,0.0000,0.0000,0.0000,5.32,-,-,-,-,0.404,0.155,-,-,-,-,0.108,19.30,-0.50,744,29.2440,59.87%,15.83%,44.04%,40.13%,0.00%,0.00%,-,10.00,1.06,17.90,29 Apr 2026,29 Jun 2026,18.21,35.74,1871146140.00,A-EQ,187114614
UNITEDINS,United Insurance Company Ltd.,Insurance,A,2985.95,19.54,67.10,-0.74,67.10,43.5650,"643,905",79.4513,-22.6721,54.4250,48.0760,43.5890,61.9696,60.0498,54.5956,5.4542,3.8049,69.4763,39.3737,297.9700,269540.4273,64.0089,61.8321,58.0010,1.0584,0.0000,0.0000,0.0000,2.24,-,-,-,-,-,-,-,-,-,-,-,67.60,-0.50,"1,051",43.5650,40.10%,20.09%,20.01%,59.90%,0.00%,0.00%,-,15.00,3.46,31.04,29 Apr 2026,29 Jun 2026,19.54,16.98,445000000.00,A-EQ,44500000
UPGDCL,United Power Generation & Distribution Company Limited,Fuel & Power,A,69795.31,5.83,120.40,-0.08,120.40,5.3970,"45,023",32.9502,-57.9235,126.3950,124.4840,122.8555,123.6241,124.2060,124.9970,-0.7910,0.1146,132.3082,120.4818,3.9400,-44490.4117,123.3178,123.7885,124.9714,0.8538,0.0000,0.0000,0.0000,5.40,1.368,-,1.250,0.319,0.337,0.312,0.340,0.158,0.281,-,-,120.50,-0.10,481,5.3970,10.00%,7.45%,2.54%,90.00%,0.00%,0.01%,-,65.00,20.66,73.89,27 Oct 2025,30 Dec 2025,5.83,6.15,5796952700.00,A-EQ,579695270
USMANIAGL,Usmania Glass Sheet Factory Limited,Miscellaneous,Z,1187.42,-,68.20,-4.08,68.20,4.9760,"71,365",55.4902,-48.5876,69.7300,54.6680,38.4925,69.0398,68.5463,64.6354,3.9110,4.6676,79.0918,60.3682,235.6900,-111471.1509,69.2800,68.5474,68.8086,1.2402,0.0000,0.0000,0.0000,-,0.654,-,0.293,-,-,-,-,-,-,-,-,71.10,-2.90,416,4.9760,47.00%,15.64%,31.36%,2.00%,51.00%,0.00%,-,-,-5.34,64.73,29 Oct 2025,21 Dec 2025,-,-,174109000.00,Z-EQ,17410900
UTTARABANK,Uttara Bank PLC,Bank,A,25590.84,3.49,21.10,-0.47,21.10,48.3890,"2,297,124",36.2795,-71.4286,21.3300,21.3600,22.9760,21.2567,21.2821,21.4240,-0.1419,-0.1529,21.5147,21.1453,48.7400,-1779084.9595,21.2444,21.2654,21.2971,0.6864,0.0000,0.0000,0.0000,2.37,-,-,-,-,0.608,0.298,-,0.018,0.190,0.020,-,21.20,-0.10,"1,073",48.3890,69.47%,24.03%,44.82%,30.53%,0.00%,0.62%,25.00,5.00,6.08,31.95,30 Apr 2026,15 Jun 2026,3.49,4.75,12128360900.00,A-EQ,1212836090
UTTARAFIN,Uttara Finance and Investments Limited,Financial Institutions,Z,1775.00,1.45,13.50,-1.46,13.50,0.2170,"16,113",50.1302,-53.3333,13.5200,13.4120,12.1110,13.6000,13.5852,13.5007,0.0845,0.0919,13.9677,13.0723,13.4400,-28839.1652,13.6156,13.6141,13.5905,1.3434,0.0000,0.0000,0.0000,11.11,-,-,-,-,0.983,0.593,-,-,-,-,0.564,13.70,-0.20,30,0.2170,55.56%,31.62%,16.12%,44.44%,0.00%,7.82%,5.00,15.00,9.45,62.45,24 Aug 2020,30 Sep 2020,1.45,6.12,1314815040.00,Z-EQ,131481504
VAMLBDMF1,Vanguard AML BD Finance Mutual Fund One,Mutual Funds,A,740.67,-,0.00,0.00,7.10,0.0000,0,45.8140,-71.4286,7.1600,7.2120,6.8430,7.2057,7.2027,7.1776,0.0250,0.0300,7.4458,6.8742,37.4300,-4593.5110,7.2333,7.2385,7.2100,0.6453,0.0000,0.0000,0.0000,-,-,-,-,-,-,-,-,-,-,-,-,7.10,0.00,0,0.0000,98.08%,81.13%,16.95%,1.92%,0.00%,0.00%,-,-,-0.10,9.55,01 Dec 2025,-,-,-,1043200000.00,A-MF,104320000
VAMLRBBF,Vanguard AML Rupali Bank Balanced Fund,Mutual Funds,A,1285.83,-,8.10,-1.22,8.10,3.5640,"438,332",58.0085,-83.3333,8.1100,7.3040,6.0725,8.1945,8.1656,7.9205,0.2451,0.2969,8.4272,7.7928,43.8700,-342497.1314,8.2289,8.2141,8.1729,0.8899,0.0000,0.0000,0.0000,-,-,-,-,-,-,-,-,-,-,-,-,8.20,-0.10,80,3.5640,74.80%,67.59%,7.21%,25.20%,0.00%,0.00%,-,-,-0.37,8.38,18 Feb 2026,-,-,3.45,1587450000.00,A-MF,158745000
VFSTDL,VFS Thread Dyeing Limited,Textile,B,1731.51,186.67,16.40,-2.38,16.40,16.9940,"1,022,010",44.4687,-86.3636,16.8850,16.4720,12.6750,16.9968,17.0005,16.8162,0.1844,0.2793,17.7392,16.0308,752.0300,-4136610.6324,17.0733,17.1051,17.0143,1.5134,0.0000,0.0000,0.0000,0.15,5.475,-,3.946,-,-,-,-,-,-,-,-,16.80,-0.40,626,16.9940,69.23%,14.52%,54.67%,30.77%,0.00%,0.04%,-,0.25,0.09,20.34,29 Oct 2025,30 Dec 2025,186.67,420.00,1055800550.00,B-EQ,105580055
WALTONHIL,Walton Hi-Tech Industries PLC,Engineering,A,131022.57,11.45,394.00,0.36,393.20,4.4960,"11,459",50.5742,-42.7948,396.8950,387.1740,382.4770,393.3604,393.6820,392.9330,0.7490,1.8076,410.5667,383.2233,2.7600,-29994.2736,393.0956,392.8295,394.1114,0.9127,0.0000,0.0000,0.0000,4.45,2.550,0.046,1.513,-,0.209,0.146,0.360,0.066,0.086,-,-,391.80,1.40,391,4.4960,32.91%,0.99%,31.88%,67.09%,0.00%,0.04%,10.00,175.00,34.22,399.74,04 Sep 2025,28 Oct 2025,11.45,15.23,3332211770.00,A-EQ,333221177
WATACHEM,Wata Chemicals Ltd,Pharmaceuticals & Chemicals,A,2130.01,188.51,143.70,3.01,143.70,16.9850,"118,194",57.8877,-15.1163,141.9850,138.7760,132.8350,140.7517,140.7631,140.4378,0.3253,0.5035,147.9255,136.0445,92.6800,-10605.1065,140.5200,140.3372,140.9129,1.1832,0.0000,0.0000,0.0000,0.70,0.545,0.439,0.490,-,0.249,0.014,0.296,0.004,0.012,-,-,139.50,4.20,888,16.9850,63.59%,36.78%,26.81%,36.41%,0.00%,0.00%,-,10.00,0.74,61.09,09 Nov 2025,24 Dec 2025,188.51,120.26,148226180.00,A-EQ,14822618
WMSHIPYARD,Western Marine Shipyard Limited,Engineering,Z,2375.56,-,10.10,-0.98,10.10,7.0780,"695,810",53.2418,-63.6364,10.0900,9.5840,8.6330,10.1618,10.1407,9.9851,0.1556,0.1823,10.3866,9.7934,100.2000,-822637.5699,10.1911,10.1744,10.1248,1.5692,0.0000,0.0000,0.0000,-,7.577,-,4.239,-,0.363,-,0.374,-,-,-,-,10.20,-0.10,301,7.0780,69.99%,15.39%,54.60%,30.01%,0.00%,0.00%,-,-,-0.02,16.16,16 Nov 2025,28 Dec 2025,-,-,2352037690.00,Z-EQ,235203769
YPL,Yeakin Polymer Limited,Engineering,Z,1790.88,-,24.30,-1.22,24.30,7.1020,"292,018",44.1477,-90.6250,24.9600,25.0100,19.1215,24.9076,24.9536,24.9265,0.0271,0.1411,25.8717,24.0483,150.3700,-581279.8771,24.9244,24.9949,25.0133,1.4127,0.0000,0.0000,0.0000,-,0.860,-,0.442,-,-,-,-,-,-,-,-,24.60,-0.30,371,7.1020,69.90%,17.00%,52.90%,30.10%,0.00%,0.00%,-,-,-0.71,6.16,08 Dec 2022,-,-,-,736988170.00,Z-EQ,73698817
ZAHEENSPIN,Zaheen Spinning Limited,Textile,Z,626.06,-,5.60,-1.79,5.50,0.8400,"150,630",45.0991,-75.0000,5.5150,5.6400,4.9495,5.5908,5.5847,5.5805,0.0041,-0.0073,5.7847,5.2453,49.3100,-206668.1524,5.6222,5.6103,5.5695,1.3993,0.0000,0.0000,0.0000,-,1.404,-,1.398,-,-,-,-,-,-,-,-,5.60,-0.10,54,0.8400,68.90%,23.71%,45.19%,31.10%,0.00%,0.00%,-,-,-0.55,3.39,28 Oct 2025,30 Dec 2025,-,-,1138283680.00,Z-EQ,113828368
ZAHINTEX,Zahintex Industries Limited,Textile,Z,728.27,-,9.00,-1.11,8.90,1.0450,"116,605",47.3308,-75.0000,9.0750,8.9120,6.9010,9.0244,9.0338,9.0121,0.0218,0.0527,9.5286,8.6214,77.4100,-140777.8646,9.0267,9.0179,9.0362,1.0055,0.0000,0.0000,0.0000,-,2.167,-,0.632,-,-,-,-,-,-,-,-,9.00,-0.10,82,1.0450,63.06%,20.95%,42.11%,36.94%,0.00%,0.00%,-,-,-2.58,10.01,29 Oct 2023,24 Dec 2023,-,-,818285490.00,Z-EQ,81828549
ZEALBANGLA,Zeal Bangla Sugar Mills Limited,Food & Allied,Z,1303.20,-,217.20,-0.96,217.20,5.6710,"25,075",57.9039,-63.9456,219.0850,171.2720,134.4495,216.9735,215.7912,203.1544,12.6368,15.9870,238.1616,200.0084,227.1500,-22990.1261,216.6578,216.9192,218.4400,0.9478,0.0000,0.0000,0.0000,-,0.269,-,0.057,-,-,-,-,-,0.069,-,-,219.30,-2.10,442,5.6710,49.00%,12.48%,36.52%,0.00%,51.00%,0.00%,-,-,-78.87,-1139.19,27 Oct 2025,15 Dec 2025,-,-,60000000.00,Z-EQ,6000000
