Symbol,Company,Sector,Category,Market Cap (mn),PE,LTP,%,Close,Value(Turnover) (mn),Volume(Qty),RSI[14],Willams %R[14],SMA[20],SMA[50],SMA[200],EMA[9],EMA[12],EMA[26],"MACD[12,26]",MACD Signal[9],"BB Upper[20,2]","BB Lower[20,2]",TV[22],"CO[3,10]",WMA[9],WMA[12],WMA[20],Beta[5],VWMA[20],VWMA[50],VWMA[200],Dividend Yield,Current Ratio,Quick Ratio,Debt To Equity,EBITDA Margin,Operating Profit Margin,Net Profit Margin,Gross Profit Margin,Return on Assets (ROA),Return on Equity (ROE),Return on Earnings Assets (ROEA),Return on Investment (ROI),YCP,Change,Trade,Value (Turnover)(mn),Free Float,Institute Share %,Public Share %,Sponsor Director Share %,Govt. Share %,Foreign Share %,Stock Dividend,Cash Dividend,EPS,NAV(Year End),Last Dividend Date,Last AGM Date,Audited PE,Forward PE,PaidUp Capital,Quote Bases,Total Shares
1JANATAMF,First Janata Bank Mutual Fund,Mutual Funds,A,1101.71,-,3.80,-2.56,3.80,4.9830,"1,297,554",51.9858,-83.3333,3.8600,3.4360,2.9330,3.9209,3.9070,3.7580,0.1491,0.1887,4.3643,3.3557,367.1400,1250453.1815,3.9378,3.9590,3.9410,1.2966,0.0000,0.0000,0.0000,-,-,-,-,-,-,-,-,-,-,-,-,3.90,-0.10,230,4.9830,75.00%,28.78%,46.22%,25.00%,0.00%,0.00%,-,-,-2.24,7.54,15 Sep 2024,-,-,-,2899233490.00,A-MF,289923349
1STPRIMFMF,Prime Finance First Mutual Fund,Mutual Funds,A,494.00,-,24.70,-0.40,24.70,13.0090,"527,812",54.4162,-55.8824,24.3600,22.9760,20.0985,24.8031,24.7240,24.2016,0.5224,0.5945,25.8878,22.8322,995.5700,-904227.7965,24.9756,24.9205,24.6405,0.9711,0.0000,0.0000,0.0000,-,-,-,-,-,-,-,-,-,-,-,-,24.80,-0.10,404,13.0090,98.00%,23.98%,74.01%,2.00%,0.00%,0.01%,-,-,-0.53,8.60,01 Feb 2026,-,-,10.25,200000000.00,A-MF,20000000
AAMRANET,Aamra Networks Limited.,IT Sector,Z,1896.79,8.41,20.40,-1.45,20.40,5.9250,"288,286",45.9553,-88.2353,20.8600,20.1720,17.9115,20.8355,20.8590,20.6987,0.1603,0.2872,21.4418,20.2782,92.0200,-564741.5480,20.8489,20.8833,20.8990,1.3596,0.0000,0.0000,0.0000,4.90,2.957,-,2.304,0.204,0.214,0.188,0.399,0.055,0.067,-,-,20.70,-0.30,350,5.9250,66.96%,21.95%,45.01%,33.04%,0.00%,0.00%,-,10.00,2.46,37.01,29 Oct 2024,31 Dec 2024,8.41,20.16,929799120.00,Z-EQ,92979912
AAMRATECH,Aamra Technologies Limited,IT Sector,Z,1475.33,-,22.80,0.44,22.80,6.9360,"303,005",75.3023,-20.0000,20.0850,17.5480,13.3910,22.0095,21.5918,19.9720,1.6198,1.4647,24.6060,15.5640,122.1900,234566.2167,22.5044,22.2192,21.2600,1.5065,0.0000,0.0000,0.0000,0.44,1.988,-,1.236,-,-,-,0.200,-,-,-,-,22.70,0.10,339,6.9360,69.99%,32.06%,37.93%,30.01%,0.00%,0.00%,-,-,0.00,0.00,-,-,-,-,647074420.00,Z-EQ,64707442
ABB1STMF,AB BANK 1ST MUTUAL FUND,Mutual Funds,A,932.45,-,3.90,0.00,3.90,6.5110,"1,658,700",51.6158,-83.3333,3.9750,3.5820,3.0710,3.9834,3.9787,3.8649,0.1139,0.1573,4.3470,3.6030,651.9600,-4248888.9644,3.9933,4.0141,4.0143,1.2433,0.0000,0.0000,0.0000,-,-,-,-,-,-,-,-,-,-,-,-,3.90,0.00,119,6.5110,84.49%,13.20%,71.29%,15.51%,0.00%,0.00%,-,-,-1.37,8.69,25 Sep 2024,-,-,-,2390903960.00,A-MF,239090396
ABBANK,AB Bank PLC,Bank,Z,4388.90,-,5.00,-2.00,4.90,2.6370,"537,935",47.1418,-75.0000,4.9700,4.8600,5.0000,4.9475,4.9501,4.9380,0.0121,0.0235,5.1165,4.8235,19.2500,-269884.9391,4.9356,4.9436,4.9619,1.7329,0.0000,0.0000,0.0000,-,-,-,-,-,1.242,1.343,-,-,1.199,-,-,5.00,-0.10,166,2.6370,80.48%,35.25%,44.69%,18.95%,0.57%,0.54%,-,-,-43.42,-36.24,03 May 2026,18 Jun 2026,-,-,8956947490.00,Z-EQ,895694749
ABBLPBOND,AB Bank Perpetual Bond,Corporate Bond,A,6053.59,-,0.00,0.00,1060.00,0.0000,0,63.0051,-25.0000,1068.0000,1047.2000,0.0000,1048.3281,1041.8432,1008.2701,33.5732,35.1310,1136.8491,999.1509,11.5000,4204.2088,1067.1111,1069.8718,1070.6190,0.0020,0.0000,0.0000,0.0000,0.09,-,-,-,-,-,-,-,-,-,-,-,1060.00,0.00,0,0.0000,100.00%,94.73%,5.27%,0.00%,0.00%,0.00%,-,10.00,0.00,0.00,10 Dec 2025,-,-,-,57109360.00,A-CB,5710936
ACFL,Aman Cotton Fibrous PLC,Textile,A,2379.67,112.86,23.60,-0.42,23.60,1.8290,"76,902",49.3635,-51.6129,23.6400,23.8000,19.6115,23.7454,23.7440,23.6547,0.0893,0.1281,24.5424,22.7376,29.6000,-78336.3581,23.7511,23.8128,23.7329,1.1973,0.0000,0.0000,0.0000,4.24,2.961,-,1.970,-,-,-,-,-,-,-,-,23.70,-0.10,80,1.8290,50.42%,11.65%,38.67%,49.58%,0.00%,0.10%,-,10.00,0.21,33.63,27 Oct 2025,29 Dec 2025,112.86,253.93,1008333330.00,A-EQ,100833333
ACI,ACI Limited,Pharmaceuticals & Chemicals,A,17408.27,-,198.20,-0.65,198.20,12.2450,"61,701",44.4331,-88.0000,201.7600,198.3020,195.8770,200.3182,200.6267,200.5748,0.0519,0.7539,206.6934,196.8266,27.1900,-62202.1280,200.1978,200.5833,201.0010,1.1406,0.0000,0.0000,0.0000,1.26,0.676,0.568,0.384,-,0.074,-,0.249,-,-,-,-,199.50,-1.30,618,12.2450,52.73%,34.34%,18.39%,47.27%,0.00%,0.00%,-,25.00,-7.40,91.64,29 Oct 2025,28 Dec 2025,-,-,878318430.00,A-EQ,87831843
ACIFORMULA,ACI Formulations PLC,Pharmaceuticals & Chemicals,A,8419.95,22.18,178.20,2.35,178.20,137.0130,"769,489",60.3089,-31.4607,175.1850,159.3160,141.5485,174.5430,173.9589,169.6789,4.2800,5.0114,184.9645,165.4055,347.3900,-140133.9707,174.6600,174.4308,174.3281,1.2870,0.0000,0.0000,0.0000,1.40,1.236,-,0.925,-,0.142,0.072,0.323,0.043,0.104,-,-,174.10,4.10,"2,428",137.0130,33.98%,21.87%,12.11%,66.02%,0.00%,0.00%,-,25.00,7.85,75.51,29 Oct 2025,28 Dec 2025,22.18,15.81,472500000.00,A-EQ,47250000
ACMELAB,The ACME Laboratories Limited,Pharmaceuticals & Chemicals,A,17605.26,7.24,83.20,0.12,83.20,10.0110,"120,440",50.9960,-58.6207,83.3600,82.5240,76.7970,83.1116,83.1657,83.0993,0.0664,0.2164,84.8445,81.8755,55.6100,-309489.0698,83.0089,83.0564,83.1319,1.2032,0.0000,0.0000,0.0000,4.21,1.154,0.265,0.680,-,0.098,0.068,0.422,0.042,0.091,-,-,83.10,0.10,423,10.0110,59.61%,30.50%,29.09%,40.39%,0.00%,0.02%,-,35.00,11.48,126.37,28 Oct 2025,22 Dec 2025,7.24,6.63,2116017000.00,A-EQ,211601700
ACMEPL,Acme Pesticides Limited,Pharmaceuticals & Chemicals,B,3456.00,-,25.60,4.49,25.60,103.3090,"4,100,470",59.9906,-20.6897,23.7600,23.7780,19.6415,24.8046,24.6120,24.0837,0.5283,0.3540,26.7690,20.7510,740.5000,-985741.9534,25.0956,25.0090,24.3781,1.4193,0.0000,0.0000,0.0000,-,4.422,0.117,3.222,-,-,-,-,-,-,-,-,24.50,1.10,"2,061",103.3090,68.20%,18.80%,49.40%,31.80%,0.00%,0.00%,-,0.01,-1.14,16.41,02 Nov 2025,29 Dec 2025,-,-,1350000000.00,B-EQ,135000000
ACTIVEFINE,Active Fine Chemicals Limited,Pharmaceuticals & Chemicals,Z,1631.57,62.73,6.80,-1.45,6.80,2.0550,"301,135",47.1315,-60.0000,6.8250,6.9480,6.5840,6.8429,6.8475,6.8668,-0.0193,-0.0184,7.0289,6.6211,49.2900,-350236.4687,6.8444,6.8603,6.8462,1.3363,0.0000,0.0000,0.0000,0.37,-,-,-,-,-,-,-,-,-,-,-,6.90,-0.10,122,2.0550,87.96%,21.05%,66.64%,12.04%,0.00%,0.27%,-,0.25,0.11,22.07,30 Oct 2022,29 Dec 2022,62.73,43.13,2399365800.00,Z-EQ,239936580
ADNTEL,ADN Telecom Limited,IT Sector,A,4299.34,26.35,66.50,-1.04,66.50,8.3580,"125,742",45.1972,-73.5294,67.5100,67.4900,61.7565,67.0114,67.1547,67.4082,-0.2535,-0.0581,69.3601,65.6599,105.1700,-190298.8377,66.8600,66.9923,67.1910,1.2640,0.0000,0.0000,0.0000,1.50,1.943,-,1.935,0.122,0.152,0.091,0.354,0.049,0.077,-,-,67.20,-0.70,500,8.3580,59.24%,17.51%,40.21%,40.76%,0.00%,1.52%,-,10.00,2.55,32.82,28 Oct 2025,15 Dec 2025,26.35,27.10,646516660.00,A-EQ,64651666
ADVENT,Advent Pharma Limited,Pharmaceuticals & Chemicals,Z,1499.44,22.36,16.10,0.00,16.10,3.5280,"219,093",54.2511,-47.6190,15.9200,15.7140,14.2435,16.1224,16.0907,15.9254,0.1653,0.1735,16.6615,15.1785,108.2000,-255695.6839,16.1889,16.1821,16.0524,1.4702,0.0000,0.0000,0.0000,0.31,1.507,0.005,1.157,-,0.200,0.134,0.352,0.035,0.044,-,-,16.10,0.00,137,3.5280,69.98%,12.79%,56.19%,30.02%,0.00%,1.00%,-,0.50,0.72,16.43,27 Oct 2025,31 Dec 2025,22.36,36.59,931327320.00,Z-EQ,93132732
AFCAGRO,AFC Agro Biotech Limited,Pharmaceuticals & Chemicals,Z,806.51,32.27,7.00,-1.41,7.00,1.1100,"157,404",41.6579,-71.4286,7.1900,7.5260,6.4575,7.1517,7.1737,7.2718,-0.0981,-0.0959,7.4487,6.9313,37.1700,-172849.3908,7.1467,7.1628,7.1748,1.6496,0.0000,0.0000,0.0000,0.71,5.609,-,4.057,-,0.066,0.036,0.232,0.010,0.012,-,-,7.10,-0.10,88,1.1100,72.16%,34.11%,38.05%,27.84%,0.00%,0.00%,-,0.50,0.22,18.19,30 Oct 2022,29 Dec 2022,32.27,31.32,1152162000.00,Z-EQ,115216200
AFTABAUTO,Aftab Automobiles Limited,Engineering,Z,3187.46,-,30.20,0.00,30.20,3.1890,"105,644",43.0330,-75.0000,30.7350,31.0060,31.3940,30.4107,30.4804,30.6573,-0.1769,-0.1073,31.7492,29.7208,43.1000,-129438.2850,30.3467,30.4051,30.5233,1.3070,0.0000,0.0000,0.0000,3.31,1.931,2.289,1.802,-,-,-,0.254,-,-,-,-,30.20,0.00,193,3.1890,70.68%,32.54%,38.14%,29.32%,0.00%,0.00%,-,10.00,-1.37,47.57,28 Oct 2025,29 Dec 2025,-,-,1055449950.00,Z-EQ,105544995
AGNISYSL,Agni Systems PLC.,IT Sector,B,2358.08,39.26,32.50,2.20,32.50,48.3300,"1,497,343",52.2891,-54.5455,32.9750,31.3780,24.4940,32.3220,32.3896,32.1772,0.2124,0.4608,34.9118,31.0382,756.1200,-805764.6590,32.2022,32.3051,32.5767,1.2356,0.0000,0.0000,0.0000,0.77,3.518,-,3.484,0.174,0.181,0.082,0.383,0.039,0.048,-,-,31.80,0.70,"1,123",48.3300,69.97%,14.59%,55.38%,30.03%,0.00%,0.00%,-,2.50,0.81,16.95,28 Oct 2025,29 Dec 2025,39.26,29.09,725561920.00,B-EQ,72556192
AGRANINS,Agrani Insurance PLC.,Insurance,A,1149.00,178.33,31.90,-0.62,31.90,9.8940,"310,344",60.1168,-26.6667,30.4050,28.6760,24.2615,31.5498,31.3106,30.3021,1.0086,0.9580,33.2956,27.5144,351.5100,-14475.8976,31.8289,31.6692,31.0348,1.4403,0.0000,0.0000,0.0000,-,-,-,-,-,-,-,-,-,-,-,-,32.10,-0.20,420,9.8940,72.25%,17.03%,55.22%,27.75%,0.00%,0.00%,-,-,0.18,19.42,16 Mar 2026,14 May 2026,178.33,32.10,360186980.00,A-EQ,36018698
AIBL1STIMF,AIBL 1st Islamic Mutual Fund,Mutual Funds,A,630.00,128.00,6.30,-1.56,6.30,7.0730,"1,122,612",54.4201,-88.8889,6.5450,5.2900,4.1005,6.4533,6.4384,6.1304,0.3080,0.4204,6.9090,6.1810,1234.4400,-704367.0054,6.4578,6.4782,6.5219,0.8111,0.0000,0.0000,0.0000,-,-,-,-,-,-,-,-,-,-,-,-,6.40,-0.10,292,7.0730,90.00%,40.05%,49.95%,10.00%,0.00%,0.00%,-,0.60,0.05,10.27,16 May 2023,-,128.00,72.73,1000000000.00,A-MF,100000000
AIBLPBOND,AIBL Mudaraba Perpetual Bond,Corporate Bond,A,395.00,-,0.00,0.00,3950.00,0.0000,0,50.7085,-57.9767,3941.4250,3945.9800,3708.6425,3947.2044,3937.2209,3935.5452,1.6757,-19.4604,4101.4879,3781.3621,0.4800,-0.1626,3962.8222,3959.8590,3950.3929,0.0418,0.0000,0.0000,0.0000,0.03,-,-,-,-,-,-,-,-,-,-,-,3950.00,0.00,0,0.0000,100.00%,87.13%,12.17%,0.00%,0.00%,0.70%,-,-,0.00,0.00,-,-,-,-,1000000.00,A-CB,100000
AIL,Alif Industries Limited,Textile,Z,1859.46,16.19,38.20,0.00,38.20,8.9720,"234,913",61.4452,-54.8387,37.7700,35.8180,35.5210,37.7936,37.7379,37.1838,0.5541,0.6928,38.6504,36.8896,136.9500,-298792.9810,37.7289,37.7269,37.7700,1.1421,0.0000,0.0000,0.0000,2.62,4.992,-,4.235,-,-,-,-,-,-,-,-,38.20,0.00,335,8.9720,69.76%,13.74%,56.02%,30.24%,0.00%,0.00%,10.00,10.00,2.36,24.56,29 Oct 2024,30 Dec 2024,16.19,12.68,486768350.00,Z-EQ,48676835
AL-HAJTEX,Al-Haj Textile Mills Limited,Textile,B,2169.65,9.63,0.00,0.31,97.30,10.0680,"103,326",40.1832,-86.7470,101.5300,102.4000,118.9635,98.2966,98.8997,100.7259,-1.8262,-1.3613,111.4753,91.5847,429.8200,-308176.3256,97.5711,98.0167,99.2671,1.0679,0.0000,0.0000,0.0000,0.31,1.616,-,1.134,-,-,-,-,-,-,-,-,97.00,0.30,579,10.0680,69.34%,9.08%,60.21%,30.65%,0.01%,0.05%,-,3.00,-1.64,16.38,23 Jul 2026,14 Sep 2026,9.63,-,222985490.00,B-EQ,22298549
ALARABANK,Al-Arafah Islami Bank PLC.,Bank,Z,18427.07,25.00,16.00,-3.03,16.00,1.0030,"62,564",45.1434,-94.7368,16.8600,15.7640,15.3790,16.3244,16.3936,16.3431,0.0505,0.2262,18.1156,15.6044,2.9800,-217148.6154,16.1800,16.2744,16.5710,0.5942,0.0000,0.0000,0.0000,-,-,-,-,-,0.230,0.056,-,0.001,0.033,0.002,-,16.50,-0.50,60,1.0030,59.59%,35.52%,24.04%,40.41%,0.00%,0.03%,-,-,0.74,21.16,03 May 2026,29 Jul 2026,25.00,9.59,11516917130.00,Z-EQ,1151691713
ALIF,Alif Manufacturing Company Ltd,Textile,Z,1455.59,16.97,5.60,0.00,5.60,1.1100,"197,592",54.0999,-40.0000,5.5700,5.5040,4.7605,5.5745,5.5728,5.5522,0.0206,0.0265,5.7165,5.4235,58.3500,-490960.8121,5.5667,5.5731,5.5743,1.6303,0.0000,0.0000,0.0000,1.79,15.328,-,13.723,-,-,-,-,-,-,-,-,5.60,0.00,67,1.1100,69.54%,3.78%,65.76%,30.46%,0.00%,0.00%,-,1.00,0.33,15.15,29 Oct 2024,29 Dec 2024,16.97,26.25,2599270220.00,Z-EQ,259927022
ALLTEX,Alltex Industries Limited,Textile,Z,1382.41,-,24.70,2.07,24.70,11.6070,"471,442",82.5588,-5.0000,21.0050,18.7520,15.2825,22.9239,22.4335,20.8584,1.5751,1.2396,24.9282,17.0818,182.9700,323620.3140,23.4222,22.9923,21.9695,1.3792,0.0000,0.0000,0.0000,-,0.234,-,0.226,-,-,-,-,-,-,-,-,24.20,0.50,436,11.6070,63.75%,13.25%,50.50%,36.25%,0.00%,0.00%,-,-,-0.18,24.77,08 Dec 2025,18 Jun 2026,-,605.00,559680000.00,Z-EQ,55968000
AMANFEED,Aman Feed PLC,Miscellaneous,A,5003.07,170.45,38.60,1.87,38.20,40.2750,"1,062,359",57.0663,-56.2500,38.0550,35.4940,27.2395,38.0516,37.9663,37.1527,0.8136,1.0092,39.1103,36.9997,328.6000,-1155168.3059,38.1133,38.0974,38.0829,1.2782,0.0000,0.0000,0.0000,3.01,2.425,-,1.527,0.016,0.066,0.003,0.108,0.003,0.008,-,-,37.50,0.70,998,40.2750,36.74%,10.39%,26.32%,63.26%,0.00%,0.03%,-,11.50,0.22,28.03,27 Oct 2025,29 Dec 2025,170.45,48.49,1309704000.00,A-EQ,130970400
AMBEEPHA,Ambee Pharmaceuticals PLC.,Pharmaceuticals & Chemicals,A,1926.72,358.55,804.00,1.31,802.80,0.0580,72,52.1923,-67.6617,810.0700,783.0020,762.8200,802.4570,803.0016,798.3097,4.6919,8.0958,833.4932,786.6468,23.6100,-146.9642,801.2222,803.5987,806.6562,0.8232,0.0000,0.0000,0.0000,0.12,0.828,0.006,0.526,-,0.035,0.023,0.475,0.007,0.164,-,-,792.40,10.40,13,0.0580,22.75%,5.62%,17.13%,77.25%,0.00%,0.00%,-,10.00,2.21,13.47,02 Nov 2025,18 Dec 2025,358.55,262.96,24000000.00,A-EQ,2400000
AMCL(PRAN),Agricultural Marketing Co Ltd.,Food & Allied,A,1892.00,46.35,235.20,1.85,236.50,5.8150,"24,680",61.9167,-22.9730,231.1300,225.4900,214.0275,231.6178,231.1502,229.3947,1.7556,1.5548,239.0227,223.2373,41.4400,-9392.3237,231.8533,231.0654,230.5490,0.9340,0.0000,0.0000,0.0000,1.35,1.559,-,0.623,0.023,0.026,0.011,0.191,0.022,0.054,-,-,232.20,4.30,356,5.8150,59.85%,28.88%,30.97%,40.15%,0.00%,0.00%,-,32.00,5.01,92.88,27 Oct 2025,24 Dec 2025,46.35,36.74,80000000.00,A-EQ,8000000
ANLIMAYARN,Anlima Yarn Dyeing Limited,Textile,Z,623.59,-,34.90,0.00,34.90,0.6070,"17,432",56.1492,-42.8571,34.2350,33.3960,22.9660,34.7726,34.6649,34.0506,0.6143,0.6669,35.9692,32.5008,109.9400,52350.4928,34.9711,34.8154,34.4776,1.0634,0.0000,0.0000,0.0000,-,0.523,-,0.382,-,-,-,-,-,-,-,-,34.90,0.00,91,0.6070,55.57%,7.17%,48.40%,44.43%,0.00%,0.00%,-,-,-2.99,5.63,19 Oct 2025,22 Dec 2025,-,-,178678000.00,Z-EQ,17867800
ANWARGALV,Anwar Galvanizing Limited,Engineering,A,3501.70,-,116.00,2.02,116.00,55.9170,"484,411",56.3383,-7.0423,113.5250,115.0180,97.2025,113.5533,113.4994,113.6609,-0.1615,-0.3560,117.4436,109.6064,262.0200,-30143.8724,113.3578,113.1167,113.1024,1.4733,0.0000,0.0000,0.0000,-,0.720,0.601,0.433,-,-,-,-,-,-,-,-,113.70,2.30,"1,990",55.9170,64.68%,14.88%,49.80%,35.32%,0.00%,0.00%,-,-,-12.32,1.38,27 Oct 2025,08 Feb 2026,-,21.32,301870800.00,A-EQ,30187080
AOL,Associated Oxygen Limited,Fuel & Power,Z,2118.79,11.44,19.30,1.05,19.30,15.3140,"793,299",70.7891,-7.6923,17.9850,18.0940,15.8910,18.6323,18.4789,18.1403,0.3385,0.1609,19.3009,16.6691,107.8200,-188573.4481,18.7978,18.6167,18.2762,1.5913,0.0000,0.0000,0.0000,0.52,-,-,-,-,-,-,-,-,-,-,-,19.10,0.20,484,15.3140,69.35%,13.38%,55.90%,30.65%,0.00%,0.07%,-,1.00,1.59,19.33,08 Jan 2024,18 Feb 2024,11.44,12.01,1097820000.00,Z-EQ,109782000
APEXFOODS,Apex Foods Limited,Food & Allied,A,1724.41,46.51,302.40,1.44,302.40,35.2420,"115,361",63.3297,-22.3529,287.0700,282.7100,247.0955,292.8921,291.3517,287.8440,3.5077,1.7757,302.9596,271.1804,201.8800,-8102.3947,294.1222,291.6974,288.5500,1.1384,0.0000,0.0000,0.0000,0.66,1.554,-,1.153,0.038,0.030,0.017,0.104,0.023,0.051,-,-,298.10,4.30,"1,317",35.2420,46.61%,9.47%,37.14%,53.39%,0.00%,0.00%,-,20.00,6.41,126.05,09 Oct 2025,29 Nov 2025,46.51,50.24,57024000.00,A-EQ,5702400
APEXFOOT,Apex Footwear Limited,Tannery Industries,A,4264.71,25.16,217.00,0.05,217.00,11.7860,"54,205",54.6346,-27.5229,217.1950,210.3740,196.3000,217.0075,216.9113,215.2563,1.6550,2.2225,221.0226,213.3674,162.6500,-55194.6850,217.0044,217.0756,217.0338,0.9110,0.0000,0.0000,0.0000,1.15,1.042,-,0.144,0.021,0.096,0.008,0.289,0.004,0.020,-,-,216.90,0.10,478,11.7860,69.92%,23.35%,46.57%,30.08%,0.00%,0.00%,25.00,25.00,8.62,436.68,28 Sep 2025,26 Nov 2025,25.16,35.83,196530460.00,A-EQ,19653046
APEXSPINN,Apex Spinning & Knitting Mills Limited,Textile,A,2959.32,95.83,352.30,2.12,352.30,22.0170,"62,139",44.0091,-73.2609,366.7050,366.5060,252.3210,354.2382,357.0055,364.6023,-7.5967,-5.0944,399.9905,333.4195,235.0300,-31950.5571,350.7378,352.3141,358.6333,1.0128,0.0000,0.0000,0.0000,0.57,1.190,-,1.002,-,-,-,-,0.008,0.021,-,-,345.00,7.30,"1,326",22.0170,49.29%,13.56%,35.48%,50.71%,0.00%,0.25%,-,20.00,3.60,83.11,09 Oct 2025,29 Nov 2025,95.83,101.07,84000000.00,A-EQ,8400000
APEXTANRY,Apex Tannery Limited,Tannery Industries,B,1737.36,-,114.80,4.88,114.00,62.5750,"547,201",64.6525,-17.7515,105.6850,104.4340,79.1920,107.2552,106.6652,105.4989,1.1663,0.4195,112.0854,99.2846,255.4400,16307.6543,107.4622,106.6833,105.7533,0.9759,0.0000,0.0000,0.0000,-,0.898,-,0.211,-,0.061,-,0.125,-,-,-,-,108.70,5.30,"2,490",62.5750,65.18%,26.05%,39.13%,34.82%,0.00%,0.00%,-,-,-14.62,30.19,15 Oct 2025,30 Dec 2025,-,-,152400000.00,B-EQ,15240000
APOLOISPAT,Appollo Ispat Complex Limited,Engineering,Z,1364.45,-,3.40,0.00,3.40,2.0230,"594,719",60.5152,-25.0000,3.2300,3.2720,2.7800,3.3540,3.3314,3.2763,0.0551,0.0312,3.5551,2.9049,54.9500,326142.0568,3.3800,3.3692,3.3110,1.4430,0.0000,0.0000,0.0000,-,0.749,20.371,0.727,-,-,-,-,-,-,-,-,3.40,0.00,146,2.0230,79.76%,19.22%,60.18%,20.24%,0.00%,0.36%,-,-,-0.82,0.70,21 Nov 2024,19 Dec 2024,-,-,4013086000.00,Z-EQ,401308600
APSCLBOND,APSCL Non-Convertible and Fully Redeemable Coupon Bearing Bond,Corporate Bond,A,222.40,-,1112.00,0.78,1112.00,0.0010,1,32.6942,-52.0000,1108.4250,1136.2100,1798.9025,1114.4962,1126.3890,1263.1182,-136.7292,-174.9550,1200.2832,1016.5668,0.0500,364.1449,1102.4778,1102.3718,1105.1667,0.2508,0.0000,0.0000,0.0000,0.05,-,-,-,-,-,-,-,-,-,-,-,1103.40,8.60,1,0.0010,0.00%,0.00%,0.00%,0.00%,0.00%,0.00%,-,5.25,0.00,0.00,11 Jun 2026,-,-,-,2000000.00,A-CB,200000
ARAMIT,Aramit Limited,Miscellaneous,A,1221.00,98.23,204.90,-0.88,203.50,2.4130,"11,792",49.5003,-68.0000,205.8300,199.3600,183.9125,204.9875,205.1750,204.0092,1.1658,2.1263,209.9590,201.7010,72.2300,-6144.8759,204.7156,205.0385,205.5467,1.0154,0.0000,0.0000,0.0000,0.49,3.153,-,2.395,0.057,0.063,0.046,0.073,0.009,0.014,-,-,205.30,-1.80,163,2.4130,39.27%,13.57%,25.70%,60.73%,0.00%,0.00%,-,10.00,1.75,128.67,01 Jan 2026,04 Mar 2026,98.23,-,60000000.00,A-EQ,6000000
ARAMITCEM,Aramit Cement Limited,Cement,Z,430.28,-,12.70,-2.31,12.70,0.5290,"41,609",52.8839,-55.5556,12.5850,12.3700,10.9100,12.8054,12.7390,12.5172,0.2218,0.1802,13.2633,11.9067,57.3600,19963.1081,12.8911,12.8154,12.6767,1.3808,0.0000,0.0000,0.0000,-,2.410,-,2.363,-,-,-,-,-,0.766,-,-,13.00,-0.30,63,0.5290,54.08%,9.99%,44.09%,45.92%,0.00%,0.00%,-,-,-14.47,-18.90,17 Nov 2024,30 Dec 2024,-,-,338800000.00,Z-EQ,33880000
ARGONDENIM,Argon Denims Limited,Textile,A,3305.55,14.35,23.80,-1.24,23.80,55.1160,"2,297,117",58.9276,-41.1765,22.9250,21.0320,18.4385,23.7440,23.5930,22.6985,0.8945,0.9837,26.3634,19.4866,735.9800,-291547.4934,23.8356,23.9987,23.5800,1.2063,0.0000,0.0000,0.0000,4.20,1.703,-,0.950,-,-,-,-,-,-,-,-,24.10,-0.30,"1,154",55.1160,64.13%,34.56%,29.57%,35.87%,0.00%,0.00%,-,10.00,1.68,24.57,23 Oct 2025,18 Dec 2025,14.35,20.08,1388886060.00,A-EQ,138888606
ASIAINS,Asia Insurance PLC.,Insurance,A,2146.39,21.39,45.60,2.01,45.60,41.3540,"910,138",60.0540,-18.7500,43.4150,43.1640,36.1245,44.5260,44.3111,43.7108,0.6002,0.4108,46.0930,40.7370,338.4000,-309662.0039,44.7933,44.5731,43.9324,1.6035,0.0000,0.0000,0.0000,2.19,-,-,-,-,-,-,-,-,-,-,-,44.70,0.90,"1,158",41.3540,62.12%,10.77%,51.35%,37.88%,0.00%,0.00%,-,10.00,2.09,30.55,23 Apr 2026,29 Jun 2026,21.39,26.61,470698580.00,A-EQ,47069858
ASIAPACINS,Asia Pacific General Insurance PLC,Insurance,A,2265.72,21.08,54.00,1.13,53.50,47.7370,"891,599",68.6701,-17.1875,48.2450,46.8800,38.2725,51.9568,51.2355,49.0765,2.1590,1.5910,56.9045,39.5855,371.0500,-486014.7553,53.0067,52.4038,50.2619,1.4058,0.0000,0.0000,0.0000,2.62,-,-,-,-,-,-,-,-,-,-,-,52.90,0.60,875,47.7370,66.39%,32.27%,34.12%,33.61%,0.00%,0.00%,-,14.00,2.51,25.29,03 May 2026,09 Jul 2026,21.08,12.08,423500000.00,A-EQ,42350000
ASIATICLAB,Asiatic Laboratories Limited,Pharmaceuticals & Chemicals,A,14344.51,94.60,117.20,-0.09,117.20,88.5630,"753,281",39.7012,-60.8108,122.7950,127.4840,84.0905,118.0677,119.2507,122.9616,-3.7109,-2.8592,135.1162,110.4738,174.4300,-326253.9883,116.5133,117.4667,119.7695,0.9368,0.0000,0.0000,0.0000,0.85,4.084,0.157,2.848,-,0.308,0.145,0.434,0.029,0.039,-,-,117.30,-0.10,"1,645",88.5630,59.29%,15.81%,43.48%,40.71%,0.00%,0.00%,-,10.00,2.09,54.08,02 Nov 2025,24 Dec 2025,94.60,22.16,1223934550.00,A-EQ,122393455
ATLASBANG,Atlas Bangladesh Limited,Engineering,Z,2991.38,-,90.30,-1.85,90.30,1.8600,"20,390",50.3708,-87.0968,93.4550,82.7780,65.4440,92.5940,92.6252,90.3636,2.2616,3.3946,96.8974,90.0126,21.4000,-12489.5354,92.6333,92.9385,93.1695,0.9897,0.0000,0.0000,0.0000,-,1.732,0.001,1.667,-,-,-,-,-,-,-,-,92.00,-1.70,147,1.8600,49.00%,16.99%,32.01%,0.00%,51.00%,0.00%,-,-,-1.23,121.00,06 Nov 2025,24 Dec 2025,-,-,331271080.00,Z-EQ,33127108
AZIZPIPES,Aziz Pipes Limited,Engineering,Z,432.58,-,80.90,-0.86,80.90,3.4160,"42,112",58.6568,-24.0310,77.9100,76.2240,55.0470,80.6807,80.1130,78.1506,1.9624,1.6392,84.9170,70.9030,175.3400,2703.7469,81.7000,81.0795,79.3290,1.3896,0.0000,0.0000,0.0000,-,0.259,-,0.182,-,-,-,-,-,0.214,-,-,81.60,-0.70,222,3.4160,88.84%,15.54%,73.30%,11.16%,0.00%,0.00%,-,-,-10.12,-47.37,28 Oct 2025,30 Dec 2025,-,-,53471250.00,Z-EQ,5347125
BANGAS,Bangas Limited,Food & Allied,B,1068.97,495.00,140.20,1.15,140.20,17.3390,"123,750",58.9892,-26.5060,137.3400,136.5740,124.9795,138.0093,137.8022,137.3354,0.4668,0.2318,140.3990,134.2810,315.8000,-72057.2066,138.0311,137.7167,137.3652,1.1921,0.0000,0.0000,0.0000,0.21,2.236,-,1.692,0.020,0.021,0.011,0.200,0.009,0.013,-,-,138.60,1.60,794,17.3390,76.96%,5.28%,71.59%,23.04%,0.00%,0.09%,-,3.00,0.28,21.02,29 Sep 2025,12 Nov 2025,495.00,693.00,76246430.00,B-EQ,7624643
BANKASI1PB,Bank Asia 1st Perpetual Bond,Corporate Bond,N,588.63,-,0.00,0.00,8650.00,0.0000,0,,,,,,,,,,,,,,,,,,,,,,0.01,-,-,-,-,-,-,-,-,-,-,-,8650.00,0.00,0,0.0000,0.00%,0.00%,0.00%,0.00%,0.00%,0.00%,-,10.00,0.00,0.00,21 Dec 2025,-,-,-,680500.00,N-CB,68050
BANKASIA,Bank Asia PLC.,Bank,A,24908.03,5.63,17.90,0.00,17.90,7.9930,"445,763",38.0168,-83.3333,18.1550,18.2820,19.2160,17.9720,18.0091,18.1591,-0.1499,-0.1389,18.6720,17.6380,15.0100,-947705.7951,17.9311,17.9449,18.0357,0.7959,0.0000,0.0000,0.0000,4.75,-,-,-,-,0.643,0.146,-,0.007,0.126,0.008,-,17.90,0.00,207,7.9930,49.62%,39.14%,10.48%,50.38%,0.00%,0.00%,8.50,8.50,3.18,27.42,30 Apr 2026,11 Jun 2026,5.63,5.06,13915098370.00,A-EQ,1391509837
BARKAPOWER,Baraka Power Limited,Fuel & Power,Z,2637.22,28.89,11.20,7.69,11.20,35.0040,"3,175,421",81.6160,-2.9412,8.9250,8.5780,7.7135,9.9757,9.7320,9.1164,0.6156,0.3700,11.0175,6.8325,113.5300,2565658.4131,10.2089,9.9821,9.4419,1.3987,0.0000,0.0000,0.0000,-,1.375,-,1.111,-,-,0.011,0.040,0.002,0.003,-,-,10.40,0.80,"1,202",35.0040,77.36%,23.02%,54.34%,22.64%,0.00%,0.00%,-,-,0.36,22.63,29 Oct 2025,24 Dec 2025,28.89,8.97,2354656610.00,Z-EQ,235465661
BATASHOE,Bata Shoe Company (Bangladesh) Limited,Tannery Industries,A,12524.04,1076.59,915.50,0.04,915.50,0.1620,177,65.0730,-14.1566,901.9700,882.4600,844.5675,909.0989,907.0263,897.7364,9.2898,9.1099,921.0800,882.8600,4.1400,-3213.5466,910.2667,909.5449,906.3248,0.4097,0.0000,0.0000,0.0000,1.15,1.452,-,0.238,0.060,0.083,0.032,0.472,0.037,0.098,-,-,915.10,0.40,33,0.1620,30.00%,19.73%,9.20%,70.00%,0.00%,1.07%,-,105.00,0.00,0.00,29 Apr 2026,-,1076.59,12.41,136800000.00,A-EQ,13680000
BATBC,British American Tobacco Bangladesh Company Limited,Food & Allied,A,133380.00,23.12,247.00,-1.16,247.00,27.4290,"110,861",62.5972,-30.9148,237.8750,225.4280,238.8725,244.4439,242.9924,236.4290,6.5633,6.4642,260.5315,215.2185,14.4600,3328.4900,245.0800,245.5590,242.6600,1.1488,0.0000,0.0000,0.0000,1.21,1.543,-,0.738,0.163,0.192,0.070,0.404,0.052,0.105,-,-,249.90,-2.90,"1,106",27.4290,26.45%,14.38%,9.17%,72.91%,0.64%,2.90%,-,30.00,10.81,102.50,03 Mar 2026,30 Apr 2026,23.12,16.33,5400000000.00,A-EQ,540000000
BAYLEASING,Bay Leasing & Investment Limited,Financial Institutions,Z,746.71,-,5.30,0.00,5.30,1.6670,"314,937",56.3844,-41.6667,5.1750,4.8160,4.2620,5.2885,5.2567,5.0854,0.1712,0.1820,5.8414,4.5086,115.6500,8220.6438,5.2911,5.2910,5.2705,2.0493,0.0000,0.0000,0.0000,-,-,-,-,-,1.293,8.991,-,-,-,-,-,5.30,0.00,73,1.6670,81.70%,25.52%,56.18%,18.30%,0.00%,0.00%,-,-,-6.87,-19.65,02 Jul 2026,27 Sep 2026,-,-,1408884430.00,Z-EQ,140888443
BBS,Bangladesh Building Systems PLC.,Engineering,B,2460.24,-,15.10,-0.66,15.10,16.4670,"1,087,808",46.6469,-71.4286,15.3100,15.2480,11.4190,15.3934,15.4044,15.3269,0.0775,0.1380,16.1779,14.4421,260.0900,-786445.4184,15.4311,15.4923,15.4176,1.6399,0.0000,0.0000,0.0000,-,2.624,0.324,2.056,-,0.101,-,0.207,-,-,-,-,15.20,-0.10,419,16.4670,69.99%,25.86%,44.07%,30.01%,0.00%,0.06%,-,-,-0.59,10.74,28 Oct 2025,23 Dec 2025,-,-,1629297320.00,B-EQ,162929732
BBSCABLES,BBS Cables PLC.,Engineering,B,4678.79,-,22.10,-0.90,22.10,28.0160,"1,264,089",40.4871,-85.7143,22.6150,23.2680,18.3895,22.5358,22.5915,22.7565,-0.1651,-0.1205,23.4025,21.8275,195.4500,-2002165.3214,22.5356,22.6192,22.6257,1.5503,0.0000,0.0000,0.0000,-,2.519,0.074,1.725,-,-,-,0.151,-,-,-,-,22.30,-0.20,997,28.0160,69.88%,23.14%,46.65%,30.12%,0.00%,0.09%,-,-,-4.05,28.01,28 Oct 2025,24 Dec 2025,-,-,2117097670.00,B-EQ,211709767
BDAUTOCA,Bangladesh Autocars Limited,Engineering,B,997.58,1265.56,230.60,1.23,230.60,54.1390,"233,310",65.5184,-13.2075,212.8100,213.9820,166.7500,219.2082,217.4948,214.4434,3.0513,0.7244,226.6466,198.9734,619.1600,-18794.7504,220.2133,218.3154,215.1310,1.2573,0.0000,0.0000,0.0000,0.09,1.833,0.022,1.744,-,0.020,0.013,0.043,0.023,0.035,-,-,227.80,2.80,"2,112",54.1390,69.94%,10.02%,59.92%,30.06%,0.00%,0.00%,-,2.00,0.18,7.45,28 Oct 2025,28 Dec 2025,1265.56,1898.33,43260130.00,B-EQ,4326013
BDCOM,BDCOM Online Limited,IT Sector,A,2058.07,38.37,32.70,-0.91,32.70,12.5400,"381,378",48.4526,-62.5000,33.0500,32.5640,28.0510,32.8384,32.8829,32.8773,0.0056,0.1059,34.2939,31.8061,468.7800,-1034228.2069,32.8133,32.8436,32.8852,1.7055,0.0000,0.0000,0.0000,1.53,2.336,-,2.051,0.136,0.086,0.063,0.550,0.034,0.055,-,-,33.00,-0.30,498,12.5400,70.00%,8.99%,61.01%,30.00%,0.00%,0.00%,5.00,5.00,0.86,15.58,27 Oct 2025,18 Dec 2025,38.37,53.80,629378650.00,A-EQ,62937865
BDFINANCE,Bangladesh Finance PLC,Financial Institutions,Z,2578.84,11.60,13.70,-0.72,13.70,5.0230,"370,049",53.9914,-47.3684,13.5000,13.2100,13.3085,13.7366,13.6910,13.4638,0.2272,0.2340,14.4537,12.5463,98.6900,-411101.8548,13.7867,13.7962,13.6843,1.7350,0.0000,0.0000,0.0000,-,-,-,-,-,1.819,18.372,-,-,-,-,-,13.80,-0.10,162,5.0230,85.46%,25.31%,60.15%,14.54%,0.00%,0.00%,-,-,1.19,-29.07,30 Apr 2026,30 Jun 2026,11.60,30.00,1882362670.00,Z-EQ,188236267
BDLAMPS,Bangladesh Lamps PLC.,Engineering,A,2365.61,-,224.70,0.94,224.70,59.0140,"261,175",82.1152,-14.8214,189.1950,183.2480,155.4440,203.6785,199.8516,191.4051,8.4465,4.0173,217.0149,161.3751,268.9500,280588.3380,206.1622,201.7051,194.8195,1.3754,0.0000,0.0000,0.0000,0.45,0.921,-,0.488,-,0.046,-,0.213,-,-,-,-,222.60,2.10,"2,127",59.0140,38.14%,9.38%,28.73%,61.86%,0.00%,0.03%,-,10.00,-6.22,39.93,13 Oct 2025,11 Dec 2025,-,-,105278770.00,A-EQ,10527877
BDSERVICE,Bangladesh Services Limited,Travel & Leisure,Z,508.50,-,0.00,0.00,5.20,0.0000,0,,,,,,,,,,,,,,,,,,,,,,-,0.353,0.021,0.344,-,-,-,0.532,-,-,-,-,5.20,0.00,0,0.0000,0.32%,0.00%,0.13%,0.00%,99.68%,0.19%,-,-,-8.94,219.74,28 Oct 2025,22 Dec 2025,-,-,977889130.00,Z-EQ,97788913
BDTHAI,Bangladesh Thai Aluminium Limited,Engineering,B,2312.73,-,18.10,-1.09,18.10,22.6010,"1,246,715",43.2743,-94.7368,18.7850,18.6700,13.2395,18.5145,18.6056,18.6853,-0.0797,0.0830,19.6317,17.9383,561.0600,-2964839.0675,18.4267,18.5551,18.7071,1.5200,0.0000,0.0000,0.0000,-,2.274,0.238,1.417,-,-,-,-,-,-,-,-,18.30,-0.20,"1,062",22.6010,70.82%,20.39%,49.80%,29.18%,0.00%,0.63%,-,-,-2.01,28.60,24 Nov 2025,30 Dec 2025,-,-,1277752500.00,B-EQ,127775250
BDTHAIFOOD,BD Thai Food & Beverage Limited,Food & Allied,B,1956.00,-,24.00,-1.64,24.00,27.6090,"1,148,200",47.4270,-44.6809,23.9000,25.2400,18.0100,24.5291,24.4837,24.3925,0.0911,0.0342,26.4955,21.3045,767.3300,-984928.7499,24.6733,24.7321,24.4176,1.3936,0.0000,0.0000,0.0000,-,1.315,-,0.892,-,-,-,0.259,-,-,-,-,24.40,-0.40,954,27.6090,66.79%,25.28%,41.51%,33.21%,0.00%,0.00%,-,-,-1.64,12.41,29 Oct 2025,28 Dec 2025,-,-,815000000.00,B-EQ,81500000
BDWELDING,Bangladesh Welding Electrodes Limited,Fuel & Power,Z,593.89,-,13.70,-0.72,13.70,0.9220,"67,409",40.6689,-87.5000,13.9150,14.5980,14.2975,13.8124,13.8434,14.0411,-0.1976,-0.2224,14.2539,13.5761,80.3500,-109258.4815,13.7978,13.8244,13.8581,1.3210,0.0000,0.0000,0.0000,-,1.557,-,1.207,6.501,7.509,2.015,0.193,0.075,0.162,-,-,13.80,-0.10,81,0.9220,68.99%,2.88%,65.39%,31.01%,0.00%,0.72%,1.00,-,-0.08,11.61,10 Aug 2020,17 Sep 2020,-,-,433493050.00,Z-EQ,43349305
BEACHHATCH,Beach Hatchery Limited,Food & Allied,Z,1345.53,16.01,32.60,0.00,32.50,2.0850,"64,077",41.6544,-83.3333,33.5400,33.2840,36.6605,32.7794,32.9350,33.2021,-0.2671,-0.0509,35.2937,31.7863,155.6300,-232376.8648,32.5822,32.7462,33.1110,1.1496,0.0000,0.0000,0.0000,3.08,5.789,-,5.616,0.494,0.534,0.383,0.567,0.138,0.163,-,-,32.50,0.00,130,2.0850,65.03%,18.21%,46.82%,34.97%,0.00%,0.00%,-,10.00,2.03,12.49,26 Nov 2024,31 Dec 2024,16.01,5.32,414010210.00,Z-EQ,41401021
BEACONPHAR,Beacon Pharmaceuticals PLC.,Pharmaceuticals & Chemicals,A,24763.20,26.41,107.50,-1.02,107.20,12.4470,"115,981",42.3800,-90.9091,108.7350,109.2680,105.8140,107.9508,108.1820,108.8165,-0.6345,-0.4255,111.4365,106.0335,28.1600,-253959.2355,107.7289,107.8590,108.1805,1.3847,0.0000,0.0000,0.0000,1.96,1.542,0.479,1.144,-,0.191,0.075,0.520,0.049,0.142,-,-,108.30,-1.10,652,12.4470,60.14%,38.18%,21.96%,39.86%,0.00%,0.00%,-,21.00,4.10,28.86,23 Oct 2025,23 Dec 2025,26.41,13.65,2310000000.00,A-EQ,231000000
BENGALWTL,Bengal Windsor Thermoplastics PLC.,Engineering,B,2323.49,45.27,25.40,2.01,25.40,20.7370,"820,001",57.3824,-4.5455,24.4500,24.8620,20.7020,24.7486,24.6934,24.6652,0.0282,-0.0797,25.4708,23.4292,118.7300,119938.0049,24.7956,24.7410,24.5614,1.4147,0.0000,0.0000,0.0000,1.97,11.790,0.000,9.087,-,0.092,0.055,0.190,0.019,0.021,-,-,24.90,0.50,623,20.7370,46.77%,26.63%,20.14%,53.23%,0.00%,0.00%,-,5.00,0.55,26.12,27 Oct 2025,18 Dec 2025,45.27,42.44,914760000.00,B-EQ,91476000
BERGERPBL,Berger Paints Bangladesh Limited,Miscellaneous,A,73285.78,20.57,1492.40,-0.16,1492.40,5.7500,"3,859",67.6508,-24.3077,1449.2050,1427.5500,1410.2155,1481.1102,1474.7964,1452.5315,22.2649,18.8769,1540.9152,1357.4948,11.6000,14709.5116,1487.5667,1487.2128,1469.6043,0.2034,0.0000,0.0000,0.0000,3.52,1.931,-,1.188,0.155,0.152,0.118,0.319,0.141,0.218,-,-,1494.80,-2.40,182,5.7500,10.24%,8.06%,2.17%,89.76%,0.00%,0.01%,-,525.00,76.83,400.24,16 Jun 2026,24 Aug 2026,20.57,10.15,491059910.00,A-EQ,49105991
BESTHLDNG,Best Holdings PLC.,Travel & Leisure,Z,15994.38,10.70,15.20,-1.31,15.10,2.7280,"180,204",42.9615,-81.8182,15.6450,15.3440,13.7605,15.3527,15.4010,15.4335,-0.0324,0.0585,16.5215,14.7685,11.0600,-268177.6805,15.3044,15.3513,15.4590,1.5398,0.0000,0.0000,0.0000,6.62,4.760,0.016,4.709,0.365,0.380,0.367,0.683,0.018,0.025,-,-,15.30,-0.20,221,2.7280,34.66%,20.52%,14.14%,65.34%,0.00%,0.00%,-,-,0.00,0.00,-,-,10.70,45.90,10592303650.00,Z-EQ,1059230365
BEXGSUKUK,Beximco Green Sukuk Al Istisna'a,Corporate Bond,A,19664.70,-,70.00,0.72,70.00,0.1150,"1,650",43.4213,-44.4444,71.4000,71.7800,63.9525,70.3563,70.5732,71.1799,-0.6068,-0.4160,74.7340,68.0660,2.0100,4870.7699,70.1889,70.2308,70.6476,0.2187,0.0000,0.0000,0.0000,0.66,-,-,-,-,-,-,-,-,-,-,-,69.50,0.50,3,0.1150,100.00%,97.99%,2.01%,0.00%,0.00%,0.00%,-,4.59,0.00,0.00,21 May 2026,-,-,-,2809242630.00,A-CB,280924263
BEXIMCO,BEXIMCO Limited,Miscellaneous,B,25561.70,-,27.10,1.12,27.10,194.1070,"7,169,123",40.5474,-22.2222,24.7350,40.9680,92.8170,25.6787,25.5321,29.1325,-3.6004,-5.6166,28.6008,20.8692,211.1900,-97517.9682,25.9333,25.3487,24.7738,0.3136,0.0000,0.0000,0.0000,-,1.885,-,1.568,-,0.190,-,0.245,-,-,-,-,26.80,0.30,"4,613",194.1070,66.89%,30.48%,35.77%,33.11%,0.00%,0.64%,5.00,-,-0.41,92.58,29 Oct 2024,30 Dec 2024,-,-,9432362620.00,B-EQ,943236262
BGIC,Bangladesh General Insurance Company PLC.,Insurance,A,2388.00,29.21,44.20,0.23,44.20,10.3600,"233,664",61.5848,-28.5714,41.6050,41.2540,35.4830,43.2331,42.8822,42.0013,0.8809,0.5247,45.4627,37.7473,101.9400,-131217.4935,43.6911,43.2205,42.2476,1.0881,0.0000,0.0000,0.0000,2.49,-,-,-,-,-,-,-,-,-,-,-,44.10,0.10,393,10.3600,66.60%,46.85%,19.75%,33.40%,0.00%,0.00%,-,11.00,1.51,19.54,30 Apr 2026,18 Jun 2026,29.21,17.78,540272550.00,A-EQ,54027255
BIFC,Bangladesh Industrial Fin. Company Limited,Financial Institutions,Z,442.99,-,4.40,-2.22,4.40,1.8890,"434,477",44.4304,-90.9091,4.6750,4.5000,3.7244,4.6391,4.6524,4.6119,0.0405,0.0888,5.2313,4.1187,113.2200,-658654.8132,4.6444,4.6910,4.7224,1.0222,0.0000,0.0000,0.0000,-,-,-,-,-,1.085,0.993,-,-,-,-,-,4.50,-0.10,132,1.8890,61.65%,39.36%,22.29%,38.35%,0.00%,0.00%,-,-,-7.38,-133.58,25 Jun 2026,-,-,-,1006799440.00,Z-EQ,100679944
BNICL,Bangladesh National Insurance Company Limited.,Insurance,A,5163.98,23.85,116.70,1.74,116.70,11.8790,"101,965",53.8598,-38.4615,113.7100,113.0360,71.1545,115.4200,115.2139,113.9013,1.3125,1.4776,123.0167,104.4033,116.2100,42984.9558,115.3844,115.5949,114.9852,1.3549,0.0000,0.0000,0.0000,1.89,-,-,-,-,-,-,-,-,-,-,-,114.70,2.00,354,11.8790,39.87%,8.87%,31.00%,60.13%,0.00%,0.00%,-,22.00,4.81,31.26,19 Apr 2026,23 Jun 2026,23.85,19.12,442500000.00,A-EQ,44250000
BPML,Bashundhara Paper Mills Limited,Paper & Printing,Z,4953.06,-,28.50,0.00,28.50,0.9440,"32,995",47.7660,-71.4286,28.8300,28.6140,27.0405,28.6030,28.6398,28.6560,-0.0162,0.0571,29.4889,28.1711,13.2300,-45556.4871,28.5467,28.5846,28.6995,1.7425,0.0000,0.0000,0.0000,-,0.987,-,0.595,-,-,-,0.061,-,-,-,-,28.50,0.00,70,0.9440,33.79%,9.10%,24.69%,66.21%,0.00%,0.00%,-,-,-18.98,57.82,29 Oct 2025,23 Dec 2025,-,-,1737914410.00,Z-EQ,173791441
BPPL,Baraka Patenga Power Limited,Fuel & Power,B,3719.40,15.77,21.50,-0.46,21.50,50.3510,"2,333,304",58.2684,-34.6154,20.9050,20.4140,16.2970,21.3672,21.2689,20.8856,0.3833,0.3479,22.0410,19.7690,372.7500,-2985699.7882,21.5111,21.4090,21.1386,1.4373,0.0000,0.0000,0.0000,0.93,0.792,-,0.596,0.044,0.256,0.039,0.280,0.020,0.075,-,-,21.60,-0.10,"1,009",50.3510,64.24%,9.41%,54.83%,35.76%,0.00%,0.00%,-,2.00,1.37,27.72,29 Oct 2025,24 Dec 2025,15.77,5.66,1729954880.00,B-EQ,172995488
BRACBANK,BRAC Bank PLC.,Bank,A,147447.99,7.08,64.40,-0.31,64.40,41.5070,"644,311",50.5329,-31.8182,64.0350,64.8940,69.2260,64.2158,64.1652,64.3104,-0.1451,-0.3245,64.8513,63.2187,25.2500,-1280537.4721,64.2533,64.1526,64.0729,1.0928,0.0000,0.0000,0.0000,2.33,-,-,-,-,0.479,0.264,-,0.017,0.174,0.019,-,64.60,-0.20,"1,025",41.5070,53.83%,12.73%,8.14%,46.17%,0.00%,32.96%,15.00,15.00,9.12,51.56,27 Apr 2026,11 Jun 2026,7.08,6.37,22895650920.00,A-EQ,2289565092
BSC,Bangladesh Shipping Corporation,Miscellaneous,A,18075.40,5.99,118.50,-1.58,118.50,64.3050,"541,263",46.6557,-84.0000,121.5350,116.3280,110.0280,120.6336,120.7912,119.9684,0.8227,1.5561,125.8550,117.2150,167.0800,-653975.9360,120.5556,120.8462,120.9943,1.7605,0.0000,0.0000,0.0000,2.11,3.689,-,3.670,0.773,0.921,0.620,1.195,0.086,0.192,-,-,120.40,-1.90,"1,649",64.3050,47.90%,21.34%,26.56%,0.00%,52.10%,0.00%,-,25.00,20.10,104.84,13 Nov 2025,22 Dec 2025,5.99,6.89,1525350400.00,A-EQ,152535040
BSCPLC,Bangladesh Submarine Cables PLC,Telecommunication,A,29421.21,15.88,157.30,-0.25,157.30,5.0390,"32,105",50.6275,-56.0000,158.6100,154.5600,140.2810,157.1241,157.3353,157.1546,0.1806,0.7293,163.9804,153.2396,19.1500,-46389.3340,156.6711,156.8038,157.4681,1.2469,0.0000,0.0000,0.0000,2.54,5.155,0.014,5.155,0.633,0.564,0.520,0.778,0.086,0.121,-,-,157.70,-0.40,168,5.0390,23.06%,17.93%,5.02%,0.00%,76.94%,0.11%,-,40.00,11.01,90.99,23 Sep 2025,23 Nov 2025,15.88,10.10,1870388430.00,A-EQ,187038843
BSRMLTD,Bangladesh Steel Re-Rolling Mills Limited,Engineering,A,29739.03,4.85,99.60,-0.20,99.60,6.9180,"69,410",45.4864,-70.4142,103.0000,99.8720,86.2545,100.7189,101.1942,101.6111,-0.4169,0.4307,109.1405,96.8595,38.1700,-212112.3077,100.0400,100.6449,101.6681,0.7030,0.0000,0.0000,0.0000,5.02,1.243,0.029,0.586,-,0.094,0.064,0.118,0.066,0.123,-,-,99.80,-0.20,351,6.9180,52.88%,15.67%,20.39%,47.12%,0.00%,16.82%,-,50.00,20.57,166.79,19 Oct 2025,24 Dec 2025,4.85,4.82,2985846260.00,A-EQ,298584626
BSRMSTEEL,BSRM Steels Limited,Engineering,A,35414.73,6.88,94.20,-0.63,94.20,26.4530,"280,456",50.4799,-88.2353,96.9100,88.6980,73.2510,95.7808,95.8837,94.2244,1.6592,2.6660,100.9105,92.9095,69.0500,-347998.2880,95.5911,96.0667,96.3990,0.9989,0.0000,0.0000,0.0000,5.31,1.496,0.653,0.648,-,0.087,0.050,0.111,0.059,0.152,-,-,94.80,-0.60,872,26.4530,27.94%,17.34%,10.00%,72.06%,0.00%,0.60%,-,50.00,13.77,90.52,19 Oct 2025,24 Dec 2025,6.88,6.19,3759525000.00,A-EQ,375952500
BXPHARMA,Beximco Pharmaceuticals PLC,Pharmaceuticals & Chemicals,A,65935.37,11.10,147.80,1.86,147.80,166.4040,"1,128,102",52.8544,-44.4444,148.3000,143.4180,121.4460,146.6659,146.9431,146.5705,0.3726,1.1566,154.5484,142.0516,51.8900,-814251.1744,146.1400,146.4667,147.1886,1.2198,0.0000,0.0000,0.0000,3.21,2.177,0.034,0.910,-,0.195,0.132,0.442,0.085,0.113,-,-,145.10,2.70,"2,017",166.4040,69.87%,25.65%,17.32%,30.13%,0.00%,26.90%,-,47.50,15.56,119.04,24 Jun 2026,-,11.10,6.99,4461120890.00,A-EQ,446112089
CAPITECGBF,Capitec Grameen Bank Growth Fund,Mutual Funds,A,1619.07,30.88,10.40,-0.95,10.40,34.1540,"3,267,010",66.0334,-44.0000,9.7600,8.4300,7.4005,10.4491,10.3010,9.5916,0.7094,0.7182,11.7782,7.7418,814.1000,-3398103.9131,10.6489,10.6051,10.2529,1.2453,0.0000,0.0000,0.0000,-,-,-,-,-,-,-,-,-,-,-,-,10.50,-0.10,911,34.1540,35.77%,2.23%,33.54%,64.23%,0.00%,0.00%,-,9.00,1.06,10.35,29 Jul 2026,-,30.88,9.91,1556800000.00,A-MF,155680000
CAPMBDBLMF,CAPM BDBL Mutual Fund 01,Mutual Funds,A,516.35,-,10.30,-3.74,10.30,21.0980,"2,027,371",45.7201,-84.3750,10.5250,10.2660,10.6595,10.8079,10.7752,10.5990,0.1762,0.1873,11.8609,9.1891,1495.4600,-1568372.2723,10.9556,10.9551,10.7624,0.7872,0.0000,0.0000,0.0000,-,-,-,-,-,-,-,-,-,-,-,-,10.70,-0.40,766,21.0980,80.05%,11.80%,68.25%,19.95%,0.00%,0.00%,-,-,-1.15,7.66,18 Aug 2025,-,-,11.63,501310000.00,A-MF,50131000
CAPMIBBLMF,CAPM IBBL Islamic Mutual Fund,Mutual Funds,A,902.52,-,13.50,-2.17,13.50,8.9250,"660,901",50.9219,-54.5455,14.0350,12.0920,9.0670,13.8012,13.8159,13.4591,0.3568,0.5568,15.3589,12.7111,573.9100,-161478.8709,13.8133,13.8436,13.8686,1.1598,0.0000,0.0000,0.0000,-,-,-,-,-,-,-,-,-,-,-,-,13.80,-0.30,257,8.9250,33.44%,6.98%,26.46%,66.56%,0.00%,0.00%,-,-,-0.71,7.96,18 Aug 2025,-,-,-,668535000.00,A-MF,66853500
CBLPBOND,City Bank Perpetual Bond,Corporate Bond,A,4150.00,-,0.00,0.00,1037500.00,0.0000,0,,,,,,,,,,,,,,,,,,,,,,-,-,-,-,-,-,-,-,-,-,-,-,1037500.00,0.00,0,0.0000,100.00%,65.00%,35.00%,0.00%,0.00%,0.00%,-,10.00,0.00,0.00,22 Feb 2026,-,-,-,40000.00,A-CB,4000
CENTRALINS,Central Insurance PLC,Insurance,A,2513.75,25.08,47.30,0.85,47.30,22.4620,"474,497",61.1550,-41.6667,44.4250,43.4220,40.8205,46.8645,46.3896,44.9436,1.4459,1.0834,50.6326,38.2174,344.4000,-414607.0586,47.7400,47.2128,45.7171,1.2857,0.0000,0.0000,0.0000,2.54,-,-,-,-,-,-,-,-,-,-,-,46.90,0.40,674,22.4620,60.63%,15.10%,45.53%,39.33%,0.04%,0.00%,-,12.00,1.87,50.69,19 Apr 2026,18 Jun 2026,25.08,22.77,531448230.00,A-EQ,53144823
CENTRALPHL,Central Pharmaceuticals Limited,Pharmaceuticals & Chemicals,Z,1341.77,-,11.20,-1.75,11.20,6.1620,"549,029",53.7727,-61.9048,11.1600,10.3560,9.1620,11.3391,11.3053,11.0092,0.2961,0.3611,12.0694,10.2506,273.7200,-932233.7407,11.3800,11.4218,11.3224,1.4562,0.0000,0.0000,0.0000,-,1.101,0.282,1.071,-,-,-,-,-,-,-,-,11.40,-0.20,325,6.1620,92.33%,11.98%,80.35%,7.67%,0.00%,0.00%,-,-,-0.18,6.87,05 Nov 2025,30 Dec 2025,-,-,1198008440.00,Z-EQ,119800844
CITYBANK,City Bank PLC.,Bank,A,54581.45,3.59,31.20,-0.32,31.20,74.5610,"2,391,721",48.5573,-76.9231,31.5150,30.9220,28.0535,31.3623,31.3842,31.2903,0.0939,0.1863,31.9468,31.0832,65.7900,-1897644.2535,31.3289,31.3603,31.4471,1.1002,0.0000,0.0000,0.0000,4.81,-,-,-,-,0.558,0.271,-,0.016,0.214,0.018,-,31.30,-0.10,"1,334",74.5610,69.63%,19.45%,40.20%,30.37%,0.00%,9.98%,15.00,15.00,8.71,40.67,12 Apr 2026,07 Jun 2026,3.59,5.20,17494053800.00,A-EQ,1749405380
CITYGENINS,City Insurance PLC.,Insurance,A,8432.15,36.74,123.70,-0.96,123.70,17.9470,"145,163",87.3142,-14.7368,112.8900,109.0740,92.8265,119.1388,117.6227,113.4900,4.1327,2.7481,125.1280,100.6520,88.5700,131286.9531,120.4867,119.0641,115.9238,0.6393,0.0000,0.0000,0.0000,0.81,-,-,-,-,-,-,-,-,-,-,-,124.90,-1.20,244,17.9470,63.94%,38.31%,25.62%,36.06%,0.00%,0.01%,-,10.00,3.40,23.24,10 Feb 2026,30 Mar 2026,36.74,23.13,681661220.00,A-EQ,68166122
CLICL,Chartered Life Insurance PLC,Insurance,B,1893.75,295.88,50.50,0.40,50.50,4.1500,"82,065",40.2785,-87.3239,51.7300,53.8320,54.4075,51.5926,51.7557,52.4790,-0.7233,-0.7055,54.5801,48.8799,133.1700,-212785.9993,51.6733,51.7295,51.6286,1.1972,0.0000,0.0000,0.0000,0.79,-,-,-,-,-,-,-,-,-,-,-,50.30,0.20,226,4.1500,40.00%,4.90%,35.10%,60.00%,0.00%,0.00%,-,4.00,0.17,11.44,28 Jun 2026,10 Aug 2026,295.88,-,375000000.00,B-EQ,37500000
CNATEX,C & A Textiles Limited,Textile,Z,885.47,18.42,3.70,5.71,3.70,10.8180,"2,945,643",70.1913,-14.2857,3.1850,3.1840,2.9025,3.3639,3.3220,3.2334,0.0885,0.0382,3.5968,2.7732,128.5600,303579.4255,3.3822,3.3487,3.2781,1.3980,0.0000,0.0000,0.0000,1.35,3.384,-,3.384,-,-,-,-,-,-,-,-,3.50,0.20,603,10.8180,92.90%,10.04%,82.86%,7.10%,0.00%,0.00%,-,0.50,0.19,-3.81,20 Nov 2023,28 Dec 2023,18.42,11.41,2393160000.00,Z-EQ,239316000
CONFIDCEM,Confidence Cement PLC,Cement,A,5761.75,5.99,66.80,-0.74,66.80,10.3360,"154,517",45.3172,-68.0851,68.4350,67.0300,59.0470,67.5075,67.6919,67.8034,-0.1115,0.2408,71.2524,65.6176,99.8400,-105664.5648,67.2756,67.4718,67.8457,1.4502,0.0000,0.0000,0.0000,1.50,0.589,-,0.519,0.255,0.101,0.237,0.140,0.063,0.127,-,-,67.30,-0.50,389,10.3360,69.66%,38.33%,31.18%,30.34%,0.00%,0.15%,-,10.00,11.23,88.68,02 Nov 2025,28 Dec 2025,5.99,7.09,862537900.00,A-EQ,86253790
CONTININS,Continental Insurance PLC.,Insurance,B,1585.79,25.35,36.30,0.83,36.30,18.1940,"501,835",57.6481,-25.4902,34.6900,34.4540,28.0060,35.7828,35.5965,35.0496,0.5469,0.3951,37.4597,31.9203,393.8000,-196731.6856,36.0711,35.8667,35.2214,1.4601,0.0000,0.0000,0.0000,1.38,-,-,-,-,-,-,-,-,-,-,-,36.00,0.30,405,18.1940,68.46%,8.22%,60.24%,31.54%,0.00%,0.00%,-,5.00,1.50,22.78,03 May 2026,13 Aug 2026,25.35,19.35,436855760.00,B-EQ,43685576
COPPERTECH,Coppertech Industries Ltd.,Engineering,B,1821.46,39.15,27.80,0.00,27.80,11.1850,"401,409",51.4478,-58.3333,27.4850,27.5620,22.0455,27.9857,27.9250,27.6440,0.2810,0.2799,29.5352,25.4348,419.1400,-763177.9440,28.1156,28.1590,27.8690,1.4996,0.0000,0.0000,0.0000,0.77,1.288,0.143,0.672,-,0.102,0.028,0.137,0.023,0.050,-,-,27.80,0.00,451,11.1850,72.43%,21.48%,50.95%,27.57%,0.00%,0.00%,-,2.15,0.71,14.32,29 Oct 2025,29 Jan 2026,39.15,46.33,655200000.00,B-EQ,65520000
CROWNCEMNT,Crown Cement PLC,Cement,A,9830.70,14.67,66.20,-0.15,66.20,0.6590,"9,954",47.1881,-87.2727,68.7350,64.1440,52.8340,67.2812,67.5018,66.9523,0.5495,1.2927,71.8302,65.6398,6.0700,-11331.5540,66.9667,67.2628,67.9962,1.0836,0.0000,0.0000,0.0000,3.17,0.888,-,0.569,0.044,0.097,0.020,0.141,0.025,0.072,-,-,66.30,-0.10,66,0.6590,58.98%,18.73%,40.20%,41.02%,0.00%,0.05%,-,21.00,4.52,62.66,20 Oct 2025,22 Dec 2025,14.67,29.25,1485000000.00,A-EQ,148500000
CRYSTALINS,Crystal Insurance Company Limited,Insurance,A,3036.00,20.81,69.00,-0.72,69.00,5.6500,"81,731",46.1869,-62.9032,69.0450,71.4460,67.8355,69.4926,69.4997,69.9608,-0.4611,-0.6625,71.8212,66.2688,141.6800,-285852.7576,69.6422,69.5821,69.2148,1.5340,0.0000,0.0000,0.0000,1.74,-,-,-,-,-,-,-,-,-,-,-,69.50,-0.50,333,5.6500,42.00%,14.25%,27.72%,58.00%,0.00%,0.03%,-,12.00,3.34,27.65,17 Feb 2026,30 Mar 2026,20.81,17.91,440000000.00,A-EQ,44000000
CVOPRL,CVO Petrochemical Refinery PLC.,Fuel & Power,A,5542.21,46.70,183.10,2.63,183.10,87.6910,"481,171",63.8608,-14.5038,176.5550,172.0060,163.6480,177.9733,177.4218,175.4995,1.9223,1.6157,182.0412,171.0688,240.6900,-43772.9379,178.1089,177.4603,176.7600,1.3490,0.0000,0.0000,0.0000,0.60,0.917,-,0.507,0.101,0.124,0.092,0.156,0.085,0.126,-,-,178.40,4.70,"2,457",87.6910,56.94%,18.01%,38.84%,43.06%,0.00%,0.09%,9.00,11.00,3.82,13.12,28 Sep 2025,10 Dec 2025,46.70,26.34,302687550.00,A-EQ,30268755
DACCADYE,The Dacca Dyeing & Manufacturing Co.Limited,Textile,Z,1464.18,-,16.80,0.00,16.80,2.3560,"139,531",45.4773,-93.3333,17.0950,17.0440,17.3825,16.8954,16.9336,16.9917,-0.0581,-0.0017,17.6038,16.5862,55.3900,-281479.8803,16.8600,16.8846,16.9762,1.3744,0.0000,0.0000,0.0000,-,0.133,-,0.117,-,-,-,-,-,-,-,-,16.80,0.00,139,2.3560,69.90%,17.88%,51.94%,30.10%,0.00%,0.08%,-,-,-5.82,25.71,08 Dec 2025,16 Jan 2026,-,-,871534530.00,Z-EQ,87153453
DAFODILCOM,Daffodil Computers PLC.,IT Sector,B,8475.10,1042.50,169.80,1.80,169.80,53.9500,"319,720",59.2196,-21.6000,166.0050,158.6940,87.4985,166.2583,166.0896,163.9711,2.1185,2.7449,171.2015,160.8085,96.0500,178428.6394,166.1133,166.2679,166.1952,0.6722,0.0000,0.0000,0.0000,-,0.716,-,0.661,0.025,0.134,0.015,0.376,0.005,0.013,-,-,166.80,3.00,"1,557",53.9500,58.60%,36.69%,21.85%,41.40%,0.00%,0.06%,-,-,0.16,12.90,02 Nov 2025,29 Dec 2025,1042.50,500.40,499122620.00,B-EQ,49912262
DBH,DBH Finance PLC,Financial Institutions,A,8946.48,9.42,44.10,-0.23,44.10,11.0500,"252,266",60.2536,-20.0000,43.1900,41.8040,38.0795,43.5417,43.4236,42.8504,0.5732,0.5835,44.8327,41.5473,73.0300,68154.9978,43.5378,43.4782,43.3952,1.1724,0.0000,0.0000,0.0000,3.40,-,-,-,-,0.714,0.395,-,-,-,-,0.099,44.20,-0.10,336,11.0500,48.68%,33.21%,14.93%,51.32%,0.00%,0.54%,-,15.00,4.69,49.55,11 May 2026,29 Jun 2026,9.42,8.07,2028679740.00,A-EQ,202867974
DBH1STMF,DBH First Mutual Fund,Mutual Funds,A,672.00,19.66,5.60,-1.75,5.60,5.7070,"1,017,207",50.6979,-77.7778,5.7800,5.1680,5.3030,5.7626,5.7549,5.5894,0.1655,0.2266,6.2085,5.3515,525.3600,-151401.6122,5.7822,5.8038,5.8062,0.9285,0.0000,0.0000,0.0000,-,-,-,-,-,-,-,-,-,-,-,-,5.70,-0.10,256,5.7070,83.33%,38.93%,44.40%,16.67%,0.00%,0.00%,-,3.00,0.29,10.32,16 Aug 2023,-,19.66,-,1200000000.00,A-MF,120000000
DBLPBOND,Dhaka Bank Perpetual Bond,Corporate Bond,A,249.00,-,0.00,0.00,6225.00,0.0000,0,77.6658,0.0000,6011.2500,0.0000,0.0000,5876.3137,5790.1395,5570.2802,219.8593,134.0774,6733.7165,5288.7835,0.0900,0.9545,6045.0000,6034.6154,6021.4286,0.1145,0.0000,0.0000,0.0000,0.02,-,-,-,-,-,-,-,-,-,-,-,6225.00,0.00,0,0.0000,0.00%,0.00%,0.00%,0.00%,0.00%,0.00%,-,10.00,0.00,0.00,27 Jan 2026,-,-,-,400000.00,A-CB,40000
DELTALIFE,Delta Life Insurance Limited,Insurance,A,9900.00,-,80.00,-1.11,80.00,10.2920,"128,208",46.4685,-56.0440,80.8900,80.9140,74.1700,80.9503,80.9956,81.0143,-0.0187,0.0720,83.5693,78.2107,32.6000,-208921.3831,81.0622,80.9782,80.8100,1.4141,0.0000,0.0000,0.0000,4.38,-,-,-,-,-,-,-,-,-,-,-,80.90,-0.90,463,10.2920,51.16%,15.55%,35.61%,48.84%,0.00%,0.00%,-,35.00,0.00,0.00,12 May 2026,29 Jun 2026,-,-,1237500000.00,A-EQ,123750000
DELTASPINN,Delta Spinners Limited,Textile,Z,1298.56,26.90,7.80,0.00,7.80,4.2870,"550,229",59.1956,-57.1429,7.7400,7.2360,5.8515,7.7872,7.7692,7.5993,0.1699,0.2102,8.1724,7.3076,196.8600,-1394061.5575,7.7911,7.8077,7.8048,1.4133,0.0000,0.0000,0.0000,1.28,1.821,-,0.910,-,-,-,-,-,-,-,-,7.80,0.00,134,4.2870,79.40%,7.73%,71.67%,20.60%,0.00%,0.00%,-,1.00,0.00,0.00,31 Jan 2021,-,26.90,195.00,1664819640.00,Z-EQ,166481964
DESCO,Dhaka Electric Supply Company Limited,Fuel & Power,Z,10217.54,-,25.70,0.00,25.70,0.5710,"22,221",50.3584,-69.2308,25.8900,25.1960,22.4075,25.7792,25.8018,25.6972,0.1046,0.2035,26.3838,25.3962,3.5500,-42515.3285,25.7511,25.7654,25.8119,1.0898,0.0000,0.0000,0.0000,-,0.929,-,0.929,-,0.016,-,0.088,-,-,-,-,25.70,0.00,41,0.5710,32.34%,23.78%,8.52%,0.00%,67.66%,0.04%,-,-,-3.15,35.33,12 Oct 2025,17 Jan 2026,-,13.20,3975698040.00,Z-EQ,397569804
DESHBANDHU,Deshbandhu Polymer Limited,Engineering,B,1343.90,-,21.90,-0.90,21.90,10.3040,"469,659",49.1701,-75.0000,22.1700,21.4880,17.8430,22.2915,22.2950,22.0124,0.2826,0.4233,24.1457,20.1943,636.9300,-1020705.6225,22.2533,22.4167,22.4067,1.7050,0.0000,0.0000,0.0000,-,2.280,0.870,1.509,-,-,-,-,-,-,-,-,22.10,-0.20,444,10.3040,66.46%,22.23%,44.23%,33.54%,0.00%,0.00%,-,-,-3.93,14.54,28 Oct 2025,22 Dec 2025,-,-,613651500.00,B-EQ,61365150
DGIC,Desh General Insurance Company Limited,Insurance,B,1392.00,-,34.80,1.16,34.80,14.1050,"404,881",57.3306,-43.7500,33.9150,31.2220,23.7075,34.5120,34.3618,33.3324,1.0294,1.1839,36.0956,31.7344,370.9300,-114723.0142,34.6511,34.6128,34.2576,1.5778,0.0000,0.0000,0.0000,0.57,-,-,-,-,-,-,-,-,-,-,-,34.40,0.40,395,14.1050,48.52%,6.12%,42.40%,51.48%,0.00%,0.00%,-,2.00,0.16,11.35,21 May 2026,09 Sep 2026,-,78.18,400000000.00,B-EQ,40000000
DHAKABANK,Dhaka Bank PLC.,Bank,A,13000.27,4.68,12.30,-0.81,12.30,14.2690,"1,157,612",52.9424,-57.1429,12.2350,12.1220,12.0335,12.2527,12.2403,12.2080,0.0323,0.0204,12.5413,11.9287,42.7500,414494.6190,12.2489,12.2256,12.2210,1.0970,0.0000,0.0000,0.0000,8.13,-,-,-,-,0.601,0.139,-,0.006,0.112,0.007,-,12.40,-0.10,310,14.2690,55.74%,12.73%,43.01%,44.26%,0.00%,0.00%,-,10.00,2.65,23.64,29 Apr 2026,25 Jun 2026,4.68,6.53,10569323490.00,A-EQ,1056932349
DHAKAINS,Dhaka Insurance Limited,Insurance,A,1990.20,28.84,49.60,0.00,49.60,15.4550,"310,243",63.2508,-28.0992,45.3250,44.5940,39.4400,48.5150,47.8380,46.0401,1.7979,1.1573,52.3901,38.2599,263.2300,-257314.4259,49.4822,48.6833,46.8410,1.4287,0.0000,0.0000,0.0000,2.02,-,-,-,-,-,-,-,-,-,-,-,49.60,0.00,490,15.4550,45.19%,12.40%,32.72%,54.81%,0.00%,0.07%,-,10.00,1.72,36.70,14 May 2026,20 Jul 2026,28.84,20.67,401250000.00,A-EQ,40125000
DOMINAGE,Dominage Steel Building Systems Limited,Engineering,B,8023.32,1578.00,78.20,-0.89,78.20,147.9590,"1,888,351",45.9558,-76.1589,79.8900,79.2280,48.3205,80.4384,80.5351,79.8910,0.6441,1.1596,87.7420,72.0380,506.0900,145859.4597,80.4533,81.1872,80.9567,1.4567,0.0000,0.0000,0.0000,0.04,6.171,0.004,3.379,-,0.105,0.027,0.205,0.003,0.003,-,-,78.90,-0.70,"1,681",147.9590,69.80%,15.60%,54.18%,30.20%,0.00%,0.02%,-,0.35,0.05,17.16,29 Oct 2025,24 Dec 2025,1578.00,-,1026000000.00,B-EQ,102600000
DOREENPWR,Doreen Power Generations and Systems Limited,Fuel & Power,A,6339.16,10.78,35.00,1.74,35.00,21.6290,"623,110",66.0518,-26.3158,32.6950,31.8280,29.1055,34.1852,33.8555,32.8402,1.0152,0.7689,36.0027,29.3873,132.9700,-413359.7244,34.6556,34.3064,33.4710,1.3708,0.0000,0.0000,0.0000,2.86,1.281,-,1.119,0.039,0.197,0.039,0.212,0.023,0.061,-,-,34.40,0.60,715,21.6290,33.39%,18.07%,15.32%,66.61%,0.00%,0.00%,-,10.00,3.19,52.43,26 Oct 2025,31 Dec 2025,10.78,6.20,1811189010.00,A-EQ,181118901
DSHGARME,Desh Garmants Limited,Textile,B,1507.65,226.58,181.90,9.98,181.90,93.7340,"529,936",68.3664,0.0000,166.5550,156.8380,122.7810,168.2219,167.3118,163.2810,4.0308,3.9291,176.2387,156.8713,546.3300,-5096.4140,168.0022,167.3641,166.8914,1.3242,0.0000,0.0000,0.0000,0.16,1.866,-,0.947,-,-,-,-,-,-,-,-,165.40,16.50,"1,676",93.7340,45.01%,7.63%,37.38%,54.99%,0.00%,0.00%,-,3.00,0.73,157.02,29 Oct 2025,18 Dec 2025,226.58,443.04,82883420.00,B-EQ,8288342
DSSL,Dragon Sweater and Spinning Limited,Textile,B,2782.47,95.71,13.20,-1.49,13.20,39.7810,"2,989,480",49.3780,-94.1176,13.6800,12.2220,9.6405,13.5540,13.5783,13.2671,0.3112,0.5112,14.6059,12.7541,894.8200,-7293285.7002,13.5044,13.6244,13.7186,1.6720,0.0000,0.0000,0.0000,0.38,16.911,-,12.803,-,-,-,-,-,-,-,-,13.40,-0.20,"1,096",39.7810,67.83%,15.49%,52.34%,32.17%,0.00%,0.00%,-,0.50,0.14,18.18,28 Oct 2025,30 Dec 2025,95.71,-,2107932750.00,B-EQ,210793275
DULAMIACOT,Dulamia Cotton Spinning Mills Limited,Textile,Z,1626.94,833.60,215.30,3.31,215.30,5.5320,"25,829",58.5974,-37.8092,209.9350,191.2200,145.5030,210.3682,209.6827,203.8245,5.8582,7.1096,226.0224,193.8476,155.1200,-42130.1896,210.8178,210.4526,210.5019,0.9702,0.0000,0.0000,0.0000,0.14,0.072,-,0.068,-,-,-,-,-,-,-,-,208.40,6.90,286,5.5320,66.99%,6.56%,60.43%,33.01%,0.00%,0.00%,-,3.00,0.25,-39.83,29 Sep 2025,03 Dec 2025,833.60,781.50,75566000.00,Z-EQ,7556600
DUTCHBANGL,Dutch-Bangla Bank PLC.,Bank,A,49635.27,4.95,48.90,-1.01,48.90,13.3620,"273,442",54.8264,-55.0000,49.2750,46.0260,41.6830,49.0556,49.0135,48.2735,0.7400,0.9957,50.8996,47.6504,29.5000,-553026.0072,49.0111,49.0654,49.1162,0.8137,0.0000,0.0000,0.0000,5.11,-,-,-,-,0.503,0.186,-,0.012,0.161,0.013,-,49.40,-0.50,375,13.3620,16.44%,7.43%,8.97%,83.56%,0.00%,0.04%,5.00,25.00,9.98,62.14,29 Apr 2026,16 Jun 2026,4.95,5.68,10150361950.00,A-EQ,1015036195
EASTERNINS,Eastern Insurance PLC,Insurance,A,2746.12,22.29,63.70,-0.78,63.70,28.8810,"450,584",59.6616,-41.1290,60.6750,60.3300,54.2230,63.2439,62.7516,61.3475,1.4041,0.9838,66.9772,54.3728,172.7400,-454554.6683,64.0444,63.5667,62.0124,1.5606,0.0000,0.0000,0.0000,2.35,-,-,-,-,-,-,-,-,-,-,-,64.20,-0.50,655,28.8810,55.14%,28.38%,26.76%,44.86%,0.00%,0.00%,-,15.00,2.88,50.13,03 May 2026,14 Jul 2026,22.29,17.73,431101440.00,A-EQ,43110144
EASTLAND,Eastland Insurance PLC.,Insurance,A,2516.42,27.36,30.00,-0.33,30.00,12.1550,"406,587",58.5899,-34.0426,28.7500,27.6060,22.3360,29.8165,29.6045,28.8083,0.7962,0.7052,31.5041,25.9959,213.7700,-446633.6852,30.1089,29.9397,29.2948,1.1908,0.0000,0.0000,0.0000,3.33,-,-,-,-,-,-,-,-,-,-,-,30.10,-0.10,445,12.1550,58.89%,24.68%,34.21%,41.11%,0.00%,0.00%,-,10.00,1.10,21.58,23 Apr 2026,29 Jun 2026,27.36,21.50,838805810.00,A-EQ,83880581
EASTRNLUB,Eastern Lubricants Blenders PLC.,Fuel & Power,A,4922.17,47.93,2066.90,-0.14,2066.90,8.2000,"3,961",57.4170,-66.7237,2074.6500,1946.4040,1933.0635,2072.5769,2069.7220,2032.4889,37.2331,48.4850,2150.3033,1998.9967,189.8100,-15945.9723,2071.9200,2076.1103,2078.6662,0.7906,0.0000,0.0000,0.0000,0.39,1.609,-,1.050,0.115,0.050,0.091,0.074,0.083,0.206,-,-,2069.90,-3.00,421,8.2000,33.96%,6.54%,27.42%,15.04%,51.00%,0.00%,50.00,80.00,43.18,209.35,23 Nov 2025,31 Jan 2026,47.93,54.20,23814240.00,A-EQ,2381424
EBL,Eastern Bank PLC.,Bank,A,39777.24,4.63,24.20,0.00,24.20,40.7440,"1,684,491",42.8594,-71.4286,24.2550,24.5620,24.8350,24.1836,24.2039,24.3290,-0.1251,-0.1395,24.4842,24.0258,37.8900,-2084751.8489,24.1533,24.1667,24.2062,0.6201,0.0000,0.0000,0.0000,10.33,-,-,-,-,0.583,0.272,-,0.011,0.167,0.012,-,24.20,0.00,547,40.7440,70.56%,43.96%,26.50%,29.44%,0.00%,0.10%,3.00,25.00,5.23,31.38,16 Apr 2026,11 Jun 2026,4.63,4.53,16436877890.00,A-EQ,1643687789
EBL1STMF,EBL First Mutual Fund,Mutual Funds,A,694.82,-,4.80,0.00,4.80,1.9060,"402,309",50.9283,-77.7778,4.9250,4.3760,3.7855,4.9502,4.9441,4.7842,0.1599,0.2217,5.4271,4.4229,174.5000,73605.0763,4.9711,5.0038,4.9895,1.0117,0.0000,0.0000,0.0000,-,-,-,-,-,-,-,-,-,-,-,-,4.80,0.00,141,1.9060,98.62%,61.93%,36.69%,1.38%,0.00%,0.00%,-,-,-1.89,7.88,15 Sep 2024,-,-,-,1447542220.00,A-MF,144754222
EBLNRBMF,EBL NRB Mutual Fund,Mutual Funds,A,874.62,-,3.90,2.63,3.90,6.2770,"1,645,683",57.4975,-42.8571,3.8200,3.4140,2.8870,3.8882,3.8692,3.7206,0.1486,0.1768,4.2385,3.4015,439.5200,991754.7210,3.9067,3.9205,3.8933,1.2226,0.0000,0.0000,0.0000,-,-,-,-,-,-,-,-,-,-,-,-,3.80,0.10,183,6.2770,91.11%,37.93%,53.18%,8.89%,0.00%,0.00%,-,-,-1.93,8.25,25 Sep 2024,-,-,-,2242613030.00,A-MF,224261303
ECABLES,Eastern Cables Limited,Engineering,B,3864.96,-,146.40,4.42,146.40,9.1220,"62,843",62.2310,-12.9630,141.7550,135.1220,121.6680,140.9645,140.8617,139.7053,1.1564,1.4749,148.7766,134.7334,26.5400,-15449.4186,140.6089,140.2679,140.6743,1.3261,0.0000,0.0000,0.0000,-,1.179,0.009,0.945,-,-,-,0.082,-,-,-,-,140.20,6.20,544,9.1220,40.92%,13.34%,27.58%,8.08%,51.00%,0.00%,-,-,-4.43,339.32,12 Nov 2025,24 Jan 2026,-,-,264000000.00,B-EQ,26400000
EGEN,eGeneration PLC.,IT Sector,B,2025.00,36.00,27.00,0.00,27.00,16.0140,"592,294",52.3200,-45.0000,26.9150,26.6840,22.5980,26.9386,26.9315,26.8389,0.0925,0.1205,27.8401,25.9899,393.8000,-1012004.1563,26.9822,26.9564,26.8819,1.4651,0.0000,0.0000,0.0000,0.83,2.176,-,2.168,0.132,0.122,0.132,0.274,0.028,0.033,-,-,27.00,0.00,607,16.0140,69.93%,14.87%,54.53%,30.07%,0.00%,0.53%,-,2.25,0.75,23.38,30 Oct 2025,29 Dec 2025,36.00,35.53,750000000.00,B-EQ,75000000
EHL,Eastern Housing Limited,Services & Real Estate,A,8718.44,11.39,93.40,-0.85,93.40,18.0800,"193,067",47.7683,-72.5490,94.7800,93.0060,80.8500,94.2085,94.3431,94.1681,0.1749,0.5528,97.8890,91.6710,177.1700,-296184.2876,94.1511,94.2449,94.3571,1.7371,0.0000,0.0000,0.0000,2.68,1.228,-,0.380,0.351,0.224,0.255,0.363,0.032,0.092,-,-,94.20,-0.80,651,18.0800,49.56%,29.04%,20.49%,50.44%,0.00%,0.03%,-,25.00,8.27,89.99,10 Sep 2025,30 Oct 2025,11.39,10.62,933451530.00,A-EQ,93345153
EIL,Express Insurance Limited,Insurance,B,2216.71,29.15,34.00,-1.16,34.00,24.0110,"703,653",59.0191,-35.2941,32.6200,31.7460,29.0295,33.8246,33.5897,32.8059,0.7838,0.6369,35.5491,29.6909,491.7400,-1475731.6098,34.1622,33.9333,33.2190,1.1175,0.0000,0.0000,0.0000,1.47,-,-,-,-,-,-,-,-,-,-,-,34.40,-0.40,758,24.0110,40.00%,5.85%,34.15%,60.00%,0.00%,0.00%,-,5.00,1.18,19.91,03 May 2026,01 Jul 2026,29.15,19.77,651974640.00,B-EQ,65197464
EMERALDOIL,Emerald Oil Industries Limited,Food & Allied,Z,2692.52,40.00,29.50,1.03,29.50,7.1650,"243,805",61.4529,-45.0980,28.5600,25.6700,17.5570,29.2185,29.0282,27.8141,1.2140,1.3675,30.7884,26.3316,151.2300,-368140.3830,29.4356,29.3718,28.9514,1.4023,0.0000,0.0000,0.0000,1.69,0.874,-,0.739,0.066,0.066,0.059,0.097,0.081,-,-,-,29.20,0.30,303,7.1650,45.50%,4.44%,41.06%,54.50%,0.00%,0.00%,-,5.00,0.00,0.00,02 Nov 2023,-,40.00,8.74,912720040.00,Z-EQ,91272004
ENVOYTEX,Envoy Textiles Limited,Textile,A,9443.47,6.74,56.30,-0.53,56.30,12.0360,"213,446",49.2890,-66.6667,56.9950,55.1520,51.0945,56.5013,56.6095,56.4646,0.1449,0.4507,59.1998,54.7902,66.0400,-205188.4222,56.2733,56.5064,56.7295,1.0068,0.0000,0.0000,0.0000,5.33,1.215,-,0.723,-,-,-,-,-,-,-,-,56.60,-0.30,396,12.0360,34.59%,22.06%,12.36%,65.41%,0.00%,0.17%,-,30.00,8.40,58.32,28 Sep 2025,06 Dec 2025,6.74,7.21,1677347670.00,A-EQ,167734767
EPGL,Energypac Power Generation PLC.,Fuel & Power,B,3879.33,-,20.40,-1.92,20.40,11.0040,"538,150",51.8669,-48.2759,20.2250,19.9340,17.2990,20.5363,20.4793,20.2544,0.2249,0.2054,21.1144,19.3356,79.1800,-509356.4853,20.6244,20.5641,20.3914,1.7067,0.0000,0.0000,0.0000,0.98,-,-,-,-,-,-,-,-,-,-,-,20.80,-0.40,571,11.0040,45.86%,16.42%,29.44%,54.14%,0.00%,0.00%,-,2.00,-5.50,32.86,16 Nov 2025,15 Dec 2025,-,-,1901632160.00,B-EQ,190163216
ESQUIRENIT,Esquire Knit Composite PLC,Textile,A,3520.78,59.32,26.10,0.00,26.10,2.9400,"112,505",52.6973,-54.8387,26.1000,25.4500,22.2480,26.1278,26.1306,25.9489,0.1817,0.2734,27.0177,25.1823,62.7000,-340211.5843,26.1133,26.1833,26.1352,1.2405,0.0000,0.0000,0.0000,3.83,1.236,-,0.438,-,-,-,-,-,-,-,-,26.10,0.00,135,2.9400,53.05%,41.44%,11.61%,46.95%,0.00%,0.00%,-,10.00,0.44,65.10,27 Oct 2025,25 Jan 2026,59.32,-,1348958330.00,A-EQ,134895833
ETL,Evince Textiles Limited,Textile,B,2627.54,48.97,14.30,0.70,14.30,35.4680,"2,481,682",54.9073,-66.6667,14.3400,13.5740,10.8300,14.2542,14.2686,14.1109,0.1577,0.2633,14.9218,13.7582,718.9900,-4032423.5661,14.1978,14.2718,14.3371,1.3831,0.0000,0.0000,0.0000,1.75,0.945,-,0.426,-,-,-,-,-,-,-,-,14.20,0.10,753,35.4680,67.06%,18.04%,49.02%,32.94%,0.00%,0.00%,-,2.50,0.29,12.83,23 Oct 2025,18 Dec 2025,48.97,46.30,1837440000.00,B-EQ,183744000
EXIM1STMF,EXIM Bank 1st Mutual Fund,Mutual Funds,A,974.14,-,6.80,-1.45,6.80,34.9610,"5,144,191",79.4108,-22.2222,5.9200,4.5280,3.5610,6.7222,6.5437,5.7587,0.7850,0.7625,8.1392,3.7008,1075.4400,1199936.9642,6.9244,6.8821,6.4748,1.2932,0.0000,0.0000,0.0000,-,-,-,-,-,-,-,-,-,-,-,-,6.90,-0.10,666,34.9610,78.03%,25.91%,52.12%,21.97%,0.00%,0.00%,-,-,-1.91,8.16,15 Sep 2024,-,-,-,1432563430.00,A-MF,143256343
EXIMBANK,Export Import Bank of Bangladesh PLC.,Bank,A,4342.67,16.67,0.00,0.00,3.00,0.0000,0,35.3827,-100.0000,3.4350,3.8100,5.5645,3.1910,3.2550,3.5011,-0.2461,-0.2212,4.0054,2.8646,70.5700,-721052.8574,3.1222,3.1744,3.2990,1.0102,0.0000,0.0000,0.0000,-,-,-,-,-,0.465,0.016,-,0.000,0.008,0.000,-,3.00,0.00,0,0.0000,69.56%,27.45%,41.65%,30.44%,0.00%,0.46%,-,-,0.18,21.82,29 May 2025,28 Aug 2025,16.67,-,14475573440.00,A-EQ,1447557344
FAMILYTEX,Familytex (BD) Limited,Textile,Z,1027.07,-,2.90,0.00,2.90,4.8240,"1,650,482",60.9201,-40.0000,2.6550,2.6360,2.1581,2.8125,2.7800,2.6917,0.0883,0.0586,3.1206,2.1894,175.3500,599285.5641,2.8400,2.8205,2.7600,1.2716,0.0000,0.0000,0.0000,-,9.943,-,5.485,-,-,-,-,-,-,-,-,2.90,0.00,294,4.8240,95.98%,18.41%,77.57%,4.02%,0.00%,0.00%,-,-,-0.15,11.48,01 Nov 2020,24 Dec 2020,-,-,3541603880.00,Z-EQ,354160388
FARCHEM,Far Chemicals Industries Limited,Pharmaceuticals & Chemicals,B,3414.07,255.56,22.30,-3.04,22.30,46.1740,"2,036,824",44.8119,-98.2759,24.3050,21.2440,16.9400,23.6288,23.7077,23.1197,0.5880,1.0380,26.1397,22.4703,418.4200,-1867850.7277,23.5467,23.7795,24.1405,1.4699,0.0000,0.0000,0.0000,-,1.151,0.045,0.520,-,0.068,0.004,0.079,0.002,0.003,-,-,23.00,-0.70,"1,367",46.1740,67.37%,32.08%,35.29%,32.63%,0.00%,0.00%,-,-,0.09,32.52,29 Oct 2025,24 Dec 2025,255.56,-,1530973330.00,B-EQ,153097333
FAREASTFIN,Fareast Finance & Investment Limited,Financial Institutions,Z,344.53,-,0.00,0.00,2.10,0.0000,0,59.7544,-41.6667,1.7700,1.5240,1.4566,2.1327,2.0565,1.8161,0.2404,0.1862,2.6456,0.8944,161.7200,-32608.2669,2.2244,2.1744,1.9948,1.3024,0.0000,0.0000,0.0000,-,-,-,-,-,1.071,1.324,-,-,-,-,-,2.10,0.00,0,0.0000,60.26%,14.77%,45.49%,39.74%,0.00%,0.00%,-,-,-5.13,-50.48,12 May 2025,26 Jun 2025,-,-,1640633300.00,Z-EQ,164063330
FAREASTLIF,Fareast Islami Life Insurance Company Limited,Insurance,Z,1651.81,-,22.10,-0.45,22.10,0.8690,"39,474",47.8641,-31.0345,22.1650,22.6480,21.7780,22.1913,22.2025,22.2929,-0.0904,-0.1083,23.3478,20.9822,18.2400,-74057.3956,22.2222,22.2359,22.1410,1.6262,0.0000,0.0000,0.0000,-,-,-,-,-,-,-,-,-,-,-,-,22.20,-0.10,73,0.8690,81.94%,43.28%,38.66%,18.06%,0.00%,0.00%,-,-,0.00,0.00,01 Nov 2021,22 Dec 2021,-,-,747427510.00,Z-EQ,74742751
FASFIN,FAS Finance & Investment Limited,Financial Institutions,Z,372.69,-,0.00,0.00,2.50,0.0000,0,64.9562,-40.0000,2.0300,1.6640,1.5499,2.5106,2.3962,2.0477,0.3485,0.2612,3.2648,0.7952,155.8600,624216.8668,2.6889,2.6038,2.3357,1.2904,0.0000,0.0000,0.0000,-,-,-,-,-,1.038,1.660,-,-,-,-,-,2.50,0.00,0,0.0000,86.80%,7.58%,79.22%,13.20%,0.00%,0.00%,-,-,-22.65,-148.05,28 Jun 2026,-,-,-,1490773640.00,Z-EQ,149077364
FBFIF,First Bangladesh Fixed Income Fund,Mutual Funds,A,2949.36,-,3.80,0.00,3.80,3.3720,"893,591",54.6410,-71.4286,3.7750,3.4140,2.9665,3.8504,3.8337,3.6955,0.1382,0.1667,4.2286,3.3214,82.1400,-157361.8033,3.8756,3.8872,3.8548,1.1548,0.0000,0.0000,0.0000,-,-,-,-,-,-,-,-,-,-,-,-,3.80,0.00,138,3.3720,46.03%,28.69%,17.34%,53.97%,0.00%,0.00%,-,-,-1.82,8.32,15 Sep 2024,-,-,-,7761470280.00,A-MF,776147028
FEDERALINS,Federal Insurance  PLC.,Insurance,A,2145.40,29.50,30.20,1.34,30.20,52.5670,"1,749,360",63.1237,-7.6923,28.3300,27.8860,22.4960,29.3015,29.0944,28.4507,0.6438,0.4920,30.6688,25.9912,509.3200,-908809.3599,29.4978,29.3410,28.7890,1.2852,0.0000,0.0000,0.0000,3.31,-,-,-,-,-,-,-,-,-,-,-,29.80,0.40,"1,091",52.5670,63.96%,4.21%,59.75%,36.04%,0.00%,0.00%,-,10.00,1.10,13.04,03 May 2026,17 Aug 2026,29.50,14.75,710396430.00,A-EQ,71039643
FEKDIL,Far East Knitting & Dyeing Industries PLC,Textile,A,5621.73,14.21,25.70,5.76,25.70,181.7860,"7,202,913",60.9250,-44.0000,25.7700,21.4520,16.5905,25.0955,25.1474,24.3314,0.8160,1.3139,27.8045,23.7355,768.5200,512306.7514,24.8556,25.0872,25.5281,1.2987,0.0000,0.0000,0.0000,4.67,1.853,-,1.186,-,-,-,-,-,-,-,-,24.30,1.40,"3,655",181.7860,32.80%,8.07%,24.73%,67.20%,0.00%,0.00%,-,12.00,1.71,21.37,15 Oct 2025,14 Dec 2025,14.21,-,2187441710.00,A-EQ,218744171
FINEFOODS,Fine Foods Limited,Food & Allied,A,6169.48,108.23,441.50,-2.41,441.50,45.6350,"102,945",27.9469,-92.4623,473.7700,507.0560,444.6705,457.5848,461.5945,477.7982,-16.2037,-15.0234,511.3123,436.2277,196.4000,-1139.5427,453.4822,456.2846,464.3690,0.6823,0.0000,0.0000,0.0000,0.32,8.739,-,2.251,0.572,0.601,0.492,0.641,0.263,0.286,-,-,452.40,-10.90,"1,206",45.6350,86.08%,22.83%,63.25%,13.92%,0.00%,0.00%,-,14.00,4.18,14.65,29 Oct 2025,20 Dec 2025,108.23,43.61,139739180.00,A-EQ,13973918
FIRSTFIN,First Finance Limited,Financial Institutions,Z,604.58,-,5.10,6.25,5.10,0.7480,"148,727",61.5509,-40.0000,4.5950,4.3580,3.7780,4.9251,4.8579,4.6276,0.2303,0.1911,5.5299,3.6601,51.9700,155608.3649,5.0267,4.9808,4.8124,1.4329,0.0000,0.0000,0.0000,-,-,-,-,-,1.343,1.626,-,-,-,-,-,4.80,0.30,54,0.7480,58.69%,18.73%,39.96%,41.31%,0.00%,0.00%,-,-,-6.66,-46.01,29 Jun 2026,17 Sep 2026,-,-,1185446630.00,Z-EQ,118544663
FIRSTSBANK,First Security Islami Bank PLC.,Bank,Z,2295.46,0.67,0.00,0.00,1.90,0.0000,0,32.9434,-91.6667,2.4900,2.5900,3.9140,2.1778,2.2479,2.4402,-0.1923,-0.1289,3.1450,1.8350,146.6500,-4143929.6253,2.1044,2.1705,2.3310,1.3148,0.0000,0.0000,0.0000,-,-,-,-,-,-,-,-,-,-,-,-,1.90,0.00,0,0.0000,94.10%,28.21%,65.74%,5.90%,0.00%,0.15%,-,-,-3.35,16.40,01 Jun 2025,15 Sep 2025,0.67,-,12081393790.00,Z-EQ,1208139379
FORTUNE,Fortune Shoes Limited,Tannery Industries,Z,3157.25,170.91,18.50,-1.60,18.50,7.2970,"392,661",44.9604,-96.4286,19.8050,18.0160,14.8735,19.0801,19.1926,19.0447,0.1478,0.4643,21.4174,18.1926,142.2500,-724871.3048,18.9356,19.0846,19.4248,1.6021,0.0000,0.0000,0.0000,0.27,3.496,-,1.891,0.021,0.116,0.007,0.161,0.005,0.007,-,-,18.80,-0.30,428,7.2970,69.07%,18.12%,50.95%,30.93%,0.00%,0.00%,-,0.50,0.11,14.70,25 Nov 2025,30 Dec 2025,170.91,-,1706622630.00,Z-EQ,170662263
FUWANGCER,Fu-Wang Ceramic Industries Ltd.,Ceramics Sector,B,2275.69,152.73,16.70,-0.60,16.70,24.4680,"1,463,460",53.2897,-55.0000,16.6850,15.8040,12.7625,16.9284,16.8832,16.5001,0.3831,0.4641,17.8481,15.5219,840.5800,-2314863.6704,17.0022,17.0423,16.9090,1.5257,0.0000,0.0000,0.0000,0.60,-,-,-,-,-,-,0.262,-,-,-,-,16.80,-0.10,638,24.4680,70.00%,5.43%,64.17%,30.00%,0.00%,0.40%,-,1.00,0.11,12.00,05 Nov 2025,30 Dec 2025,152.73,1260.00,1362690930.00,B-EQ,136269093
FUWANGFOOD,Fu Wang Food Limited,Food & Allied,Z,1363.32,-,12.30,0.00,12.30,3.4840,"283,051",46.0997,-81.8182,12.7050,12.1460,10.8915,12.4693,12.5100,12.4570,0.0530,0.1673,13.2420,12.1680,173.3600,-515304.8211,12.4156,12.4885,12.6033,1.6296,0.0000,0.0000,0.0000,-,0.648,-,0.546,-,-,-,0.181,-,-,-,-,12.30,0.00,160,3.4840,92.15%,9.58%,82.56%,7.85%,0.00%,0.01%,-,-,-0.31,2.03,12 Nov 2024,26 Dec 2024,-,-,1108392840.00,Z-EQ,110839284
GBBPOWER,GBB Power Limited,Fuel & Power,Z,1547.41,126.36,15.20,9.35,15.20,48.1970,"3,233,370",88.9607,0.0000,10.1300,9.1200,7.7080,12.5901,11.9952,10.5099,1.4853,0.8778,14.8281,5.4319,240.9800,4135955.3148,13.1644,12.5397,11.2824,1.4762,0.0000,0.0000,0.0000,-,11.783,-,11.257,-,-,-,-,0.005,0.005,-,-,13.90,1.30,"1,776",48.1970,67.99%,15.95%,52.04%,32.01%,0.00%,0.00%,-,-,0.11,20.31,29 Oct 2025,22 Dec 2025,126.36,115.83,1018035480.00,Z-EQ,101803548
GEMINISEA,Gemini Sea Food PLC,Food & Allied,Z,1408.11,25.76,122.60,1.91,122.60,2.2290,"18,362",48.2228,-61.4286,124.8400,122.2980,125.0140,122.6897,123.0205,123.2709,-0.2504,0.3581,131.3723,118.3077,72.2700,-29431.2833,122.3356,122.5449,123.4100,1.3287,0.0000,0.0000,0.0000,0.61,1.175,-,0.604,0.095,0.078,0.076,0.258,0.049,0.237,-,-,120.30,2.30,214,2.2290,69.99%,6.97%,62.73%,30.01%,0.00%,0.29%,7.50,7.50,4.67,19.69,14 Nov 2024,29 Dec 2024,25.76,-,114854180.00,Z-EQ,11485418
GENEXIL,Genex Infosys PLC.,IT Sector,B,4793.91,18.66,39.80,-1.73,39.80,41.2240,"1,027,155",52.5221,-51.5152,40.3000,37.9340,29.1815,39.8797,39.8973,39.3589,0.5384,0.8302,42.5337,38.0663,420.7200,-1783722.1601,39.8000,39.8462,39.9919,1.7310,0.0000,0.0000,0.0000,0.25,0.634,-,0.603,0.139,0.381,0.137,0.450,0.040,0.098,-,-,40.50,-0.70,"1,005",41.2240,73.93%,22.22%,51.68%,26.07%,0.00%,0.03%,-,1.00,2.17,22.11,07 Dec 2025,30 Dec 2025,18.66,14.33,1204500210.00,B-EQ,120450021
GENNEXT,Generation Next Fashions Limited,Textile,Z,1682.91,47.14,3.40,3.03,3.40,6.4730,"1,947,434",66.6199,-16.6667,3.0300,3.0240,2.8480,3.2055,3.1654,3.0757,0.0897,0.0439,3.4144,2.6456,103.6600,3134828.3325,3.2378,3.1962,3.1229,1.4408,0.0000,0.0000,0.0000,2.94,2.920,-,1.339,-,-,-,-,-,-,-,-,3.30,0.10,268,6.4730,83.74%,22.10%,61.64%,16.26%,0.00%,0.00%,-,1.00,0.07,11.88,29 Oct 2023,23 Dec 2023,47.14,-,4949745550.00,Z-EQ,494974555
GHAIL,Golden Harvest Agro Industries Limited,Food & Allied,B,3345.48,-,15.50,0.00,15.50,11.5750,"745,803",48.1503,-72.2222,15.6850,15.3920,12.5415,15.7068,15.7215,15.6252,0.0963,0.1741,16.4397,14.9303,223.5900,-945206.3329,15.7133,15.7859,15.7624,1.4824,0.0000,0.0000,0.0000,0.65,1.739,-,1.329,-,-,-,0.420,-,-,-,-,15.50,0.00,340,11.5750,69.58%,39.28%,30.08%,30.42%,0.00%,0.22%,-,1.00,-0.24,12.33,28 Oct 2025,29 Dec 2025,-,-,2158376210.00,B-EQ,215837621
GHCL,Global Heavy Chemicals Limited,Pharmaceuticals & Chemicals,Z,1699.20,-,23.60,-2.07,23.60,2.9160,"122,977",53.4022,-80.6452,24.0400,21.8420,20.3960,24.0378,23.9802,23.2933,0.6868,0.8834,25.5316,22.5484,110.2100,-168060.5627,24.0400,24.1641,24.1843,1.1596,0.0000,0.0000,0.0000,-,0.123,-,0.102,-,-,-,-,-,-,-,-,24.10,-0.50,196,2.9160,31.40%,11.60%,19.80%,68.60%,0.00%,0.00%,-,-,-2.19,71.89,07 Dec 2025,-,-,-,720000000.00,Z-EQ,72000000
GIB,Global Islami Bank PLC,Bank,Z,1678.65,-,0.00,0.00,1.70,0.0000,0,39.3150,-75.0000,1.8300,1.9440,3.1450,1.7469,1.7665,1.8431,-0.0767,-0.0699,2.0362,1.6238,50.4600,-1277163.4522,1.7200,1.7423,1.7910,1.1715,0.0000,0.0000,0.0000,-,-,-,-,-,2.014,3.128,-,-,0.580,-,-,1.70,0.00,0,0.0000,84.57%,53.15%,31.42%,15.43%,0.00%,0.00%,-,-,-12.62,-21.77,10 Jul 2025,21 Sep 2025,-,-,9874396880.00,Z-EQ,987439688
GLDNJMF,ICB AMCL CMSF Golden Jubilee Mutual Fund,Mutual Funds,A,950.00,27.43,9.50,-1.04,9.50,11.1510,"1,185,097",63.0402,-34.7826,8.9000,7.5740,6.5920,9.4686,9.3279,8.6775,0.6504,0.6475,10.4828,7.3172,623.1600,769794.7530,9.6733,9.5859,9.2571,1.0978,0.0000,0.0000,0.0000,-,-,-,-,-,-,-,-,-,-,-,-,9.60,-0.10,282,11.1510,39.00%,15.52%,23.48%,61.00%,0.00%,0.00%,-,-,0.35,9.39,16 Feb 2026,-,27.43,5.85,1000000000.00,A-MF,100000000
GLOBALINS,Global Insurance PLC,Insurance,A,1816.72,28.23,44.80,0.45,44.80,21.9900,"491,072",57.0622,-37.1429,43.3450,41.0040,31.1460,44.4884,44.2857,43.1222,1.1634,1.2656,47.1402,39.5498,598.2100,-795786.6155,44.7556,44.6949,43.9971,1.4942,0.0000,0.0000,0.0000,2.23,-,-,-,-,-,-,-,-,-,-,-,44.60,0.20,675,21.9900,64.68%,12.69%,51.99%,35.32%,0.00%,0.00%,-,10.00,1.29,14.83,14 Jun 2026,18 Aug 2026,28.23,15.07,405517630.00,A-EQ,40551763
GOLDENSON,Golden Son Limited,Engineering,B,2799.20,-,16.30,0.00,16.30,11.2980,"694,936",45.2988,-83.3333,16.5750,16.6500,12.6655,16.5020,16.5401,16.5705,-0.0304,0.0389,17.2299,15.9201,320.8300,-2384747.7247,16.4711,16.5538,16.5924,1.5154,0.0000,0.0000,0.0000,-,1.628,0.945,0.943,-,-,-,-,-,-,-,-,16.30,0.00,454,11.2980,69.71%,24.52%,45.19%,30.29%,0.00%,0.00%,-,-,-1.83,16.06,26 Nov 2025,31 Dec 2025,-,-,1717297720.00,B-EQ,171729772
GP,Grameenphone Limited,Telecommunication,A,337980.10,11.81,250.30,-3.25,250.30,133.9740,"535,740",31.6979,-81.3008,258.0350,255.5800,259.0135,256.7284,257.1198,257.0539,0.0659,0.9565,262.2627,253.8073,3.2600,-156265.2236,256.6156,257.1128,257.7610,0.7109,0.0000,0.0000,0.0000,4.19,0.159,0.125,0.155,0.311,0.357,0.187,1.000,0.155,0.528,-,-,258.70,-8.40,"3,499",133.9740,10.00%,6.80%,2.95%,90.00%,0.00%,0.25%,-,105.00,10.52,41.51,15 Jul 2026,-,11.81,12.30,13503000220.00,A-EQ,1350300022
GPHISPAT,GPH Ispat Limited,Engineering,B,8951.84,-,18.50,-1.07,18.50,16.1700,"872,686",42.8207,-100.0000,19.1750,18.6020,17.0360,18.8642,18.9353,18.9276,0.0076,0.1673,19.9173,18.4327,92.4600,-1324643.3748,18.7867,18.8974,19.0343,1.5035,0.0000,0.0000,0.0000,2.70,1.024,1.164,0.595,-,0.112,-,0.140,-,-,-,-,18.70,-0.20,496,16.1700,69.78%,19.98%,49.80%,30.22%,0.00%,0.00%,-,5.00,-0.51,51.72,02 Dec 2025,31 Dec 2025,-,-,4838834560.00,B-EQ,483883456
GQBALLPEN,GQ Ball Pen Industries Limited,Miscellaneous,A,4980.98,-,557.90,0.43,557.90,37.4280,"67,249",35.1606,-83.9048,588.2200,621.1980,548.6185,570.9215,575.7135,591.9397,-16.2262,-13.3385,628.2334,548.2066,182.2300,18233.0927,565.1667,570.6321,580.5690,0.9508,0.0000,0.0000,0.0000,0.18,2.247,-,2.213,-,-,-,-,-,-,-,-,555.50,2.40,756,37.4280,62.23%,1.47%,60.71%,37.77%,0.00%,0.05%,-,10.00,-1.83,135.81,29 Oct 2025,15 Dec 2025,-,-,89280910.00,A-EQ,8928091
GRAMEENS2,Grameen One : Scheme Two,Mutual Funds,A,2462.37,16.79,13.50,-0.74,13.50,13.4890,"988,695",50.8305,-75.0000,13.5750,13.0640,12.1105,13.6993,13.6745,13.4711,0.2034,0.2446,14.3001,12.8499,99.8800,-377836.3092,13.7733,13.7667,13.6914,0.9114,0.0000,0.0000,0.0000,-,-,-,-,-,-,-,-,-,-,-,-,13.60,-0.10,397,13.4890,79.48%,54.25%,25.23%,20.52%,0.00%,0.00%,-,9.00,0.82,17.07,13 Aug 2026,-,16.79,18.89,1823979020.00,A-MF,182397902
GREENDELMF,Green Delta Mutual Fund,Mutual Funds,A,750.00,36.43,5.00,-1.96,5.00,3.2690,"651,874",54.1602,-72.7273,5.0600,4.2460,3.4575,5.1527,5.1233,4.8473,0.2760,0.3413,5.8178,4.3022,412.4100,-158753.6544,5.1978,5.2167,5.1757,1.1595,0.0000,0.0000,0.0000,-,-,-,-,-,-,-,-,-,-,-,-,5.10,-0.10,148,3.2690,91.67%,43.56%,48.11%,8.33%,0.00%,0.00%,-,1.50,0.14,10.16,16 Aug 2023,-,36.43,-,1500000000.00,A-MF,150000000
GREENDELT,Green Delta Insurance Company PLC.,Insurance,A,7383.87,13.13,73.70,3.22,73.70,60.9760,"835,196",68.0910,-6.4516,68.3750,66.8540,58.0210,70.7326,70.2318,68.7305,1.5013,1.1078,73.3974,63.3526,63.5700,208278.5704,71.2244,70.7692,69.5190,1.2598,0.0000,0.0000,0.0000,3.66,-,-,-,-,-,-,-,-,-,-,-,71.40,2.30,"1,102",60.9760,69.42%,23.23%,41.59%,30.58%,0.00%,4.60%,-,27.00,5.44,70.53,16 Feb 2026,31 Mar 2026,13.13,13.78,1001881940.00,A-EQ,100188194
GSPFINANCE,GSP Finance Company (Bangladesh) PLC,Financial Institutions,Z,659.69,-,4.20,5.00,4.20,1.0350,"247,980",52.3648,-75.0000,4.1700,3.8460,3.2680,4.2763,4.2600,4.1134,0.1466,0.1798,4.8662,3.4738,100.4600,-348723.4450,4.3267,4.3474,4.2919,1.9381,0.0000,0.0000,0.0000,-,-,-,-,-,1.171,5.228,-,-,-,-,-,4.00,0.20,107,1.0350,87.98%,35.67%,52.31%,12.02%,0.00%,0.00%,-,-,-11.79,4.60,03 Sep 2025,14 Dec 2025,-,-,1570685850.00,Z-EQ,157068585
HAKKANIPUL,Hakkani Pulp & Paper Mills PLC.,Paper & Printing,B,1582.70,1172.86,83.30,1.46,83.30,35.1320,"422,279",55.4578,-34.7826,81.7250,80.8220,74.4045,82.1915,82.0633,81.6459,0.4175,0.3325,84.3671,79.0829,461.8200,-218904.8442,82.3089,82.1359,81.7848,1.3897,0.0000,0.0000,0.0000,0.60,1.776,-,0.853,0.017,0.080,0.001,0.153,0.001,0.003,-,-,82.10,1.20,"1,155",35.1320,52.72%,5.59%,47.13%,47.28%,0.00%,0.00%,-,5.00,0.07,24.24,28 Oct 2025,20 Dec 2025,1172.86,198.63,190000000.00,B-EQ,19000000
HAMI,Hami Industries PLC.,Miscellaneous,Z,1265.88,-,164.40,1.04,164.40,2.1860,"13,318",59.5231,-50.6608,160.1300,157.8380,142.2855,161.9647,161.3279,159.7922,1.5357,0.8600,166.6899,153.5701,71.4200,-7336.6729,162.8289,162.2372,160.8438,0.9462,0.0000,0.0000,0.0000,0.06,0.508,-,0.360,-,-,-,0.020,-,-,-,-,162.70,1.70,284,2.1860,67.48%,11.93%,54.37%,32.52%,0.00%,1.18%,-,1.00,0.00,0.00,02 Jun 2024,-,-,581.07,77000000.00,Z-EQ,7700000
HEIDELBCEM,Heidelberg Materials Bangladesh PLC.,Cement,A,12617.25,62.90,223.30,0.00,223.30,1.9800,"8,870",45.9396,-55.0000,226.5000,231.6260,225.4100,222.4842,223.2039,225.9725,-2.7687,-2.4911,240.9329,212.0671,17.1900,-21539.3791,221.5022,221.7423,223.2990,1.0466,0.0000,0.0000,0.0000,0.49,0.885,-,0.559,0.049,0.048,0.031,0.122,0.042,0.112,-,-,223.30,0.00,138,1.9800,39.33%,28.47%,10.82%,60.67%,0.00%,0.04%,-,11.00,3.55,73.92,26 Apr 2026,18 Jun 2026,62.90,-,565035800.00,A-EQ,56503580
HFL,Hamid Fabrics PLC.,Textile,Z,1456.92,84.74,16.00,-0.62,16.00,3.8330,"238,361",58.9567,-33.3333,15.3000,15.1580,10.3530,15.7824,15.6719,15.3670,0.3049,0.2055,16.7611,13.8389,53.2500,19479.7339,15.8756,15.7679,15.5995,1.4677,0.0000,0.0000,0.0000,-,1.653,-,0.845,-,-,-,-,-,-,-,-,16.10,-0.10,184,3.8330,48.62%,18.73%,29.89%,51.38%,0.00%,0.00%,-,-,-4.06,33.66,29 Oct 2024,26 Dec 2024,84.74,-,910573120.00,Z-EQ,91057312
HRTEX,H.R.Textile Limited,Textile,Z,601.96,-,20.60,-0.48,20.60,0.3990,"19,298",46.4090,-63.1579,20.9100,21.1020,18.7315,20.6530,20.7070,20.8502,-0.1432,-0.0921,21.8523,19.9677,59.3300,-70514.5561,20.5578,20.6179,20.7357,1.5007,0.0000,0.0000,0.0000,-,1.843,-,1.404,-,-,-,-,-,-,-,-,20.70,-0.10,87,0.3990,65.46%,16.78%,48.68%,34.54%,0.00%,0.00%,-,-,-19.67,21.43,24 Dec 2024,19 Mar 2025,-,-,292215000.00,Z-EQ,29221500
HWAWELLTEX,Hwa Well Textiles (BD) PLC,Textile,A,2749.60,13.79,49.10,-2.19,49.10,15.7440,"319,027",53.3550,-62.9630,48.8850,46.8500,43.0505,49.6418,49.5068,48.5981,0.9087,1.0398,51.7107,46.0593,113.7500,-330296.7802,49.8778,49.9141,49.4695,0.8941,0.0000,0.0000,0.0000,4.07,5.768,-,5.134,-,-,-,-,-,-,-,-,50.20,-1.10,397,15.7440,49.17%,9.05%,40.04%,50.83%,0.00%,0.08%,-,20.00,3.64,40.16,28 Oct 2025,11 Dec 2025,13.79,13.74,560000000.00,A-EQ,56000000
IBBL2PBOND,IBBL 2nd Mudaraba Perpetual Bond,Corporate Bond,N,623.68,-,0.00,0.00,3898.00,0.0000,0,43.7948,-100.0000,3932.0500,4027.6900,0.0000,3953.0658,3968.7746,3997.0587,-28.2842,-7.0967,4121.4471,3742.6529,0.1800,-3.4513,3904.9333,3908.7949,3918.5381,0.1501,0.0000,0.0000,0.0000,0.03,-,-,-,-,-,-,-,-,-,-,-,3898.00,0.00,0,0.0000,0.00%,0.00%,0.00%,0.00%,0.00%,0.00%,-,10.00,0.00,0.00,18 Nov 2025,-,-,-,1600000.00,N-CB,160000
IBBLPBOND,IBBL Mudaraba Perpetual Bond,Corporate Bond,A,2100.00,-,700.00,5.39,700.00,0.2800,400,55.3328,0.0000,675.0000,674.9600,672.2150,677.5714,676.7219,676.7306,-0.0086,-1.8782,704.2600,645.7400,0.7200,63.4126,675.4444,675.4295,675.5976,0.1978,0.0000,0.0000,0.0000,-,-,-,-,-,-,-,-,-,-,-,-,664.20,35.80,2,0.2800,100.00%,79.51%,19.83%,0.00%,0.00%,0.66%,-,-,0.00,0.00,30 Apr 2026,-,-,-,30000000.00,A-CB,3000000
IBNSINA,The Ibn Sina Pharmaceutical Industry PLC,Pharmaceuticals & Chemicals,A,10072.95,15.84,321.50,0.40,322.40,1.4230,"4,418",51.8325,-31.3953,322.3150,320.0240,316.0200,321.5113,321.5743,321.4519,0.1224,0.3184,329.1568,315.4732,29.4200,-29466.7039,321.3711,321.2269,321.3390,0.7888,0.0000,0.0000,0.0000,1.99,1.149,0.244,0.419,-,0.080,0.053,0.404,0.084,0.158,-,-,321.10,1.30,70,1.4230,55.32%,25.13%,30.19%,44.68%,0.00%,0.00%,-,64.00,20.27,125.69,05 Oct 2025,23 Nov 2025,15.84,12.08,312436270.00,A-EQ,31243627
IBP,Indo-Bangla Pharmaceuticals Limited,Pharmaceuticals & Chemicals,B,2254.38,-,19.40,0.52,19.40,37.6300,"1,949,175",54.4059,-68.9655,19.5300,17.6260,13.7515,19.4883,19.4812,18.9775,0.5037,0.7253,21.0861,17.9739,1157.7500,-1902933.5440,19.4067,19.5782,19.6500,1.6680,0.0000,0.0000,0.0000,0.08,3.622,-,2.741,-,-,-,0.114,-,-,-,-,19.30,0.10,967,37.6300,75.57%,29.45%,46.12%,24.43%,0.00%,0.00%,-,0.15,-0.32,12.53,16 Nov 2025,30 Dec 2025,-,723.75,1162051780.00,B-EQ,116205178
ICB,Investment Corporation of Bangladesh,Financial Institutions,B,38766.48,-,44.70,-0.89,44.70,3.5680,"79,613",40.3109,-96.7742,46.4800,45.6200,40.4035,45.6472,45.8203,45.9712,-0.1509,0.1582,48.3286,44.6314,6.0300,-155647.7807,45.4956,45.6397,46.0262,1.5183,0.0000,0.0000,0.0000,-,-,-,-,-,0.182,0.174,-,-,-,-,0.002,45.10,-0.40,237,3.5680,3.80%,1.65%,2.15%,69.20%,27.00%,0.00%,-,-,-14.00,37.45,29 Oct 2025,13 Dec 2025,-,-,8672589610.00,B-EQ,867258961
ICB3RDNRB,ICB AMCL Third NRB Mutual Fund,Mutual Funds,A,630.00,-,6.30,0.00,6.30,3.5580,"562,429",57.3348,-61.5385,6.2300,5.4240,4.5745,6.3982,6.3578,6.0560,0.3018,0.3549,6.9925,5.4675,286.7400,-1015688.5105,6.4667,6.4744,6.3786,0.8593,0.0000,0.0000,0.0000,-,-,-,-,-,-,-,-,-,-,-,-,6.30,0.00,109,3.5580,89.97%,41.12%,48.81%,10.03%,0.00%,0.04%,-,-,-0.02,7.26,07 Aug 2025,-,-,7.05,1000000000.00,A-MF,100000000
ICBAGRANI1,ICB AMCL First Agrani Bank Mutual Fund,Mutual Funds,A,883.36,25.28,9.00,-1.10,9.00,12.1640,"1,339,154",56.4278,-55.5556,8.8100,7.8560,6.8555,9.0465,8.9800,8.6139,0.3661,0.3923,9.6124,8.0076,293.5900,-219892.9733,9.1422,9.0949,8.9443,0.6535,0.0000,0.0000,0.0000,-,-,-,-,-,-,-,-,-,-,-,-,9.10,-0.10,303,12.1640,49.06%,37.49%,11.57%,50.94%,0.00%,0.00%,-,-,0.36,9.00,07 Aug 2025,-,25.28,9.61,981510000.00,A-MF,98151000
ICBAMCL2ND,ICB AMCL Second Mutual Fund,Mutual Funds,A,440.00,-,8.90,3.53,8.80,2.4490,"279,941",65.4832,-31.5789,8.1600,7.1300,6.0595,8.6012,8.4952,7.9977,0.4974,0.4987,9.3694,6.9506,255.1100,154837.1862,8.7467,8.6821,8.4471,0.9299,0.0000,0.0000,0.0000,-,-,-,-,-,-,-,-,-,-,-,-,8.50,0.30,99,2.4490,100.00%,56.86%,43.14%,0.00%,0.00%,0.00%,-,-,-0.15,8.08,07 Aug 2025,-,-,9.51,500000000.00,A-MF,50000000
ICBEPMF1S1,ICB Employees Provident MF 1: Scheme 1,Mutual Funds,A,517.50,-,6.90,2.99,6.90,6.6740,"974,037",54.2144,-46.6667,6.7200,6.5600,5.0330,6.8701,6.8427,6.7046,0.1382,0.1432,7.4472,5.9928,561.5100,165290.2957,6.9311,6.9308,6.8376,0.8518,0.0000,0.0000,0.0000,-,-,-,-,-,-,-,-,-,-,-,-,6.70,0.20,184,6.6740,90.00%,45.75%,44.25%,10.00%,0.00%,0.00%,-,-,-0.23,7.38,07 Aug 2025,-,-,9.48,750000000.00,A-MF,75000000
ICBIBANK,ICB Islamic Bank Limited,Bank,Z,1794.70,-,2.70,3.85,2.70,1.4660,"556,272",48.6529,-50.0000,2.7050,2.7440,2.7030,2.6921,2.6972,2.7136,-0.0164,-0.0130,2.7838,2.6262,19.1300,-140500.4921,2.6911,2.6949,2.7005,0.9362,0.0000,0.0000,0.0000,-,-,-,-,-,3.183,4.053,-,-,0.068,-,-,2.60,0.10,76,1.4660,47.07%,20.37%,26.70%,52.76%,0.17%,0.00%,-,-,-1.22,-22.00,08 Jul 2026,21 Sep 2026,-,-,6647023000.00,Z-EQ,664702300
ICBSONALI1,ICB AMCL Sonali Bank Limited 1st Mutual Fund,Mutual Funds,A,680.00,-,6.80,-1.45,6.80,16.2730,"2,401,674",55.4313,-61.1111,6.6850,5.8760,4.8500,6.9453,6.8876,6.5453,0.3423,0.3766,7.6481,5.7219,838.8500,427553.1435,7.0667,7.0321,6.8633,0.9741,0.0000,0.0000,0.0000,-,-,-,-,-,-,-,-,-,-,-,-,6.90,-0.10,327,16.2730,75.00%,30.41%,44.59%,25.00%,0.00%,0.00%,-,-,-0.04,8.23,07 Aug 2025,-,-,13.62,1000000000.00,A-MF,100000000
ICICL,Islami Commercial Insurance PLC,Insurance,A,1919.74,33.54,37.90,0.00,37.90,29.5620,"781,655",77.5590,-12.6316,33.8150,31.5440,25.1380,36.7376,36.1117,34.0397,2.0720,1.6726,40.2006,27.4294,603.3800,-101146.0369,37.5311,36.9923,35.4181,1.4663,0.0000,0.0000,0.0000,2.64,-,-,-,-,-,-,-,-,-,-,-,37.90,0.00,703,29.5620,58.70%,10.03%,48.67%,41.30%,0.00%,0.00%,-,10.00,1.13,17.36,30 Apr 2026,06 Aug 2026,33.54,20.16,506527660.00,A-EQ,50652766
IDLC,IDLC Finance PLC.,Financial Institutions,A,21357.13,8.28,46.60,0.87,46.60,30.1920,"650,496",59.3045,-38.6364,45.9550,43.3580,39.4680,45.9924,45.9107,45.1171,0.7936,0.9876,48.3138,43.5962,53.0900,-330254.8761,45.8644,45.9218,46.0776,1.3416,0.0000,0.0000,0.0000,3.22,-,-,-,-,0.580,0.276,-,-,-,-,0.108,46.20,0.40,850,30.1920,64.88%,52.15%,12.18%,35.12%,0.00%,0.55%,5.00,15.00,5.58,49.96,24 Mar 2026,14 May 2026,8.28,7.73,4583075790.00,A-EQ,458307579
IFADAUTOS,IFAD Autos PLC.,Engineering,B,6894.13,-,25.70,-0.77,25.70,5.3480,"207,467",46.1380,-48.1481,26.0600,25.8220,22.6660,25.9438,25.9812,25.9772,0.0040,0.0879,26.8234,25.2966,48.8700,-263500.0424,25.9244,25.9821,25.9952,1.4488,0.0000,0.0000,0.0000,0.78,3.428,2.164,3.214,-,0.054,-,0.126,-,-,-,-,25.90,-0.20,243,5.3480,45.13%,26.04%,19.09%,54.87%,0.00%,0.00%,-,2.00,-0.27,35.56,27 Oct 2025,28 Dec 2025,-,60.70,2682539110.00,B-EQ,268253911
IFIC,IFIC Bank PLC,Bank,Z,9418.22,-,4.90,-2.00,4.90,6.3720,"1,297,053",48.4544,-50.0000,4.9450,4.9080,4.9835,4.9121,4.9170,4.9232,-0.0062,0.0018,5.0823,4.8077,19.3900,-465259.8640,4.9000,4.9051,4.9233,1.6165,0.0000,0.0000,0.0000,-,-,-,-,-,2.013,2.183,-,-,-,-,-,5.00,-0.10,161,6.3720,67.25%,21.23%,45.38%,0.00%,32.75%,0.64%,-,-,-13.32,4.96,03 May 2026,29 Jun 2026,-,-,19220866470.00,Z-EQ,1922086647
IFIC1STMF,IFIC Bank 1st Mutual Fund,Mutual Funds,A,801.54,-,4.40,0.00,4.40,6.6440,"1,499,652",51.5229,-87.5000,4.5250,3.9760,3.2755,4.5412,4.5324,4.3666,0.1658,0.2244,5.0395,4.0105,556.9300,-799912.5260,4.5556,4.5885,4.5890,1.0996,0.0000,0.0000,0.0000,-,-,-,-,-,-,-,-,-,-,-,-,4.40,0.00,236,6.6440,79.17%,9.51%,69.66%,20.83%,0.00%,0.00%,-,-,-1.79,8.19,15 Sep 2024,-,-,-,1821679650.00,A-MF,182167965
IFILISLMF1,IFIL Islamic Mutual Fund-1,Mutual Funds,A,580.00,-,5.80,0.00,5.80,1.4970,"257,822",59.3507,-66.6667,5.7150,4.9260,4.0765,5.8526,5.8113,5.5233,0.2880,0.3329,6.2817,5.1483,266.6300,-545536.3135,5.9044,5.9038,5.8324,0.9988,0.0000,0.0000,0.0000,-,-,-,-,-,-,-,-,-,-,-,-,5.80,0.00,55,1.4970,99.00%,56.72%,42.27%,1.00%,0.00%,0.01%,-,-,-0.32,6.80,07 Aug 2025,-,-,13.59,1000000000.00,A-MF,100000000
ILFSL,International Leasing & Financial Services Limited,Financial Institutions,Z,465.80,-,0.00,0.00,2.10,0.0000,0,60.7086,-46.1538,1.7800,1.5300,1.4835,2.1578,2.0793,1.8293,0.2501,0.1954,2.7013,0.8587,204.6100,3259599.6144,2.2600,2.2064,2.0162,1.4746,0.0000,0.0000,0.0000,-,-,-,-,-,1.065,2.866,-,-,-,-,-,2.10,0.00,0,0.0000,58.45%,14.03%,44.42%,41.55%,0.00%,0.00%,-,-,-39.01,-212.32,25 May 2025,30 Jun 2025,-,-,2218102460.00,Z-EQ,221810246
INDEXAGRO,Index Agro Industries Limited,Miscellaneous,A,3755.96,13.70,75.70,0.13,75.70,9.5320,"125,664",56.5680,-16.0000,74.3250,74.1740,69.5180,74.7203,74.6188,74.4258,0.1930,0.0610,76.5501,72.0999,78.4400,-58548.3113,74.7689,74.5872,74.3119,1.1796,0.0000,0.0000,0.0000,1.59,1.663,-,0.676,0.078,0.166,0.059,0.204,0.036,0.064,-,-,75.60,0.10,383,9.5320,42.23%,23.03%,19.20%,57.77%,0.00%,0.00%,5.00,12.00,5.52,85.74,19 Oct 2025,15 Dec 2025,13.70,19.55,496163310.00,A-EQ,49616331
INTECH,Intech Limited,IT Sector,Z,848.81,-,27.10,2.26,27.10,5.8390,"216,522",42.4894,-18.7500,26.6950,30.9680,31.6185,26.7231,26.8018,27.8938,-1.0920,-1.4331,27.5811,25.8089,125.4700,-103309.6738,26.7178,26.6731,26.6238,1.4173,0.0000,0.0000,0.0000,-,0.408,-,0.408,-,-,-,0.199,-,0.850,-,-,26.50,0.60,267,5.8390,70.00%,6.34%,63.53%,30.00%,0.00%,0.13%,-,-,-0.38,-0.45,02 Nov 2025,18 Dec 2025,-,-,313212260.00,Z-EQ,31321226
INTRACO,Intraco Refueling Station PLC,Fuel & Power,Z,2267.14,26.28,23.00,1.77,23.00,6.8270,"297,702",62.6179,-35.5556,22.1350,21.0300,20.4060,22.7398,22.5904,22.0029,0.5876,0.5360,23.6051,20.6649,146.8900,-393370.4046,22.9333,22.7564,22.4238,1.6223,0.0000,0.0000,0.0000,0.54,1.114,-,1.106,0.080,0.097,0.063,0.149,0.028,0.065,-,-,22.60,0.40,339,6.8270,69.70%,21.46%,48.20%,30.30%,0.00%,0.04%,-,1.25,0.86,13.24,19 Nov 2025,30 Dec 2025,26.28,113.00,985712360.00,Z-EQ,98571236
IPDC,IPDC Finance PLC.,Financial Institutions,A,14176.30,29.10,33.00,2.17,33.00,153.2870,"4,698,736",56.9172,-15.0000,32.0900,30.2480,22.1710,31.9838,31.9867,31.6344,0.3524,0.5246,33.8717,30.3083,262.6400,38330.0807,31.8222,31.8590,31.9467,1.8483,0.0000,0.0000,0.0000,1.52,-,-,-,-,0.544,0.112,-,-,-,-,0.038,32.30,0.70,"2,182",153.2870,38.12%,23.95%,14.11%,40.00%,21.88%,0.06%,5.00,5.00,1.11,17.85,29 Apr 2026,25 Jun 2026,29.10,33.65,4295848510.00,A-EQ,429584851
ISLAMIBANK,Islami Bank Bangladesh PLC,Bank,Z,47494.72,43.97,29.50,-1.34,29.50,2.6180,"88,503",30.1599,-96.5517,31.1300,31.7340,36.4900,30.1424,30.3546,31.0266,-0.6721,-0.5224,33.2457,29.0143,2.1000,-157586.6792,29.8889,30.0756,30.5848,1.0592,0.0000,0.0000,0.0000,-,-,-,-,-,0.129,0.034,-,0.001,0.019,0.001,-,29.90,-0.40,359,2.6180,99.82%,75.02%,6.89%,0.18%,0.00%,17.91%,-,-,0.85,44.52,30 Apr 2026,25 Jun 2026,43.97,-,16099906680.00,Z-EQ,1609990668
ISLAMICFIN,Islamic Finance & Investment PLC.,Financial Institutions,Z,1683.92,-,12.00,0.00,12.00,2.3850,"198,320",52.9763,-75.0000,12.1950,11.4740,9.9660,12.1404,12.1294,11.9118,0.2175,0.2956,12.6169,11.7731,111.6300,40295.6487,12.1556,12.1987,12.2162,1.7992,0.0000,0.0000,0.0000,-,-,-,-,-,-,-,-,-,-,-,-,12.00,0.00,89,2.3850,69.18%,23.42%,45.76%,30.82%,0.00%,0.00%,-,-,0.39,2.38,28 Jun 2026,24 Sep 2026,-,-,1403266700.00,Z-EQ,140326670
ISLAMIINS,Islami Insurance Bangladesh Limited,Insurance,A,2638.69,18.94,64.10,-0.77,64.10,8.3230,"129,777",58.8467,-29.8246,61.5500,60.5280,44.8625,63.4257,63.0647,61.8014,1.2633,1.0650,67.0649,56.0351,150.3000,-49832.2859,64.0356,63.5872,62.3448,1.3184,0.0000,0.0000,0.0000,2.50,-,-,-,-,-,-,-,-,-,-,-,64.60,-0.50,220,8.3230,54.39%,8.35%,46.04%,45.61%,0.00%,0.00%,-,16.00,3.04,23.62,25 Jun 2026,27 Aug 2026,18.94,15.68,411652150.00,A-EQ,41165215
ISNLTD,Information Services Network Limited,IT Sector,B,703.25,-,64.40,-0.31,64.40,24.9110,"385,761",65.5724,-20.5128,60.5900,61.3220,72.6540,61.7372,61.4037,61.0577,0.3460,-0.2234,63.8903,57.2897,479.9700,35855.3852,61.8489,61.3821,60.8062,1.2572,0.0000,0.0000,0.0000,-,1.739,-,1.739,-,-,-,0.373,-,-,-,-,64.60,-0.20,"1,065",24.9110,78.52%,12.49%,66.03%,21.48%,0.00%,0.00%,-,-,-0.43,2.42,22 Oct 2025,14 Dec 2025,-,-,109200030.00,B-EQ,10920003
ITC,IT Consultants PLC.,IT Sector,A,6133.87,13.31,47.70,-1.04,47.70,41.4160,"861,684",40.9742,-89.0244,50.7900,47.7160,41.1320,49.0809,49.4330,49.5098,-0.0769,0.6601,54.5580,47.0220,700.1000,-2698401.1227,48.5733,49.0782,50.0629,1.3670,0.0000,0.0000,0.0000,2.52,2.542,-,2.464,0.309,0.364,0.297,0.525,0.103,0.155,-,-,48.20,-0.50,"1,197",41.4160,48.91%,11.81%,36.98%,51.09%,0.00%,0.12%,-,12.00,3.62,23.25,27 Oct 2025,07 Dec 2025,13.31,13.39,1285926640.00,A-EQ,128592664
JAMUNABANK,Jamuna Bank PLC.,Bank,A,23013.77,4.12,24.50,0.41,24.50,31.2280,"1,278,950",64.4025,-25.0000,24.0750,24.0240,23.0810,24.2461,24.2021,24.1044,0.0976,0.0469,24.4796,23.6704,36.8100,-12156.4158,24.2644,24.2346,24.1681,0.8963,0.0000,0.0000,0.0000,11.84,-,-,-,-,0.477,0.291,-,0.013,0.216,0.014,-,24.40,0.10,415,31.2280,63.02%,3.21%,59.68%,36.98%,0.00%,0.13%,-,29.00,5.92,27.43,30 Apr 2026,27 Jul 2026,4.12,3.03,9393376300.00,A-EQ,939337630
JAMUNAOIL,Jamuna Oil PLC,Fuel & Power,A,20119.36,3.12,182.20,-0.44,182.20,2.7670,"15,178",49.6399,-63.6364,183.0800,180.2680,177.2985,182.9808,182.9895,182.3537,0.6357,0.9540,185.0230,181.1370,5.4400,-3445.1335,183.0822,183.0551,182.9586,0.4916,0.0000,0.0000,0.0000,9.88,1.174,-,1.006,4.721,0.479,3.777,1.000,0.057,0.214,-,-,183.00,-0.80,195,2.7670,39.92%,31.17%,8.64%,0.00%,60.08%,0.11%,-,180.00,58.70,274.03,13 Nov 2025,31 Jan 2026,3.12,5.17,1104246000.00,A-EQ,110424600
JANATAINS,Janata Insurance PLC.,Insurance,A,1721.13,32.27,35.50,0.00,35.50,12.9130,"363,326",54.1933,-30.2326,34.4600,35.1740,29.3830,35.2453,35.1160,34.9302,0.1858,-0.0108,36.7499,32.1701,217.5600,-139180.8449,35.4756,35.3167,34.7952,1.3233,0.0000,0.0000,0.0000,2.82,-,-,-,-,-,-,-,-,-,-,-,35.50,0.00,331,12.9130,60.13%,7.90%,52.23%,39.87%,0.00%,0.00%,-,10.00,1.10,15.07,07 May 2026,19 Jul 2026,32.27,22.19,484826280.00,A-EQ,48482628
JHRML,JMI Hospital Requisite Manufacturing Limited,Pharmaceuticals & Chemicals,B,6866.12,30.05,54.80,-1.97,54.80,35.5510,"648,698",63.8868,-34.6939,51.2950,51.3700,46.3980,52.8176,52.4210,51.7149,0.7061,0.1676,55.0206,47.5694,87.9500,161514.1033,53.1111,52.5333,51.7071,1.5361,0.0000,0.0000,0.0000,0.91,-,-,-,-,-,-,-,-,-,-,-,55.90,-1.10,"1,112",35.5510,67.70%,44.01%,23.69%,32.30%,0.00%,0.00%,-,5.00,1.86,35.14,27 Oct 2025,22 Jan 2026,30.05,62.57,1252941200.00,B-EQ,125294120
JMISMDL,JMI Syringes & Medical Devices Ltd,Pharmaceuticals & Chemicals,A,4403.20,97.79,146.50,0.55,146.50,4.5750,"31,069",51.9971,-55.7823,145.9750,142.5140,127.3370,146.2641,146.2432,145.6266,0.6166,0.8609,151.7646,140.1854,26.0700,-21503.4873,146.4822,146.0910,145.6819,1.2094,0.0000,0.0000,0.0000,0.68,5.676,0.000,3.472,-,0.075,0.024,0.156,0.015,0.017,-,-,145.70,0.80,225,4.5750,20.35%,5.87%,14.48%,79.65%,0.00%,0.00%,-,10.00,1.49,87.23,28 Oct 2025,23 Dec 2025,97.79,-,300560000.00,A-EQ,30056000
JUTESPINN,Jute Spinners Limited,Jute,Z,380.46,-,224.10,2.19,223.80,0.8720,"3,892",52.3799,-44.5783,223.8250,218.1220,209.2700,222.6142,222.7760,221.9491,0.8269,1.5715,232.2445,215.4055,98.2200,-2130.6548,222.4156,223.0974,223.1757,0.7947,0.0000,0.0000,0.0000,-,-,-,-,-,-,-,-,-,-,-,-,219.00,4.80,62,0.8720,60.18%,23.20%,36.98%,39.82%,0.00%,0.00%,-,-,-36.32,-624.19,29 Oct 2025,-,-,-,17000000.00,Z-EQ,1700000
KARNAPHULI,Karnaphuli Insurance PLC.,Insurance,A,2571.40,26.01,57.30,3.43,57.30,123.6540,"2,191,749",75.4172,-6.6176,50.3550,43.6140,33.4525,54.3208,53.3762,49.6459,3.7303,3.4112,59.3667,41.3433,770.5500,-168730.0931,55.3067,54.7115,52.5448,1.3460,0.0000,0.0000,0.0000,1.75,-,-,-,-,-,-,-,-,-,-,-,55.40,1.90,"1,637",123.6540,67.26%,14.38%,52.88%,32.74%,0.00%,0.00%,-,10.00,2.13,23.79,26 Apr 2026,09 Jul 2026,26.01,19.24,448761130.00,A-EQ,44876113
KAY&QUE,Kay and Que Bangladesh Limited,Engineering,B,3038.48,44.81,434.50,2.19,434.50,22.8850,"53,073",54.2689,-18.7500,426.5250,435.2400,426.5640,427.5572,427.2540,429.0303,-1.7763,-3.2780,437.4898,415.5602,135.0600,-11802.7829,427.2533,426.7692,426.1614,1.1862,0.0000,0.0000,0.0000,0.09,0.869,-,0.855,-,0.161,0.171,0.275,0.061,0.093,-,-,425.20,9.30,879,22.8850,64.76%,15.20%,49.56%,35.24%,0.00%,0.00%,-,4.00,9.49,101.72,29 Oct 2025,11 Dec 2025,44.81,32.24,69930490.00,B-EQ,6993049
KBPPWBIL,Khan Brothers PP Woven Bag Industries Ltd.,Miscellaneous,A,4060.51,151.85,41.40,0.98,41.40,79.6620,"1,916,765",55.6915,-14.2857,39.8450,42.0840,53.6770,39.9785,39.9213,40.3917,-0.4704,-0.8174,41.4948,38.1952,265.7000,-211943.4930,39.8911,39.7936,39.7443,1.2191,0.0000,0.0000,0.0000,2.42,21.510,-,5.814,0.375,0.400,0.254,0.479,0.021,0.022,-,-,41.00,0.40,"2,626",79.6620,69.87%,15.54%,54.33%,30.13%,0.00%,0.00%,-,10.00,0.27,12.07,22 Oct 2025,24 Dec 2025,151.85,53.95,980798770.00,A-EQ,98079877
KDSALTD,KDS Accessories Limited,Engineering,A,3766.97,23.15,50.40,-0.59,50.40,5.9080,"117,004",44.8478,-67.8571,51.1700,51.4560,44.7040,50.5895,50.7136,51.1032,-0.3896,-0.3004,53.5356,48.8044,150.4100,-258728.5661,50.4644,50.4987,50.7100,1.5166,0.0000,0.0000,0.0000,1.98,1.517,0.013,1.194,-,0.075,0.057,0.172,0.035,0.079,-,-,50.70,-0.30,294,5.9080,36.03%,12.71%,23.32%,63.97%,0.00%,0.00%,-,10.00,2.19,27.71,22 Oct 2025,10 Dec 2025,23.15,25.02,747414790.00,A-EQ,74741479
KEYACOSMET,Keya Cosmetics Limited,Pharmaceuticals & Chemicals,Z,6062.75,26.19,5.50,0.00,5.50,6.2320,"1,132,141",55.3263,-50.0000,5.4450,5.1820,4.7555,5.5376,5.5196,5.4001,0.1195,0.1361,5.8475,5.0425,41.0200,-777050.6404,5.5600,5.5705,5.5243,1.3785,0.0000,0.0000,0.0000,-,1.465,44.309,0.868,-,0.169,0.026,0.209,0.009,0.927,-,-,5.50,0.00,281,6.2320,53.95%,9.35%,44.60%,46.05%,0.00%,0.00%,-,1.00,0.24,0.25,13 Dec 2020,19 Jan 2021,26.19,22.92,11023173240.00,Z-EQ,1102317324
KEYACOSMET,Keya Cosmetics Limited,Pharmaceuticals & Chemicals,Z,6062.75,26.19,5.50,0.00,5.50,6.2320,"1,132,141",55.3263,-50.0000,5.4450,5.1820,4.7555,5.5376,5.5196,5.4001,0.1195,0.1361,5.8475,5.0425,41.0200,-777050.6404,5.5600,5.5705,5.5243,1.3785,0.0000,0.0000,0.0000,1.82,1.465,44.309,0.868,-,0.169,0.026,0.209,0.009,0.927,-,-,5.50,0.00,281,6.2320,53.95%,9.35%,44.60%,46.05%,0.00%,0.00%,-,1.00,0.24,0.25,13 Dec 2020,19 Jan 2021,26.19,22.92,11023173240.00,Z-EQ,1102317324
KOHINOOR,Kohinoor Chemicals Company (Bangladesh) PLC.,Pharmaceuticals & Chemicals,A,22672.51,32.19,558.00,1.29,556.00,11.6880,"21,073",66.7186,-20.2454,537.1750,520.5100,517.8205,546.2550,543.6108,534.2256,9.3852,7.9951,560.4219,513.9281,12.0500,-470.1380,549.5267,546.7949,541.3095,0.7473,0.0000,0.0000,0.0000,1.17,4.768,0.135,2.500,-,0.136,0.098,0.282,0.184,0.262,-,-,548.90,7.10,484,11.6880,49.43%,14.75%,34.67%,50.57%,0.00%,0.01%,10.00,65.00,17.05,65.16,26 Oct 2025,07 Dec 2025,32.19,33.52,407778930.00,A-EQ,40777893
KPCL,Khulna Power Company Limited,Fuel & Power,Z,4570.25,39.31,11.50,0.88,11.50,11.7530,"1,016,351",67.4468,-35.0000,10.7100,10.7220,10.5500,11.1519,11.0527,10.8320,0.2207,0.1067,11.6065,9.8135,40.7900,173634.7778,11.2444,11.1526,10.9300,0.8416,0.0000,0.0000,0.0000,4.35,6.513,-,5.308,0.153,-,0.140,-,0.015,0.015,-,-,11.40,0.10,374,11.7530,30.01%,9.28%,20.73%,69.99%,0.00%,0.00%,-,5.00,0.29,19.03,28 Oct 2025,28 Dec 2025,39.31,11.71,3974131790.00,Z-EQ,397413179
KPPL,Khulna Printing & Packaging Limited,Paper & Printing,Z,1095.60,-,15.00,-0.66,15.00,5.5850,"371,443",45.5816,-83.3333,15.2200,15.4540,14.8575,15.1679,15.1778,15.2265,-0.0487,-0.0499,15.7691,14.6709,126.7200,-401185.6303,15.1711,15.1718,15.1914,1.4780,0.0000,0.0000,0.0000,-,0.693,-,0.692,-,-,-,-,-,1.662,-,-,15.10,-0.10,282,5.5850,60.24%,1.11%,59.13%,39.76%,0.00%,0.00%,-,-,-3.10,-1.86,30 Oct 2022,29 Dec 2022,-,-,730400000.00,Z-EQ,73040000
KTL,Kattali Textile Limited,Textile,Z,1349.14,-,11.60,0.00,11.60,1.7100,"147,913",55.9707,-52.9412,11.3800,10.7700,10.0995,11.5882,11.5498,11.2737,0.2762,0.3220,12.5199,10.2401,143.4800,-325578.0751,11.5956,11.6449,11.5819,1.4387,0.0000,0.0000,0.0000,0.09,5.749,-,4.046,-,-,-,-,-,-,-,-,11.60,0.00,138,1.7100,69.68%,20.13%,49.43%,30.32%,0.00%,0.12%,-,0.10,0.08,15.10,28 Dec 2025,-,-,145.00,1163052000.00,Z-EQ,116305200
LANKABAFIN,LankaBangla Finance PLC,Financial Institutions,A,9375.79,34.51,17.40,-1.14,17.40,39.7660,"2,286,863",49.7622,-78.9474,17.8900,16.8200,14.4580,17.6432,17.6614,17.4456,0.2157,0.3572,18.8188,16.9612,233.8100,-2602916.7707,17.5800,17.6410,17.7890,1.9136,0.0000,0.0000,0.0000,-,-,-,-,-,0.352,0.064,-,-,-,-,0.027,17.60,-0.20,"1,218",39.7660,66.23%,24.15%,41.64%,33.77%,0.00%,0.44%,-,-,0.51,18.52,15 Oct 2025,11 Dec 2025,34.51,24.44,5388386230.00,A-EQ,538838623
LBS,LankaBangla Securities PLC.,Stock Brokers,P,2986.24,-,11.50,-3.48,11.10,0.0090,789,46.3337,-84.6154,11.5450,11.0300,20.2125,11.3333,11.3753,11.3625,0.0128,0.1111,12.4522,10.6378,2.7000,-62276.8028,11.2422,11.3051,11.4733,0.4460,0.0000,0.0000,0.0000,-,-,-,-,-,-,-,-,-,-,-,-,11.50,-0.40,6,0.0090,17.42%,11.81%,5.61%,82.58%,0.00%,0.00%,-,-,0.50,16.91,20 May 2026,23 Jul 2026,-,-,2690303320.00,-,269030332
LEGACYFOOT,Legacy Footwear Limited,Tannery Industries,B,3239.61,1502.00,75.20,0.13,75.20,33.4340,"442,849",54.7722,-55.2941,74.2500,71.4440,62.4750,75.4975,75.2288,73.8119,1.4169,1.4935,79.1272,69.3728,312.9000,-461965.2325,75.7711,75.8192,75.2595,1.3110,0.0000,0.0000,0.0000,0.07,7.339,-,5.939,0.068,-,0.039,0.223,0.004,0.004,-,-,75.10,0.10,"1,089",33.4340,67.36%,33.20%,34.16%,32.64%,0.00%,0.00%,-,0.50,0.05,11.21,29 Oct 2025,20 Dec 2025,1502.00,1408.13,430799800.00,B-EQ,43079980
LHB,LafargeHolcim Bangladesh PLC.,Cement,A,66895.11,13.07,57.60,0.17,57.60,26.8110,"465,694",48.9341,-60.9756,58.7950,56.7640,52.1240,57.8410,57.9678,57.8180,0.1498,0.4987,61.2688,56.3212,39.1100,-380053.3956,57.6400,57.7897,58.2095,1.3152,0.0000,0.0000,0.0000,3.82,1.166,-,0.917,0.202,0.213,0.139,0.299,0.104,0.205,-,-,57.50,0.10,685,26.8110,37.34%,23.55%,13.00%,62.66%,0.00%,0.79%,-,22.00,0.00,0.00,12 Mar 2026,-,13.07,15.37,11613735000.00,A-EQ,1161373500
LIBRAINFU,Libra Infusions Limited,Pharmaceuticals & Chemicals,Z,1417.96,4176.67,629.40,0.46,629.40,1.2520,"1,991",39.3063,-79.1506,639.4700,642.4800,645.9650,632.9240,634.2796,637.6874,-3.4078,-2.0345,655.7551,623.1849,55.2100,-6510.3828,631.7089,632.7385,635.4910,0.8367,0.0000,0.0000,0.0000,0.48,1.468,0.040,0.897,-,0.160,0.001,0.437,0.000,0.000,-,-,626.50,2.90,167,1.2520,65.58%,4.24%,61.34%,34.42%,0.00%,0.00%,50.00,30.00,0.15,1261.00,22 Oct 2023,21 Dec 2023,4176.67,117.47,22528800.00,Z-EQ,2252880
LINDEBD,Linde Bangladesh Limited,Fuel & Power,A,10972.38,31.92,721.00,-0.04,721.00,2.6270,"3,643",48.4875,-72.8682,729.2800,715.0540,747.6775,722.0714,723.0366,722.6586,0.3779,2.6754,750.4142,708.1458,12.7600,-5454.7284,720.5111,720.9859,724.2400,0.8514,0.0000,0.0000,0.0000,1.39,1.701,-,1.489,3.445,0.121,2.900,0.471,1.081,1.840,-,-,721.30,-0.30,162,2.6270,40.00%,22.00%,18.00%,60.00%,0.00%,0.00%,-,100.00,22.60,210.31,09 Apr 2026,10 Jun 2026,31.92,28.22,152182800.00,A-EQ,15218280
LOVELLO,Taufika Foods and Lovello Ice-cream PLC.,Food & Allied,A,6724.99,42.18,68.50,-1.58,68.50,83.0100,"1,207,035",41.4575,-85.7143,70.2600,71.2820,74.5115,69.1673,69.4160,70.3803,-0.9643,-0.8720,73.5664,66.9536,582.7400,-2180639.2159,68.9178,69.0256,69.4976,1.0972,0.0000,0.0000,0.0000,1.61,2.497,-,1.800,0.167,0.278,0.134,0.423,0.040,0.137,-,-,69.60,-1.10,"2,739",83.0100,68.17%,11.90%,56.27%,31.83%,0.00%,0.00%,5.00,11.00,1.65,12.01,12 Oct 2025,28 Dec 2025,42.18,17.06,981750000.00,A-EQ,98175000
LRBDL,Lub-rref (Bangladesh) Limited,Fuel & Power,Z,2280.32,-,15.70,-0.63,15.70,5.1200,"325,549",60.2431,-40.7407,15.4400,13.8800,11.2215,15.7245,15.6569,15.1123,0.5446,0.6522,16.5246,14.3554,135.8500,-1016853.2317,15.7978,15.7987,15.6471,1.7308,0.0000,0.0000,0.0000,-,0.872,-,0.689,-,-,-,0.047,-,-,-,-,15.80,-0.10,220,5.1200,64.27%,12.88%,51.39%,35.73%,0.00%,0.00%,-,-,-4.56,32.72,30 Nov 2025,28 Dec 2025,-,-,1452431440.00,Z-EQ,145243144
LRGLOBMF1,LR Global Bangladesh Mutual Fund One,Mutual Funds,A,1462.08,16.21,4.70,0.00,4.70,1.9150,"407,837",55.9067,-60.0000,4.6650,3.9600,3.2830,4.7991,4.7618,4.4942,0.2676,0.3115,5.3526,3.9774,150.0700,-27297.3265,4.8556,4.8564,4.7914,1.2396,0.0000,0.0000,0.0000,-,-,-,-,-,-,-,-,-,-,-,-,4.70,0.00,121,1.9150,86.43%,59.14%,27.29%,13.57%,0.00%,0.00%,-,3.00,0.29,10.47,15 Nov 2023,-,16.21,-,3110803320.00,A-MF,311080332
MAGURAPLEX,Magura Multiplex PLC.,Paper & Printing,A,2797.52,25.69,94.50,2.16,94.50,26.4880,"281,319",59.6758,-7.4074,92.5150,90.8240,86.7375,92.8037,92.7109,92.1551,0.5559,0.6136,94.4511,90.5789,132.9200,-75523.5373,92.7911,92.7115,92.5152,1.7003,0.0000,0.0000,0.0000,1.16,2.971,-,2.161,0.056,0.245,0.066,0.282,0.019,0.048,-,-,92.50,2.00,"1,103",26.4880,54.19%,5.94%,48.25%,45.81%,0.00%,0.00%,-,11.00,3.60,74.79,02 Nov 2025,29 Dec 2025,25.69,34.01,296033780.00,A-EQ,29603378
MAKSONSPIN,Maksons Spinning Mills PLC.,Textile,Z,1572.33,-,6.60,3.12,6.60,3.2750,"501,046",64.7029,-30.0000,6.2350,6.0160,5.6180,6.4030,6.3659,6.2162,0.1497,0.1386,6.8054,5.6646,64.6000,-102022.5053,6.4222,6.4231,6.3548,1.7157,0.0000,0.0000,0.0000,-,0.967,-,0.170,-,-,-,-,-,-,-,-,6.40,0.20,198,3.2750,70.00%,7.79%,62.21%,30.00%,0.00%,0.00%,-,-,-9.42,2.84,15 Dec 2025,-,-,-,2382325380.00,Z-EQ,238232538
MALEKSPIN,Malek Spinning Mills PLC.,Textile,A,9563.84,6.50,49.40,2.49,49.40,256.0000,"5,243,567",72.9199,-5.7143,45.1250,38.9600,30.7685,46.6342,46.1751,43.9585,2.2166,2.2516,48.4596,41.7904,653.4200,2757737.9046,46.9000,46.5513,45.7881,1.5393,0.0000,0.0000,0.0000,2.02,1.131,-,0.454,-,-,-,-,-,-,-,-,48.20,1.20,"2,825",256.0000,52.66%,14.72%,37.94%,47.34%,0.00%,0.00%,-,10.00,7.41,60.63,27 Oct 2025,15 Dec 2025,6.50,8.95,1936000000.00,A-EQ,193600000
MARICO,Marico Bangladesh Limited,Pharmaceuticals & Chemicals,A,85780.80,13.23,2723.20,-0.16,2723.20,4.0790,"1,497",42.4255,-85.0365,2734.6950,2742.5680,2754.3665,2725.1257,2726.8240,2733.1583,-6.3343,-5.5856,2761.9193,2707.4707,3.9100,-7060.9376,2722.3444,2723.2244,2728.7733,0.3080,0.0000,0.0000,0.0000,1.84,1.990,-,1.506,-,0.435,0.362,0.595,0.427,0.784,-,-,2727.50,-4.30,257,4.0790,10.00%,6.65%,2.36%,90.00%,0.00%,0.99%,-,500.00,0.00,0.00,30 Jul 2026,-,13.23,12.60,315000000.00,A-EQ,31500000
MATINSPINN,Matin Spinning Mills PLC,Textile,A,6229.61,13.32,63.90,2.08,63.90,79.7700,"1,254,990",69.7408,-1.1111,59.6900,56.3920,49.6470,61.6751,61.2190,59.4212,1.7978,1.6423,64.7666,54.6134,123.2200,392137.6507,62.0378,61.8603,60.7452,1.1435,0.0000,0.0000,0.0000,5.48,1.116,-,0.687,-,-,-,-,-,-,-,-,62.60,1.30,"1,168",79.7700,67.28%,48.79%,18.49%,32.72%,0.00%,0.00%,-,35.00,4.70,69.89,26 Oct 2025,09 Dec 2025,13.32,14.01,974900000.00,A-EQ,97490000
MBL1STMF,MBL 1st Mutual Fund,Mutual Funds,A,880.00,20.24,8.80,3.53,8.80,33.1430,"3,804,858",80.7748,-8.6957,7.1800,5.2960,4.1675,8.1022,7.8586,6.8721,0.9865,0.9160,9.5102,4.8498,647.1900,4125854.8501,8.2822,8.1551,7.7662,0.8694,0.0000,0.0000,0.0000,-,-,-,-,-,-,-,-,-,-,-,-,8.50,0.30,547,33.1430,90.00%,48.54%,41.46%,10.00%,0.00%,0.00%,-,4.25,0.42,10.44,16 May 2023,-,20.24,59.58,1000000000.00,A-MF,100000000
MBPLCPBOND,Mercantile Bank Perpetual Bond,Corporate Bond,A,485.00,-,0.00,0.00,4850.00,0.0000,0,,,,,,,,,,,,,,,,,,,,,,0.02,-,-,-,-,-,-,-,-,-,-,-,4850.00,0.00,0,0.0000,0.00%,0.00%,0.00%,0.00%,0.00%,0.00%,-,10.00,0.00,0.00,19 Nov 2025,-,-,-,1000000.00,A-CB,100000
MEGCONMILK,Meghna Condensed Milk Industries Limited,Food & Allied,Z,532.80,-,33.30,-1.19,33.30,1.3700,"41,104",36.8791,-84.3750,35.8300,37.9800,27.1630,34.0215,34.4158,35.7813,-1.3655,-1.1421,40.1776,31.4824,274.0300,-162313.1456,33.5378,33.8500,34.7862,0.9697,0.0000,0.0000,0.0000,-,0.193,-,0.122,-,-,-,-,-,0.526,-,-,33.70,-0.40,131,1.3700,62.57%,6.75%,55.82%,37.43%,0.00%,0.00%,-,-,-10.05,-16.15,29 Oct 2025,24 Dec 2025,-,-,160000000.00,Z-EQ,16000000
MEGHNACEM,Meghna Cement Mills PLC.,Cement,Z,1007.67,-,31.80,0.31,31.90,0.1120,"3,511",48.9579,-68.9655,32.1350,32.0680,32.4185,31.8302,31.8743,31.9837,-0.1094,-0.0641,33.1899,31.0801,13.5400,-18708.9845,31.7578,31.7654,31.9100,0.8442,0.0000,0.0000,0.0000,-,0.774,-,0.546,-,-,-,0.047,-,21.524,-,-,31.80,0.10,16,0.1120,58.10%,34.72%,23.38%,41.90%,0.00%,0.00%,-,-,-36.58,-1.70,29 Oct 2025,22 Dec 2025,-,-,315885290.00,Z-EQ,31588529
MEGHNAINS,Meghna Insurance PLC.,Insurance,A,1600.00,29.63,40.00,0.00,40.00,32.6850,"820,039",56.0147,-47.0588,39.0550,36.6640,30.5350,39.7407,39.5644,38.6305,0.9339,0.9862,42.0360,36.0740,1463.0500,-1108791.1472,39.9178,39.7795,39.3171,1.4716,0.0000,0.0000,0.0000,2.50,-,-,-,-,-,-,-,-,-,-,-,40.00,0.00,"1,037",32.6850,73.34%,21.24%,52.10%,26.66%,0.00%,0.00%,-,10.00,1.35,14.29,28 Apr 2026,23 Jun 2026,29.63,22.73,400000000.00,A-EQ,40000000
MEGHNALIFE,Meghna Life Insurance PLC,Insurance,A,2544.31,37.64,60.00,-0.99,60.00,7.7730,"129,534",43.6143,-66.1017,61.5450,61.6620,55.1130,61.2192,61.3411,61.5121,-0.1710,0.0163,64.6805,58.4095,129.2200,-111269.2295,61.2844,61.2551,61.2548,1.3851,0.0000,0.0000,0.0000,2.50,-,-,-,-,-,-,-,-,-,-,-,60.60,-0.60,318,7.7730,69.89%,22.63%,47.26%,30.11%,0.00%,0.00%,-,15.00,0.00,0.00,29 Jun 2026,20 Aug 2026,37.64,-,424052180.00,A-EQ,42405218
MEGHNAPET,Meghna Pet Industries Limited,Food & Allied,Z,985.20,-,82.10,0.24,82.10,3.1780,"38,972",47.5933,-67.4528,87.1000,82.7320,42.0465,82.2063,82.9069,83.4719,-0.5650,0.7077,100.3046,73.8954,344.3000,-8592.2257,81.0067,81.5679,84.1205,1.1132,0.0000,0.0000,0.0000,-,2.775,-,1.426,-,-,-,-,-,-,-,-,81.90,0.20,228,3.1780,56.45%,6.35%,50.10%,43.55%,0.00%,0.00%,-,-,-2.75,70.43,29 Oct 2025,24 Dec 2025,-,-,120000000.00,Z-EQ,12000000
MERCANBANK,Mercantile Bank PLC.,Bank,Z,7967.34,6.55,7.30,0.00,7.20,5.2060,"727,742",39.4630,-80.0000,7.4400,7.3980,7.8815,7.3084,7.3359,7.3952,-0.0593,-0.0268,7.7471,7.1329,11.7800,-696285.3074,7.2800,7.3013,7.3676,1.1230,0.0000,0.0000,0.0000,-,-,-,-,-,0.419,0.087,-,0.003,0.045,0.003,-,7.20,0.00,151,5.2060,66.38%,27.83%,37.91%,33.62%,0.00%,0.64%,-,-,1.10,24.35,03 May 2026,24 Jun 2026,6.55,16.36,11065754350.00,Z-EQ,1106575435
MERCINS,Mercantile Islami Insurance PLC,Insurance,A,1978.08,27.21,45.90,2.23,45.90,43.2260,"955,031",58.9003,-26.9841,43.9800,42.1200,29.2525,45.0410,44.8503,43.8064,1.0439,1.1162,47.4090,40.5510,396.6700,-106579.4948,45.2600,45.2013,44.5614,1.0197,0.0000,0.0000,0.0000,2.18,-,-,-,-,-,-,-,-,-,-,-,44.90,1.00,"1,067",43.2260,66.17%,30.86%,35.31%,33.83%,0.00%,0.00%,-,10.00,1.65,21.70,03 May 2026,30 Jun 2026,27.21,51.02,430953600.00,A-EQ,43095360
METROSPIN,Metro Spinning Limited,Textile,Z,672.51,-,10.90,3.81,10.90,7.2390,"667,532",70.8898,-13.6364,9.5150,9.4780,8.9355,9.9185,9.8098,9.5909,0.2189,0.0833,10.4447,8.5853,56.6500,302607.1164,9.9378,9.8449,9.6757,1.7034,0.0000,0.0000,0.0000,-,1.034,-,1.014,-,-,-,-,-,-,-,-,10.50,0.40,431,7.2390,69.91%,14.21%,55.70%,30.09%,0.00%,0.00%,-,-,-1.98,3.96,12 Nov 2025,29 Dec 2025,-,-,616982750.00,Z-EQ,61698275
MHSML,Mozaffar Hossain Spinning Mills Limited,Textile,B,2302.65,32.08,22.80,-1.30,22.80,24.9150,"1,085,791",47.8980,-54.5455,23.0250,22.8280,18.2645,22.8704,22.9118,22.9615,-0.0497,0.0179,23.7443,22.3057,409.7300,-1794312.2830,22.8111,22.8897,22.9624,1.3417,0.0000,0.0000,0.0000,1.32,1.411,-,0.666,-,-,-,-,-,-,-,-,23.10,-0.30,749,24.9150,60.39%,20.73%,39.58%,39.61%,0.00%,0.08%,-,3.00,0.72,20.41,28 Oct 2025,30 Dec 2025,32.08,21.39,1009933740.00,B-EQ,100993374
MIDASFIN,MIDAS Financing PLC.,Financial Institutions,Z,863.36,-,6.00,3.45,6.00,0.5660,"95,329",49.5050,-55.5556,6.0400,5.9820,5.5695,6.0177,6.0291,6.0196,0.0095,0.0389,6.3858,5.6942,23.0800,40553.2500,6.0244,6.0474,6.0562,1.8116,0.0000,0.0000,0.0000,-,-,-,-,-,3.217,3.201,-,-,-,-,-,5.80,0.20,68,0.5660,61.64%,26.25%,34.98%,38.36%,0.00%,0.41%,-,-,-23.40,-18.66,11 Aug 2026,24 Sep 2026,-,-,1438925070.00,Z-EQ,143892507
MIDLANDBNK,Midland Bank PLC.,Bank,B,12554.57,14.88,18.50,-0.54,18.50,36.3960,"1,962,063",54.6817,-63.1579,18.5700,17.1860,17.2555,18.4881,18.4549,18.1032,0.3517,0.4444,19.4113,17.7287,119.5400,-381704.4947,18.4600,18.4628,18.5248,1.0183,0.0000,0.0000,0.0000,1.62,-,-,-,-,0.599,0.182,-,0.006,0.079,0.007,-,18.60,-0.10,903,36.3960,19.40%,3.86%,15.54%,80.60%,0.00%,0.00%,3.00,3.00,1.25,15.90,29 Apr 2026,24 Jun 2026,14.88,22.14,6786256400.00,B-EQ,678625640
MIRACLEIND,Miracle Industries Limited,Miscellaneous,Z,1077.67,-,30.60,-1.61,30.60,5.4110,"174,570",56.0964,-54.7619,30.1350,29.0540,29.6580,30.6110,30.4519,29.8893,0.5627,0.4782,31.6222,28.6478,252.5800,-327441.8345,30.8067,30.6179,30.3076,1.3748,0.0000,0.0000,0.0000,-,0.256,-,0.234,-,-,-,-,-,-,-,-,31.10,-0.50,366,5.4110,69.74%,4.89%,64.65%,30.26%,0.00%,0.20%,-,-,-2.30,11.32,29 Oct 2025,23 Dec 2025,-,-,352180550.00,Z-EQ,35218055
MIRAKHTER,Mir Akhter Hossain Limited,Engineering,A,4903.32,23.78,40.60,-0.73,40.60,16.2740,"400,008",43.4149,-90.9091,41.8750,42.1580,33.3145,41.3579,41.4721,41.6509,-0.1788,-0.0120,43.5843,40.1657,212.6900,-587794.3645,41.3067,41.4641,41.6424,1.4901,0.0000,0.0000,0.0000,2.59,1.160,2.507,0.309,-,0.205,0.160,0.324,0.008,0.033,-,-,40.90,-0.30,672,16.2740,51.42%,7.40%,44.02%,48.58%,0.00%,0.00%,-,10.50,1.72,51.51,28 Oct 2025,22 Dec 2025,23.78,46.48,1207715470.00,A-EQ,120771547
MITHUNKNIT,Mithun Knitting and Dyeing Limited,Textile,Z,487.37,-,15.00,9.49,15.00,7.1780,"485,492",58.7682,0.0000,14.3100,14.8900,14.7755,14.2145,14.2363,14.4188,-0.1825,-0.2205,14.9682,13.6518,69.1600,63142.5720,14.1311,14.1667,14.2452,1.1131,0.0000,0.0000,0.0000,-,1.648,-,1.648,-,-,-,-,-,-,-,-,13.70,1.30,280,7.1780,83.23%,10.05%,71.88%,16.77%,0.00%,1.30%,-,-,0.00,0.00,29 Sep 2025,12 Nov 2025,-,-,324911620.00,Z-EQ,32491162
MJLBD,MJL Bangladesh PLC.,Fuel & Power,A,29489.61,8.19,92.90,0.11,93.10,5.6600,"60,758",45.6082,-76.3158,93.9400,93.4480,91.0795,93.2741,93.4291,93.6806,-0.2515,-0.0296,95.8773,92.0027,7.8100,-77293.4157,93.1222,93.2577,93.5229,0.8631,0.0000,0.0000,0.0000,5.59,0.614,-,0.445,0.118,0.179,0.086,0.162,0.075,0.188,-,-,93.00,0.10,296,5.6600,28.48%,22.80%,5.66%,71.52%,0.00%,0.02%,-,52.00,11.36,54.06,28 Oct 2025,22 Dec 2025,8.19,11.80,3167520270.00,A-EQ,316752027
MLDYEING,M.L. Dyeing Limited,Textile,B,3951.38,870.00,17.00,-2.30,17.00,152.6750,"8,824,654",57.6415,-79.3103,16.9200,13.4600,9.7055,17.5336,17.3522,16.0637,1.2884,1.4963,19.8698,13.9702,974.0700,-10040582.2134,17.7089,17.7026,17.4995,1.5362,0.0000,0.0000,0.0000,0.29,2.557,-,1.476,-,-,-,-,-,-,-,-,17.40,-0.40,"3,278",152.6750,69.43%,13.58%,55.85%,30.57%,0.00%,0.00%,-,0.50,0.02,13.30,28 Oct 2025,21 Dec 2025,870.00,-,2324340900.00,B-EQ,232434090
MONNOAGML,Monno Agro & General Machinery Limited,Engineering,B,1544.49,351.10,351.00,-0.03,351.00,6.4980,"18,499",50.1698,-48.1481,350.6150,352.8300,341.9500,349.8391,349.9840,350.8538,-0.8698,-0.9610,358.5818,342.6482,133.2900,-19366.1567,349.7178,349.5885,349.5724,1.3323,0.0000,0.0000,0.0000,0.14,1.376,-,0.985,-,0.067,0.039,0.185,0.008,0.009,-,-,351.10,-0.10,339,6.4980,70.00%,9.15%,60.79%,30.00%,0.00%,0.06%,-,5.00,1.00,110.86,19 Oct 2025,11 Dec 2025,351.10,1548.97,44002560.00,B-EQ,4400256
MONNOCERA,Monno Ceramic Industries Limited,Ceramics Sector,B,3561.18,428.18,94.40,0.21,94.40,25.6030,"271,195",47.0631,-63.6364,94.6300,96.1120,86.1680,94.5278,94.6198,95.0804,-0.4605,-0.4751,96.8863,92.3737,249.8100,-258415.8830,94.5467,94.5564,94.4738,1.4708,0.0000,0.0000,0.0000,0.21,-,10.344,-,-,-,-,0.240,-,-,-,-,94.20,0.20,788,25.6030,69.46%,10.28%,59.01%,30.54%,0.00%,0.17%,-,2.00,0.22,80.14,25 Sep 2025,11 Dec 2025,428.18,294.38,377243170.00,B-EQ,37724317
MONNOFABR,Monno Fabrics Limited,Textile,B,2691.00,595.00,23.40,-1.68,23.40,49.8650,"2,114,085",51.4110,-58.8235,23.1850,22.9680,21.4595,23.7055,23.6190,23.3001,0.3190,0.2791,24.8422,21.5278,652.8100,-2657080.8320,23.8933,23.8513,23.5324,1.6626,0.0000,0.0000,0.0000,0.11,1.615,-,1.446,-,-,-,-,-,-,-,-,23.80,-0.40,"1,209",49.8650,69.10%,9.39%,57.99%,30.90%,0.00%,1.72%,-,0.25,0.04,25.39,26 Oct 2025,14 Dec 2025,595.00,1785.00,1150000000.00,B-EQ,115000000
MONOSPOOL,Monospool Bangladesh PLC,Paper & Printing,A,4663.36,31.65,118.90,-0.08,118.90,25.3220,"212,094",52.7212,-63.2911,119.2700,116.1720,103.3740,118.4933,118.5957,118.1592,0.4365,0.8668,122.3074,116.2326,244.6600,-401865.1955,118.1578,118.2410,118.7219,1.6616,0.0000,0.0000,0.0000,0.42,1.484,-,0.975,0.091,0.242,0.073,0.276,0.019,0.084,-,-,119.00,-0.10,"1,082",25.3220,61.21%,3.80%,57.41%,38.79%,0.00%,0.00%,15.00,5.00,3.76,45.05,02 Nov 2025,29 Dec 2025,31.65,28.88,392208660.00,A-EQ,39220866
MPETROLEUM,Meghna Petroleum PLC,Fuel & Power,A,22963.46,3.48,213.20,-0.61,212.20,12.9470,"61,010",41.9994,-84.3137,214.6000,213.0860,205.1455,214.0133,214.1643,213.9584,0.2059,0.6344,216.5051,212.6949,5.2600,-27607.1296,214.0422,214.1615,214.3433,0.3479,0.0000,0.0000,0.0000,9.43,1.200,-,0.992,2.630,0.673,2.087,1.000,0.060,0.220,-,-,213.50,-1.30,569,12.9470,41.33%,33.40%,7.83%,0.00%,58.67%,0.10%,-,200.00,61.39,278.51,10 Nov 2025,24 Jan 2026,3.48,3.86,1082161080.00,A-EQ,108216108
MTB,Mutual Trust Bank PLC.,Bank,A,16230.13,4.30,13.40,-0.74,13.40,18.6040,"1,381,567",48.5679,-71.4286,13.5250,13.3940,12.8425,13.4170,13.4343,13.4497,-0.0154,0.0154,13.9243,13.1257,23.0400,-933810.5666,13.3800,13.3859,13.4457,0.9221,0.0000,0.0000,0.0000,-,-,-,-,-,0.462,0.151,-,0.007,0.112,0.007,-,13.50,-0.10,139,18.6040,66.74%,31.24%,35.50%,33.26%,0.00%,0.00%,12.00,-,3.14,28.11,30 Apr 2026,16 Jul 2026,4.30,6.82,12112035260.00,A-EQ,1211203526
MTBPBOND,Mutual Trust Bank Perpetual Bond,Corporate Bond,A,4000.00,-,0.00,0.00,1000000.00,0.0000,0,,,,,,,,,,,,,,,,,,,,,,-,-,-,-,-,-,-,-,-,-,-,-,1000000.00,0.00,0,0.0000,0.00%,0.00%,0.00%,0.00%,0.00%,0.00%,-,10.00,0.00,0.00,01 Dec 2025,-,-,-,40000.00,A-CB,4000
NAHEEACP,Nahee Aluminum Composite Panel PLC,Engineering,B,2508.82,-,36.70,-0.54,36.70,18.4340,"504,279",50.4836,-62.5000,36.7000,36.9840,24.3840,36.5871,36.6362,36.6520,-0.0158,0.0846,37.8841,35.5159,309.4600,-538803.4614,36.4800,36.4705,36.5838,1.4669,0.0000,0.0000,0.0000,0.27,7.608,0.112,5.160,-,0.126,-,0.191,-,-,-,-,36.90,-0.20,489,18.4340,67.71%,22.73%,44.98%,32.29%,0.00%,0.00%,-,1.00,-7.18,11.91,28 Oct 2025,18 Dec 2025,-,162.79,683601600.00,B-EQ,68360160
NATLIFEINS,National Life Insurance PLC,Insurance,A,11123.50,27.76,102.40,-0.19,102.50,3.4030,"33,100",45.6767,-77.7778,103.3700,104.1580,99.2955,103.4159,103.5160,103.7970,-0.2810,-0.1932,106.0565,100.6835,20.0500,-45341.3076,103.5133,103.4756,103.3100,1.0145,0.0000,0.0000,0.0000,3.61,-,-,-,-,-,-,-,-,-,-,-,102.70,-0.20,196,3.4030,38.89%,16.26%,22.63%,61.11%,0.00%,0.00%,-,37.00,3.70,59.87,13 May 2026,30 Jun 2026,27.76,26.27,1085219810.00,A-EQ,108521981
NAVANACNG,Navana CNG Limited,Engineering,Z,1684.83,224.00,22.40,-0.45,22.30,0.2200,"9,860",44.2116,-62.5000,22.6950,22.3000,21.3145,22.6246,22.6523,22.5730,0.0793,0.1776,23.2914,22.0986,29.9500,-148952.6974,22.6289,22.6974,22.7048,1.3002,0.0000,0.0000,0.0000,4.48,2.226,4.010,1.346,-,-,0.002,0.179,0.001,0.003,-,-,22.40,-0.10,35,0.2200,57.51%,26.21%,31.30%,42.49%,0.00%,0.00%,-,10.00,0.10,30.79,28 Oct 2025,29 Dec 2025,224.00,1680.00,755527720.00,Z-EQ,75552772
NAVANAPHAR,Navana Pharmaceuticals PLC.,Pharmaceuticals & Chemicals,A,7454.69,15.29,69.90,0.00,69.40,14.3640,"207,298",43.1191,-71.6981,71.2400,71.6560,59.7490,69.9465,70.2010,70.7647,-0.5637,-0.2700,74.8402,67.6398,152.2000,-364295.5971,69.6467,69.8692,70.4038,1.5808,0.0000,0.0000,0.0000,2.02,0.857,0.018,0.601,-,0.167,0.055,0.442,0.043,0.100,-,-,69.40,0.00,530,14.3640,68.36%,11.02%,37.71%,31.64%,0.00%,19.63%,-,14.00,4.54,45.29,29 Oct 2025,31 Dec 2025,15.29,11.34,1074162170.00,A-EQ,107416217
NBL,National Bank PLC,Bank,Z,11913.04,-,3.70,0.00,3.70,2.0950,"565,102",43.1361,-66.6667,3.7750,3.8320,3.8170,3.7404,3.7489,3.7821,-0.0333,-0.0303,3.8850,3.6650,9.3000,-1348949.8902,3.7289,3.7397,3.7586,1.0666,0.0000,0.0000,0.0000,-,-,-,-,-,1.537,1.164,-,-,1.025,-,-,3.70,0.00,179,2.0950,82.60%,38.49%,43.60%,17.40%,0.00%,0.51%,-,-,-7.55,-7.37,03 May 2026,13 Aug 2026,-,-,32197395700.00,Z-EQ,3219739570
NCCBANK,National Credit and Commerce Bank PLC,Bank,A,17784.54,3.66,15.40,-1.91,15.40,34.1200,"2,205,526",46.4663,-75.0000,15.5500,15.7680,13.5905,15.4895,15.4946,15.5518,-0.0572,-0.0729,15.9680,15.1320,95.4900,-2498383.7144,15.4733,15.4615,15.4976,0.9748,0.0000,0.0000,0.0000,11.04,-,-,-,-,0.652,0.234,-,0.012,0.158,0.013,-,15.70,-0.30,582,34.1200,57.90%,21.35%,36.52%,42.10%,0.00%,0.03%,4.00,17.00,4.29,27.20,28 Apr 2026,24 Jun 2026,3.66,3.77,11548400180.00,A-EQ,1154840018
NCCBLMF1,NCCBL MUTUAL FUND-1,Mutual Funds,A,748.67,11.31,6.90,0.00,6.90,1.3790,"199,213",56.5377,-73.3333,7.0000,5.5160,4.4945,7.0375,7.0008,6.5627,0.4381,0.5637,7.9733,6.0267,232.6000,-513897.1790,7.0556,7.1141,7.1129,1.0441,0.0000,0.0000,0.0000,-,-,-,-,-,-,-,-,-,-,-,-,6.90,0.00,76,1.3790,85.00%,66.36%,18.64%,15.00%,0.00%,0.00%,-,4.50,0.61,10.97,15 Feb 2024,-,11.31,-,1085034010.00,A-MF,108503401
NEWLINE,New Line Clothings Limited,Textile,Z,526.17,4.23,6.70,-2.90,6.70,6.1520,"913,874",56.8389,-42.8571,6.4650,5.9320,4.9710,6.8270,6.7500,6.4006,0.3493,0.3447,7.6794,5.2506,274.4200,-296983.0837,6.9289,6.9359,6.7276,0.9051,0.0000,0.0000,0.0000,18.28,2.989,-,1.866,-,-,-,-,-,-,-,-,6.90,-0.20,320,6.1520,69.39%,18.33%,51.06%,30.61%,0.00%,0.00%,-,12.25,1.63,24.02,31 Oct 2021,27 Jan 2022,4.23,3.23,785326500.00,Z-EQ,78532650
NFML,National Feed Mill Limited,Miscellaneous,B,1857.89,666.67,19.90,-0.50,19.90,12.3190,"617,653",45.0196,-90.0000,20.4650,20.2480,15.8355,20.2707,20.3506,20.4240,-0.0734,0.0675,21.3969,19.5331,564.4400,-702810.0089,20.2044,20.3346,20.4238,1.2672,0.0000,0.0000,0.0000,0.05,4.356,-,2.722,-,0.118,0.017,0.181,0.001,0.002,-,-,20.00,-0.10,556,12.3190,69.60%,8.59%,61.01%,30.40%,0.00%,0.00%,-,0.10,0.03,11.09,10 Feb 2026,01 Mar 2026,666.67,-,933613240.00,B-EQ,93361324
NHFIL,National Housing Finance PLC,Financial Institutions,A,3810.54,993.33,29.60,-0.67,29.60,7.1670,"242,159",47.2264,-63.8889,30.5900,29.5320,25.1590,29.7631,29.9010,29.9891,-0.0881,0.1732,32.8502,28.3298,187.2300,-511426.0180,29.5222,29.6462,30.0733,1.8877,0.0000,0.0000,0.0000,3.38,-,-,-,-,0.556,0.006,-,-,-,-,0.002,29.80,-0.20,352,7.1670,45.09%,15.07%,30.02%,45.57%,9.34%,0.00%,-,10.00,0.74,17.06,24 Jun 2026,15 Sep 2026,993.33,34.65,1287343200.00,A-EQ,128734320
NITOLINS,Nitol Insurance PLC,Insurance,A,2060.24,24.92,48.80,1.46,48.80,37.3950,"771,813",82.8271,-5.8442,39.4700,37.0160,30.4045,44.7502,43.4948,40.2486,3.2462,2.0171,50.0459,28.8941,363.6100,1576867.1901,46.1378,44.6564,41.8148,1.0466,0.0000,0.0000,0.0000,2.05,-,-,-,-,-,-,-,-,-,-,-,48.10,0.70,861,37.3950,65.00%,26.27%,38.73%,35.00%,0.00%,0.00%,-,10.00,1.93,31.30,01 Apr 2026,12 Jul 2026,24.92,30.44,422180200.00,A-EQ,42218020
NORTHERN,Northern Jute Manufacturing Company Limited,Jute,Z,247.40,10.22,116.00,-0.26,115.50,0.6060,"5,230",51.5934,-54.5455,116.2950,113.5000,103.2535,114.5016,114.6434,114.7532,-0.1098,0.1499,123.5048,109.0852,154.0700,-10189.3597,113.9333,113.9808,114.8214,1.1227,0.0000,0.0000,0.0000,0.43,0.695,-,0.392,0.056,0.051,0.044,0.261,0.026,0.139,-,-,115.80,-0.30,83,0.6060,84.91%,0.00%,84.91%,15.09%,0.00%,0.00%,-,5.00,11.33,81.66,29 Oct 2020,27 Dec 2020,10.22,-,21420000.00,Z-EQ,2142000
NORTHRNINS,Northern Islami Insurance PLC.,Insurance,A,1917.12,23.70,42.90,-0.23,42.80,28.7000,"668,803",60.3844,-31.2500,39.7300,40.6500,32.7730,41.5929,41.1823,40.3673,0.8150,0.2967,44.0323,35.4277,236.3400,442436.9101,42.0667,41.4846,40.4395,1.0914,0.0000,0.0000,0.0000,1.17,-,-,-,-,-,-,-,-,-,-,-,42.90,-0.10,865,28.7000,69.18%,30.08%,39.10%,30.82%,0.00%,0.00%,5.00,5.00,1.68,25.48,13 May 2026,29 Aug 2026,23.70,24.10,447925920.00,A-EQ,44792592
NPOLYMER,National Polymer Industries PLC,Engineering,B,2605.52,510.00,35.70,0.00,35.70,6.0350,"168,920",51.4008,-77.7778,35.9650,34.5160,29.3705,36.0369,36.0127,35.5303,0.4825,0.6564,37.8359,34.0941,324.3100,-449464.3843,36.1000,36.1487,36.1224,1.4214,0.0000,0.0000,0.0000,1.40,1.056,0.661,0.687,-,0.082,0.001,0.140,0.001,0.002,-,-,35.70,0.00,299,6.0350,67.78%,13.41%,54.37%,32.22%,0.00%,0.00%,-,5.00,0.07,29.65,26 Oct 2025,31 Dec 2025,510.00,107.10,729836680.00,B-EQ,72983668
NRBBANK,NRB Bank PLC.,Bank,Z,4834.11,63.64,7.00,0.00,7.00,2.4530,"352,369",67.7445,-14.2857,6.5900,6.2040,6.4530,6.8377,6.7786,6.5525,0.2260,0.2026,7.2764,5.9036,18.5400,306796.2624,6.8756,6.8564,6.7524,1.1395,0.0000,0.0000,0.0000,-,-,-,-,-,0.230,0.042,-,0.001,0.015,0.001,-,7.00,0.00,111,2.4530,44.01%,3.32%,40.69%,55.99%,0.00%,0.00%,-,-,0.20,12.89,03 May 2026,20 Aug 2026,63.64,26.92,6905872000.00,Z-EQ,690587200
NRBCBANK,NRBC Bank PLC.,Bank,Z,8783.69,63.75,10.60,3.92,10.60,16.6120,"1,591,755",92.4318,-3.4483,8.5300,7.8320,6.5845,9.4408,9.2043,8.5587,0.6456,0.4301,10.2893,6.7707,16.7500,2370742.7266,9.6067,9.3974,8.9690,1.2144,0.0000,0.0000,0.0000,-,-,-,-,-,0.439,0.013,-,0.001,0.010,0.001,-,10.20,0.40,510,16.6120,40.93%,4.87%,36.06%,59.07%,0.00%,0.00%,-,-,0.16,16.74,03 May 2026,25 Jun 2026,63.75,8.37,8286495340.00,Z-EQ,828649534
NTC,National Tea Company Limited,Food & Allied,Z,4962.30,-,166.50,-0.36,166.80,0.6390,"3,828",45.9349,-82.4176,171.3300,165.5160,163.2245,168.5797,169.0047,168.7718,0.2329,1.2758,178.3079,164.3521,9.2000,-6338.4543,167.9844,168.5346,169.7010,1.0053,0.0000,0.0000,0.0000,-,0.236,-,0.081,-,-,-,-,-,0.691,-,-,167.40,-0.60,114,0.6390,55.35%,31.49%,23.86%,39.43%,5.22%,0.00%,-,-,0.00,0.00,-,-,-,-,297500000.00,Z-EQ,29750000
NTLTUBES,National Tubes Limited,Engineering,B,2409.67,40.47,69.20,-0.57,69.20,6.8990,"99,198",48.3752,-65.7143,69.9700,68.4300,63.8825,69.5863,69.6691,69.5488,0.1203,0.3588,72.0546,67.8854,120.6400,-120599.2956,69.4778,69.5154,69.6338,1.1282,0.0000,0.0000,0.0000,0.14,1.788,0.012,0.892,-,0.251,0.123,0.385,0.009,0.013,-,-,69.60,-0.40,428,6.8990,48.95%,6.42%,42.53%,0.05%,51.00%,0.00%,-,1.00,1.72,137.61,09 Nov 2025,20 Dec 2025,40.47,-,348218030.00,B-EQ,34821803
NURANI,Nurani Dyeing & Sweater Limited,Textile,Z,478.24,-,3.90,8.33,3.90,8.6140,"2,211,777",75.9761,0.0000,3.0350,3.0300,2.6225,3.3182,3.2437,3.0925,0.1511,0.0584,3.6200,2.4500,92.9900,2460438.7304,3.3533,3.2744,3.1571,1.2050,0.0000,0.0000,0.0000,-,3.400,-,1.821,-,-,-,-,-,-,-,-,3.60,0.30,359,8.6140,69.07%,17.28%,51.79%,30.93%,0.00%,0.00%,10.00,-,-0.41,11.23,28 Oct 2020,24 Dec 2020,-,-,1226250300.00,Z-EQ,122625030
OAL,Olympic Accessories Limited,Engineering,Z,1169.74,-,6.90,0.00,6.90,2.1320,"308,659",54.4443,-55.5556,6.7900,6.6660,5.9950,6.8865,6.8710,6.7905,0.0805,0.0844,7.1507,6.4293,55.6000,-333111.1601,6.9200,6.9154,6.8548,1.7008,0.0000,0.0000,0.0000,-,2.807,0.180,2.584,-,-,-,-,-,-,-,-,6.90,0.00,93,2.1320,74.19%,17.45%,56.74%,25.81%,0.00%,0.00%,-,-,-0.75,9.50,28 Oct 2025,24 Dec 2025,-,-,1695269820.00,Z-EQ,169526982
OIMEX,Oimex Electrode Limited,Engineering,Z,1176.66,20.77,16.30,-0.62,16.10,2.1030,"130,678",46.1974,-75.0000,16.4600,16.1360,14.9230,16.2824,16.3173,16.2928,0.0245,0.1126,17.0382,15.8818,90.8400,-140047.7769,16.2444,16.2987,16.3710,1.3581,0.0000,0.0000,0.0000,-,0.959,-,0.550,-,0.040,0.000,0.064,0.000,0.008,-,-,16.20,-0.10,151,2.1030,64.24%,19.73%,44.51%,35.76%,0.00%,0.00%,-,-,0.03,3.27,05 Nov 2025,30 Dec 2025,20.77,81.00,730847810.00,Z-EQ,73084781
OLYMPIC,Olympic Industries PLC,Food & Allied,A,30210.77,15.21,151.10,-1.24,151.10,20.7740,"137,407",41.4328,-84.2857,153.9700,153.3880,147.0035,152.4284,152.7890,153.5083,-0.7192,-0.2657,158.6632,149.2768,15.9800,-110553.8010,151.9800,152.2731,152.9548,1.1183,0.0000,0.0000,0.0000,1.99,2.636,-,2.042,0.097,0.083,0.072,0.239,0.124,0.161,-,-,153.00,-1.90,724,20.7740,62.62%,22.85%,12.26%,37.38%,0.00%,27.51%,-,30.00,10.06,62.35,28 Oct 2025,11 Dec 2025,15.21,15.49,1999388860.00,A-EQ,199938886
ONEBANKPLC,One Bank PLC.,Bank,Z,8633.16,6.53,8.10,0.00,8.10,1.0360,"128,342",58.2783,-40.0000,7.9700,8.0540,7.4275,8.0255,8.0111,7.9695,0.0416,0.0296,8.1547,7.7853,9.3000,-340629.6040,8.0289,8.0244,7.9990,1.2761,0.0000,0.0000,0.0000,-,-,-,-,-,0.400,0.025,-,0.001,0.012,0.001,-,8.10,0.00,51,1.0360,69.79%,43.14%,26.60%,30.21%,0.00%,0.05%,-,-,0.28,22.46,03 May 2026,13 Aug 2026,6.53,5.19,10658218870.00,Z-EQ,1065821887
ORIONINFU,Orion Infusion Limited,Pharmaceuticals & Chemicals,A,5295.57,154.13,260.10,-1.89,260.10,68.5760,"262,784",29.7359,-92.2388,279.0050,295.4340,348.8695,268.1221,270.6344,280.3093,-9.6749,-8.7104,304.8010,253.2090,295.1300,-293542.7701,265.2089,267.1064,272.4414,1.4154,0.0000,0.0000,0.0000,0.77,0.943,0.028,0.681,-,0.130,0.053,0.420,0.041,0.107,-,-,265.10,-5.00,"3,633",68.5760,59.39%,13.80%,45.53%,40.61%,0.00%,0.06%,-,20.00,1.72,16.02,10 Nov 2025,23 Dec 2025,154.13,140.02,203597600.00,A-EQ,20359760
ORIONPHARM,Orion Pharma Limited,Pharmaceuticals & Chemicals,Z,6692.40,-,28.60,-0.35,28.60,5.1210,"178,954",45.7369,-76.4706,29.0300,28.7220,28.4605,28.7823,28.8312,28.8814,-0.0502,0.0335,29.9547,28.1053,29.8100,-221353.7494,28.7467,28.7538,28.8424,1.6914,0.0000,0.0000,0.0000,-,2.072,1.164,1.894,-,0.014,-,0.339,-,-,-,-,28.70,-0.10,244,5.1210,68.02%,21.49%,46.39%,31.98%,0.00%,0.14%,-,-,-1.77,86.09,12 Nov 2025,23 Dec 2025,-,-,2340000000.00,Z-EQ,234000000
PADMALIFE,Padma Islami Life Insurance Limited,Insurance,Z,699.84,-,18.20,0.00,18.00,0.8260,"45,887",48.8130,-36.3636,17.9200,18.3620,17.4300,18.0451,18.0333,18.0738,-0.0405,-0.0855,18.7682,17.0718,46.3200,-39433.5310,18.1622,18.1205,17.9814,1.4264,0.0000,0.0000,0.0000,-,-,-,-,-,-,-,-,-,-,-,-,18.00,0.00,44,0.8260,68.44%,17.78%,50.66%,31.56%,0.00%,0.00%,-,-,0.00,0.00,15 Jul 2026,17 Sep 2026,-,-,388800000.00,Z-EQ,38880000
PADMAOIL,Padma Oil PLC,Fuel & Power,A,19538.49,3.49,198.90,-0.40,198.90,4.1210,"20,684",48.5060,-90.0000,201.4450,195.1520,182.6960,200.2142,200.3807,199.4055,0.9753,1.7999,204.5054,198.3846,14.4900,-17143.0014,200.0422,200.2333,200.7133,0.5442,0.0000,0.0000,0.0000,8.04,1.171,-,0.977,2.203,0.532,1.762,0.962,0.044,0.208,-,-,199.70,-0.80,263,4.1210,47.59%,32.74%,14.83%,2.06%,50.35%,0.02%,-,160.00,57.30,274.86,06 Nov 2025,03 Jan 2026,3.49,3.40,982327500.00,A-EQ,98232750
PARAMOUNT,Paramount Insurance PLC,Insurance,A,2626.96,29.45,65.00,0.16,64.60,20.2640,"312,438",56.1224,-23.6364,62.5450,62.7260,51.6570,63.4260,63.2677,62.7669,0.5008,0.3889,65.9431,59.1469,268.9800,-205331.9051,63.5000,63.3910,62.9514,1.4218,0.0000,0.0000,0.0000,1.55,-,-,-,-,-,-,-,-,-,-,-,64.50,0.10,603,20.2640,51.52%,22.18%,29.30%,48.48%,0.00%,0.04%,-,10.00,2.19,28.16,11 Mar 2026,18 May 2026,29.45,14.73,406649660.00,A-EQ,40664966
PBLPBOND,Pubali Bank Perpetual Bond,Corporate Bond,A,470.00,-,0.00,0.00,4700.00,0.0000,0,52.4577,-8.4746,4652.5000,4652.2000,0.0000,4647.8049,4647.5120,4661.3778,-13.8657,-21.0341,4818.2623,4486.7377,0.0100,0.4224,4660.0000,4657.6923,4654.7619,-0.0693,0.0000,0.0000,0.0000,0.02,-,-,-,-,-,-,-,-,-,-,-,4700.00,0.00,0,0.0000,100.00%,99.33%,0.67%,0.00%,0.00%,0.00%,-,10.00,0.00,0.00,16 Sep 2025,-,-,-,1000000.00,A-CB,100000
PDL,Pacific Denims Limited,Textile,Z,1064.59,48.33,5.80,0.00,5.80,0.8580,"147,458",53.7697,-50.0000,5.6750,5.6900,4.9935,5.7795,5.7623,5.7087,0.0535,0.0408,6.0237,5.3263,58.7800,-818049.9515,5.7978,5.7936,5.7481,1.5302,0.0000,0.0000,0.0000,1.72,3.648,-,2.501,-,-,-,-,-,-,-,-,5.80,0.00,81,0.8580,69.88%,9.42%,60.45%,30.12%,0.00%,0.01%,-,1.00,0.12,13.58,29 Oct 2023,31 Dec 2023,48.33,217.50,1835501430.00,Z-EQ,183550143
PENINSULA,The Peninsula Chittagong PLC.,Travel & Leisure,B,2871.74,408.33,24.20,-1.22,24.20,4.2530,"174,842",43.5524,-93.3333,24.9700,24.3360,20.2590,24.6370,24.6953,24.6553,0.0400,0.1867,25.7936,24.1464,134.4000,-252601.8257,24.5911,24.6654,24.7957,1.4716,0.0000,0.0000,0.0000,0.21,1.341,0.093,1.256,0.080,0.072,0.020,0.265,0.001,0.002,-,-,24.50,-0.30,285,4.2530,43.14%,7.30%,35.77%,56.86%,0.00%,0.07%,-,0.50,0.06,27.90,28 Oct 2025,30 Dec 2025,408.33,-,1186668000.00,B-EQ,118666800
PEOPLESINS,Peoples Insurance PLC,Insurance,A,3146.22,15.97,68.10,1.79,68.10,88.8680,"1,314,843",66.9488,-10.1351,60.7550,60.2120,45.2185,64.3932,63.6654,61.7370,1.9283,1.2372,69.2342,52.2758,519.7500,-204477.8422,64.9667,64.4679,62.6552,1.3037,0.0000,0.0000,0.0000,1.54,-,-,-,-,-,-,-,-,-,-,-,66.90,1.20,"1,746",88.8680,65.51%,12.02%,53.49%,34.49%,0.00%,0.00%,-,10.50,4.19,37.95,26 Apr 2026,24 Jun 2026,15.97,11.42,462000000.00,A-EQ,46200000
PF1STMF,Phoenix Finance 1st Mutual Fund,Mutual Funds,A,864.00,-,14.40,3.60,14.40,37.0560,"2,591,660",75.1687,-9.5238,13.2900,10.8740,6.8720,13.9378,13.7620,12.7792,0.9828,1.0592,15.1021,11.4779,1057.5900,442380.7757,14.0867,14.0564,13.7324,0.9084,0.0000,0.0000,0.0000,-,-,-,-,-,-,-,-,-,-,-,-,13.90,0.50,786,37.0560,76.67%,29.77%,46.89%,23.33%,0.00%,0.01%,-,-,-0.17,7.20,07 Aug 2025,-,-,13.72,600000000.00,A-MF,60000000
PHARMAID,Pharma Aids,Pharmaceuticals & Chemicals,A,1948.75,29.89,624.60,2.19,624.60,13.6030,"21,946",59.3819,-14.2105,617.0500,596.4500,551.7790,613.8305,613.4098,609.3359,4.0739,5.0673,637.9528,596.1472,277.8600,-21521.9433,612.8178,612.1795,613.4276,0.9446,0.0000,0.0000,0.0000,0.48,3.328,-,2.894,-,0.200,0.146,0.303,0.110,0.148,-,-,611.20,13.40,525,13.6030,80.61%,21.78%,58.83%,19.39%,0.00%,0.00%,-,30.00,20.45,138.58,09 Nov 2025,24 Dec 2025,29.89,22.69,31200000.00,A-EQ,3120000
PHENIXINS,Phoenix Insurance PLC,Insurance,A,2190.55,25.54,54.30,5.23,54.30,87.5780,"1,638,496",76.7219,-9.2437,47.0650,45.3520,34.4345,50.3013,49.5700,47.4579,2.1121,1.4998,53.7957,40.3343,430.0500,395566.1572,51.0489,50.3910,48.6862,1.3513,0.0000,0.0000,0.0000,2.21,-,-,-,-,-,-,-,-,-,-,-,51.60,2.70,"2,038",87.5780,61.83%,11.64%,50.19%,38.17%,0.00%,0.00%,-,12.00,2.02,33.85,30 Apr 2026,29 Jul 2026,25.54,17.79,403415720.00,A-EQ,40341572
PHOENIXFIN,Phoenix Finance and Investments Limited,Financial Institutions,Z,680.08,-,4.20,0.00,4.10,0.5550,"135,337",55.3821,-50.0000,3.9900,3.8160,3.4580,4.1194,4.0943,3.9774,0.1169,0.1169,4.5363,3.4437,61.4100,-227139.3248,4.1489,4.1538,4.1000,1.7825,0.0000,0.0000,0.0000,-,-,-,-,-,1.141,3.873,-,-,-,-,-,4.10,0.00,32,0.5550,73.99%,18.64%,55.35%,26.01%,0.00%,0.00%,-,-,-20.45,-102.46,30 Jun 2026,27 Aug 2026,-,-,1658741950.00,Z-EQ,165874195
PHPMF1,PHP First Mutual Fund,Mutual Funds,A,1099.38,-,4.00,0.00,3.90,4.3480,"1,111,778",53.4467,-71.4286,3.9300,3.4940,2.9690,3.9703,3.9578,3.8177,0.1401,0.1787,4.3252,3.5348,270.3200,-397223.9619,3.9911,4.0051,3.9862,1.2780,0.0000,0.0000,0.0000,-,-,-,-,-,-,-,-,-,-,-,-,3.90,0.00,130,4.3480,88.28%,40.34%,47.94%,11.72%,0.00%,0.00%,-,-,-1.87,8.15,25 Sep 2024,-,-,-,2818932640.00,A-MF,281893264
PIONEERINS,Pioneer Insurance PLC,Insurance,A,7188.40,15.30,70.00,0.14,70.00,33.2300,"474,584",55.5697,-36.0656,68.1400,68.6640,56.3305,69.3275,69.1620,68.7409,0.4211,0.2558,71.7320,64.5480,111.7400,-544880.2955,69.5400,69.3974,68.7138,1.3169,0.0000,0.0000,0.0000,3.57,-,-,-,-,-,-,-,-,-,-,-,69.90,0.10,642,33.2300,60.06%,28.67%,31.39%,39.94%,0.00%,0.00%,5.00,25.00,4.57,46.97,03 Mar 2026,04 May 2026,15.30,11.61,1026914910.00,A-EQ,102691491
PLFSL,Peoples Leasing and Financial Services Limited,Financial Institutions,Z,542.34,-,1.90,5.56,1.90,7.9560,"4,494,796",52.6518,-72.7273,1.9050,1.5660,1.4746,1.9923,1.9752,1.8357,0.1395,0.1677,2.6065,1.2035,288.5300,-3832549.2151,2.0356,2.0628,2.0181,1.1787,0.0000,0.0000,0.0000,-,-,-,-,-,1.019,1.026,-,-,-,-,-,1.80,0.10,465,7.9560,81.85%,12.88%,68.72%,18.15%,0.00%,0.25%,-,-,-12.81,-155.15,02 Jul 2026,17 Aug 2026,-,-,2854405970.00,Z-EQ,285440597
POPULAR1MF,Popular Life First Mutual Fund,Mutual Funds,A,1166.45,-,3.90,0.00,3.90,3.1480,"804,362",54.2015,-71.4286,3.9050,3.4800,2.9335,3.9608,3.9469,3.8001,0.1468,0.1855,4.3568,3.4532,221.1000,-829794.5058,3.9778,4.0000,3.9776,1.2722,0.0000,0.0000,0.0000,-,-,-,-,-,-,-,-,-,-,-,-,3.90,0.00,106,3.1480,90.00%,19.49%,70.51%,10.00%,0.00%,0.00%,-,-,-1.78,8.23,25 Sep 2024,-,-,-,2990890270.00,A-MF,299089027
POPULARLIF,Popular Life Insurance Co. Limited,Insurance,A,3516.93,23.48,58.20,-2.02,58.20,14.1160,"241,352",40.3668,-93.4783,60.5300,61.6500,50.9115,59.8210,60.0161,60.5490,-0.5329,-0.3552,64.5570,56.5030,168.7200,-270979.3597,59.8533,59.8436,59.9571,1.4331,0.0000,0.0000,0.0000,3.44,-,-,-,-,-,-,-,-,-,-,-,59.40,-1.20,628,14.1160,76.30%,26.88%,49.42%,23.70%,0.00%,0.00%,-,20.00,1.47,78.10,28 Jun 2026,22 Sep 2026,23.48,-,604283580.00,A-EQ,60428358
POWERGRID,Power Grid Company of Bangladesh Limited,Fuel & Power,Z,36186.76,-,39.60,0.00,39.60,4.1820,"105,556",48.0504,-58.5366,40.2800,39.0200,32.0095,40.1421,40.1839,39.8656,0.3183,0.5599,42.1388,38.4212,4.7300,-163282.9906,40.1622,40.3064,40.2552,1.1620,0.0000,0.0000,0.0000,-,1.237,-,1.110,-,0.370,-,0.400,-,-,-,-,39.60,0.00,192,4.1820,19.50%,14.70%,4.79%,58.50%,22.00%,0.01%,-,-,-2.30,139.29,10 Nov 2025,24 Jan 2026,-,4.76,9138069910.00,Z-EQ,913806991
PRAGATIINS,Pragati Insurance PLC,Insurance,A,6610.87,15.29,81.40,0.25,81.40,20.9740,"257,761",57.1399,-31.1321,78.6800,78.7480,73.6650,80.4826,80.2017,79.5515,0.6502,0.3392,83.3886,73.9714,90.2100,-75626.6464,80.8956,80.5731,79.5110,1.3933,0.0000,0.0000,0.0000,3.32,-,-,-,-,-,-,-,-,-,-,-,81.20,0.20,582,20.9740,59.87%,21.84%,38.03%,40.13%,0.00%,0.00%,3.00,27.00,5.31,57.36,13 Apr 2026,18 Jun 2026,15.29,13.05,812145590.00,A-EQ,81214559
PRAGATILIF,Pragati Life Insurance PLC.,Insurance,A,5899.81,-,164.80,-0.78,164.80,17.1340,"103,603",38.9765,-62.5698,168.2450,180.6100,192.0765,168.1195,168.6680,172.5306,-3.8626,-4.4758,177.2861,159.2039,117.0300,-216678.5038,168.3756,168.0590,167.6133,1.2307,0.0000,0.0000,0.0000,0.91,-,-,-,-,-,-,-,-,-,-,-,166.10,-1.30,714,17.1340,61.38%,15.96%,45.42%,38.62%,0.00%,0.00%,10.00,15.00,0.00,0.00,22 Jun 2026,13 Aug 2026,-,-,357998160.00,A-EQ,35799816
PREBPBOND,Premier Bank Perpetual Bond,Corporate Bond,A,178.60,-,0.00,0.00,4465.00,0.0000,0,13.3094,-100.0000,4688.2500,0.0000,0.0000,4721.7782,4769.3925,4896.7117,-127.3192,-82.6694,5091.7645,4284.7355,0.0300,0.0000,4653.0000,4663.8462,4677.6190,-0.0339,0.0000,0.0000,0.0000,0.02,-,-,-,-,-,-,-,-,-,-,-,4465.00,0.00,0,0.0000,0.00%,0.00%,0.00%,0.00%,0.00%,0.00%,-,10.00,0.00,0.00,15 Dec 2025,-,-,-,400000.00,A-CB,40000
PREMIERBAN,The Premier Bank PLC.,Bank,Z,7277.24,-,5.90,0.00,5.90,3.0100,"512,660",71.3410,-11.1111,5.6200,4.9300,4.7545,5.7651,5.7146,5.4544,0.2602,0.2718,6.0485,5.1915,31.3100,2698992.6847,5.7978,5.7795,5.7062,1.1282,0.0000,0.0000,0.0000,-,-,-,-,-,-,-,-,-,-,-,-,5.90,0.00,115,3.0100,74.77%,22.64%,52.13%,25.23%,0.00%,0.00%,-,-,-8.05,13.59,03 May 2026,08 Jul 2026,-,-,12334311330.00,Z-EQ,1233431133
PREMIERCEM,Premier Cement Mills PLC,Cement,A,5114.32,37.44,48.50,0.41,48.50,8.7830,"181,410",46.1065,-74.1935,49.5500,49.2740,42.1145,48.8282,48.9942,49.1910,-0.1968,0.0752,51.6641,47.4359,104.9700,-175929.6625,48.6511,48.7821,49.0814,0.9531,0.0000,0.0000,0.0000,2.06,0.569,-,0.410,0.032,0.135,0.006,0.179,0.004,0.020,-,-,48.30,0.20,314,8.7830,64.01%,23.72%,40.27%,35.99%,0.00%,0.02%,-,10.00,1.29,64.50,26 Oct 2025,28 Dec 2025,37.44,18.20,1054500000.00,A-EQ,105450000
PREMIERLEA,Premier Leasing & Finance Limited,Financial Institutions,Z,319.13,-,2.40,4.35,2.40,2.0630,"868,864",44.5994,-90.0000,2.6250,2.4780,1.7809,2.5755,2.5962,2.5719,0.0243,0.0813,3.1596,2.0904,300.0900,-1348085.0207,2.5711,2.6308,2.6638,1.5114,0.0000,0.0000,0.0000,-,-,-,-,-,1.120,3.540,-,-,-,-,-,2.30,0.10,161,2.0630,79.28%,9.54%,69.74%,20.72%,0.00%,0.00%,-,-,-21.98,-96.38,02 Aug 2026,17 Sep 2026,-,-,1329702100.00,Z-EQ,132970210
PRIME1ICBA,Prime Bank 1st ICB AMCL Mutual Fund,Mutual Funds,A,670.00,-,6.70,-1.47,6.70,1.3460,"200,319",58.2652,-54.5455,6.6300,5.6500,4.7065,6.8027,6.7525,6.3981,0.3543,0.4107,7.3411,5.9189,121.6700,-90821.8139,6.8711,6.8628,6.7733,0.9173,0.0000,0.0000,0.0000,-,-,-,-,-,-,-,-,-,-,-,-,6.80,-0.10,137,1.3460,80.00%,49.83%,30.17%,20.00%,0.00%,0.00%,-,-,-0.28,7.62,07 Aug 2025,-,-,11.09,1000000000.00,A-MF,100000000
PRIMEBANK,Prime Bank PLC.,Bank,A,36802.33,3.86,30.20,-0.33,30.20,5.6130,"186,095",48.3942,-66.6667,30.4000,30.1440,30.0160,30.2042,30.2282,30.2545,-0.0263,0.0139,31.0087,29.7913,20.2000,-331797.5874,30.1489,30.1705,30.2771,0.8073,0.0000,0.0000,0.0000,8.28,-,-,-,-,0.555,0.343,-,0.014,0.196,0.016,-,30.30,-0.10,212,5.6130,64.46%,35.53%,23.05%,35.54%,0.00%,5.88%,5.00,25.00,7.84,40.00,06 Apr 2026,21 May 2026,3.86,4.26,12186200910.00,A-EQ,1218620091
PRIMEFIN,Prime Finance & Investment Limited,Financial Institutions,Z,873.33,-,3.20,0.00,3.20,1.7600,"548,302",42.4346,-90.0000,3.4950,3.3060,2.7630,3.4110,3.4398,3.4311,0.0087,0.0760,4.0474,2.9426,118.2900,-1502619.9402,3.3956,3.4603,3.5162,1.5452,0.0000,0.0000,0.0000,-,-,-,-,-,4.255,14.439,-,-,-,-,-,3.20,0.00,167,1.7600,40.86%,4.85%,36.00%,59.14%,0.00%,0.01%,-,-,-5.53,1.46,21 Jan 2026,03 Mar 2026,-,-,2729164830.00,Z-EQ,272916483
PRIMEINSUR,Prime Islami Insurance PLC,Insurance,A,2554.84,32.98,62.50,-4.29,62.50,172.3320,"2,699,728",69.2972,-20.1835,53.5900,47.6000,36.3725,60.3451,58.8525,53.9538,4.8987,3.9260,68.4795,38.7005,697.1700,585550.1714,62.3578,60.9859,57.1824,1.1322,0.0000,0.0000,0.0000,1.60,-,-,-,-,-,-,-,-,-,-,-,65.30,-2.80,"2,799",172.3320,68.25%,24.33%,43.92%,31.75%,0.00%,0.00%,-,10.00,1.98,22.76,03 May 2026,15 Jun 2026,32.98,25.12,408774980.00,A-EQ,40877498
PRIMELIFE,Prime Islami Life Insurance Limited,Insurance,B,1260.49,-,41.30,-1.67,41.30,2.2890,"55,053",46.1085,-61.6667,41.4900,42.5160,37.5175,42.0965,42.0536,42.0218,0.0317,-0.0477,44.2748,38.7052,108.8900,-97344.8787,42.3978,42.2872,41.7871,1.4755,0.0000,0.0000,0.0000,0.06,-,-,-,-,-,-,-,-,-,-,-,42.00,-0.70,181,2.2890,63.92%,33.35%,30.40%,36.08%,0.00%,0.17%,-,0.25,0.00,0.00,16 Jun 2026,17 Sep 2026,-,-,305202300.00,B-EQ,30520230
PRIMETEX,Prime Textile Spinning Mills Limited,Textile,Z,657.04,-,17.20,1.78,17.20,0.7900,"46,102",49.4802,-65.0000,17.0450,17.5900,15.8965,17.0801,17.0998,17.2255,-0.1257,-0.1417,18.0150,16.0750,45.8000,-77093.5676,17.0311,17.1218,17.1338,1.2344,0.0000,0.0000,0.0000,-,1.379,-,0.969,-,-,-,-,-,-,-,-,16.90,0.30,66,0.7900,50.00%,5.65%,44.10%,50.00%,0.00%,0.25%,-,-,-8.05,64.83,11 Sep 2024,24 Oct 2024,-,-,382000000.00,Z-EQ,38200000
PROGRESLIF,Progressive Life Insurance Co. Limited,Insurance,Z,662.40,-,39.80,-1.00,39.80,0.3760,"9,422",43.6403,-36.9231,40.5850,41.8500,43.3610,40.4327,40.4996,40.8649,-0.3653,-0.3902,42.4241,38.7459,29.4200,-7530.6491,40.4756,40.4590,40.4095,0.9820,0.0000,0.0000,0.0000,-,-,-,-,-,-,-,-,-,-,-,-,40.20,-0.40,107,0.3760,61.18%,9.89%,51.29%,38.82%,0.00%,0.00%,-,-,0.00,0.00,28 Apr 2025,29 Jun 2025,-,-,166431660.00,Z-EQ,16643166
PROGRESLIF,Progressive Life Insurance Co. Limited,Insurance,Z,662.40,-,39.80,-1.00,39.80,0.3760,"9,422",43.6403,-36.9231,40.5850,41.8500,43.3610,40.4327,40.4996,40.8649,-0.3653,-0.3902,42.4241,38.7459,29.4200,-7530.6491,40.4756,40.4590,40.4095,0.9820,0.0000,0.0000,0.0000,0.63,-,-,-,-,-,-,-,-,-,-,-,40.20,-0.40,107,0.3760,61.18%,9.89%,51.29%,38.82%,0.00%,0.00%,-,-,0.00,0.00,28 Apr 2025,29 Jun 2025,-,-,166431660.00,Z-EQ,16643166
PROVATIINS,Provati Insurance PLC,Insurance,A,2326.02,34.10,57.70,-2.20,57.70,30.5170,"524,061",46.9146,-66.6667,58.6350,58.0620,38.1060,58.7542,58.8707,58.7134,0.1573,0.4873,62.5790,54.6910,411.3200,-474747.7012,58.7600,58.9410,58.6743,1.2705,0.0000,0.0000,0.0000,2.08,-,-,-,-,-,-,-,-,-,-,-,59.00,-1.30,917,30.5170,71.66%,16.93%,54.73%,28.34%,0.00%,0.00%,-,12.00,1.73,22.45,29 Apr 2026,10 Aug 2026,34.10,26.34,403122370.00,A-EQ,40312237
PTL,Paramount Textile PLC.,Textile,A,11893.36,10.15,66.40,0.91,66.40,44.5960,"673,544",60.9436,-2.5641,64.1700,64.2540,55.8695,64.6321,64.5312,64.3887,0.1425,-0.0122,66.0730,62.2670,64.1800,130917.5880,64.5378,64.4564,64.2624,0.9819,0.0000,0.0000,0.0000,1.81,1.302,-,0.568,-,-,-,-,-,-,-,-,65.80,0.60,"1,047",44.5960,39.05%,14.21%,20.41%,60.95%,0.00%,4.43%,-,12.00,6.48,43.89,29 Oct 2025,20 Dec 2025,10.15,9.60,1791168860.00,A-EQ,179116886
PUBALIBANK,Pubali Bank PLC.,Bank,A,61375.67,4.69,39.30,0.00,39.30,32.2350,"818,974",64.9304,-17.8571,38.2200,37.0160,34.9625,38.7485,38.6131,38.0590,0.5542,0.5177,39.7509,36.6891,11.5100,-220204.7722,38.8089,38.7962,38.5548,0.7964,0.0000,0.0000,0.0000,2.54,-,-,-,-,0.557,0.209,-,0.009,0.154,0.011,-,39.30,0.00,398,32.2350,68.13%,24.64%,43.44%,31.87%,0.00%,0.05%,20.00,10.00,8.38,54.32,30 Apr 2026,16 Jun 2026,4.69,4.48,15617218420.00,A-EQ,1561721842
PURABIGEN,Purabi General Insurance Co. Ltd.,Insurance,A,1931.94,21.10,32.30,-0.62,32.30,12.6230,"390,860",53.0417,-32.3529,31.5900,32.3440,24.4785,32.0238,31.9596,31.8947,0.0649,-0.0457,33.3717,29.8083,315.6900,-215993.8074,32.1111,32.0179,31.7138,1.3707,0.0000,0.0000,0.0000,3.10,-,-,-,-,-,-,-,-,-,-,-,32.50,-0.20,349,12.6230,68.42%,25.19%,43.21%,31.58%,0.00%,0.02%,-,10.00,1.21,14.29,13 May 2026,30 Aug 2026,21.10,19.35,598125060.00,A-EQ,59812506
QUASEMIND,Quasem Industries Ltd.,Engineering,A,3559.96,42.88,44.50,-0.22,44.50,10.9130,"244,687",42.9685,-90.9091,45.5850,45.1960,41.4350,45.0514,45.1864,45.3235,-0.1371,0.0949,46.9403,44.2297,229.8200,-844993.5150,44.9044,45.1051,45.3776,1.5166,0.0000,0.0000,0.0000,-,1.042,0.047,0.384,-,0.122,0.052,0.245,0.019,0.036,-,-,44.60,-0.10,351,10.9130,70.00%,19.87%,50.13%,30.00%,0.00%,0.00%,10.00,-,1.04,29.06,27 Oct 2025,24 Dec 2025,42.88,40.30,799991950.00,A-EQ,79999195
QUEENSOUTH,Queen South Textile Mills Ltd.,Textile,B,2823.13,95.00,18.50,-2.63,18.50,61.2180,"3,262,529",57.0885,-68.4211,17.9350,16.1920,12.7230,18.5143,18.3882,17.6181,0.7701,0.8558,20.2422,15.6278,995.5300,-1948166.0003,18.6556,18.6577,18.4076,1.3953,0.0000,0.0000,0.0000,0.27,1.681,-,0.859,-,-,-,-,-,-,-,-,19.00,-0.50,"1,527",61.2180,48.43%,12.55%,34.82%,51.57%,0.00%,1.06%,-,0.50,0.20,15.82,28 Oct 2025,22 Dec 2025,95.00,59.38,1526014390.00,B-EQ,152601439
RAHIMAFOOD,Rahima Food Corporation Limited,Food & Allied,Z,1662.02,147.86,83.10,0.36,83.10,5.1940,"62,477",,,,,,,,,,,,,,,,,,,,,,0.24,0.862,-,0.786,0.155,0.149,0.120,0.253,0.036,0.059,-,-,82.80,0.30,334,5.1940,64.05%,6.42%,57.63%,35.95%,0.00%,0.00%,-,2.00,0.56,9.43,28 Oct 2025,23 Dec 2025,147.86,-,200002000.00,Z-EQ,20000200
RAHIMTEXT,Rahim Textile Mills PLC.,Textile,A,2063.16,165.43,218.10,2.20,218.10,22.4260,"101,715",56.3471,-34.2342,212.9250,210.5020,201.3805,214.1626,213.8972,213.1503,0.7469,0.5155,220.4897,205.3603,100.2500,-12388.3107,214.4267,213.7436,212.8671,1.0918,0.0000,0.0000,0.0000,0.46,0.883,-,0.493,-,-,-,-,-,-,-,-,213.40,4.70,"1,088",22.4260,29.06%,7.35%,21.71%,70.94%,0.00%,0.00%,-,10.00,1.29,25.83,27 Oct 2025,15 Dec 2025,165.43,77.69,94596830.00,A-EQ,9459683
RAKCERAMIC,RAK Ceramics (Bangladesh) Limited,Ceramics Sector,A,13138.64,-,30.70,-1.60,30.70,8.7260,"281,318",52.0625,-60.8696,31.1200,29.7460,24.7390,30.6970,30.7364,30.5296,0.2068,0.3906,32.4300,29.8100,39.2900,-568322.0815,30.5689,30.6346,30.8524,1.4556,0.0000,0.0000,0.0000,3.26,-,-,-,-,-,-,0.132,-,-,-,-,31.20,-0.50,394,8.7260,27.92%,17.47%,10.41%,72.08%,0.00%,0.04%,-,10.00,-0.93,15.30,05 Feb 2026,31 Mar 2026,-,312.00,4279687010.00,A-EQ,427968701
RANFOUNDRY,Rangpur Foundry Limited,Engineering,A,1703.00,43.08,170.30,2.41,170.30,25.7050,"150,731",66.7953,-30.6122,163.6200,160.8120,154.7010,164.2939,163.9262,162.9605,0.9657,0.6127,169.1567,158.0833,82.0600,-5580.1073,164.1867,163.6795,163.3000,0.9548,0.0000,0.0000,0.0000,1.35,3.600,-,0.899,-,0.063,0.026,0.204,0.083,0.110,-,-,166.30,4.00,"1,041",25.7050,50.11%,30.31%,19.80%,49.89%,0.00%,0.00%,-,23.00,3.86,35.09,27 Oct 2025,24 Dec 2025,43.08,39.72,100000000.00,A-EQ,10000000
RDFOOD,Rangpur Dairy & Food Products Limited,Food & Allied,B,2051.30,44.92,27.00,-1.46,27.00,18.4250,"678,942",41.9796,-90.4762,27.7500,28.2600,22.7415,27.4566,27.5607,27.8299,-0.2692,-0.1675,28.8152,26.6848,361.6900,-974363.6829,27.3689,27.4846,27.6014,1.5329,0.0000,0.0000,0.0000,0.37,1.546,-,1.007,0.047,0.049,0.037,0.194,0.023,0.036,-,-,27.40,-0.40,806,18.4250,66.58%,10.05%,56.53%,33.42%,0.00%,0.00%,-,1.00,0.61,16.92,02 Nov 2025,22 Dec 2025,44.92,39.52,759739560.00,B-EQ,75973956
RECKITTBEN,Reckitt Benckiser (Bangladesh) PLC,Pharmaceuticals & Chemicals,A,15627.47,19.15,3305.00,-0.12,3307.40,2.7270,824,46.4110,-76.9944,3311.1000,3314.3900,3402.6875,3307.7448,3308.4620,3312.9659,-4.5039,-5.0484,3327.6325,3294.5675,5.6400,-1296.8641,3306.5022,3306.8090,3308.2281,0.2331,0.0000,0.0000,0.0000,5.23,1.538,-,1.183,-,0.203,0.138,0.485,0.195,0.454,-,-,3311.30,-3.90,71,2.7270,13.27%,6.84%,6.42%,82.96%,3.77%,0.01%,-,1730.00,172.93,187.58,03 May 2026,29 Jun 2026,19.15,25.73,47250000.00,A-EQ,4725000
REGENTTEX,Regent Textile Mills Limited,Textile,Z,874.56,-,6.80,-2.86,6.80,1.2980,"189,189",52.7527,-60.0000,6.7100,6.6240,4.3530,6.9489,6.9153,6.7025,0.2129,0.2393,7.8541,5.5659,115.1200,-199608.2635,6.9822,7.0436,6.9367,1.4525,0.0000,0.0000,0.0000,-,2.915,-,2.028,-,-,-,-,-,-,-,-,7.00,-0.20,130,1.2980,45.45%,4.61%,40.84%,54.55%,0.00%,0.00%,-,-,-1.62,26.52,22 Nov 2021,30 Dec 2021,-,-,1286121370.00,Z-EQ,128612137
RELIANCE1,Reliance One the 1st scheme of Reliance Insurance Mutual Fund,Mutual Funds,A,707.85,-,11.70,-1.68,11.70,11.3570,"961,528",45.8095,-100.0000,12.0900,11.4440,13.1090,11.9782,12.0002,11.8986,0.1016,0.1976,12.6046,11.5754,494.2200,-1800005.6491,11.9711,12.0167,12.0671,0.6963,0.0000,0.0000,0.0000,-,-,-,-,-,-,-,-,-,-,-,-,11.90,-0.20,334,11.3570,80.00%,26.98%,53.02%,20.00%,0.00%,0.00%,-,-,-0.31,10.47,17 Aug 2025,-,-,22.88,605000000.00,A-MF,60500000
RELIANCINS,Reliance Insurance PLC,Insurance,A,11862.17,13.48,112.80,-0.62,112.80,12.5480,"111,826",49.7038,-56.5517,112.1650,113.7740,81.8175,113.2736,113.3039,113.0342,0.2697,0.4632,118.6507,105.6793,44.3700,-144934.8010,113.2378,113.3949,113.0105,1.1813,0.0000,0.0000,0.0000,2.66,-,-,-,-,-,-,-,-,-,-,-,113.50,-0.70,525,12.5480,32.05%,7.83%,24.22%,67.95%,0.00%,0.00%,-,30.00,8.42,78.95,01 Mar 2026,30 Apr 2026,13.48,8.70,1051610870.00,A-EQ,105161087
RENATA,Renata PLC.,Pharmaceuticals & Chemicals,A,54102.33,24.20,474.00,0.66,471.70,13.6440,"28,836",56.3813,-70.9877,472.6250,456.7060,428.0995,471.2623,471.2130,467.6000,3.6129,5.2048,478.1940,467.0560,11.5100,-19267.2376,470.9800,471.1769,471.9667,0.6984,0.0000,0.0000,0.0000,1.17,1.443,0.189,0.463,-,0.141,0.096,0.442,0.064,0.107,-,-,468.60,3.10,474,13.6440,48.71%,23.12%,8.01%,51.29%,0.00%,17.58%,-,55.00,19.36,305.49,28 Oct 2025,20 Dec 2025,24.20,17.24,1146964900.00,A-EQ,114696490
RENWICKJA,Renwick Jajneswar & Company (Bd),Engineering,Z,1745.80,-,879.40,-0.60,872.90,0.1860,213,55.0041,-41.4198,901.3900,728.9820,562.7295,876.3380,875.5856,840.9147,34.6709,49.3344,1005.4972,797.2828,55.7200,-170.4755,876.2511,873.5821,882.9243,0.5741,0.0000,0.0000,0.0000,-,0.664,-,0.411,-,-,-,0.196,-,0.073,-,-,878.20,-5.30,38,0.1860,49.00%,14.46%,34.54%,0.00%,51.00%,0.00%,-,-,-7.76,-105.59,27 Oct 2025,15 Dec 2025,-,-,20000000.00,Z-EQ,2000000
REPUBLIC,Republic Insurance PLC,Insurance,A,2428.86,22.77,44.40,3.74,44.40,93.4140,"2,120,264",73.0173,-5.9406,37.9950,37.0460,32.3790,40.6208,39.9838,38.5352,1.4486,0.7315,43.3022,32.6878,326.6400,1527084.8501,41.1000,40.3474,38.9905,1.3365,0.0000,0.0000,0.0000,2.31,-,-,-,-,-,-,-,-,-,-,-,42.80,1.60,"1,944",93.4140,58.29%,18.86%,39.43%,41.71%,0.00%,0.00%,-,10.25,1.88,19.70,30 Apr 2026,29 Jun 2026,22.77,19.63,547041560.00,A-EQ,54704156
RINGSHINE,Ring Shine Textiles Ltd.,Textile,Z,2401.50,-,4.80,2.13,4.80,4.1980,"876,332",65.1518,-35.7143,4.4400,3.9760,3.3495,4.7075,4.6525,4.3928,0.2596,0.2609,5.3563,3.5237,148.6100,-336719.4197,4.7533,4.7654,4.6410,1.5424,0.0000,0.0000,0.0000,-,0.576,-,0.300,-,-,-,-,-,-,-,-,4.70,0.10,231,4.1980,63.54%,8.03%,55.51%,36.46%,0.00%,0.00%,-,-,-3.06,-8.03,28 Oct 2024,18 Dec 2024,-,-,5003130430.00,Z-EQ,500313043
ROBI,Robi Axiata PLC.,Telecommunication,A,166566.27,17.88,31.80,-0.62,31.80,32.8370,"1,031,611",45.1891,-80.0000,32.2200,32.0660,30.0410,31.9201,31.9729,32.0656,-0.0927,-0.0203,33.1088,31.3312,12.7300,-1541946.6786,31.8400,31.8564,32.0119,1.1941,0.0000,0.0000,0.0000,5.50,0.247,0.000,0.242,0.113,0.188,0.094,0.387,0.045,0.134,-,-,32.00,-0.20,721,32.8370,10.00%,3.07%,6.93%,90.00%,0.00%,0.00%,-,17.50,1.79,13.34,22 Feb 2026,22 Apr 2026,17.88,16.84,52379328950.00,A-EQ,5237932895
RSRMSTEEL,Ratanpur Steel Re-Rolling Mills Limited,Engineering,Z,799.39,-,7.90,0.00,7.90,0.6860,"87,510",50.1627,-57.1429,7.8350,7.9920,7.3250,7.9190,7.9074,7.8951,0.0123,-0.0073,8.1547,7.5153,37.0000,-39388.0194,7.9556,7.9397,7.8800,1.5723,0.0000,0.0000,0.0000,-,3.334,0.217,2.357,-,-,-,-,-,-,-,-,7.90,0.00,103,0.6860,70.07%,34.04%,36.03%,29.93%,0.00%,0.00%,-,-,-3.75,44.94,21 Nov 2021,30 Dec 2021,-,-,1011890880.00,Z-EQ,101189088
RUNNERAUTO,Runner Automobiles PLC,Engineering,A,5325.02,51.78,46.90,0.64,46.90,48.9130,"1,045,200",62.3908,-30.3797,44.7450,43.3200,38.2415,46.4996,46.1571,44.8719,1.2852,1.1379,49.5342,39.9558,325.8500,-715013.0356,46.8733,46.7897,45.8924,1.3529,0.0000,0.0000,0.0000,2.13,1.498,0.437,1.217,-,0.181,0.012,0.310,0.005,0.014,-,-,46.60,0.30,"1,897",48.9130,65.81%,42.89%,22.92%,34.19%,0.00%,0.00%,-,10.00,0.90,66.70,28 Oct 2025,23 Dec 2025,51.78,69.90,1135399320.00,A-EQ,113539932
RUPALIBANK,Rupali Bank PLC.,Bank,Z,16660.34,127.14,17.70,-0.56,17.70,1.3890,"78,642",55.0596,-30.0000,17.5950,17.1800,17.8650,17.5414,17.5256,17.4394,0.0861,0.0919,18.1949,16.9951,5.8700,-55131.3845,17.5311,17.4987,17.5100,1.3917,0.0000,0.0000,0.0000,-,-,-,-,-,0.094,0.005,-,0.000,0.004,0.000,-,17.80,-0.10,71,1.3890,5.09%,1.66%,3.43%,0.00%,94.91%,0.00%,-,-,0.14,35.02,03 May 2026,19 Jul 2026,127.14,-,9412623180.00,Z-EQ,941262318
RUPALIINS,Rupali Insurance Company Limited,Insurance,A,2559.86,31.27,31.80,-0.31,31.80,39.2400,"1,232,740",64.1374,-35.2941,29.9000,28.9140,24.3995,30.9721,30.7186,29.9473,0.7712,0.5773,32.2965,27.5035,291.4400,-951052.3940,31.1911,30.9385,30.3581,1.4421,0.0000,0.0000,0.0000,1.57,-,-,-,-,-,-,-,-,-,-,-,31.90,-0.10,919,39.2400,53.65%,18.45%,35.20%,46.35%,0.00%,0.00%,5.00,5.00,1.02,20.41,27 Apr 2026,29 Jul 2026,31.27,22.46,804986810.00,A-EQ,80498681
RUPALILIFE,Rupali Life Insurance Company Limited,Insurance,A,2674.27,-,89.10,-1.11,89.10,16.4090,"183,256",44.1850,-72.1519,90.5200,92.6540,86.9160,90.7151,90.8226,91.2847,-0.4621,-0.4435,94.3745,86.6655,255.6500,-307931.3456,90.9311,90.9218,90.5562,1.4305,0.0000,0.0000,0.0000,1.35,-,-,-,-,-,-,-,-,-,-,-,90.10,-1.00,971,16.4090,67.93%,21.74%,46.19%,32.07%,0.00%,0.00%,-,12.00,0.00,0.00,21 Jul 2026,24 Sep 2026,-,-,300142360.00,A-EQ,30014236
SAFKOSPINN,Safko Spinnings Mills Limited,Textile,Z,614.63,-,20.40,1.49,20.50,1.0860,"52,529",47.3903,-72.7273,20.7350,20.8260,16.6200,20.6510,20.6908,20.7699,-0.0791,-0.0290,21.4785,19.9915,118.0600,-124848.6343,20.6289,20.7038,20.7252,1.3042,0.0000,0.0000,0.0000,-,0.114,-,0.021,-,-,-,-,-,-,-,-,20.20,0.30,50,1.0860,70.00%,4.87%,65.13%,30.00%,0.00%,0.00%,-,-,-7.52,-4.50,29 Oct 2025,24 Dec 2025,-,-,299817160.00,Z-EQ,29981716
SAIFPOWER,Saif Powertec Limited,Services & Real Estate,Z,3983.06,14.86,10.50,0.96,10.50,9.8040,"925,591",60.1848,-33.3333,9.8600,9.3780,6.6140,10.1396,10.0732,9.8312,0.2420,0.2099,10.5510,9.1690,46.7500,1097155.2274,10.1689,10.1051,9.9781,1.7375,0.0000,0.0000,0.0000,-,1.467,-,1.122,0.068,0.283,0.053,0.432,0.008,0.036,-,-,10.40,0.10,489,9.8040,59.94%,18.86%,41.08%,40.06%,0.00%,0.00%,-,1.00,0.70,17.01,27 Oct 2024,30 Dec 2024,14.86,14.86,3793386470.00,Z-EQ,379338647
SAIFPOWER,Saif Powertec Limited,Services & Real Estate,Z,3983.06,14.86,10.50,0.96,10.50,9.8040,"925,591",60.1848,-33.3333,9.8600,9.3780,6.6140,10.1396,10.0732,9.8312,0.2420,0.2099,10.5510,9.1690,46.7500,1097155.2274,10.1689,10.1051,9.9781,1.7375,0.0000,0.0000,0.0000,0.95,1.467,-,1.122,0.068,0.283,0.053,0.432,0.008,0.036,-,-,10.40,0.10,489,9.8040,59.94%,18.86%,41.08%,40.06%,0.00%,0.00%,-,1.00,0.70,17.01,27 Oct 2024,30 Dec 2024,14.86,14.86,3793386470.00,Z-EQ,379338647
SAIHAMCOT,Saiham Cotton Mills Limited,Textile,B,3392.07,23.43,22.80,-1.72,22.80,113.8880,"4,952,044",60.2598,-45.0000,21.9450,20.7040,19.4390,22.4723,22.3465,21.7652,0.5813,0.5785,23.8846,20.0054,997.9300,-1697562.1063,22.5044,22.5321,22.3267,1.2553,0.0000,0.0000,0.0000,3.07,1.120,-,0.255,-,-,-,-,-,-,-,-,23.20,-0.40,"2,038",113.8880,57.60%,20.98%,36.62%,42.40%,0.00%,0.00%,-,7.00,0.99,38.26,29 Oct 2025,29 Dec 2025,23.43,22.03,1487750000.00,B-EQ,148775000
SAIHAMTEX,Saiham Textile Mills Limited,Textile,B,2635.37,49.15,29.10,0.34,29.10,260.2030,"8,949,100",86.9886,-5.4545,23.2600,20.4700,18.6005,26.7330,25.9531,23.5139,2.4392,1.8744,30.8287,15.6913,1295.2600,5156855.7287,27.5222,27.0141,25.1829,1.2638,0.0000,0.0000,0.0000,2.06,1.691,-,0.608,-,-,-,-,-,-,-,-,29.00,0.10,"2,898",260.2030,65.80%,35.55%,30.25%,34.20%,0.00%,0.00%,-,6.00,0.59,43.77,29 Oct 2025,29 Dec 2025,49.15,42.65,905625000.00,B-EQ,90562500
SALAMCRST,S. Alam Cold Rolled Steels Limited,Engineering,Z,1229.64,25.51,12.50,0.00,12.50,1.6120,"128,876",34.5919,-90.9091,13.3350,14.2460,14.7870,12.8087,12.9445,13.4546,-0.5101,-0.4518,14.5987,12.0713,80.6500,-340437.4090,12.6378,12.7731,13.0486,1.3083,0.0000,0.0000,0.0000,4.00,0.881,-,0.422,-,0.151,0.007,0.160,0.002,0.022,-,-,12.50,0.00,152,1.6120,51.50%,24.63%,26.87%,48.50%,0.00%,0.00%,-,5.00,0.49,18.55,01 Nov 2023,23 Jan 2024,25.51,33.48,983711000.00,Z-EQ,98371100
SALVO,Salvo Organic Industries PLC.,Pharmaceuticals & Chemicals,B,2399.34,64.14,36.90,-0.81,36.90,18.7810,"506,979",40.5651,-85.7143,37.8850,37.8840,0.0000,37.3510,37.4564,37.6579,-0.2016,-0.0652,39.1945,36.5755,505.6800,-1237163.6271,37.2400,37.3346,37.5886,1.1543,0.0000,0.0000,0.0000,0.68,0.478,0.355,0.300,-,0.077,0.014,0.115,0.013,0.035,-,-,37.20,-0.30,686,18.7810,69.85%,6.36%,63.49%,30.15%,0.00%,0.00%,-,2.50,0.58,16.57,19 Aug 2025,29 Sep 2025,64.14,63.41,650227930.00,B-EQ,65022793
SAMATALETH,Samata Leather Complex Limited,Tannery Industries,B,1110.43,-,107.60,2.48,107.60,13.8760,"128,493",55.2451,-41.0853,104.3400,104.2500,94.2360,105.9449,105.5216,104.4103,1.1113,0.7046,109.5527,99.1273,304.8400,-84175.9312,106.4600,106.0487,105.1671,1.2052,0.0000,0.0000,0.0000,-,3.999,-,2.977,0.007,0.001,-,0.101,-,-,-,-,105.00,2.60,790,13.8760,66.13%,3.97%,62.16%,33.87%,0.00%,0.00%,-,-,-0.02,14.35,27 Nov 2025,31 Dec 2025,-,-,103200000.00,B-EQ,10320000
SAMORITA,Samorita Hospital Limited,Services & Real Estate,B,2334.88,167.58,107.10,3.08,107.10,37.1330,"347,273",77.2138,-10.7784,96.3700,86.8300,74.3825,100.1379,99.0111,94.8725,4.1387,3.6118,104.0414,88.6986,286.4800,4325.5552,100.6511,99.5641,97.8871,1.0766,0.0000,0.0000,0.0000,0.47,1.668,-,1.342,0.045,0.040,0.034,0.580,0.011,0.013,-,-,103.90,3.20,"1,549",37.1330,55.40%,9.13%,46.26%,44.60%,0.00%,0.01%,-,5.00,0.62,48.39,22 Oct 2025,09 Dec 2025,167.58,101.20,218008970.00,B-EQ,21800897
SANDHANINS,Sandhani Life Insurance Company Ltd.,Insurance,A,3104.47,24.70,28.30,-0.35,28.30,18.5190,"652,906",54.4134,-60.6061,28.2250,26.8120,22.1905,28.5427,28.4557,27.8865,0.5692,0.6459,29.4797,26.9703,240.5200,-972800.5840,28.7044,28.6333,28.3919,1.3446,0.0000,0.0000,0.0000,4.24,-,-,-,-,-,-,-,-,-,-,-,28.40,-0.10,626,18.5190,68.33%,16.71%,51.62%,31.67%,0.00%,0.00%,-,12.00,1.20,18.00,20 Jul 2026,29 Sep 2026,24.70,23.67,1096986330.00,A-EQ,109698633
SAPORTL,Summit Alliance Port Limited,Services & Real Estate,A,14543.64,21.26,61.40,1.32,61.40,114.7160,"1,877,551",70.4890,-3.1579,56.0050,53.8880,47.7900,59.0141,58.2830,56.0203,2.2626,1.7217,62.3702,49.6398,358.0400,3265660.4767,59.7711,59.1705,57.6114,1.2132,0.0000,0.0000,0.0000,2.93,0.627,-,0.623,0.153,0.214,0.116,0.264,0.061,0.100,-,-,60.60,0.80,"1,373",114.7160,37.32%,10.23%,27.06%,62.68%,0.00%,0.03%,-,18.00,2.85,35.67,09 Nov 2025,23 Dec 2025,21.26,28.06,2368671230.00,A-EQ,236867123
SAVAREFR,Savar Refractories Limited,Miscellaneous,Z,300.15,-,0.00,0.00,215.50,0.0000,0,8.6600,-52.3810,215.5000,216.5680,245.1760,216.0274,216.9502,223.9176,-6.9674,-8.2196,224.7257,206.2743,0.6400,-0.1356,215.5000,215.5000,215.5000,0.9869,0.0000,0.0000,0.0000,-,0.349,-,0.147,-,-,-,0.181,-,-,-,-,215.50,0.00,0,0.0000,49.32%,7.18%,42.14%,50.68%,0.00%,0.00%,-,-,-4.86,90.66,29 Oct 2023,17 Feb 2024,-,-,13928000.00,Z-EQ,1392800
SBACBANK,SBAC Bank PLC,Bank,Z,6016.60,720.00,7.20,1.39,7.30,0.1300,"18,023",58.2753,-57.1429,7.0800,6.6800,6.4365,7.1826,7.1550,6.9794,0.1756,0.1977,7.8920,6.2680,16.4900,217110.9899,7.1578,7.2038,7.1852,1.5902,0.0000,0.0000,0.0000,-,-,-,-,-,0.274,0.002,-,0.000,0.001,0.000,-,7.20,0.10,58,0.1300,27.58%,13.15%,14.43%,72.42%,0.00%,0.00%,-,-,0.01,13.61,30 Apr 2026,15 Jun 2026,720.00,21.18,8241916500.00,Z-EQ,824191650
SEAPEARL,Sea Pearl Beach Resort & Spa Limited,Travel & Leisure,B,4769.63,17.24,39.50,-1.25,39.50,26.5400,"664,189",49.5962,-57.1429,40.0300,38.9020,35.7710,39.4522,39.5401,39.5900,-0.0499,0.1198,42.4222,37.6378,246.9300,-774172.2735,39.2933,39.3282,39.5514,1.2848,0.0000,0.0000,0.0000,0.25,0.303,0.070,0.303,-,0.212,-,0.706,-,-,-,-,40.00,-0.50,"1,109",26.5400,53.17%,10.95%,42.22%,46.83%,0.00%,0.00%,-,1.00,-2.46,15.28,28 Oct 2025,-,17.24,-,1207500000.00,B-EQ,120750000
SEB1PBOND,Southeast Bank 1st Perpetual Bond,Corporate Bond,A,460.00,-,0.00,0.00,4600.00,0.0000,0,,,,,,,,,,,,,,,,,,,,,,0.02,-,-,-,-,-,-,-,-,-,-,-,4600.00,0.00,0,0.0000,0.00%,0.00%,0.00%,0.00%,0.00%,0.00%,-,10.00,0.00,0.00,04 Sep 2025,-,-,-,1000000.00,A-CB,100000
SEMLFBSLGF,SEML FBLSL Growth Fund,Mutual Funds,A,539.79,-,7.40,0.00,7.40,4.4280,"604,644",54.1622,-71.4286,7.4700,6.5080,5.4305,7.5690,7.5443,7.2398,0.3044,0.3933,8.2298,6.7102,389.9900,-557858.9091,7.6133,7.6513,7.5957,1.2192,0.0000,0.0000,0.0000,-,-,-,-,-,-,-,-,-,-,-,-,7.40,0.00,133,4.4280,85.61%,20.80%,64.81%,14.39%,0.00%,0.00%,-,-,-0.01,9.10,17 Aug 2025,-,-,11.33,729445000.00,A-MF,72944500
SEMLIBBLSF,SEML IBBL Shariah Fund,Mutual Funds,A,780.00,56.43,7.80,-1.27,7.80,0.4750,"60,911",49.0790,-88.8889,8.0600,7.2960,6.3545,8.0080,8.0144,7.8465,0.1679,0.2609,8.4515,7.6685,71.7700,-62063.5323,8.0156,8.0551,8.0700,0.9248,0.0000,0.0000,0.0000,-,-,-,-,-,-,-,-,-,-,-,-,7.90,-0.10,53,0.4750,50.00%,27.17%,22.83%,50.00%,0.00%,0.00%,-,-,0.14,9.51,14 Aug 2025,-,56.43,37.03,1000000000.00,A-MF,100000000
SHAHJABANK,Shahjalal Islami Bank PLC.,Bank,A,19588.24,5.32,17.60,0.00,17.60,2.8380,"161,797",55.2344,-28.5714,17.5300,17.3620,17.1090,17.5326,17.5257,17.4819,0.0438,0.0493,17.7983,17.2617,6.1400,-5884.1903,17.5267,17.5192,17.5119,0.5317,0.0000,0.0000,0.0000,7.39,-,-,-,-,0.674,0.172,-,0.009,0.142,0.010,-,17.60,0.00,85,2.8380,56.99%,24.42%,32.57%,43.01%,0.00%,0.00%,-,13.00,3.31,23.07,09 Apr 2026,24 May 2026,5.32,3.18,11129683510.00,A-EQ,1112968351
SHARPIND,Sharp Industries PLC,Textile,B,13291.20,400.91,43.80,-0.68,43.80,356.6240,"8,051,187",77.9061,-14.7826,37.6350,27.8680,17.8060,41.4064,40.3360,35.8299,4.5060,4.2757,45.6430,29.6270,475.3600,5343127.6160,42.4800,41.5795,39.6833,1.3531,0.0000,0.0000,0.0000,-,1.048,-,0.594,-,-,-,-,-,-,-,-,44.10,-0.30,"3,806",356.6240,63.37%,25.18%,38.17%,36.63%,0.00%,0.02%,-,-,0.11,10.08,27 Oct 2025,21 Dec 2025,400.91,-,3034521090.00,B-EQ,303452109
SHASHADNIM,Shasha Denims PLC,Textile,B,4202.87,18.47,29.80,2.76,29.80,38.0560,"1,284,296",70.5529,-33.3333,28.6700,26.1700,19.8950,29.0465,28.9161,28.0246,0.8914,1.0246,30.2220,27.1180,277.9200,-594879.0137,29.0778,29.0923,28.9605,1.1798,0.0000,0.0000,0.0000,1.68,1.131,-,0.699,-,-,-,-,0.001,0.001,-,-,29.00,0.80,978,38.0560,55.60%,25.00%,30.25%,44.40%,0.00%,0.35%,-,5.00,1.57,41.84,29 Oct 2025,23 Dec 2025,18.47,55.77,1410359100.00,B-EQ,141035910
SHEPHERD,Shepherd Industries PLC,Textile,B,2665.00,440.00,17.30,-1.70,17.30,29.7160,"1,700,693",51.5282,-65.2174,17.2600,16.8840,14.3995,17.4215,17.4003,17.2176,0.1827,0.2223,18.2598,16.2602,447.6600,-3127289.1619,17.4222,17.4936,17.4162,1.0827,0.0000,0.0000,0.0000,0.58,1.287,-,0.510,-,-,-,-,-,-,-,-,17.60,-0.30,736,29.7160,55.01%,30.10%,22.44%,44.99%,0.00%,2.47%,-,1.00,0.04,13.41,29 Oct 2025,30 Dec 2025,440.00,-,1540464730.00,B-EQ,154046473
SHURWID,Shurwid Industries Limited,Engineering,Z,361.42,4.64,6.30,-1.56,6.30,0.4520,"72,131",49.9438,-58.3333,6.1950,6.4620,5.6110,6.3247,6.3107,6.3004,0.0103,-0.0156,6.6869,5.7031,77.0200,-98687.4513,6.3600,6.3628,6.2848,1.4701,0.0000,0.0000,0.0000,15.87,5.671,0.087,5.525,-,0.407,0.369,0.483,0.088,0.113,-,-,6.40,-0.10,56,0.4520,87.99%,9.75%,78.24%,12.01%,0.00%,0.00%,-,10.00,1.38,12.21,03 Nov 2019,30 Dec 2019,4.64,2.54,573677500.00,Z-EQ,57367750
SHYAMPSUG,Shyampur Sugar Mills Limited,Food & Allied,Z,1494.50,-,298.90,0.74,298.90,2.1150,"7,038",51.7989,-67.7560,310.6050,264.1800,187.8535,301.5880,302.6303,295.1442,7.4862,13.2982,346.2923,274.9177,152.1100,-14705.8577,301.4267,301.8679,304.8976,0.8895,0.0000,0.0000,0.0000,-,0.037,-,0.028,-,-,-,-,-,0.039,-,-,296.70,2.20,142,2.1150,49.00%,6.33%,42.67%,0.00%,51.00%,0.00%,-,-,-50.77,-1310.44,27 Oct 2025,15 Dec 2025,-,-,50000000.00,Z-EQ,5000000
SIBL,Social Islami Bank PLC,Bank,A,3420.47,-,0.00,0.00,3.00,0.0000,0,31.3124,-100.0000,3.7100,4.3600,7.5535,3.3115,3.4113,3.8136,-0.4023,-0.3725,4.6456,2.7744,59.6900,-962520.2054,3.2244,3.2923,3.4724,1.2897,0.0000,0.0000,0.0000,-,-,-,-,-,-,-,-,-,-,-,-,3.00,0.00,0,0.0000,88.38%,68.54%,18.97%,11.62%,0.00%,0.87%,-,-,-0.89,18.15,01 Jun 2025,18 Aug 2025,-,-,11401551000.00,A-EQ,1140155100
SICL,Sikder Insurance Company Limited,Insurance,B,1504.00,29.53,37.60,-0.53,37.60,6.0440,"160,436",47.9192,-46.1538,37.7900,38.9420,26.3995,37.4383,37.5479,37.9993,-0.4514,-0.4232,40.6995,34.8805,432.7300,-517582.0647,37.2422,37.2436,37.4181,1.4647,0.0000,0.0000,0.0000,2.66,-,-,-,-,-,-,-,-,-,-,-,37.80,-0.20,336,6.0440,49.60%,4.25%,45.35%,50.40%,0.00%,0.00%,-,10.00,1.36,13.94,15 Jun 2026,27 Sep 2026,29.53,18.00,400000000.00,B-EQ,40000000
SILCOPHL,Silco Pharmaceuticals Limited,Pharmaceuticals & Chemicals,B,2096.90,50.00,20.20,-1.46,20.20,13.4980,"665,465",41.8388,-94.4444,21.2900,21.0480,15.9025,20.7066,20.8157,20.9235,-0.1078,0.0811,22.6663,19.9137,469.3400,-1170641.2988,20.5911,20.7205,20.9671,1.3540,0.0000,0.0000,0.0000,0.54,4.707,-,2.622,-,0.190,0.099,0.356,0.015,0.018,-,-,20.50,-0.30,542,13.4980,64.73%,17.32%,47.41%,35.27%,0.00%,0.00%,-,1.10,0.41,23.02,18 Nov 2025,15 Dec 2025,50.00,48.05,1038070000.00,B-EQ,103807000
SILVAPHL,Silva Pharmaceuticals Ltd.,Pharmaceuticals & Chemicals,B,2211.30,-,16.20,-1.22,16.20,10.6830,"657,516",48.7220,-94.7368,16.8650,15.3480,11.4080,16.5760,16.6147,16.3335,0.2812,0.4984,17.6813,16.0487,396.2400,-1186757.0862,16.5244,16.6410,16.7543,1.5281,0.0000,0.0000,0.0000,-,14.899,-,6.945,-,-,-,0.267,-,-,-,-,16.40,-0.20,501,10.6830,54.84%,17.86%,36.97%,45.16%,0.00%,0.01%,-,-,-0.97,15.48,29 Oct 2025,30 Dec 2025,-,-,1365000000.00,B-EQ,136500000
SIMTEX,Simtex Industries PLC.,Textile,A,2204.79,27.09,27.70,-0.72,27.70,25.4810,"918,126",51.3692,-54.5455,27.7450,27.1200,25.5265,27.6614,27.6834,27.5902,0.0932,0.1855,28.6522,26.8378,601.4100,-1444961.0985,27.6000,27.6744,27.7043,1.2314,0.0000,0.0000,0.0000,3.61,1.982,-,1.689,-,-,-,-,-,-,-,-,27.90,-0.20,671,25.4810,68.35%,7.36%,60.99%,31.65%,0.00%,0.00%,-,10.00,1.03,22.43,28 Oct 2025,24 Dec 2025,27.09,21.80,795953810.00,A-EQ,79595381
SINGERBD,Singer Bangladesh Limited,Engineering,Z,7697.06,-,77.20,0.00,77.20,1.1370,"14,707",44.3442,-93.6508,77.8800,79.1080,86.1510,77.6936,77.7529,78.0742,-0.3212,-0.3420,79.4755,76.2845,12.2600,-50549.2532,77.6133,77.7462,77.9129,0.6842,0.0000,0.0000,0.0000,-,0.715,36.911,0.326,-,0.026,-,0.242,-,-,-,-,77.20,0.00,152,1.1370,43.00%,29.06%,13.94%,57.00%,0.00%,0.00%,-,-,-22.56,1.69,01 Feb 2026,20 Apr 2026,-,-,997028380.00,Z-EQ,99702838
SINOBANGLA,Sinobangla Industries Limited,Miscellaneous,A,1708.63,44.72,56.40,-0.70,56.40,13.5520,"239,586",42.7884,-83.8710,57.6100,57.4520,49.8550,57.0212,57.1737,57.4233,-0.2496,-0.0319,59.3571,55.8629,503.0600,-591611.5431,56.8533,57.0603,57.2967,1.4952,0.0000,0.0000,0.0000,1.77,1.076,-,0.665,0.022,0.058,0.013,0.110,0.013,0.048,-,-,56.80,-0.40,500,13.5520,69.39%,4.52%,64.79%,30.61%,0.00%,0.08%,-,10.00,1.27,26.39,28 Oct 2025,26 Jan 2026,44.72,39.81,302948490.00,A-EQ,30294849
SIPLC,Sena Insurance PLC,Insurance,A,5852.00,27.56,147.00,2.67,146.30,61.3070,"428,095",73.1730,-6.6667,122.3000,110.9200,72.5945,134.1972,131.3115,122.1487,9.1628,7.1374,147.0819,97.5181,294.1600,559214.9373,136.1400,134.0474,128.4624,1.5215,0.0000,0.0000,0.0000,1.03,-,-,-,-,-,-,-,-,-,-,-,142.50,3.80,866,61.3070,40.00%,14.12%,25.88%,60.00%,0.00%,0.00%,-,15.00,5.17,28.58,17 Feb 2026,31 Mar 2026,27.56,21.02,400000000.00,A-EQ,40000000
SJIBLPBOND,SJIBL Mudaraba Perpetual Bond,Corporate Bond,A,474.35,-,0.00,0.00,4743.50,0.0000,0,48.1106,-17.6923,4732.2250,4850.1200,0.0000,4685.4918,4701.6567,4812.6820,-111.0253,-127.7733,5801.3399,3663.1101,0.0700,-1439.7826,4743.5000,4743.5000,4742.4262,-0.0893,0.0000,0.0000,0.0000,0.02,-,-,-,-,-,-,-,-,-,-,-,4743.50,0.00,0,0.0000,0.00%,0.00%,0.00%,0.00%,0.00%,0.00%,-,-,0.00,0.00,-,-,-,-,1000000.00,A-CB,100000
SKTRIMS,SK Trims & Industries Limited,Miscellaneous,Z,1219.68,27.04,14.40,-1.37,14.40,2.0180,"140,278",49.5183,-80.9524,14.6300,14.2840,9.8660,14.6477,14.6445,14.4460,0.1985,0.2849,15.4089,13.8511,74.9600,-213430.4951,14.6356,14.7103,14.7143,1.2179,0.0000,0.0000,0.0000,-,2.441,-,1.611,0.057,0.065,0.041,0.118,0.027,0.034,-,-,14.60,-0.20,229,2.0180,68.77%,26.66%,42.11%,31.23%,0.00%,0.00%,-,-,-3.33,12.03,01 Jun 2026,-,27.04,-,847000000.00,Z-EQ,84700000
SONALIANSH,Sonali Aansh Industries Limited,Jute,A,2496.12,26.13,230.10,0.17,230.10,52.2980,"226,744",70.1174,-17.3653,216.7300,204.0120,187.5575,222.7001,221.1093,215.1437,5.9655,5.2791,229.7269,203.7331,451.6100,-152974.4279,224.1200,222.4000,219.1195,1.3096,0.0000,0.0000,0.0000,0.65,1.983,-,1.538,0.073,0.069,0.055,0.114,0.070,0.268,-,-,229.70,0.40,"1,855",52.2980,68.98%,8.68%,60.30%,31.02%,0.00%,0.00%,-,15.00,8.79,32.81,19 Nov 2025,31 Dec 2025,26.13,30.65,108480000.00,A-EQ,10848000
SONALILIFE,Sonali Life Insurance PLC,Insurance,A,4104.00,49.88,86.40,0.12,86.40,15.3500,"176,733",51.2722,-61.4035,86.4100,85.5280,71.2110,87.4043,87.2317,86.1001,1.1316,1.2851,91.2602,81.5598,242.0400,-36941.3234,88.0289,87.8282,87.1133,1.3210,0.0000,0.0000,0.0000,1.74,-,-,-,-,-,-,-,-,-,-,-,86.30,0.10,469,15.3500,45.15%,3.98%,41.17%,54.85%,0.00%,0.00%,-,15.00,1.62,32.15,13 Jul 2026,27 Aug 2026,49.88,-,475000000.00,A-EQ,47500000
SONALIPAPR,Sonali Paper & Board Mills Limited,Paper & Printing,A,8186.88,34.70,248.50,-0.12,248.50,42.8420,"171,569",58.4257,-32.0988,243.1650,238.5340,233.0995,245.9482,245.1111,242.5080,2.6031,1.9896,253.4361,232.8939,157.4600,-263157.5720,246.9267,245.4885,243.6971,1.2696,0.0000,0.0000,0.0000,1.61,0.981,-,0.610,0.100,0.137,0.084,0.163,0.033,0.043,-,-,248.80,-0.30,"1,366",42.8420,32.49%,5.87%,26.62%,67.51%,0.00%,0.00%,-,40.00,7.17,167.90,28 Oct 2025,18 Dec 2025,34.70,28.40,329451880.00,A-EQ,32945188
SONARBAINS,Sonar Bangla Insurance Limited,Insurance,A,1796.73,205.50,40.70,-0.97,40.70,13.3350,"326,471",46.8006,-49.2537,40.3950,43.0860,32.5200,41.0813,41.0570,41.4848,-0.4279,-0.6827,43.5503,37.2397,344.4600,-350517.1331,41.3444,41.1128,40.5695,1.4278,0.0000,0.0000,0.0000,1.23,-,-,-,-,-,-,-,-,-,-,-,41.10,-0.40,525,13.3350,63.15%,13.48%,49.67%,36.85%,0.00%,0.00%,5.00,5.00,0.69,20.02,10 May 2026,13 Aug 2026,205.50,39.52,441456920.00,A-EQ,44145692
SONARGAON,Sonargaon Textiles Limited,Textile,B,3181.34,-,120.20,2.91,120.20,57.0620,"477,037",72.0385,-7.1174,102.9650,92.7120,47.8615,112.7379,110.5403,102.5640,7.9763,6.9036,124.4805,81.4495,441.6600,155648.8962,114.6289,113.0679,108.5267,1.4769,0.0000,0.0000,0.0000,-,13.694,-,0.558,-,-,-,-,-,-,-,-,116.80,3.40,"1,573",57.0620,55.55%,28.87%,26.67%,44.45%,0.00%,0.01%,-,-,-0.80,18.35,27 Oct 2025,29 Dec 2025,-,-,264670560.00,B-EQ,26467056
SOUTHEASTB,Southeast Bank PLC.,Bank,A,16456.66,4.58,11.50,0.00,11.50,28.9670,"2,538,859",67.8676,-26.6667,10.7800,10.3800,9.5905,11.1310,11.0353,10.7509,0.2844,0.2082,11.5630,9.9970,45.8600,2783133.4785,11.2000,11.0962,10.9457,0.9307,0.0000,0.0000,0.0000,2.61,-,-,-,-,0.604,0.169,-,0.006,0.097,0.007,-,11.50,0.00,471,28.9670,68.87%,39.14%,28.51%,31.13%,0.00%,1.22%,7.00,3.00,2.51,25.74,30 Apr 2026,23 Jul 2026,4.58,3.51,14310141350.00,A-EQ,1431014135
SPCERAMICS,Shinepukur Ceramics PLC.,Ceramics Sector,B,3365.52,143.13,22.90,0.00,22.90,20.6470,"901,566",46.8440,-45.0000,23.1250,23.5120,18.8840,22.9666,23.0070,23.1926,-0.1857,-0.1844,24.2221,22.0279,216.0500,-1042057.3362,22.9356,22.9397,22.9652,1.5140,0.0000,0.0000,0.0000,0.87,-,-,-,-,-,-,0.136,-,-,-,-,22.90,0.00,494,20.6470,50.00%,5.89%,44.11%,50.00%,0.00%,0.00%,-,2.00,0.16,31.22,29 Oct 2024,30 Dec 2024,143.13,-,1469660550.00,B-EQ,146966055
SPCL,Shahjibazar Power Co. Ltd.,Fuel & Power,A,10619.34,22.49,56.90,0.00,56.90,29.4770,"516,666",49.3790,-55.5556,57.1400,56.2880,50.6590,57.2208,57.2209,57.0073,0.2137,0.3145,58.5667,55.7133,104.0000,-577323.7876,57.3244,57.3077,57.1629,1.0418,0.0000,0.0000,0.0000,3.51,1.341,-,0.949,0.064,0.082,0.038,0.096,0.036,0.062,-,-,56.90,0.00,691,29.4770,46.62%,17.10%,29.52%,53.38%,0.00%,0.00%,-,20.00,2.53,39.25,28 Oct 2025,14 Jan 2026,22.49,9.77,1866316290.00,A-EQ,186631629
SQUARETEXT,Square Textile PLC.,Textile,A,10217.65,7.22,51.80,-0.96,51.80,1.3780,"26,645",58.2806,-29.1667,51.1400,50.1780,49.5310,51.5797,51.4706,51.0406,0.4300,0.3926,52.2814,49.9986,16.8900,188102.2431,51.6511,51.5462,51.3105,0.9754,0.0000,0.0000,0.0000,6.18,1.340,-,0.726,-,-,-,-,-,-,-,-,52.30,-0.50,96,1.3780,38.17%,24.18%,11.24%,61.83%,0.00%,2.75%,-,32.00,7.24,55.86,22 Oct 2025,15 Dec 2025,7.22,25.47,1972520000.00,A-EQ,197252000
SQURPHARMA,Square Pharmaceuticals PLC.,Pharmaceuticals & Chemicals,A,194310.06,8.14,219.20,-0.41,219.20,53.7960,"245,124",45.7704,-57.5000,220.2800,220.1560,213.5540,219.7231,219.8384,220.0940,-0.2555,-0.1225,223.7029,216.8571,10.7700,-362578.7213,219.7111,219.6846,219.7376,0.5272,0.0000,0.0000,0.0000,5.47,12.804,0.001,10.561,-,0.275,0.272,0.479,0.141,0.148,-,-,220.10,-0.90,"1,698",53.7960,55.85%,13.87%,27.61%,44.15%,0.00%,14.37%,-,120.00,27.04,157.88,23 Oct 2025,15 Dec 2025,8.14,7.09,8864510100.00,A-EQ,886451010
SSSTEEL,S.S. Steel Limited,Engineering,Z,2333.30,41.76,7.10,0.00,7.10,2.1020,"293,248",49.6743,-85.7143,7.2650,6.7980,5.0610,7.1938,7.2080,7.1220,0.0860,0.1577,7.4923,7.0377,68.4100,-1121832.8428,7.1800,7.2090,7.2443,1.7207,0.0000,0.0000,0.0000,2.82,2.240,-,1.157,-,0.106,0.002,0.129,0.002,0.007,-,-,7.10,0.00,151,2.1020,69.06%,6.94%,62.12%,30.94%,0.00%,0.00%,-,2.00,0.17,23.87,17 Nov 2024,31 Dec 2024,41.76,-,3286332000.00,Z-EQ,328633200
STANCERAM,Standard Ceramic Industries Ltd.,Ceramics Sector,Z,473.57,-,73.30,0.96,73.30,0.4090,"5,613",52.5113,-33.6364,72.9350,72.2800,69.2940,72.9020,72.8916,72.7109,0.1807,0.2431,74.8970,70.9730,59.4200,-4460.7708,72.9378,72.9654,72.8890,1.0375,0.0000,0.0000,0.0000,-,-,-,-,-,-,-,-,-,-,-,-,72.60,0.70,46,0.4090,71.76%,4.66%,67.10%,28.24%,0.00%,0.00%,-,-,-23.02,-37.84,17 Nov 2024,26 Dec 2024,-,-,64606500.00,Z-EQ,6460650
STANDARINS,Standard Insurance PLC,Insurance,A,2277.40,21.90,52.60,-0.75,52.60,13.1970,"249,572",55.1570,-31.4286,50.6400,51.8520,43.1875,51.9118,51.7049,51.3844,0.3206,0.0172,54.3092,46.9708,167.9800,-274718.5366,52.2156,51.9346,51.1438,1.2213,0.0000,0.0000,0.0000,2.28,-,-,-,-,-,-,-,-,-,-,-,53.00,-0.40,412,13.1970,35.72%,10.80%,24.92%,64.28%,0.00%,0.00%,-,12.00,2.42,22.15,30 Apr 2026,29 Jun 2026,21.90,19.34,432965920.00,A-EQ,43296592
STANDBANKL,Standard Islami Bank PLC.,Bank,Z,5467.63,6.94,5.00,-2.00,4.90,3.0930,"629,241",48.1877,-85.7143,5.0100,4.7980,5.0145,4.9822,4.9831,4.9355,0.0476,0.0719,5.2431,4.7769,19.4500,-587928.0249,4.9711,4.9846,5.0124,0.9925,0.0000,0.0000,0.0000,-,-,-,-,-,0.318,0.128,-,0.003,0.043,0.003,-,5.00,-0.10,86,3.0930,66.47%,30.39%,36.08%,33.53%,0.00%,0.00%,-,-,0.72,16.94,30 Apr 2026,30 Jul 2026,6.94,83.33,11158423080.00,Z-EQ,1115842308
STYLECRAFT,Stylecraft Limited,Textile,Z,827.53,-,59.60,1.02,59.60,0.2180,"3,657",53.5184,-43.6364,59.7550,56.8840,51.5720,59.6667,59.6103,58.8468,0.7636,0.9991,62.3412,57.1688,72.6600,-28376.2817,59.8289,59.7628,59.5967,1.3642,0.0000,0.0000,0.0000,-,1.409,-,0.779,-,-,-,-,-,-,-,-,59.00,0.60,46,0.2180,67.97%,7.21%,60.76%,32.03%,0.00%,0.00%,-,-,-1.08,4.62,29 Oct 2025,11 Dec 2025,-,-,138847500.00,Z-EQ,13884750
SUMITPOWER,Summit Power Limited,Fuel & Power,A,17619.97,43.95,16.50,-1.20,16.50,25.1750,"1,520,377",46.7369,-90.0000,16.9050,16.1300,14.1005,16.8123,16.8322,16.6909,0.1412,0.2515,17.3178,16.4922,32.3200,-669037.8493,16.8044,16.8423,16.8676,0.9188,0.0000,0.0000,0.0000,6.36,1.490,-,1.454,0.087,0.133,0.080,0.145,0.033,0.055,-,-,16.70,-0.20,878,25.1750,36.81%,18.18%,14.98%,63.19%,0.00%,3.65%,-,10.50,0.38,40.57,23 Oct 2025,24 Dec 2025,43.95,8.52,10678772390.00,A-EQ,1067877239
SUNLIFEINS,Sunlife Insurance Company Limited,Insurance,B,2184.98,-,61.10,-3.78,61.10,40.6190,"656,988",32.7651,-97.1963,67.1150,71.2320,60.0860,64.9962,65.7056,67.8099,-2.1043,-1.5368,71.5990,62.6310,472.0300,-1047705.5075,64.4911,65.2064,66.2048,0.9149,0.0000,0.0000,0.0000,-,-,-,-,-,-,-,-,-,-,-,-,63.50,-2.40,"1,156",40.6190,64.34%,11.83%,52.51%,35.66%,0.00%,0.00%,-,-,0.00,0.00,14 Jun 2026,03 Sep 2026,-,-,357606900.00,B-EQ,35760690
TAKAFULINS,Takaful Islami Insurance PLC.,Insurance,A,2350.80,45.70,55.30,-0.18,55.20,15.5000,"283,294",68.7207,-9.4118,52.0600,45.9140,36.4365,54.3573,53.8394,51.1401,2.6993,2.8321,58.5978,45.5222,222.8700,31096.9831,54.8533,54.7769,53.5252,1.0057,0.0000,0.0000,0.0000,1.81,-,-,-,-,-,-,-,-,-,-,-,55.30,-0.10,636,15.5000,50.48%,20.49%,29.94%,49.52%,0.00%,0.05%,-,10.00,1.21,18.44,30 Apr 2026,20 Jun 2026,45.70,20.04,425869770.00,A-EQ,42586977
TALLUSPIN,Tallu Spinning Mills Limited,Textile,Z,723.62,-,8.10,-1.22,8.10,2.1960,"268,767",46.4761,-80.0000,8.1450,8.2620,7.3215,8.1432,8.1469,8.1631,-0.0162,-0.0157,8.3101,7.9799,61.9200,-322919.6945,8.1356,8.1474,8.1562,1.3158,0.0000,0.0000,0.0000,-,1.346,-,0.734,-,-,-,-,-,-,-,-,8.20,-0.10,114,2.1960,70.39%,14.10%,55.94%,29.61%,0.00%,0.35%,-,-,-2.79,13.34,29 Sep 2025,12 Nov 2025,-,-,893353750.00,Z-EQ,89335375
TAMIJTEX,Tamijuddin Textile Mills PLC,Textile,A,4543.99,19.88,137.40,3.00,137.40,34.2690,"250,696",62.6150,-14.7368,132.8200,131.8340,123.8350,133.2633,133.0557,132.5145,0.5411,0.3397,136.9645,128.6755,103.5400,-29002.0489,133.1311,132.8051,132.5833,1.5044,0.0000,0.0000,0.0000,0.87,1.223,-,0.438,-,-,-,-,-,-,-,-,133.40,4.00,"1,498",34.2690,38.77%,1.60%,37.17%,61.23%,0.00%,0.00%,10.00,12.00,6.71,102.79,30 Oct 2025,30 Dec 2025,19.88,24.52,330712430.00,A-EQ,33071243
TB10Y0127,10Y BGTB 18/01/2027,G-SEC (T.Bond),A,0.00,-,0.00,-0.04,98.94,0.0000,0,,,,,,,,,,,,,,,,,,,,,,-,-,-,-,-,-,-,-,-,-,-,-,98.98,-0.04,0,0.0000,0.00%,0.00%,0.00%,0.00%,0.00%,0.00%,-,-,0.00,0.00,-,-,-,-,-,A-GOVDBT,-
TB10Y0130,10Y BGTB 22/01/2030,G-SEC (T.Bond),A,0.00,-,0.00,0.09,99.65,0.0000,0,,,,,,,,,,,,,,,,,,,,,,-,-,-,-,-,-,-,-,-,-,-,-,99.56,0.09,0,0.0000,0.00%,0.00%,0.00%,0.00%,0.00%,0.00%,-,-,0.00,0.00,-,-,-,-,-,A-GOVDBT,-
TB10Y0132,10Y BGTB 19/01/2032,G-SEC (T.Bond),A,0.00,-,0.00,1.50,90.61,0.0000,0,,,,,,,,,,,,,,,,,,,,,,-,-,-,-,-,-,-,-,-,-,-,-,89.27,1.34,0,0.0000,0.00%,0.00%,0.00%,0.00%,0.00%,0.00%,-,-,0.00,0.00,-,-,-,-,-,A-GOVDBT,-
TB10Y0135,10Y BGTB 22/01/2035,G-SEC (T.Bond),A,0.00,-,0.00,-0.01,115.21,0.0000,0,57.0237,-20.8405,113.0955,0.0000,0.0000,112.1907,111.7896,111.1818,0.6079,0.0131,118.9785,107.2125,0.0000,-1010.8159,114.0791,113.9212,113.4472,0.1675,0.0000,0.0000,0.0000,-,-,-,-,-,-,-,-,-,-,-,-,115.22,-0.01,0,0.0000,0.00%,0.00%,0.00%,0.00%,0.00%,0.00%,-,-,0.00,0.00,-,-,-,-,-,A-GOVDBT,-
TB10Y0231,10Y BGTB 17/02/2031,G-SEC (T.Bond),A,0.00,-,0.00,1.53,87.72,0.0000,0,,,,,,,,,,,,,,,,,,,,,,-,-,-,-,-,-,-,-,-,-,-,-,86.40,1.32,0,0.0000,0.00%,0.00%,0.00%,0.00%,0.00%,0.00%,-,-,0.00,0.00,-,-,-,-,-,A-GOVDBT,-
TB10Y0234,10Y BGTB 22/02/2034,G-SEC (T.Bond),A,0.00,-,0.00,-0.04,112.82,0.0000,0,61.5544,-13.1902,110.4590,0.0000,0.0000,107.5430,107.4534,107.2185,0.2349,0.1488,116.8363,104.0817,0.0000,132.1557,110.5358,110.6342,110.5834,0.2741,0.0000,0.0000,0.0000,-,-,-,-,-,-,-,-,-,-,-,-,112.87,-0.05,0,0.0000,0.00%,0.00%,0.00%,0.00%,0.00%,0.00%,-,-,0.00,0.00,-,-,-,-,-,A-GOVDBT,-
TB10Y0333,10Y BGTB 15/03/2033,G-SEC (T.Bond),A,0.00,-,0.00,0.00,95.63,0.0000,0,,,,,,,,,,,,,,,,,,,,,,-,-,-,-,-,-,-,-,-,-,-,-,95.63,0.00,0,0.0000,0.00%,0.00%,0.00%,0.00%,0.00%,0.00%,-,-,0.00,0.00,-,-,-,-,-,A-GOVDBT,-
TB10Y0335,10Y BGTB 19/03/2035,G-SEC (T.Bond),A,0.00,-,0.00,0.38,114.15,0.0000,0,,,,,,,,,,,,,,,,,,,,,,-,-,-,-,-,-,-,-,-,-,-,-,113.72,0.43,0,0.0000,0.00%,0.00%,0.00%,0.00%,0.00%,0.00%,-,-,0.00,0.00,-,-,-,-,-,A-GOVDBT,-
TB10Y0429,10Y BGTB 17/04/2029,G-SEC (T.Bond),A,0.00,-,0.00,0.21,96.14,0.0000,0,,,,,,,,,,,,,,,,,,,,,,-,-,-,-,-,-,-,-,-,-,-,-,95.94,0.20,0,0.0000,0.00%,0.00%,0.00%,0.00%,0.00%,0.00%,-,-,0.00,0.00,-,-,-,-,-,A-GOVDBT,-
TB10Y0434,10Y BGTB 17/04/2034,G-SEC (T.Bond),A,0.00,-,0.00,-0.02,114.35,0.0000,0,59.7282,0.0000,110.5125,0.0000,0.0000,109.4110,109.1525,108.4257,0.7267,0.5011,113.7030,107.3220,0.0000,0.0000,111.3424,111.2103,110.8956,0.2517,0.0000,0.0000,0.0000,-,-,-,-,-,-,-,-,-,-,-,-,114.37,-0.02,0,0.0000,0.00%,0.00%,0.00%,0.00%,0.00%,0.00%,-,-,0.00,0.00,-,-,-,-,-,A-GOVDBT,-
TB10Y0530,10Y BGTB 07/05/2030,G-SEC (T.Bond),A,0.00,-,0.00,0.01,98.10,0.0000,0,,,,,,,,,,,,,,,,,,,,,,-,-,-,-,-,-,-,-,-,-,-,-,98.09,0.01,0,0.0000,0.00%,0.00%,0.00%,0.00%,0.00%,0.00%,-,-,0.00,0.00,-,-,-,-,-,A-GOVDBT,-
TB10Y0531,10Y BGTB 19/05/2031,G-SEC (T.Bond),A,0.00,-,0.00,2.34,86.42,0.0000,0,,,,,,,,,,,,,,,,,,,,,,-,-,-,-,-,-,-,-,-,-,-,-,84.44,1.98,0,0.0000,0.00%,0.00%,0.00%,0.00%,0.00%,0.00%,-,-,0.00,0.00,-,-,-,-,-,A-GOVDBT,-
TB10Y0532,10Y BGTB 25/05/2032,G-SEC (T.Bond),A,0.00,-,0.00,1.00,94.21,0.0000,0,,,,,,,,,,,,,,,,,,,,,,-,-,-,-,-,-,-,-,-,-,-,-,93.28,0.93,0,0.0000,0.00%,0.00%,0.00%,0.00%,0.00%,0.00%,-,-,0.00,0.00,-,-,-,-,-,A-GOVDBT,-
TB10Y0535,10Y BGTB 21/05/2035,G-SEC (T.Bond),A,0.00,-,0.00,-1.01,112.14,0.0000,0,58.1634,-7.2692,108.8000,0.0000,0.0000,109.2733,108.9684,107.8590,1.1094,0.9619,112.7131,104.8869,0.0000,7448.2958,110.2182,109.9073,109.3545,0.0482,0.0000,0.0000,0.0000,-,-,-,-,-,-,-,-,-,-,-,-,113.28,-1.14,0,0.0000,0.00%,0.00%,0.00%,0.00%,0.00%,0.00%,-,-,0.00,0.00,-,-,-,-,-,A-GOVDBT,-
TB10Y0628,10Y BGTB 20/06/2028,G-SEC (T.Bond),A,0.00,-,0.00,0.53,96.81,0.0000,0,,,,,,,,,,,,,,,,,,,,,,-,-,-,-,-,-,-,-,-,-,-,-,96.30,0.51,0,0.0000,0.00%,0.00%,0.00%,0.00%,0.00%,0.00%,-,-,0.00,0.00,-,-,-,-,-,A-GOVDBT,-
TB10Y0629,10Y BGTB 19/06/2029,G-SEC (T.Bond),A,0.00,-,0.00,0.02,97.77,0.0000,0,,,,,,,,,,,,,,,,,,,,,,-,-,-,-,-,-,-,-,-,-,-,-,97.75,0.02,0,0.0000,0.00%,0.00%,0.00%,0.00%,0.00%,0.00%,-,-,0.00,0.00,-,-,-,-,-,A-GOVDBT,-
TB10Y0630,10Y BGTB 17/06/2030,G-SEC (T.Bond),A,0.00,-,0.00,-0.07,97.70,0.0000,0,,,,,,,,,,,,,,,,,,,,,,-,-,-,-,-,-,-,-,-,-,-,-,97.77,-0.07,0,0.0000,0.00%,0.00%,0.00%,0.00%,0.00%,0.00%,-,-,0.00,0.00,-,-,-,-,-,A-GOVDBT,-
TB10Y0632,10Y BGTB 22/06/2032,G-SEC (T.Bond),A,0.00,-,0.00,0.80,94.55,0.0000,0,,,,,,,,,,,,,,,,,,,,,,-,-,-,-,-,-,-,-,-,-,-,-,93.80,0.75,0,0.0000,0.00%,0.00%,0.00%,0.00%,0.00%,0.00%,-,-,0.00,0.00,-,-,-,-,-,A-GOVDBT,-
TB10Y0634,10 Years BGTB 20/06/2034,G-SEC (T.Bond),A,0.00,-,0.00,0.01,118.08,0.0000,0,62.3636,-3.5869,114.7450,0.0000,0.0000,111.4120,110.8697,109.7408,1.1289,0.4692,126.8446,102.6454,0.0000,5100.6246,115.4896,115.2055,114.9002,0.3141,0.0000,0.0000,0.0000,-,-,-,-,-,-,-,-,-,-,-,-,118.07,0.01,0,0.0000,0.00%,0.00%,0.00%,0.00%,0.00%,0.00%,-,-,0.00,0.00,-,-,-,-,-,A-GOVDBT,-
TB10Y0730,10Y BGTB 22/07/2030,G-SEC (T.Bond),A,0.00,-,0.00,-0.14,95.09,0.0000,0,,,,,,,,,,,,,,,,,,,,,,-,-,-,-,-,-,-,-,-,-,-,-,95.22,-0.13,0,0.0000,0.00%,0.00%,0.00%,0.00%,0.00%,0.00%,-,-,0.00,0.00,-,-,-,-,-,A-GOVDBT,-
TB10Y0731,10Y BGTB 25/07/2031,G-SEC (T.Bond),A,0.00,-,0.00,2.16,84.52,0.0000,0,,,,,,,,,,,,,,,,,,,,,,-,-,-,-,-,-,-,-,-,-,-,-,82.73,1.79,0,0.0000,0.00%,0.00%,0.00%,0.00%,0.00%,0.00%,-,-,0.00,0.00,-,-,-,-,-,A-GOVDBT,-
TB10Y0735,10Y BGTB 23/07/2035,G-SEC (T.Bond),A,31557.00,-,0.00,1.63,105.19,0.0000,0,,,,,,,,,,,,,,,,,,,,,,-,-,-,-,-,-,-,-,-,-,-,-,103.50,1.69,0,0.0000,0.00%,0.00%,0.00%,0.00%,0.00%,0.00%,-,-,0.00,0.00,-,-,-,-,3000000000.00,A-GOVDBT,300000000
TB10Y0829,10Y BGTB 21/08/2029,G-SEC (T.Bond),A,0.00,-,0.00,0.08,100.03,0.0000,0,,,,,,,,,,,,,,,,,,,,,,-,-,-,-,-,-,-,-,-,-,-,-,99.95,0.08,0,0.0000,0.00%,0.00%,0.00%,0.00%,0.00%,0.00%,-,-,0.00,0.00,-,-,-,-,-,A-GOVDBT,-
TB10Y0833,10Y BGTB 16/08/2033,G-SEC (T.Bond),A,0.00,-,0.00,0.77,99.40,0.0000,0,,,,,,,,,,,,,,,,,,,,,,-,-,-,-,-,-,-,-,-,-,-,-,98.64,0.76,0,0.0000,0.00%,0.00%,0.00%,0.00%,0.00%,0.00%,-,-,0.00,0.00,-,-,-,-,-,A-GOVDBT,-
TB10Y0932,10Y BGTB 21/09/2032,G-SEC (T.Bond),A,0.00,-,0.00,0.15,94.22,0.0000,0,,,,,,,,,,,,,,,,,,,,,,-,-,-,-,-,-,-,-,-,-,-,-,94.08,0.14,0,0.0000,0.00%,0.00%,0.00%,0.00%,0.00%,0.00%,-,-,0.00,0.00,-,-,-,-,-,A-GOVDBT,-
TB10Y1027,10Y BGTB 18/10/2027,G-SEC (T.Bond),A,0.00,-,0.00,-0.16,97.42,0.0000,0,,,,,,,,,,,,,,,,,,,,,,-,-,-,-,-,-,-,-,-,-,-,-,97.58,-0.16,0,0.0000,0.00%,0.00%,0.00%,0.00%,0.00%,0.00%,-,-,0.00,0.00,-,-,-,-,-,A-GOVDBT,-
TB10Y1030,10Y BGTB 21/10/2030,G-SEC (T.Bond),A,0.00,-,0.00,0.17,87.05,0.0000,0,,,,,,,,,,,,,,,,,,,,,,-,-,-,-,-,-,-,-,-,-,-,-,86.90,0.15,0,0.0000,0.00%,0.00%,0.00%,0.00%,0.00%,0.00%,-,-,0.00,0.00,-,-,-,-,-,A-GOVDBT,-
TB10Y1031,10Y BGTB 19/10/2031,G-SEC (T.Bond),A,0.00,-,0.00,1.83,89.65,0.0000,0,,,,,,,,,,,,,,,,,,,,,,-,-,-,-,-,-,-,-,-,-,-,-,88.04,1.61,0,0.0000,0.00%,0.00%,0.00%,0.00%,0.00%,0.00%,-,-,0.00,0.00,-,-,-,-,-,A-GOVDBT,-
TB10Y1128,10Y BGTB 22/11/2028,G-SEC (T.Bond),A,0.00,-,0.00,1.19,95.40,0.0000,0,,,,,,,,,,,,,,,,,,,,,,-,-,-,-,-,-,-,-,-,-,-,-,94.28,1.12,0,0.0000,0.00%,0.00%,0.00%,0.00%,0.00%,0.00%,-,-,0.00,0.00,-,-,-,-,-,A-GOVDBT,-
TB10Y1135,10Y BGTB 19/11/2035,G-SEC (T.Bond),A,26182.50,-,0.00,1.41,104.73,0.0000,0,,,,,,,,,,,,,,,,,,,,,,-,-,-,-,-,-,-,-,-,-,-,-,103.27,1.46,0,0.0000,0.00%,0.00%,0.00%,0.00%,0.00%,0.00%,-,-,0.00,0.00,-,-,-,-,2500000000.00,A-GOVDBT,250000000
TB10Y1229,10Y BGTB 18/12/2029,G-SEC (T.Bond),A,0.00,-,0.00,0.12,99.95,0.0000,0,,,,,,,,,,,,,,,,,,,,,,-,-,-,-,-,-,-,-,-,-,-,-,99.83,0.12,0,0.0000,0.00%,0.00%,0.00%,0.00%,0.00%,0.00%,-,-,0.00,0.00,-,-,-,-,-,A-GOVDBT,-
TB10Y1232,10Y BGTB 21/12/2032,G-SEC (T.Bond),A,0.00,-,0.00,0.68,95.15,0.0000,0,,,,,,,,,,,,,,,,,,,,,,-,-,-,-,-,-,-,-,-,-,-,-,94.51,0.64,0,0.0000,0.00%,0.00%,0.00%,0.00%,0.00%,0.00%,-,-,0.00,0.00,-,-,-,-,-,A-GOVDBT,-
TB15Y0127,15Y BGTB 18/01/2027,G-SEC (T.Bond),A,0.00,-,0.00,-0.05,100.88,0.0000,0,,,,,,,,,,,,,,,,,,,,,,-,-,-,-,-,-,-,-,-,-,-,-,100.93,-0.05,0,0.0000,0.00%,0.00%,0.00%,0.00%,0.00%,0.00%,-,-,0.00,0.00,-,-,-,-,-,A-GOVDBT,-
TB15Y0128,15Y BGTB 16/01/2028,G-SEC (T.Bond),A,0.00,-,0.00,-0.15,103.73,0.0000,0,,,,,,,,,,,,,,,,,,,,,,-,-,-,-,-,-,-,-,-,-,-,-,103.89,-0.16,0,0.0000,0.00%,0.00%,0.00%,0.00%,0.00%,0.00%,-,-,0.00,0.00,-,-,-,-,-,A-GOVDBT,-
TB15Y0129,15Y BGTB 29/01/2029,G-SEC (T.Bond),A,0.00,-,0.00,0.73,105.98,0.0000,0,,,,,,,,,,,,,,,,,,,,,,-,-,-,-,-,-,-,-,-,-,-,-,105.21,0.77,0,0.0000,0.00%,0.00%,0.00%,0.00%,0.00%,0.00%,-,-,0.00,0.00,-,-,-,-,-,A-GOVDBT,-
TB15Y0227,15Y BGTB 22/02/2027,G-SEC (T.Bond),A,0.00,-,0.00,-0.06,101.16,0.0000,0,,,,,,,,,,,,,,,,,,,,,,-,-,-,-,-,-,-,-,-,-,-,-,101.22,-0.06,0,0.0000,0.00%,0.00%,0.00%,0.00%,0.00%,0.00%,-,-,0.00,0.00,-,-,-,-,-,A-GOVDBT,-
TB15Y0228,15Y BGTB 20/02/2028,G-SEC (T.Bond),A,0.00,-,0.00,-0.03,104.09,0.0000,0,,,,,,,,,,,,,,,,,,,,,,-,-,-,-,-,-,-,-,-,-,-,-,104.12,-0.03,0,0.0000,0.00%,0.00%,0.00%,0.00%,0.00%,0.00%,-,-,0.00,0.00,-,-,-,-,-,A-GOVDBT,-
TB15Y0229,15Y BGTB 26/02/2029,G-SEC (T.Bond),A,0.00,-,0.00,0.55,105.94,0.0000,0,,,,,,,,,,,,,,,,,,,,,,-,-,-,-,-,-,-,-,-,-,-,-,105.36,0.58,0,0.0000,0.00%,0.00%,0.00%,0.00%,0.00%,0.00%,-,-,0.00,0.00,-,-,-,-,-,A-GOVDBT,-
TB15Y0327,15Y BGTB 21/03/2027,G-SEC (T.Bond),A,0.00,-,0.00,-0.03,101.38,0.0000,0,,,,,,,,,,,,,,,,,,,,,,-,-,-,-,-,-,-,-,-,-,-,-,101.41,-0.03,0,0.0000,0.00%,0.00%,0.00%,0.00%,0.00%,0.00%,-,-,0.00,0.00,-,-,-,-,-,A-GOVDBT,-
TB15Y0328,15Y BGTB 20/03/2028,G-SEC (T.Bond),A,0.00,-,0.00,0.09,104.38,0.0000,0,,,,,,,,,,,,,,,,,,,,,,-,-,-,-,-,-,-,-,-,-,-,-,104.29,0.09,0,0.0000,0.00%,0.00%,0.00%,0.00%,0.00%,0.00%,-,-,0.00,0.00,-,-,-,-,-,A-GOVDBT,-
TB15Y0329,15Y BGTB 27/03/2029,G-SEC (T.Bond),A,0.00,-,0.00,0.34,105.89,0.0000,0,,,,,,,,,,,,,,,,,,,,,,-,-,-,-,-,-,-,-,-,-,-,-,105.53,0.36,0,0.0000,0.00%,0.00%,0.00%,0.00%,0.00%,0.00%,-,-,0.00,0.00,-,-,-,-,-,A-GOVDBT,-
TB15Y0339,15Y BGTB 27/03/2039,G-SEC (T.Bond),A,0.00,-,0.00,1.24,120.48,0.0000,0,69.2114,-33.2500,111.3260,0.0000,0.0000,111.0014,111.1809,111.7062,-0.5253,-0.3784,122.5487,100.1033,0.0000,0.0000,112.0560,111.9509,111.8007,-0.1022,0.0000,0.0000,0.0000,-,-,-,-,-,-,-,-,-,-,-,-,119.01,1.47,0,0.0000,0.00%,0.00%,0.00%,0.00%,0.00%,0.00%,-,-,0.00,0.00,-,-,-,-,-,A-GOVDBT,-
TB15Y0340,15Y BGTB 27/03/2040,G-SEC (T.Bond),A,0.00,-,0.00,0.15,120.37,0.0000,0,56.7153,-39.3617,116.5305,0.0000,0.0000,113.4872,113.3926,113.5840,-0.1914,-0.4891,124.7436,108.3174,0.0000,0.0000,115.8407,116.2441,116.4484,0.3673,0.0000,0.0000,0.0000,-,-,-,-,-,-,-,-,-,-,-,-,120.19,0.18,0,0.0000,0.00%,0.00%,0.00%,0.00%,0.00%,0.00%,-,-,0.00,0.00,-,-,-,-,-,A-GOVDBT,-
TB15Y0427,15Y BGTB 18/04/2027,G-SEC (T.Bond),A,0.00,-,0.00,-0.02,101.59,0.0000,0,,,,,,,,,,,,,,,,,,,,,,-,-,-,-,-,-,-,-,-,-,-,-,101.61,-0.02,0,0.0000,0.00%,0.00%,0.00%,0.00%,0.00%,0.00%,-,-,0.00,0.00,-,-,-,-,-,A-GOVDBT,-
TB15Y0428,15Y BGTB 17/04/2028,G-SEC (T.Bond),A,0.00,-,0.00,0.20,104.54,0.0000,0,,,,,,,,,,,,,,,,,,,,,,-,-,-,-,-,-,-,-,-,-,-,-,104.33,0.21,0,0.0000,0.00%,0.00%,0.00%,0.00%,0.00%,0.00%,-,-,0.00,0.00,-,-,-,-,-,A-GOVDBT,-
TB15Y0429,15Y BGTB 23/04/2029,G-SEC (T.Bond),A,0.00,-,0.00,0.14,105.97,0.0000,0,,,,,,,,,,,,,,,,,,,,,,-,-,-,-,-,-,-,-,-,-,-,-,105.82,0.15,0,0.0000,0.00%,0.00%,0.00%,0.00%,0.00%,0.00%,-,-,0.00,0.00,-,-,-,-,-,A-GOVDBT,-
TB15Y0431,15Y BGTB 27/04/2031,G-SEC (T.Bond),A,0.00,-,0.00,2.32,93.97,0.0000,0,,,,,,,,,,,,,,,,,,,,,,-,-,-,-,-,-,-,-,-,-,-,-,91.84,2.13,0,0.0000,0.00%,0.00%,0.00%,0.00%,0.00%,0.00%,-,-,0.00,0.00,-,-,-,-,-,A-GOVDBT,-
TB15Y0437,15Y BGTB 27/04/2037,G-SEC (T.Bond),A,0.00,-,0.00,0.28,89.18,0.0000,0,,,,,,,,,,,,,,,,,,,,,,-,-,-,-,-,-,-,-,-,-,-,-,88.93,0.25,0,0.0000,0.00%,0.00%,0.00%,0.00%,0.00%,0.00%,-,-,0.00,0.00,-,-,-,-,-,A-GOVDBT,-
TB15Y0527,15Y BGTB 23/05/2027,G-SEC (T.Bond),A,0.00,-,0.00,0.02,101.89,0.0000,0,,,,,,,,,,,,,,,,,,,,,,-,-,-,-,-,-,-,-,-,-,-,-,101.87,0.02,0,0.0000,0.00%,0.00%,0.00%,0.00%,0.00%,0.00%,-,-,0.00,0.00,-,-,-,-,-,A-GOVDBT,-
TB15Y0528,15Y BGTB 22/05/2028,G-SEC (T.Bond),A,0.00,-,0.00,0.36,104.75,0.0000,0,,,,,,,,,,,,,,,,,,,,,,-,-,-,-,-,-,-,-,-,-,-,-,104.37,0.38,0,0.0000,0.00%,0.00%,0.00%,0.00%,0.00%,0.00%,-,-,0.00,0.00,-,-,-,-,-,A-GOVDBT,-
TB15Y0529,15Y BGTB 28/05/2029,G-SEC (T.Bond),A,0.00,-,0.00,-0.02,106.22,0.0000,0,,,,,,,,,,,,,,,,,,,,,,-,-,-,-,-,-,-,-,-,-,-,-,106.24,-0.02,0,0.0000,0.00%,0.00%,0.00%,0.00%,0.00%,0.00%,-,-,0.00,0.00,-,-,-,-,-,A-GOVDBT,-
TB15Y0535,15Y BGTB 13/05/2035,G-SEC (T.Bond),A,0.00,-,0.00,-0.88,95.01,0.0000,0,,,,,,,,,,,,,,,,,,,,,,-,-,-,-,-,-,-,-,-,-,-,-,95.85,-0.84,0,0.0000,0.00%,0.00%,0.00%,0.00%,0.00%,0.00%,-,-,0.00,0.00,-,-,-,-,-,A-GOVDBT,-
TB15Y0627,15Y BGTB 20/06/2027,G-SEC (T.Bond),A,0.00,-,0.00,0.04,102.14,0.0000,0,,,,,,,,,,,,,,,,,,,,,,-,-,-,-,-,-,-,-,-,-,-,-,102.10,0.04,0,0.0000,0.00%,0.00%,0.00%,0.00%,0.00%,0.00%,-,-,0.00,0.00,-,-,-,-,-,A-GOVDBT,-
TB15Y0628,15Y BGTB 19/06/2028,G-SEC (T.Bond),A,0.00,-,0.00,0.51,104.95,0.0000,0,,,,,,,,,,,,,,,,,,,,,,-,-,-,-,-,-,-,-,-,-,-,-,104.42,0.53,0,0.0000,0.00%,0.00%,0.00%,0.00%,0.00%,0.00%,-,-,0.00,0.00,-,-,-,-,-,A-GOVDBT,-
TB15Y0629,15Y BGTB 25/06/2029,G-SEC (T.Bond),A,0.00,-,0.00,0.01,106.47,0.0000,0,,,,,,,,,,,,,,,,,,,,,,-,-,-,-,-,-,-,-,-,-,-,-,106.46,0.01,0,0.0000,0.00%,0.00%,0.00%,0.00%,0.00%,0.00%,-,-,0.00,0.00,-,-,-,-,-,A-GOVDBT,-
TB15Y0635,15Y BGTB 24/06/2035,G-SEC (T.Bond),A,0.00,-,0.00,0.40,94.22,0.0000,0,,,,,,,,,,,,,,,,,,,,,,-,-,-,-,-,-,-,-,-,-,-,-,93.84,0.38,0,0.0000,0.00%,0.00%,0.00%,0.00%,0.00%,0.00%,-,-,0.00,0.00,-,-,-,-,-,A-GOVDBT,-
TB15Y0637,15Y BGTB 29/06/2037,G-SEC (T.Bond),A,0.00,-,0.00,0.12,92.87,0.0000,0,,,,,,,,,,,,,,,,,,,,,,-,-,-,-,-,-,-,-,-,-,-,-,92.76,0.11,0,0.0000,0.00%,0.00%,0.00%,0.00%,0.00%,0.00%,-,-,0.00,0.00,-,-,-,-,-,A-GOVDBT,-
TB15Y0727,15Y BGTB 18/07/2027,G-SEC (T.Bond),A,0.00,-,0.00,0.02,102.35,0.0000,0,,,,,,,,,,,,,,,,,,,,,,-,-,-,-,-,-,-,-,-,-,-,-,102.33,0.02,0,0.0000,0.00%,0.00%,0.00%,0.00%,0.00%,0.00%,-,-,0.00,0.00,-,-,-,-,-,A-GOVDBT,-
TB15Y0728,15Y BGTB 24/07/2028,G-SEC (T.Bond),A,0.00,-,0.00,0.69,105.17,0.0000,0,,,,,,,,,,,,,,,,,,,,,,-,-,-,-,-,-,-,-,-,-,-,-,104.45,0.72,0,0.0000,0.00%,0.00%,0.00%,0.00%,0.00%,0.00%,-,-,0.00,0.00,-,-,-,-,-,A-GOVDBT,-
TB15Y0729,15Y BGTB 23/07/2029,G-SEC (T.Bond),A,0.00,-,0.00,0.04,106.48,0.0000,0,,,,,,,,,,,,,,,,,,,,,,-,-,-,-,-,-,-,-,-,-,-,-,106.44,0.04,0,0.0000,0.00%,0.00%,0.00%,0.00%,0.00%,0.00%,-,-,0.00,0.00,-,-,-,-,-,A-GOVDBT,-
TB15Y0730,15Y BGTB 29/07/2030,G-SEC (T.Bond),A,0.00,-,0.00,-0.17,102.08,0.0000,0,,,,,,,,,,,,,,,,,,,,,,-,-,-,-,-,-,-,-,-,-,-,-,102.25,-0.17,0,0.0000,0.00%,0.00%,0.00%,0.00%,0.00%,0.00%,-,-,0.00,0.00,-,-,-,-,-,A-GOVDBT,-
TB15Y0736,15Y BGTB 28/07/2036,G-SEC (T.Bond),A,0.00,-,0.00,1.00,74.97,0.0000,0,,,,,,,,,,,,,,,,,,,,,,-,-,-,-,-,-,-,-,-,-,-,-,74.23,0.74,0,0.0000,0.00%,0.00%,0.00%,0.00%,0.00%,0.00%,-,-,0.00,0.00,-,-,-,-,-,A-GOVDBT,-
TB15Y0826,15Y BGTB 17/08/2026,G-SEC (T.Bond),A,0.00,-,0.00,-0.01,100.00,0.0000,0,,,,,,,,,,,,,,,,,,,,,,-,-,-,-,-,-,-,-,-,-,-,-,100.01,-0.01,0,0.0000,0.00%,0.00%,0.00%,0.00%,0.00%,0.00%,-,-,0.00,0.00,-,-,-,-,-,A-GOVDBT,-
TB15Y0828,15Y BGTB 29/08/2028,G-SEC (T.Bond),A,0.00,-,0.00,0.89,105.37,0.0000,0,,,,,,,,,,,,,,,,,,,,,,-,-,-,-,-,-,-,-,-,-,-,-,104.44,0.93,0,0.0000,0.00%,0.00%,0.00%,0.00%,0.00%,0.00%,-,-,0.00,0.00,-,-,-,-,-,A-GOVDBT,-
TB15Y0829,15Y BGTB 27/08/2029,G-SEC (T.Bond),A,0.00,-,0.00,0.08,106.07,0.0000,0,,,,,,,,,,,,,,,,,,,,,,-,-,-,-,-,-,-,-,-,-,-,-,105.98,0.09,0,0.0000,0.00%,0.00%,0.00%,0.00%,0.00%,0.00%,-,-,0.00,0.00,-,-,-,-,-,A-GOVDBT,-
TB15Y0840,15Y BGTB 27/08/2040,G-SEC (T.Bond),A,0.00,-,0.00,0.25,104.65,0.0000,0,,,,,,,,,,,,,,,,,,,,,,-,-,-,-,-,-,-,-,-,-,-,-,104.39,0.26,0,0.0000,0.00%,0.00%,0.00%,0.00%,0.00%,0.00%,-,-,0.00,0.00,-,-,-,-,-,A-GOVDBT,-
TB15Y0926,15Y BGTB 21/09/2026,G-SEC (T.Bond),A,0.00,-,0.00,-0.03,100.07,0.0000,0,,,,,,,,,,,,,,,,,,,,,,-,-,-,-,-,-,-,-,-,-,-,-,100.10,-0.03,0,0.0000,0.00%,0.00%,0.00%,0.00%,0.00%,0.00%,-,-,0.00,0.00,-,-,-,-,-,A-GOVDBT,-
TB15Y0927,15Y BGTB 19/09/2027,G-SEC (T.Bond),A,0.00,-,0.00,-0.24,102.50,0.0000,0,,,,,,,,,,,,,,,,,,,,,,-,-,-,-,-,-,-,-,-,-,-,-,102.75,-0.25,0,0.0000,0.00%,0.00%,0.00%,0.00%,0.00%,0.00%,-,-,0.00,0.00,-,-,-,-,-,A-GOVDBT,-
TB15Y0928,15Y BGTB 25/09/2028,G-SEC (T.Bond),A,0.00,-,0.00,1.07,105.56,0.0000,0,,,,,,,,,,,,,,,,,,,,,,-,-,-,-,-,-,-,-,-,-,-,-,104.44,1.12,0,0.0000,0.00%,0.00%,0.00%,0.00%,0.00%,0.00%,-,-,0.00,0.00,-,-,-,-,-,A-GOVDBT,-
TB15Y0929,15Y BGTB 24/09/2029,G-SEC (T.Bond),A,0.00,-,0.00,0.12,106.06,0.0000,0,,,,,,,,,,,,,,,,,,,,,,-,-,-,-,-,-,-,-,-,-,-,-,105.93,0.13,0,0.0000,0.00%,0.00%,0.00%,0.00%,0.00%,0.00%,-,-,0.00,0.00,-,-,-,-,-,A-GOVDBT,-
TB15Y0930,15Y BGTB 23/09/2030,G-SEC (T.Bond),A,0.00,-,0.00,-0.11,96.62,0.0000,0,,,,,,,,,,,,,,,,,,,,,,-,-,-,-,-,-,-,-,-,-,-,-,96.73,-0.11,0,0.0000,0.00%,0.00%,0.00%,0.00%,0.00%,0.00%,-,-,0.00,0.00,-,-,-,-,-,A-GOVDBT,-
TB15Y0933,15Y BGTB 26/09/2033,G-SEC (T.Bond),A,0.00,-,0.00,0.62,88.83,0.0000,0,,,,,,,,,,,,,,,,,,,,,,-,-,-,-,-,-,-,-,-,-,-,-,88.28,0.55,0,0.0000,0.00%,0.00%,0.00%,0.00%,0.00%,0.00%,-,-,0.00,0.00,-,-,-,-,-,A-GOVDBT,-
TB15Y1026,15Y BGTB 19/10/2026,G-SEC (T.Bond),A,0.00,-,0.00,-0.02,100.25,0.0000,0,,,,,,,,,,,,,,,,,,,,,,-,-,-,-,-,-,-,-,-,-,-,-,100.27,-0.02,0,0.0000,0.00%,0.00%,0.00%,0.00%,0.00%,0.00%,-,-,0.00,0.00,-,-,-,-,-,A-GOVDBT,-
TB15Y1027,15Y BGTB 17/10/2027,G-SEC (T.Bond),A,0.00,-,0.00,-0.17,102.79,0.0000,0,,,,,,,,,,,,,,,,,,,,,,-,-,-,-,-,-,-,-,-,-,-,-,102.97,-0.18,0,0.0000,0.00%,0.00%,0.00%,0.00%,0.00%,0.00%,-,-,0.00,0.00,-,-,-,-,-,A-GOVDBT,-
TB15Y1028,15Y BGTB 23/10/2028,G-SEC (T.Bond),A,0.00,-,0.00,1.29,105.75,0.0000,0,,,,,,,,,,,,,,,,,,,,,,-,-,-,-,-,-,-,-,-,-,-,-,104.40,1.35,0,0.0000,0.00%,0.00%,0.00%,0.00%,0.00%,0.00%,-,-,0.00,0.00,-,-,-,-,-,A-GOVDBT,-
TB15Y1029,15Y BGTB 29/10/2029,G-SEC (T.Bond),A,0.00,-,0.00,0.13,106.01,0.0000,0,,,,,,,,,,,,,,,,,,,,,,-,-,-,-,-,-,-,-,-,-,-,-,105.87,0.14,0,0.0000,0.00%,0.00%,0.00%,0.00%,0.00%,0.00%,-,-,0.00,0.00,-,-,-,-,-,A-GOVDBT,-
TB15Y1126,15Y BGTB 16/11/2026,G-SEC (T.Bond),A,0.00,-,0.00,-0.01,100.37,0.0000,0,,,,,,,,,,,,,,,,,,,,,,-,-,-,-,-,-,-,-,-,-,-,-,100.38,-0.01,0,0.0000,0.00%,0.00%,0.00%,0.00%,0.00%,0.00%,-,-,0.00,0.00,-,-,-,-,-,A-GOVDBT,-
TB15Y1127,15Y BGTB 21/11/2027,G-SEC (T.Bond),A,0.00,-,0.00,-0.13,103.14,0.0000,0,,,,,,,,,,,,,,,,,,,,,,-,-,-,-,-,-,-,-,-,-,-,-,103.27,-0.13,0,0.0000,0.00%,0.00%,0.00%,0.00%,0.00%,0.00%,-,-,0.00,0.00,-,-,-,-,-,A-GOVDBT,-
TB15Y1128,15Y BGTB 27/11/2028,G-SEC (T.Bond),A,0.00,-,0.00,1.11,105.73,0.0000,0,,,,,,,,,,,,,,,,,,,,,,-,-,-,-,-,-,-,-,-,-,-,-,104.57,1.16,0,0.0000,0.00%,0.00%,0.00%,0.00%,0.00%,0.00%,-,-,0.00,0.00,-,-,-,-,-,A-GOVDBT,-
TB15Y1129,15Y BGTB 26/11/2029,G-SEC (T.Bond),A,0.00,-,0.00,0.11,106.21,0.0000,0,,,,,,,,,,,,,,,,,,,,,,-,-,-,-,-,-,-,-,-,-,-,-,106.09,0.12,0,0.0000,0.00%,0.00%,0.00%,0.00%,0.00%,0.00%,-,-,0.00,0.00,-,-,-,-,-,A-GOVDBT,-
TB15Y1133,15Y BGTB 28/11/2033,G-SEC (T.Bond),A,0.00,-,0.00,0.35,89.98,0.0000,0,,,,,,,,,,,,,,,,,,,,,,-,-,-,-,-,-,-,-,-,-,-,-,89.67,0.31,0,0.0000,0.00%,0.00%,0.00%,0.00%,0.00%,0.00%,-,-,0.00,0.00,-,-,-,-,-,A-GOVDBT,-
TB15Y1226,15Y BGTB 21/12/2026,G-SEC (T.Bond),A,0.00,-,0.00,-0.03,100.54,0.0000,0,,,,,,,,,,,,,,,,,,,,,,-,-,-,-,-,-,-,-,-,-,-,-,100.57,-0.03,0,0.0000,0.00%,0.00%,0.00%,0.00%,0.00%,0.00%,-,-,0.00,0.00,-,-,-,-,-,A-GOVDBT,-
TB15Y1227,15Y BGTB 19/12/2027,G-SEC (T.Bond),A,0.00,-,0.00,-0.14,103.43,0.0000,0,,,,,,,,,,,,,,,,,,,,,,-,-,-,-,-,-,-,-,-,-,-,-,103.58,-0.15,0,0.0000,0.00%,0.00%,0.00%,0.00%,0.00%,0.00%,-,-,0.00,0.00,-,-,-,-,-,A-GOVDBT,-
TB15Y1228,15Y BGTB 26/12/2028,G-SEC (T.Bond),A,0.00,-,0.00,0.94,105.93,0.0000,0,,,,,,,,,,,,,,,,,,,,,,-,-,-,-,-,-,-,-,-,-,-,-,104.94,0.99,0,0.0000,0.00%,0.00%,0.00%,0.00%,0.00%,0.00%,-,-,0.00,0.00,-,-,-,-,-,A-GOVDBT,-
TB20Y0128,20Y BGTB 23/01/2028,G-SEC (T.Bond),A,0.00,-,0.00,-0.12,105.09,0.0000,0,,,,,,,,,,,,,,,,,,,,,,-,-,-,-,-,-,-,-,-,-,-,-,105.22,-0.13,0,0.0000,0.00%,0.00%,0.00%,0.00%,0.00%,0.00%,-,-,0.00,0.00,-,-,-,-,-,A-GOVDBT,-
TB20Y0129,20Y BGTB 28/01/2029,G-SEC (T.Bond),A,0.00,-,0.00,0.73,107.69,0.0000,0,,,,,,,,,,,,,,,,,,,,,,-,-,-,-,-,-,-,-,-,-,-,-,106.91,0.78,0,0.0000,0.00%,0.00%,0.00%,0.00%,0.00%,0.00%,-,-,0.00,0.00,-,-,-,-,-,A-GOVDBT,-
TB20Y0131,20Y BGTB 26/01/2031,G-SEC (T.Bond),A,0.00,-,0.00,1.19,100.63,0.0000,0,,,,,,,,,,,,,,,,,,,,,,-,-,-,-,-,-,-,-,-,-,-,-,99.45,1.18,0,0.0000,0.00%,0.00%,0.00%,0.00%,0.00%,0.00%,-,-,0.00,0.00,-,-,-,-,-,A-GOVDBT,-
TB20Y0132,20Y BGTB 25/01/2032,G-SEC (T.Bond),A,0.00,-,0.00,1.37,110.94,0.0000,0,,,,,,,,,,,,,,,,,,,,,,-,-,-,-,-,-,-,-,-,-,-,-,109.44,1.50,0,0.0000,0.00%,0.00%,0.00%,0.00%,0.00%,0.00%,-,-,0.00,0.00,-,-,-,-,-,A-GOVDBT,-
TB20Y0133,20Y BGTB 23/01/2033,G-SEC (T.Bond),A,0.00,-,0.00,0.39,114.39,0.0000,0,,,,,,,,,,,,,,,,,,,,,,-,-,-,-,-,-,-,-,-,-,-,-,113.95,0.44,0,0.0000,0.00%,0.00%,0.00%,0.00%,0.00%,0.00%,-,-,0.00,0.00,-,-,-,-,-,A-GOVDBT,-
TB20Y0134,20Y BGTB 29/01/2034,G-SEC (T.Bond),A,0.00,-,0.00,0.05,114.05,0.0000,0,,,,,,,,,,,,,,,,,,,,,,-,-,-,-,-,-,-,-,-,-,-,-,113.99,0.06,0,0.0000,0.00%,0.00%,0.00%,0.00%,0.00%,0.00%,-,-,0.00,0.00,-,-,-,-,-,A-GOVDBT,-
TB20Y0143,20Y BGTB 25/01/2043,G-SEC (T.Bond),A,0.00,-,0.00,0.74,94.28,0.0000,0,64.7146,-21.4052,0.0000,0.0000,0.0000,89.3660,89.1777,88.8522,0.3255,0.0651,0.0000,0.0000,0.0000,0.0000,90.3651,90.3358,90.3952,0.5621,0.0000,0.0000,0.0000,-,-,-,-,-,-,-,-,-,-,-,-,93.59,0.69,0,0.0000,0.00%,0.00%,0.00%,0.00%,0.00%,0.00%,-,-,0.00,0.00,-,-,-,-,-,A-GOVDBT,-
TB20Y0228,20Y BGTB 27/02/2028,G-SEC (T.Bond),A,0.00,-,0.00,0.00,105.31,0.0000,0,,,,,,,,,,,,,,,,,,,,,,-,-,-,-,-,-,-,-,-,-,-,-,105.31,0.00,0,0.0000,0.00%,0.00%,0.00%,0.00%,0.00%,0.00%,-,-,0.00,0.00,-,-,-,-,-,A-GOVDBT,-
TB20Y0229,20Y BGTB 25/02/2029,G-SEC (T.Bond),A,0.00,-,0.00,0.55,107.90,0.0000,0,,,,,,,,,,,,,,,,,,,,,,-,-,-,-,-,-,-,-,-,-,-,-,107.31,0.59,0,0.0000,0.00%,0.00%,0.00%,0.00%,0.00%,0.00%,-,-,0.00,0.00,-,-,-,-,-,A-GOVDBT,-
TB20Y0230,20Y BGTB 24/02/2030,G-SEC (T.Bond),A,0.00,-,0.00,0.08,99.46,0.0000,0,,,,,,,,,,,,,,,,,,,,,,-,-,-,-,-,-,-,-,-,-,-,-,99.38,0.08,0,0.0000,0.00%,0.00%,0.00%,0.00%,0.00%,0.00%,-,-,0.00,0.00,-,-,-,-,-,A-GOVDBT,-
TB20Y0231,20Y BGTB 23/02/2031,G-SEC (T.Bond),A,0.00,-,0.00,1.51,100.67,0.0000,0,,,,,,,,,,,,,,,,,,,,,,-,-,-,-,-,-,-,-,-,-,-,-,99.17,1.50,0,0.0000,0.00%,0.00%,0.00%,0.00%,0.00%,0.00%,-,-,0.00,0.00,-,-,-,-,-,A-GOVDBT,-
TB20Y0232,20Y BGTB 29/02/2032,G-SEC (T.Bond),A,0.00,-,0.00,1.25,111.34,0.0000,0,,,,,,,,,,,,,,,,,,,,,,-,-,-,-,-,-,-,-,-,-,-,-,109.97,1.37,0,0.0000,0.00%,0.00%,0.00%,0.00%,0.00%,0.00%,-,-,0.00,0.00,-,-,-,-,-,A-GOVDBT,-
TB20Y0233,20Y BGTB 27/02/2033,G-SEC (T.Bond),A,0.00,-,0.00,0.11,115.04,0.0000,0,,,,,,,,,,,,,,,,,,,,,,-,-,-,-,-,-,-,-,-,-,-,-,114.91,0.13,0,0.0000,0.00%,0.00%,0.00%,0.00%,0.00%,0.00%,-,-,0.00,0.00,-,-,-,-,-,A-GOVDBT,-
TB20Y0234,20Y BGTB 26/02/2034,G-SEC (T.Bond),A,0.00,-,0.00,-0.04,113.89,0.0000,0,,,,,,,,,,,,,,,,,,,,,,-,-,-,-,-,-,-,-,-,-,-,-,113.94,-0.05,0,0.0000,0.00%,0.00%,0.00%,0.00%,0.00%,0.00%,-,-,0.00,0.00,-,-,-,-,-,A-GOVDBT,-
TB20Y0328,20Y BGTB 27/03/2028,G-SEC (T.Bond),A,0.00,-,0.00,0.11,105.54,0.0000,0,,,,,,,,,,,,,,,,,,,,,,-,-,-,-,-,-,-,-,-,-,-,-,105.42,0.12,0,0.0000,0.00%,0.00%,0.00%,0.00%,0.00%,0.00%,-,-,0.00,0.00,-,-,-,-,-,A-GOVDBT,-
TB20Y0329,20Y BGTB 25/03/2029,G-SEC (T.Bond),A,0.00,-,0.00,0.35,108.10,0.0000,0,,,,,,,,,,,,,,,,,,,,,,-,-,-,-,-,-,-,-,-,-,-,-,107.72,0.38,0,0.0000,0.00%,0.00%,0.00%,0.00%,0.00%,0.00%,-,-,0.00,0.00,-,-,-,-,-,A-GOVDBT,-
TB20Y0330,20Y BGTB 24/03/2030,G-SEC (T.Bond),A,0.00,-,0.00,0.06,99.49,0.0000,0,,,,,,,,,,,,,,,,,,,,,,-,-,-,-,-,-,-,-,-,-,-,-,99.43,0.06,0,0.0000,0.00%,0.00%,0.00%,0.00%,0.00%,0.00%,-,-,0.00,0.00,-,-,-,-,-,A-GOVDBT,-
TB20Y0331,20Y BGTB 23/03/2031,G-SEC (T.Bond),A,0.00,-,0.00,1.84,100.80,0.0000,0,,,,,,,,,,,,,,,,,,,,,,-,-,-,-,-,-,-,-,-,-,-,-,98.98,1.82,0,0.0000,0.00%,0.00%,0.00%,0.00%,0.00%,0.00%,-,-,0.00,0.00,-,-,-,-,-,A-GOVDBT,-
TB20Y0332,20Y BGTB 28/03/2032,G-SEC (T.Bond),A,0.00,-,0.00,1.15,111.61,0.0000,0,,,,,,,,,,,,,,,,,,,,,,-,-,-,-,-,-,-,-,-,-,-,-,110.34,1.27,0,0.0000,0.00%,0.00%,0.00%,0.00%,0.00%,0.00%,-,-,0.00,0.00,-,-,-,-,-,A-GOVDBT,-
TB20Y0333,20Y BGTB 27/03/2033,G-SEC (T.Bond),A,0.00,-,0.00,0.05,115.19,0.0000,0,,,,,,,,,,,,,,,,,,,,,,-,-,-,-,-,-,-,-,-,-,-,-,115.13,0.06,0,0.0000,0.00%,0.00%,0.00%,0.00%,0.00%,0.00%,-,-,0.00,0.00,-,-,-,-,-,A-GOVDBT,-
TB20Y0334,20Y BGTB 27/03/2034,G-SEC (T.Bond),A,0.00,-,0.00,-0.04,113.90,0.0000,0,,,,,,,,,,,,,,,,,,,,,,-,-,-,-,-,-,-,-,-,-,-,-,113.94,-0.04,0,0.0000,0.00%,0.00%,0.00%,0.00%,0.00%,0.00%,-,-,0.00,0.00,-,-,-,-,-,A-GOVDBT,-
TB20Y0342,20Y BGTB 30/03/2042,G-SEC (T.Bond),A,0.00,-,0.00,0.02,85.45,0.0000,0,,,,,,,,,,,,,,,,,,,,,,-,-,-,-,-,-,-,-,-,-,-,-,85.43,0.02,0,0.0000,0.00%,0.00%,0.00%,0.00%,0.00%,0.00%,-,-,0.00,0.00,-,-,-,-,-,A-GOVDBT,-
TB20Y0428,20Y BGTB 23/04/2028,G-SEC (T.Bond),A,0.00,-,0.00,0.22,105.73,0.0000,0,,,,,,,,,,,,,,,,,,,,,,-,-,-,-,-,-,-,-,-,-,-,-,105.50,0.23,0,0.0000,0.00%,0.00%,0.00%,0.00%,0.00%,0.00%,-,-,0.00,0.00,-,-,-,-,-,A-GOVDBT,-
TB20Y0429,20Y BGTB 29/04/2029,G-SEC (T.Bond),A,0.00,-,0.00,0.10,104.86,0.0000,0,,,,,,,,,,,,,,,,,,,,,,-,-,-,-,-,-,-,-,-,-,-,-,104.76,0.10,0,0.0000,0.00%,0.00%,0.00%,0.00%,0.00%,0.00%,-,-,0.00,0.00,-,-,-,-,-,A-GOVDBT,-
TB20Y0430,20Y BGTB 28/04/2030,G-SEC (T.Bond),A,0.00,-,0.00,0.03,99.46,0.0000,0,,,,,,,,,,,,,,,,,,,,,,-,-,-,-,-,-,-,-,-,-,-,-,99.43,0.03,0,0.0000,0.00%,0.00%,0.00%,0.00%,0.00%,0.00%,-,-,0.00,0.00,-,-,-,-,-,A-GOVDBT,-
TB20Y0431,20Y BGTB 27/04/2031,G-SEC (T.Bond),A,0.00,-,0.00,2.26,100.91,0.0000,0,,,,,,,,,,,,,,,,,,,,,,-,-,-,-,-,-,-,-,-,-,-,-,98.68,2.23,0,0.0000,0.00%,0.00%,0.00%,0.00%,0.00%,0.00%,-,-,0.00,0.00,-,-,-,-,-,A-GOVDBT,-
TB20Y0432,20Y BGTB 25/04/2032,G-SEC (T.Bond),A,0.00,-,0.00,1.05,111.92,0.0000,0,,,,,,,,,,,,,,,,,,,,,,-,-,-,-,-,-,-,-,-,-,-,-,110.76,1.16,0,0.0000,0.00%,0.00%,0.00%,0.00%,0.00%,0.00%,-,-,0.00,0.00,-,-,-,-,-,A-GOVDBT,-
TB20Y0433,20Y BGTB 24/04/2033,G-SEC (T.Bond),A,0.00,-,0.00,0.17,115.33,0.0000,0,,,,,,,,,,,,,,,,,,,,,,-,-,-,-,-,-,-,-,-,-,-,-,115.13,0.20,0,0.0000,0.00%,0.00%,0.00%,0.00%,0.00%,0.00%,-,-,0.00,0.00,-,-,-,-,-,A-GOVDBT,-
TB20Y0434,20Y BGTB 23/04/2034,G-SEC (T.Bond),A,0.00,-,0.00,-0.02,114.41,0.0000,0,,,,,,,,,,,,,,,,,,,,,,-,-,-,-,-,-,-,-,-,-,-,-,114.43,-0.02,0,0.0000,0.00%,0.00%,0.00%,0.00%,0.00%,0.00%,-,-,0.00,0.00,-,-,-,-,-,A-GOVDBT,-
TB20Y0436,20Y BGTB 27/04/2036,G-SEC (T.Bond),A,0.00,-,0.00,1.14,91.47,0.0000,0,,,,,,,,,,,,,,,,,,,,,,-,-,-,-,-,-,-,-,-,-,-,-,90.44,1.03,0,0.0000,0.00%,0.00%,0.00%,0.00%,0.00%,0.00%,-,-,0.00,0.00,-,-,-,-,-,A-GOVDBT,-
TB20Y0528,20Y BGTB 28/05/2028,G-SEC (T.Bond),A,0.00,-,0.00,0.39,105.99,0.0000,0,,,,,,,,,,,,,,,,,,,,,,-,-,-,-,-,-,-,-,-,-,-,-,105.58,0.41,0,0.0000,0.00%,0.00%,0.00%,0.00%,0.00%,0.00%,-,-,0.00,0.00,-,-,-,-,-,A-GOVDBT,-
TB20Y0529,20Y BGTB 27/05/2029,G-SEC (T.Bond),A,0.00,-,0.00,-0.01,104.10,0.0000,0,,,,,,,,,,,,,,,,,,,,,,-,-,-,-,-,-,-,-,-,-,-,-,104.11,-0.01,0,0.0000,0.00%,0.00%,0.00%,0.00%,0.00%,0.00%,-,-,0.00,0.00,-,-,-,-,-,A-GOVDBT,-
TB20Y0530,20Y BGTB 26/05/2030,G-SEC (T.Bond),A,0.00,-,0.00,-0.03,99.47,0.0000,0,,,,,,,,,,,,,,,,,,,,,,-,-,-,-,-,-,-,-,-,-,-,-,99.50,-0.03,0,0.0000,0.00%,0.00%,0.00%,0.00%,0.00%,0.00%,-,-,0.00,0.00,-,-,-,-,-,A-GOVDBT,-
TB20Y0531,20Y BGTB 25/05/2031,G-SEC (T.Bond),A,0.00,-,0.00,2.19,100.95,0.0000,0,,,,,,,,,,,,,,,,,,,,,,-,-,-,-,-,-,-,-,-,-,-,-,98.79,2.16,0,0.0000,0.00%,0.00%,0.00%,0.00%,0.00%,0.00%,-,-,0.00,0.00,-,-,-,-,-,A-GOVDBT,-
TB20Y0532,20Y BGTB 30/05/2032,G-SEC (T.Bond),A,0.00,-,0.00,0.90,112.23,0.0000,0,,,,,,,,,,,,,,,,,,,,,,-,-,-,-,-,-,-,-,-,-,-,-,111.23,1.00,0,0.0000,0.00%,0.00%,0.00%,0.00%,0.00%,0.00%,-,-,0.00,0.00,-,-,-,-,-,A-GOVDBT,-
TB20Y0533,20Y BGTB 29/05/2033,G-SEC (T.Bond),A,0.00,-,0.00,0.34,115.48,0.0000,0,,,,,,,,,,,,,,,,,,,,,,-,-,-,-,-,-,-,-,-,-,-,-,115.09,0.39,0,0.0000,0.00%,0.00%,0.00%,0.00%,0.00%,0.00%,-,-,0.00,0.00,-,-,-,-,-,A-GOVDBT,-
TB20Y0534,20Y BGTB 28/05/2034,G-SEC (T.Bond),A,0.00,-,0.00,0.00,115.10,0.0000,0,,,,,,,,,,,,,,,,,,,,,,-,-,-,-,-,-,-,-,-,-,-,-,115.10,0.00,0,0.0000,0.00%,0.00%,0.00%,0.00%,0.00%,0.00%,-,-,0.00,0.00,-,-,-,-,-,A-GOVDBT,-
TB20Y0540,20Y BGTB 20/05/2040,G-SEC (T.Bond),A,0.00,-,0.00,0.00,96.22,0.0000,0,,,,,,,,,,,,,,,,,,,,,,-,-,-,-,-,-,-,-,-,-,-,-,96.22,0.00,0,0.0000,0.00%,0.00%,0.00%,0.00%,0.00%,0.00%,-,-,0.00,0.00,-,-,-,-,-,A-GOVDBT,-
TB20Y0545,20Y BGTB 28/05/2045,G-SEC (T.Bond),A,0.00,-,0.00,0.34,122.94,0.0000,0,65.5537,-49.2439,113.9895,0.0000,0.0000,112.8171,112.4232,111.6986,0.7246,0.2006,122.1700,105.8090,0.0000,0.0000,116.1807,115.9555,115.1235,0.4785,0.0000,0.0000,0.0000,-,-,-,-,-,-,-,-,-,-,-,-,122.52,0.42,0,0.0000,0.00%,0.00%,0.00%,0.00%,0.00%,0.00%,-,-,0.00,0.00,-,-,-,-,-,A-GOVDBT,-
TB20Y0628,20Y BGTB 25/06/2028,G-SEC (T.Bond),A,0.00,-,0.00,0.53,106.14,0.0000,0,,,,,,,,,,,,,,,,,,,,,,-,-,-,-,-,-,-,-,-,-,-,-,105.58,0.56,0,0.0000,0.00%,0.00%,0.00%,0.00%,0.00%,0.00%,-,-,0.00,0.00,-,-,-,-,-,A-GOVDBT,-
TB20Y0629,20Y BGTB 24/06/2029,G-SEC (T.Bond),A,0.00,-,0.00,0.02,101.79,0.0000,0,,,,,,,,,,,,,,,,,,,,,,-,-,-,-,-,-,-,-,-,-,-,-,101.77,0.02,0,0.0000,0.00%,0.00%,0.00%,0.00%,0.00%,0.00%,-,-,0.00,0.00,-,-,-,-,-,A-GOVDBT,-
TB20Y0630,20Y BGTB 23/06/2030,G-SEC (T.Bond),A,0.00,-,0.00,-0.09,99.23,0.0000,0,,,,,,,,,,,,,,,,,,,,,,-,-,-,-,-,-,-,-,-,-,-,-,99.32,-0.09,0,0.0000,0.00%,0.00%,0.00%,0.00%,0.00%,0.00%,-,-,0.00,0.00,-,-,-,-,-,A-GOVDBT,-
TB20Y0631,20Y BGTB 29/06/2031,G-SEC (T.Bond),A,0.00,-,0.00,2.09,101.00,0.0000,0,,,,,,,,,,,,,,,,,,,,,,-,-,-,-,-,-,-,-,-,-,-,-,98.93,2.07,0,0.0000,0.00%,0.00%,0.00%,0.00%,0.00%,0.00%,-,-,0.00,0.00,-,-,-,-,-,A-GOVDBT,-
TB20Y0632,20Y BGTB 27/06/2032,G-SEC (T.Bond),A,0.00,-,0.00,0.72,112.39,0.0000,0,,,,,,,,,,,,,,,,,,,,,,-,-,-,-,-,-,-,-,-,-,-,-,111.59,0.80,0,0.0000,0.00%,0.00%,0.00%,0.00%,0.00%,0.00%,-,-,0.00,0.00,-,-,-,-,-,A-GOVDBT,-
TB20Y0633,20Y BGTB 26/06/2033,G-SEC (T.Bond),A,0.00,-,0.00,0.47,115.69,0.0000,0,,,,,,,,,,,,,,,,,,,,,,-,-,-,-,-,-,-,-,-,-,-,-,115.15,0.54,0,0.0000,0.00%,0.00%,0.00%,0.00%,0.00%,0.00%,-,-,0.00,0.00,-,-,-,-,-,A-GOVDBT,-
TB20Y0634,20Y BGTB 25/06/2034,G-SEC (T.Bond),A,0.00,-,0.00,0.01,115.45,0.0000,0,,,,,,,,,,,,,,,,,,,,,,-,-,-,-,-,-,-,-,-,-,-,-,115.44,0.01,0,0.0000,0.00%,0.00%,0.00%,0.00%,0.00%,0.00%,-,-,0.00,0.00,-,-,-,-,-,A-GOVDBT,-
TB20Y0639,20Y BGTB 26/06/2039,G-SEC (T.Bond),A,0.00,-,0.00,1.03,99.14,0.0000,0,,,,,,,,,,,,,,,,,,,,,,-,-,-,-,-,-,-,-,-,-,-,-,98.13,1.01,0,0.0000,0.00%,0.00%,0.00%,0.00%,0.00%,0.00%,-,-,0.00,0.00,-,-,-,-,-,A-GOVDBT,-
TB20Y0640,20Y BGTB 24/06/2040,G-SEC (T.Bond),A,0.00,-,0.00,0.10,94.34,0.0000,0,,,,,,,,,,,,,,,,,,,,,,-,-,-,-,-,-,-,-,-,-,-,-,94.25,0.09,0,0.0000,0.00%,0.00%,0.00%,0.00%,0.00%,0.00%,-,-,0.00,0.00,-,-,-,-,-,A-GOVDBT,-
TB20Y0641,20Y BGTB 30/06/2041,G-SEC (T.Bond),A,0.00,-,0.00,0.15,72.26,0.0000,0,,,,,,,,,,,,,,,,,,,,,,-,-,-,-,-,-,-,-,-,-,-,-,72.15,0.11,0,0.0000,0.00%,0.00%,0.00%,0.00%,0.00%,0.00%,-,-,0.00,0.00,-,-,-,-,-,A-GOVDBT,-
TB20Y0642,20Y BGTB 29/06/2042,G-SEC (T.Bond),A,0.00,-,0.00,-0.02,92.75,0.0000,0,,,,,,,,,,,,,,,,,,,,,,-,-,-,-,-,-,-,-,-,-,-,-,92.77,-0.02,0,0.0000,0.00%,0.00%,0.00%,0.00%,0.00%,0.00%,-,-,0.00,0.00,-,-,-,-,-,A-GOVDBT,-
TB20Y0727,20Y BGTB 25/07/2027,G-SEC (T.Bond),A,0.00,-,0.00,-0.03,106.00,0.0000,0,,,,,,,,,,,,,,,,,,,,,,-,-,-,-,-,-,-,-,-,-,-,-,106.03,-0.03,0,0.0000,0.00%,0.00%,0.00%,0.00%,0.00%,0.00%,-,-,0.00,0.00,-,-,-,-,-,A-GOVDBT,-
TB20Y0728,20Y BGTB 23/07/2028,G-SEC (T.Bond),A,0.00,-,0.00,0.67,106.32,0.0000,0,,,,,,,,,,,,,,,,,,,,,,-,-,-,-,-,-,-,-,-,-,-,-,105.61,0.71,0,0.0000,0.00%,0.00%,0.00%,0.00%,0.00%,0.00%,-,-,0.00,0.00,-,-,-,-,-,A-GOVDBT,-
TB20Y0729,20Y BGTB 29/07/2029,G-SEC (T.Bond),A,0.00,-,0.00,0.06,99.19,0.0000,0,,,,,,,,,,,,,,,,,,,,,,-,-,-,-,-,-,-,-,-,-,-,-,99.13,0.06,0,0.0000,0.00%,0.00%,0.00%,0.00%,0.00%,0.00%,-,-,0.00,0.00,-,-,-,-,-,A-GOVDBT,-
TB20Y0730,20Y BGTB 29/07/2030,G-SEC (T.Bond),A,0.00,-,0.00,-0.15,99.30,0.0000,0,,,,,,,,,,,,,,,,,,,,,,-,-,-,-,-,-,-,-,-,-,-,-,99.45,-0.15,0,0.0000,0.00%,0.00%,0.00%,0.00%,0.00%,0.00%,-,-,0.00,0.00,-,-,-,-,-,A-GOVDBT,-
TB20Y0731,20Y BGTB 27/07/2031,G-SEC (T.Bond),A,0.00,-,0.00,1.99,102.41,0.0000,0,,,,,,,,,,,,,,,,,,,,,,-,-,-,-,-,-,-,-,-,-,-,-,100.41,2.00,0,0.0000,0.00%,0.00%,0.00%,0.00%,0.00%,0.00%,-,-,0.00,0.00,-,-,-,-,-,A-GOVDBT,-
TB20Y0732,20Y BGTB 25/07/2032,G-SEC (T.Bond),A,0.00,-,0.00,0.53,112.47,0.0000,0,,,,,,,,,,,,,,,,,,,,,,-,-,-,-,-,-,-,-,-,-,-,-,111.88,0.59,0,0.0000,0.00%,0.00%,0.00%,0.00%,0.00%,0.00%,-,-,0.00,0.00,-,-,-,-,-,A-GOVDBT,-
TB20Y0733,20Y BGTB 24/07/2033,G-SEC (T.Bond),A,0.00,-,0.00,0.62,115.87,0.0000,0,,,,,,,,,,,,,,,,,,,,,,-,-,-,-,-,-,-,-,-,-,-,-,115.16,0.71,0,0.0000,0.00%,0.00%,0.00%,0.00%,0.00%,0.00%,-,-,0.00,0.00,-,-,-,-,-,A-GOVDBT,-
TB20Y0734,20Y BGTB 23/07/2034,G-SEC (T.Bond),A,0.00,-,0.00,0.01,115.36,0.0000,0,,,,,,,,,,,,,,,,,,,,,,-,-,-,-,-,-,-,-,-,-,-,-,115.35,0.01,0,0.0000,0.00%,0.00%,0.00%,0.00%,0.00%,0.00%,-,-,0.00,0.00,-,-,-,-,-,A-GOVDBT,-
TB20Y0735,20Y BGTB 29/07/2035,G-SEC (T.Bond),A,0.00,-,0.00,1.62,104.49,0.0000,0,,,,,,,,,,,,,,,,,,,,,,-,-,-,-,-,-,-,-,-,-,-,-,102.82,1.67,0,0.0000,0.00%,0.00%,0.00%,0.00%,0.00%,0.00%,-,-,0.00,0.00,-,-,-,-,-,A-GOVDBT,-
TB20Y0744,20Y BGTB 28/07/2044,G-SEC (T.Bond),A,27700.63,-,0.00,2.26,127.84,0.0000,0,56.7302,0.0000,121.0615,117.6518,0.0000,116.2554,116.3587,116.4282,-0.0695,0.1245,127.6249,114.4981,0.0000,-694.1228,122.2509,122.1309,121.6840,0.6690,0.0000,0.0000,0.0000,-,-,-,-,-,-,-,-,-,-,-,-,125.01,2.83,0,0.0000,0.00%,0.00%,0.00%,0.00%,0.00%,0.00%,-,-,0.00,0.00,-,-,-,-,2166820000.00,A-GOVDBT,216682000
TB20Y0827,20Y BGTB 29/08/2027,G-SEC (T.Bond),A,0.00,-,0.00,-0.25,105.84,0.0000,0,,,,,,,,,,,,,,,,,,,,,,-,-,-,-,-,-,-,-,-,-,-,-,106.10,-0.26,0,0.0000,0.00%,0.00%,0.00%,0.00%,0.00%,0.00%,-,-,0.00,0.00,-,-,-,-,-,A-GOVDBT,-
TB20Y0828,20Y BGTB 27/08/2028,G-SEC (T.Bond),A,0.00,-,0.00,0.88,106.58,0.0000,0,,,,,,,,,,,,,,,,,,,,,,-,-,-,-,-,-,-,-,-,-,-,-,105.65,0.93,0,0.0000,0.00%,0.00%,0.00%,0.00%,0.00%,0.00%,-,-,0.00,0.00,-,-,-,-,-,A-GOVDBT,-
TB20Y0829,20Y BGTB 26/08/2029,G-SEC (T.Bond),A,0.00,-,0.00,0.09,98.28,0.0000,0,,,,,,,,,,,,,,,,,,,,,,-,-,-,-,-,-,-,-,-,-,-,-,98.19,0.09,0,0.0000,0.00%,0.00%,0.00%,0.00%,0.00%,0.00%,-,-,0.00,0.00,-,-,-,-,-,A-GOVDBT,-
TB20Y0830,20Y BGTB 25/08/2030,G-SEC (T.Bond),A,0.00,-,0.00,-0.22,99.31,0.0000,0,,,,,,,,,,,,,,,,,,,,,,-,-,-,-,-,-,-,-,-,-,-,-,99.53,-0.22,0,0.0000,0.00%,0.00%,0.00%,0.00%,0.00%,0.00%,-,-,0.00,0.00,-,-,-,-,-,A-GOVDBT,-
TB20Y0831,20Y BGTB 24/08/2031,G-SEC (T.Bond),A,0.00,-,0.00,1.90,103.45,0.0000,0,,,,,,,,,,,,,,,,,,,,,,-,-,-,-,-,-,-,-,-,-,-,-,101.52,1.93,0,0.0000,0.00%,0.00%,0.00%,0.00%,0.00%,0.00%,-,-,0.00,0.00,-,-,-,-,-,A-GOVDBT,-
TB20Y0832,20Y BGTB 29/08/2032,G-SEC (T.Bond),A,0.00,-,0.00,0.29,112.74,0.0000,0,,,,,,,,,,,,,,,,,,,,,,-,-,-,-,-,-,-,-,-,-,-,-,112.41,0.33,0,0.0000,0.00%,0.00%,0.00%,0.00%,0.00%,0.00%,-,-,0.00,0.00,-,-,-,-,-,A-GOVDBT,-
TB20Y0833,20Y BGTB 29/08/2033,G-SEC (T.Bond),A,0.00,-,0.00,0.67,115.94,0.0000,0,,,,,,,,,,,,,,,,,,,,,,-,-,-,-,-,-,-,-,-,-,-,-,115.17,0.77,0,0.0000,0.00%,0.00%,0.00%,0.00%,0.00%,0.00%,-,-,0.00,0.00,-,-,-,-,-,A-GOVDBT,-
TB20Y0834,20Y BGTB 27/08/2034,G-SEC (T.Bond),A,0.00,-,0.00,0.00,114.19,0.0000,0,,,,,,,,,,,,,,,,,,,,,,-,-,-,-,-,-,-,-,-,-,-,-,114.19,0.00,0,0.0000,0.00%,0.00%,0.00%,0.00%,0.00%,0.00%,-,-,0.00,0.00,-,-,-,-,-,A-GOVDBT,-
TB20Y0845,20Y BGTB 27/08/2045,G-SEC (T.Bond),A,10525.00,-,0.00,0.30,105.25,0.0000,0,,,,,,,,,,,,,,,,,,,,,,-,-,-,-,-,-,-,-,-,-,-,-,104.93,0.32,0,0.0000,0.00%,0.00%,0.00%,0.00%,0.00%,0.00%,-,-,0.00,0.00,-,-,-,-,1000000000.00,A-GOVDBT,100000000
TB20Y0927,20Y BGTB 26/09/2027,G-SEC (T.Bond),A,0.00,-,0.00,-0.24,104.99,0.0000,0,,,,,,,,,,,,,,,,,,,,,,-,-,-,-,-,-,-,-,-,-,-,-,105.24,-0.25,0,0.0000,0.00%,0.00%,0.00%,0.00%,0.00%,0.00%,-,-,0.00,0.00,-,-,-,-,-,A-GOVDBT,-
TB20Y0928,20Y BGTB 24/09/2028,G-SEC (T.Bond),A,0.00,-,0.00,1.06,106.77,0.0000,0,,,,,,,,,,,,,,,,,,,,,,-,-,-,-,-,-,-,-,-,-,-,-,105.65,1.12,0,0.0000,0.00%,0.00%,0.00%,0.00%,0.00%,0.00%,-,-,0.00,0.00,-,-,-,-,-,A-GOVDBT,-
TB20Y0930,20Y BGTB 29/09/2030,G-SEC (T.Bond),A,0.00,-,0.00,-0.07,99.32,0.0000,0,,,,,,,,,,,,,,,,,,,,,,-,-,-,-,-,-,-,-,-,-,-,-,99.39,-0.07,0,0.0000,0.00%,0.00%,0.00%,0.00%,0.00%,0.00%,-,-,0.00,0.00,-,-,-,-,-,A-GOVDBT,-
TB20Y0931,20Y BGTB 28/09/2031,G-SEC (T.Bond),A,0.00,-,0.00,1.78,105.91,0.0000,0,,,,,,,,,,,,,,,,,,,,,,-,-,-,-,-,-,-,-,-,-,-,-,104.06,1.85,0,0.0000,0.00%,0.00%,0.00%,0.00%,0.00%,0.00%,-,-,0.00,0.00,-,-,-,-,-,A-GOVDBT,-
TB20Y0932,20Y BGTB 26/09/2032,G-SEC (T.Bond),A,0.00,-,0.00,0.17,112.80,0.0000,0,,,,,,,,,,,,,,,,,,,,,,-,-,-,-,-,-,-,-,-,-,-,-,112.61,0.19,0,0.0000,0.00%,0.00%,0.00%,0.00%,0.00%,0.00%,-,-,0.00,0.00,-,-,-,-,-,A-GOVDBT,-
TB20Y0933,20Y BGTB 25/09/2033,G-SEC (T.Bond),A,0.00,-,0.00,0.57,115.81,0.0000,0,,,,,,,,,,,,,,,,,,,,,,-,-,-,-,-,-,-,-,-,-,-,-,115.15,0.66,0,0.0000,0.00%,0.00%,0.00%,0.00%,0.00%,0.00%,-,-,0.00,0.00,-,-,-,-,-,A-GOVDBT,-
TB20Y0934,20Y BGTB 24/09/2034,G-SEC (T.Bond),A,0.00,-,0.00,0.00,114.67,0.0000,0,,,,,,,,,,,,,,,,,,,,,,-,-,-,-,-,-,-,-,-,-,-,-,114.67,0.00,0,0.0000,0.00%,0.00%,0.00%,0.00%,0.00%,0.00%,-,-,0.00,0.00,-,-,-,-,-,A-GOVDBT,-
TB20Y1027,20Y BGTB 24/10/2027,G-SEC (T.Bond),A,0.00,-,0.00,-0.15,105.01,0.0000,0,,,,,,,,,,,,,,,,,,,,,,-,-,-,-,-,-,-,-,-,-,-,-,105.17,-0.16,0,0.0000,0.00%,0.00%,0.00%,0.00%,0.00%,0.00%,-,-,0.00,0.00,-,-,-,-,-,A-GOVDBT,-
TB20Y1028,20Y BGTB 29/10/2028,G-SEC (T.Bond),A,0.00,-,0.00,1.26,107.00,0.0000,0,,,,,,,,,,,,,,,,,,,,,,-,-,-,-,-,-,-,-,-,-,-,-,105.67,1.33,0,0.0000,0.00%,0.00%,0.00%,0.00%,0.00%,0.00%,-,-,0.00,0.00,-,-,-,-,-,A-GOVDBT,-
TB20Y1029,20Y BGTB 28/10/2029,G-SEC (T.Bond),A,0.00,-,0.00,0.13,99.69,0.0000,0,,,,,,,,,,,,,,,,,,,,,,-,-,-,-,-,-,-,-,-,-,-,-,99.56,0.13,0,0.0000,0.00%,0.00%,0.00%,0.00%,0.00%,0.00%,-,-,0.00,0.00,-,-,-,-,-,A-GOVDBT,-
TB20Y1030,20Y BGTB 27/10/2030,G-SEC (T.Bond),A,0.00,-,0.00,0.22,99.33,0.0000,0,,,,,,,,,,,,,,,,,,,,,,-,-,-,-,-,-,-,-,-,-,-,-,99.11,0.22,0,0.0000,0.00%,0.00%,0.00%,0.00%,0.00%,0.00%,-,-,0.00,0.00,-,-,-,-,-,A-GOVDBT,-
TB20Y1031,20Y BGTB 26/10/2031,G-SEC (T.Bond),A,0.00,-,0.00,1.68,108.63,0.0000,0,,,,,,,,,,,,,,,,,,,,,,-,-,-,-,-,-,-,-,-,-,-,-,106.84,1.79,0,0.0000,0.00%,0.00%,0.00%,0.00%,0.00%,0.00%,-,-,0.00,0.00,-,-,-,-,-,A-GOVDBT,-
TB20Y1032,20Y BGTB 25/10/2032,G-SEC (T.Bond),A,0.00,-,0.00,0.32,112.92,0.0000,0,,,,,,,,,,,,,,,,,,,,,,-,-,-,-,-,-,-,-,-,-,-,-,112.56,0.36,0,0.0000,0.00%,0.00%,0.00%,0.00%,0.00%,0.00%,-,-,0.00,0.00,-,-,-,-,-,A-GOVDBT,-
TB20Y1033,20Y BGTB 23/10/2033,G-SEC (T.Bond),A,0.00,-,0.00,0.46,115.67,0.0000,0,,,,,,,,,,,,,,,,,,,,,,-,-,-,-,-,-,-,-,-,-,-,-,115.14,0.53,0,0.0000,0.00%,0.00%,0.00%,0.00%,0.00%,0.00%,-,-,0.00,0.00,-,-,-,-,-,A-GOVDBT,-
TB20Y1034,20Y BGTB 29/10/2034,G-SEC (T.Bond),A,0.00,-,0.00,0.00,114.66,0.0000,0,,,,,,,,,,,,,,,,,,,,,,-,-,-,-,-,-,-,-,-,-,-,-,114.66,0.00,0,0.0000,0.00%,0.00%,0.00%,0.00%,0.00%,0.00%,-,-,0.00,0.00,-,-,-,-,-,A-GOVDBT,-
TB20Y1127,20Y BGTB 28/11/2027,G-SEC (T.Bond),A,0.00,-,0.00,-0.13,104.95,0.0000,0,,,,,,,,,,,,,,,,,,,,,,-,-,-,-,-,-,-,-,-,-,-,-,105.09,-0.14,0,0.0000,0.00%,0.00%,0.00%,0.00%,0.00%,0.00%,-,-,0.00,0.00,-,-,-,-,-,A-GOVDBT,-
TB20Y1128,20Y BGTB 26/11/2028,G-SEC (T.Bond),A,0.00,-,0.00,1.11,107.23,0.0000,0,,,,,,,,,,,,,,,,,,,,,,-,-,-,-,-,-,-,-,-,-,-,-,106.05,1.18,0,0.0000,0.00%,0.00%,0.00%,0.00%,0.00%,0.00%,-,-,0.00,0.00,-,-,-,-,-,A-GOVDBT,-
TB20Y1130,20Y BGTB 24/11/2030,G-SEC (T.Bond),A,0.00,-,0.00,0.50,100.03,0.0000,0,,,,,,,,,,,,,,,,,,,,,,-,-,-,-,-,-,-,-,-,-,-,-,99.53,0.50,0,0.0000,0.00%,0.00%,0.00%,0.00%,0.00%,0.00%,-,-,0.00,0.00,-,-,-,-,-,A-GOVDBT,-
TB20Y1131,20Y BGTB 23/11/2031,G-SEC (T.Bond),A,0.00,-,0.00,1.59,108.75,0.0000,0,,,,,,,,,,,,,,,,,,,,,,-,-,-,-,-,-,-,-,-,-,-,-,107.05,1.70,0,0.0000,0.00%,0.00%,0.00%,0.00%,0.00%,0.00%,-,-,0.00,0.00,-,-,-,-,-,A-GOVDBT,-
TB20Y1132,20Y BGTB 28/11/2032,G-SEC (T.Bond),A,0.00,-,0.00,0.51,113.17,0.0000,0,,,,,,,,,,,,,,,,,,,,,,-,-,-,-,-,-,-,-,-,-,-,-,112.60,0.57,0,0.0000,0.00%,0.00%,0.00%,0.00%,0.00%,0.00%,-,-,0.00,0.00,-,-,-,-,-,A-GOVDBT,-
TB20Y1133,20Y BGTB 27/11/2033,G-SEC (T.Bond),A,0.00,-,0.00,0.31,114.72,0.0000,0,,,,,,,,,,,,,,,,,,,,,,-,-,-,-,-,-,-,-,-,-,-,-,114.36,0.36,0,0.0000,0.00%,0.00%,0.00%,0.00%,0.00%,0.00%,-,-,0.00,0.00,-,-,-,-,-,A-GOVDBT,-
TB20Y1134,20Y BGTB 26/11/2034,G-SEC (T.Bond),A,0.00,-,0.00,-0.01,114.64,0.0000,0,,,,,,,,,,,,,,,,,,,,,,-,-,-,-,-,-,-,-,-,-,-,-,114.65,-0.01,0,0.0000,0.00%,0.00%,0.00%,0.00%,0.00%,0.00%,-,-,0.00,0.00,-,-,-,-,-,A-GOVDBT,-
TB20Y1135,20Y BGTB 25/11/2035,G-SEC (T.Bond),A,0.00,-,0.00,1.45,94.51,0.0000,0,,,,,,,,,,,,,,,,,,,,,,-,-,-,-,-,-,-,-,-,-,-,-,93.16,1.35,0,0.0000,0.00%,0.00%,0.00%,0.00%,0.00%,0.00%,-,-,0.00,0.00,-,-,-,-,-,A-GOVDBT,-
TB20Y1138,20Y BGTB 28/11/2038,G-SEC (T.Bond),A,0.00,-,0.00,1.09,91.63,0.0000,0,,,,,,,,,,,,,,,,,,,,,,-,-,-,-,-,-,-,-,-,-,-,-,90.64,0.99,0,0.0000,0.00%,0.00%,0.00%,0.00%,0.00%,0.00%,-,-,0.00,0.00,-,-,-,-,-,A-GOVDBT,-
TB20Y1227,20Y BGTB 26/12/2027,G-SEC (T.Bond),A,0.00,-,0.00,-0.15,104.97,0.0000,0,,,,,,,,,,,,,,,,,,,,,,-,-,-,-,-,-,-,-,-,-,-,-,105.13,-0.16,0,0.0000,0.00%,0.00%,0.00%,0.00%,0.00%,0.00%,-,-,0.00,0.00,-,-,-,-,-,A-GOVDBT,-
TB20Y1228,20Y BGTB 24/12/2028,G-SEC (T.Bond),A,0.00,-,0.00,0.95,107.43,0.0000,0,,,,,,,,,,,,,,,,,,,,,,-,-,-,-,-,-,-,-,-,-,-,-,106.42,1.01,0,0.0000,0.00%,0.00%,0.00%,0.00%,0.00%,0.00%,-,-,0.00,0.00,-,-,-,-,-,A-GOVDBT,-
TB20Y1229,20Y BGTB 23/12/2029,G-SEC (T.Bond),A,0.00,-,0.00,0.11,99.57,0.0000,0,,,,,,,,,,,,,,,,,,,,,,-,-,-,-,-,-,-,-,-,-,-,-,99.46,0.11,0,0.0000,0.00%,0.00%,0.00%,0.00%,0.00%,0.00%,-,-,0.00,0.00,-,-,-,-,-,A-GOVDBT,-
TB20Y1230,20Y BGTB 29/12/2030,G-SEC (T.Bond),A,0.00,-,0.00,0.88,100.49,0.0000,0,,,,,,,,,,,,,,,,,,,,,,-,-,-,-,-,-,-,-,-,-,-,-,99.61,0.88,0,0.0000,0.00%,0.00%,0.00%,0.00%,0.00%,0.00%,-,-,0.00,0.00,-,-,-,-,-,A-GOVDBT,-
TB20Y1231,20Y BGTB 28/12/2031,G-SEC (T.Bond),A,0.00,-,0.00,1.47,108.92,0.0000,0,,,,,,,,,,,,,,,,,,,,,,-,-,-,-,-,-,-,-,-,-,-,-,107.34,1.58,0,0.0000,0.00%,0.00%,0.00%,0.00%,0.00%,0.00%,-,-,0.00,0.00,-,-,-,-,-,A-GOVDBT,-
TB20Y1232,20Y BGTB 26/12/2032,G-SEC (T.Bond),A,0.00,-,0.00,0.60,113.78,0.0000,0,,,,,,,,,,,,,,,,,,,,,,-,-,-,-,-,-,-,-,-,-,-,-,113.10,0.68,0,0.0000,0.00%,0.00%,0.00%,0.00%,0.00%,0.00%,-,-,0.00,0.00,-,-,-,-,-,A-GOVDBT,-
TB20Y1233,20Y BGTB 26/12/2033,G-SEC (T.Bond),A,0.00,-,0.00,0.19,114.58,0.0000,0,,,,,,,,,,,,,,,,,,,,,,-,-,-,-,-,-,-,-,-,-,-,-,114.36,0.22,0,0.0000,0.00%,0.00%,0.00%,0.00%,0.00%,0.00%,-,-,0.00,0.00,-,-,-,-,-,A-GOVDBT,-
TB20Y1242,20Y BGTB 28/12/2042,G-SEC (T.Bond),A,0.00,-,0.00,0.66,94.74,0.0000,0,51.8502,-59.4223,0.0000,0.0000,0.0000,83.2052,83.2428,83.3117,-0.0689,-0.0186,0.0000,0.0000,0.0000,0.0000,84.1422,84.5214,85.4704,0.4208,0.0000,0.0000,0.0000,-,-,-,-,-,-,-,-,-,-,-,-,94.12,0.62,0,0.0000,0.00%,0.00%,0.00%,0.00%,0.00%,0.00%,-,-,0.00,0.00,-,-,-,-,-,A-GOVDBT,-
TB2Y0126,,,,,,,,,,,58.6375,-22.5080,0.0000,0.0000,0.0000,100.3720,100.3646,100.3519,0.0128,0.0026,0.0000,0.0000,0.0000,0.0000,100.4411,100.4459,100.4364,0.0627,0.0000,0.0000,0.0000,,,,,,,,,,,,,,,,,,,,,,,,,,,,,,,,,
TB2Y0127,02Y BGTB 08/01/2027,G-SEC (T.Bond),A,0.00,-,0.00,-0.04,101.06,0.0000,0,52.9667,-30.8642,101.0275,0.0000,0.0000,100.7299,100.7847,100.9345,-0.1498,-0.0999,103.0472,99.0078,0.0000,0.0000,101.0291,101.0549,101.0613,0.0207,0.0000,0.0000,0.0000,-,-,-,-,-,-,-,-,-,-,-,-,101.10,-0.04,0,0.0000,0.00%,0.00%,0.00%,0.00%,0.00%,0.00%,-,-,0.00,0.00,-,-,-,-,-,A-GOVDBT,-
TB2Y0227,02 Year BGTB 05/02/2027,G-SEC (T.Bond),A,0.00,-,0.00,-0.06,100.76,0.0000,0,43.1807,-84.0426,0.0000,0.0000,0.0000,99.8892,99.8661,99.8108,0.0554,0.0307,0.0000,0.0000,0.0000,0.0000,100.4680,100.5022,100.5803,0.1072,0.0000,0.0000,0.0000,-,-,-,-,-,-,-,-,-,-,-,-,100.82,-0.06,0,0.0000,0.00%,0.00%,0.00%,0.00%,0.00%,0.00%,-,-,0.00,0.00,-,-,-,-,-,A-GOVDBT,-
TB2Y0327,02 Year BGTB 05/03/2027,G-SEC (T.Bond),A,0.00,-,0.00,-0.05,101.03,0.0000,0,,,,,,,,,,,,,,,,,,,,,,-,-,-,-,-,-,-,-,-,-,-,-,101.08,-0.05,0,0.0000,0.00%,0.00%,0.00%,0.00%,0.00%,0.00%,-,-,0.00,0.00,-,-,-,-,-,A-GOVDBT,-
TB2Y0427,02Y BGTB 09/04/2027,G-SEC (T.Bond),A,0.00,-,0.00,-0.02,101.83,0.0000,0,,,,,,,,,,,,,,,,,,,,,,-,-,-,-,-,-,-,-,-,-,-,-,101.85,-0.02,0,0.0000,0.00%,0.00%,0.00%,0.00%,0.00%,0.00%,-,-,0.00,0.00,-,-,-,-,-,A-GOVDBT,-
TB2Y0526,,,,,,,,,,,48.6380,-54.7486,100.3000,0.0000,0.0000,100.2468,100.2368,100.1685,0.0683,0.0784,101.9737,98.6263,0.0000,14217.9795,100.2600,100.2732,100.2894,-0.0246,0.0000,0.0000,0.0000,,,,,,,,,,,,,,,,,,,,,,,,,,,,,,,,,
TB2Y0527,02Y BGTB 07/05/2027,G-SEC (T.Bond),A,0.00,-,0.00,0.00,101.92,0.0000,0,,,,,,,,,,,,,,,,,,,,,,-,-,-,-,-,-,-,-,-,-,-,-,101.92,0.00,0,0.0000,0.00%,0.00%,0.00%,0.00%,0.00%,0.00%,-,-,0.00,0.00,-,-,-,-,-,A-GOVDBT,-
TB2Y0627,02Y BGTB 04/06/2027,G-SEC (T.Bond),A,0.00,-,0.00,0.03,102.39,0.0000,0,44.5857,-91.0959,102.1775,0.0000,0.0000,100.8825,100.9242,100.9681,-0.0438,0.0271,103.7751,100.5799,0.0000,-4606.1467,101.8647,101.9417,102.0632,0.0555,0.0000,0.0000,0.0000,-,-,-,-,-,-,-,-,-,-,-,-,102.36,0.03,0,0.0000,0.00%,0.00%,0.00%,0.00%,0.00%,0.00%,-,-,0.00,0.00,-,-,-,-,-,A-GOVDBT,-
TB2Y0727,02Y BGTB 09/07/2027,G-SEC (T.Bond),A,42286.93,-,0.00,0.07,102.13,0.0000,0,,,,,,,,,,,,,,,,,,,,,,-,-,-,-,-,-,-,-,-,-,-,-,102.06,0.07,0,0.0000,0.00%,0.00%,0.00%,0.00%,0.00%,0.00%,-,-,0.00,0.00,-,-,-,-,4140500000.00,A-GOVDBT,414050000
TB2Y0826,,,,,,,,,,,43.6017,-85.6655,100.2005,0.0000,0.0000,100.1312,100.2104,100.3081,-0.0977,0.0302,101.8150,98.5860,0.0000,969.4793,100.0320,100.0751,100.1407,-0.0309,0.0000,0.0000,0.0000,,,,,,,,,,,,,,,,,,,,,,,,,,,,,,,,,
TB2Y0927,02Y BGTB 03/09/2027,G-SEC (T.Bond),A,25172.50,-,0.00,-0.28,100.69,0.0000,0,,,,,,,,,,,,,,,,,,,,,,-,-,-,-,-,-,-,-,-,-,-,-,100.97,-0.28,0,0.0000,0.00%,0.00%,0.00%,0.00%,0.00%,0.00%,-,-,0.00,0.00,-,-,-,-,2500000000.00,A-GOVDBT,250000000
TB2Y1026,02Y BGTB 02/10/2026,G-SEC (T.Bond),A,0.00,-,0.00,-0.03,100.34,0.0000,0,45.4243,-100.0000,100.5245,0.0000,0.0000,100.4535,100.5052,100.5892,-0.0840,-0.0101,101.5735,99.4755,0.0000,0.0000,100.3913,100.4251,100.4780,0.0225,0.0000,0.0000,0.0000,-,-,-,-,-,-,-,-,-,-,-,-,100.37,-0.03,0,0.0000,0.00%,0.00%,0.00%,0.00%,0.00%,0.00%,-,-,0.00,0.00,-,-,-,-,-,A-GOVDBT,-
TB2Y1126,02Y BGTB 06/11/2026,G-SEC (T.Bond),A,0.00,-,0.00,-0.01,100.61,0.0000,0,50.1892,-49.2857,100.6190,0.0000,0.0000,100.5086,100.5329,100.4523,0.0807,0.1722,102.1181,99.1199,0.0000,-194.8734,100.6173,100.6073,100.6177,-0.0025,0.0000,0.0000,0.0000,-,-,-,-,-,-,-,-,-,-,-,-,100.62,-0.01,0,0.0000,0.00%,0.00%,0.00%,0.00%,0.00%,0.00%,-,-,0.00,0.00,-,-,-,-,-,A-GOVDBT,-
TB2Y1127,02Y BGTB 05/11/2027,G-SEC (T.Bond),A,40356.00,-,0.00,-0.11,100.89,0.0000,0,,,,,,,,,,,,,,,,,,,,,,-,-,-,-,-,-,-,-,-,-,-,-,101.00,-0.11,0,0.0000,0.00%,0.00%,0.00%,0.00%,0.00%,0.00%,-,-,0.00,0.00,-,-,-,-,4000000000.00,A-GOVDBT,400000000
TB5Y0128,5Y BGTB 11/01/2028,G-SEC (T.Bond),A,0.00,-,0.00,-0.16,98.65,0.0000,0,,,,,,,,,,,,,,,,,,,,,,-,-,-,-,-,-,-,-,-,-,-,-,98.81,-0.16,0,0.0000,0.00%,0.00%,0.00%,0.00%,0.00%,0.00%,-,-,0.00,0.00,-,-,-,-,-,A-GOVDBT,-
TB5Y0230,05Y BGTB 12/02/2030,G-SEC (T.Bond),A,0.00,-,0.00,0.08,103.48,0.0000,0,,,,,,,,,,,,,,,,,,,,,,-,-,-,-,-,-,-,-,-,-,-,-,103.40,0.08,0,0.0000,0.00%,0.00%,0.00%,0.00%,0.00%,0.00%,-,-,0.00,0.00,-,-,-,-,-,A-GOVDBT,-
TB5Y0327,05Y BGTB 16/03/2027,G-SEC (T.Bond),A,0.00,-,0.00,-0.03,98.31,0.0000,0,,,,,,,,,,,,,,,,,,,,,,-,-,-,-,-,-,-,-,-,-,-,-,98.34,-0.03,0,0.0000,0.00%,0.00%,0.00%,0.00%,0.00%,0.00%,-,-,0.00,0.00,-,-,-,-,-,A-GOVDBT,-
TB5Y0428,5Y BGTB 14/06/2028,G-SEC (T.Bond),A,0.00,-,0.00,0.19,98.30,0.0000,0,,,,,,,,,,,,,,,,,,,,,,-,-,-,-,-,-,-,-,-,-,-,-,98.11,0.19,0,0.0000,0.00%,0.00%,0.00%,0.00%,0.00%,0.00%,-,-,0.00,0.00,-,-,-,-,-,A-GOVDBT,-
TB5Y0429,05Y BGTB 15/04/2029,G-SEC (T.Bond),A,0.00,-,0.00,0.21,106.23,0.0000,0,53.9268,0.0000,105.2160,0.0000,0.0000,103.8795,103.8484,103.7475,0.1010,0.0801,107.5262,102.9058,0.0000,69.0179,105.1156,105.1691,105.1940,-0.0212,0.0000,0.0000,0.0000,-,-,-,-,-,-,-,-,-,-,-,-,106.01,0.22,0,0.0000,0.00%,0.00%,0.00%,0.00%,0.00%,0.00%,-,-,0.00,0.00,-,-,-,-,-,A-GOVDBT,-
TB5Y0430,05Y BGTB 16/04/2030,G-SEC (T.Bond),A,0.00,-,0.00,0.04,109.31,0.0000,0,,,,,,,,,,,,,,,,,,,,,,-,-,-,-,-,-,-,-,-,-,-,-,109.27,0.04,0,0.0000,0.00%,0.00%,0.00%,0.00%,0.00%,0.00%,-,-,0.00,0.00,-,-,-,-,-,A-GOVDBT,-
TB5Y0527,05Y BGTB 18/05/2027,G-SEC (T.Bond),A,0.00,-,0.00,0.02,98.94,0.0000,0,,,,,,,,,,,,,,,,,,,,,,-,-,-,-,-,-,-,-,-,-,-,-,98.92,0.02,0,0.0000,0.00%,0.00%,0.00%,0.00%,0.00%,0.00%,-,-,0.00,0.00,-,-,-,-,-,A-GOVDBT,-
TB5Y0529,05Y BGTB 15/05/2029,G-SEC (T.Bond),A,0.00,-,0.00,-0.04,107.12,0.0000,0,53.5438,-41.7112,106.3565,105.8842,0.0000,105.0559,104.8929,104.4499,0.4430,0.2937,108.5148,104.1982,0.0000,-4.5666,106.0540,106.2022,106.3374,0.0867,0.0000,0.0000,0.0000,-,-,-,-,-,-,-,-,-,-,-,-,107.16,-0.04,0,0.0000,0.00%,0.00%,0.00%,0.00%,0.00%,0.00%,-,-,0.00,0.00,-,-,-,-,-,A-GOVDBT,-
TB5Y0628,5Y BGTB 14/06/2028,G-SEC (T.Bond),A,0.00,-,0.00,0.50,98.90,0.0000,0,,,,,,,,,,,,,,,,,,,,,,-,-,-,-,-,-,-,-,-,-,-,-,98.41,0.49,0,0.0000,0.00%,0.00%,0.00%,0.00%,0.00%,0.00%,-,-,0.00,0.00,-,-,-,-,-,A-GOVDBT,-
TB5Y0630,05Y BGTB 18/06/2030,G-SEC (T.Bond),A,0.00,-,0.00,-0.07,109.54,0.0000,0,60.9497,-14.7059,107.7630,0.0000,0.0000,106.3566,106.2681,106.2156,0.0525,-0.1173,111.1080,104.4180,0.0000,0.0000,107.8833,107.8686,107.8386,-0.2334,0.0000,0.0000,0.0000,-,-,-,-,-,-,-,-,-,-,-,-,109.62,-0.08,0,0.0000,0.00%,0.00%,0.00%,0.00%,0.00%,0.00%,-,-,0.00,0.00,-,-,-,-,-,A-GOVDBT,-
TB5Y0727,5Y BGTB 13/07/2027,G-SEC (T.Bond),A,0.00,-,0.00,0.06,98.95,0.0000,0,,,,,,,,,,,,,,,,,,,,,,-,-,-,-,-,-,-,-,-,-,-,-,98.89,0.06,0,0.0000,0.00%,0.00%,0.00%,0.00%,0.00%,0.00%,-,-,0.00,0.00,-,-,-,-,-,A-GOVDBT,-
TB5Y0828,5Y BGTB 09/08/2028,G-SEC (T.Bond),A,0.00,-,0.00,0.80,99.23,0.0000,0,,,,,,,,,,,,,,,,,,,,,,-,-,-,-,-,-,-,-,-,-,-,-,98.44,0.79,0,0.0000,0.00%,0.00%,0.00%,0.00%,0.00%,0.00%,-,-,0.00,0.00,-,-,-,-,-,A-GOVDBT,-
TB5Y0926,05Y BGTB 15/09/2026,G-SEC (T.Bond),A,0.00,-,0.00,-0.01,99.60,0.0000,0,,,,,,,,,,,,,,,,,,,,,,-,-,-,-,-,-,-,-,-,-,-,-,99.61,-0.01,0,0.0000,0.00%,0.00%,0.00%,0.00%,0.00%,0.00%,-,-,0.00,0.00,-,-,-,-,-,A-GOVDBT,-
TB5Y0928,5Y BGTB 13/09/2028,G-SEC (T.Bond),A,0.00,-,0.00,1.02,99.34,0.0000,0,,,,,,,,,,,,,,,,,,,,,,-,-,-,-,-,-,-,-,-,-,-,-,98.34,1.00,0,0.0000,0.00%,0.00%,0.00%,0.00%,0.00%,0.00%,-,-,0.00,0.00,-,-,-,-,-,A-GOVDBT,-
TB5Y0930,05Y BGTB 10/09/2030,G-SEC (T.Bond),A,20382.00,-,0.00,-0.24,101.91,0.0000,0,,,,,,,,,,,,,,,,,,,,,,-,-,-,-,-,-,-,-,-,-,-,-,102.16,-0.25,0,0.0000,0.00%,0.00%,0.00%,0.00%,0.00%,0.00%,-,-,0.00,0.00,-,-,-,-,2000000000.00,A-GOVDBT,200000000
TB5Y1029,05Y BGTB 09/10/2029,G-SEC (T.Bond),A,0.00,-,0.00,0.14,108.33,0.0000,0,54.7278,-56.1404,106.4175,0.0000,0.0000,105.3425,105.2889,105.1900,0.0989,0.0278,108.5167,104.3183,0.0000,-3605.9807,106.5860,106.6574,106.5982,0.1155,0.0000,0.0000,0.0000,-,-,-,-,-,-,-,-,-,-,-,-,108.18,0.15,0,0.0000,0.00%,0.00%,0.00%,0.00%,0.00%,0.00%,-,-,0.00,0.00,-,-,-,-,-,A-GOVDBT,-
TB5Y1126,05Y BGTB 10/11/2026,G-SEC (T.Bond),A,0.00,-,0.00,0.01,99.31,0.0000,0,,,,,,,,,,,,,,,,,,,,,,-,-,-,-,-,-,-,-,-,-,-,-,99.30,0.01,0,0.0000,0.00%,0.00%,0.00%,0.00%,0.00%,0.00%,-,-,0.00,0.00,-,-,-,-,-,A-GOVDBT,-
TB5Y1127,5Y BGTB 16/11/2027,G-SEC (T.Bond),A,0.00,-,0.00,-0.11,98.30,0.0000,0,,,,,,,,,,,,,,,,,,,,,,-,-,-,-,-,-,-,-,-,-,-,-,98.41,-0.11,0,0.0000,0.00%,0.00%,0.00%,0.00%,0.00%,0.00%,-,-,0.00,0.00,-,-,-,-,-,A-GOVDBT,-
TB5Y1128,5Y BGTB 15/11/2028,G-SEC (T.Bond),A,0.00,-,0.00,1.19,103.06,0.0000,0,59.0698,-6.8323,102.3465,0.0000,0.0000,102.5496,102.3204,101.7865,0.5339,0.2819,105.9311,98.7619,0.0000,4566.1214,102.6336,102.5129,102.4291,0.1827,0.0000,0.0000,0.0000,-,-,-,-,-,-,-,-,-,-,-,-,101.85,1.21,0,0.0000,0.00%,0.00%,0.00%,0.00%,0.00%,0.00%,-,-,0.00,0.00,-,-,-,-,-,A-GOVDBT,-
TB5Y1130,05Y BGTB 30/11/2030,G-SEC (T.Bond),A,52340.00,-,0.00,0.56,104.68,0.0000,0,,,,,,,,,,,,,,,,,,,,,,-,-,-,-,-,-,-,-,-,-,-,-,104.10,0.58,0,0.0000,0.00%,0.00%,0.00%,0.00%,0.00%,0.00%,-,-,0.00,0.00,-,-,-,-,5000000000.00,A-GOVDBT,500000000
TB5Y1228,5Y BGTB 13/12/2028,G-SEC (T.Bond),A,0.00,-,0.00,1.04,101.87,0.0000,0,59.1327,-47.0588,0.0000,0.0000,0.0000,100.0412,99.9744,99.8331,0.1414,0.0612,0.0000,0.0000,0.0000,22089.5317,101.2538,101.1569,101.1153,0.2336,0.0000,0.0000,0.0000,-,-,-,-,-,-,-,-,-,-,-,-,100.82,1.05,0,0.0000,0.00%,0.00%,0.00%,0.00%,0.00%,0.00%,-,-,0.00,0.00,-,-,-,-,-,A-GOVDBT,-
TB5Y1229,05Y BGTB 11/12/2029,G-SEC (T.Bond),A,32640.00,-,0.00,0.10,108.80,0.0000,0,54.2416,-36.5854,107.1315,0.0000,0.0000,106.0088,105.8591,104.9749,0.8842,0.9715,110.2960,103.9670,0.0000,127657.9639,107.4087,107.3636,107.3025,0.0293,0.0000,0.0000,0.0000,-,-,-,-,-,-,-,-,-,-,-,-,108.69,0.11,0,0.0000,0.00%,0.00%,0.00%,0.00%,0.00%,0.00%,-,-,0.00,0.00,-,-,-,-,3000000000.00,A-GOVDBT,300000000
TECHNODRUG,Techno Drugs Limited,Pharmaceuticals & Chemicals,A,5966.32,25.74,45.20,-0.22,45.20,31.5730,"696,261",46.6461,-96.2963,47.1500,44.8200,35.7250,46.0534,46.1865,45.9077,0.2788,0.7023,49.8625,44.4375,610.5400,-1961657.2120,45.8267,46.1705,46.6457,0.9334,0.0000,0.0000,0.0000,2.21,2.281,0.386,1.639,-,0.211,0.069,0.436,0.032,0.058,-,-,45.30,-0.10,"1,047",31.5730,37.29%,8.30%,28.99%,62.71%,0.00%,0.00%,-,10.00,1.76,30.58,29 Oct 2025,24 Dec 2025,25.74,28.79,1319981880.00,A-EQ,131998188
TILIL,Trust Islami Life Insurance PLC,Insurance,B,2032.00,257.00,50.80,-1.17,50.80,17.9580,"353,361",42.4787,-86.7925,52.2750,52.7360,46.9855,52.1191,52.2566,52.4643,-0.2076,-0.0033,54.5626,49.9874,271.1400,-366936.8165,52.1822,52.3179,52.2390,1.6047,0.0000,0.0000,0.0000,0.98,-,-,-,-,-,-,-,-,-,-,-,51.40,-0.60,734,17.9580,46.62%,3.85%,42.77%,53.38%,0.00%,0.00%,-,5.00,0.20,12.13,18 Aug 2025,30 Sep 2025,257.00,-,400000000.00,B-EQ,40000000
TITASGAS,Titas Gas Transmission and Distribution  PLC,Fuel & Power,B,19586.59,-,19.80,-1.00,19.80,3.9150,"197,075",46.6595,-91.6667,20.3750,19.2860,17.2670,20.1455,20.1908,20.0369,0.1540,0.3260,21.0395,19.7105,17.2500,-390608.7162,20.0978,20.1756,20.2714,1.3448,0.0000,0.0000,0.0000,1.01,1.127,-,1.108,-,-,-,0.001,-,-,-,-,20.00,-0.20,275,3.9150,25.00%,15.17%,9.80%,0.00%,75.00%,0.03%,-,2.00,-7.80,90.13,28 Oct 2025,24 Dec 2025,-,-,9892218310.00,B-EQ,989221831
TOSRIFA,Tosrifa Industries PLC,Textile,B,1584.05,31.07,23.30,0.00,23.30,6.0190,"258,267",53.0434,-71.4286,23.5350,22.1500,18.3975,23.3601,23.3838,23.1022,0.2815,0.4659,24.3641,22.7059,322.3000,-661014.5301,23.2933,23.3782,23.4781,1.1922,0.0000,0.0000,0.0000,1.72,0.900,-,0.411,-,-,-,-,-,-,-,-,23.30,0.00,264,6.0190,56.98%,24.91%,32.07%,43.02%,0.00%,0.00%,-,4.00,0.75,31.52,27 Oct 2025,28 Dec 2025,31.07,69.90,679851190.00,B-EQ,67985119
TRUSTB1MF,Trust Bank 1st Mutual Fund,Mutual Funds,A,1214.35,-,4.00,0.00,4.00,5.3940,"1,347,478",56.9735,-57.1429,3.9250,3.4740,2.9610,4.0240,3.9973,3.8198,0.1775,0.2026,4.4186,3.4314,357.2000,254984.1927,4.0556,4.0577,4.0157,1.2597,0.0000,0.0000,0.0000,-,-,-,-,-,-,-,-,-,-,-,-,4.00,0.00,218,5.3940,98.49%,33.17%,65.32%,1.51%,0.00%,0.00%,-,-,-1.96,8.16,15 Sep 2024,-,-,-,3035866750.00,A-MF,303586675
TRUSTBANK,Trust Bank PLC.,Bank,A,15969.89,4.62,15.30,-1.92,15.30,46.1270,"3,001,981",38.3123,-85.7143,15.6400,15.8380,17.0455,15.4631,15.4963,15.6214,-0.1251,-0.1111,16.1186,15.1614,51.8300,333398.7626,15.4200,15.4397,15.5281,0.6988,0.0000,0.0000,0.0000,5.23,-,-,-,-,0.617,0.146,-,0.005,0.119,0.006,-,15.60,-0.30,"1,215",46.1270,40.00%,23.73%,16.27%,60.00%,0.00%,0.00%,5.00,8.00,3.38,28.52,03 May 2026,28 Jul 2025,4.62,6.50,10437834560.00,A-EQ,1043783456
TUNGHAI,Tung Hai Knitting & Dyeing Limited,Textile,Z,586.59,-,5.50,10.00,5.50,28.5040,"5,184,418",89.9550,0.0000,3.3150,3.0860,2.4880,4.2445,4.0090,3.4907,0.5182,0.2449,5.0528,1.5772,264.6900,8284726.5039,4.4333,4.1577,3.7138,1.3519,0.0000,0.0000,0.0000,-,0.182,-,0.044,-,-,-,-,-,-,-,-,5.00,0.50,318,28.5040,69.96%,7.58%,62.38%,30.04%,0.00%,0.00%,-,-,-0.42,-6.18,31 Oct 2022,12 Dec 2022,-,-,1066530300.00,Z-EQ,106653030
UCB,United Commercial Bank PLC,Bank,Z,22092.86,63.33,9.60,0.00,9.50,1.4160,"149,682",51.4182,-71.4286,9.6500,9.2100,9.6005,9.5492,9.5576,9.4749,0.0827,0.1401,10.1924,9.1076,14.8400,-66308.0077,9.4978,9.5449,9.6243,0.9747,0.0000,0.0000,0.0000,-,-,-,-,-,0.344,0.007,-,0.000,0.006,0.000,-,9.50,0.00,64,1.4160,88.92%,37.04%,51.42%,10.27%,0.81%,0.46%,-,-,0.15,25.71,03 May 2026,11 Jun 2026,63.33,21.59,23255638470.00,Z-EQ,2325563847
UCB2PBOND,UCB 2nd Perpetual Bond,Corporate Bond,A,282.00,-,0.00,0.00,4700.00,0.0000,0,,,,,,,,,,,,,,,,,,,,,,0.02,-,-,-,-,-,-,-,-,-,-,-,4700.00,0.00,0,0.0000,0.00%,0.00%,0.00%,0.00%,0.00%,0.00%,-,10.00,0.00,0.00,29 Jan 2026,-,-,-,600000.00,A-CB,60000
UNILEVERCL,Unilever Consumer Care Limited,Food & Allied,A,39319.61,49.54,2040.40,-0.08,2040.00,0.8120,398,41.2531,-96.7742,2051.0750,2059.7360,2158.3780,2044.1635,2045.6546,2051.2689,-5.6143,-4.9817,2071.4523,2030.6977,0.9600,-586.3856,2042.5711,2043.0115,2046.6000,0.3375,0.0000,0.0000,0.0000,2.06,0.753,5.520,0.509,-,0.178,0.131,0.668,0.070,1.102,-,-,2041.60,-1.60,76,0.8120,7.18%,3.46%,3.61%,92.82%,0.00%,0.11%,-,420.00,41.21,116.30,08 Mar 2026,18 May 2026,49.54,98.82,192743180.00,A-EQ,19274318
UNIONBANK,Union Bank PLC.,Bank,Z,1554.42,0.96,0.00,0.00,1.50,0.0000,0,31.6231,-100.0000,1.7050,1.9000,3.0850,1.6132,1.6390,1.7458,-0.1068,-0.1005,1.9248,1.4852,48.5200,-791884.7608,1.5867,1.6077,1.6590,1.0097,0.0000,0.0000,0.0000,-,-,-,-,-,1.265,17.228,-,-,1.048,-,-,1.50,0.00,0,0.0000,45.51%,13.47%,32.03%,54.49%,0.00%,0.01%,-,-,1.58,16.03,28 Apr 2024,12 Aug 2024,0.96,-,10362804480.00,Z-EQ,1036280448
UNIONCAP,Union Capital Limited,Financial Institutions,Z,828.35,-,4.80,0.00,4.80,0.9700,"202,513",51.6888,-71.4286,4.7700,4.7020,4.2520,4.8277,4.8199,4.7627,0.0572,0.0670,5.1960,4.3440,70.9200,-576620.9043,4.8378,4.8513,4.8362,1.8076,0.0000,0.0000,0.0000,-,-,-,-,-,1.462,3.854,-,-,-,-,-,4.80,0.00,46,0.9700,71.06%,16.76%,54.30%,28.94%,0.00%,0.00%,-,-,-2.46,-65.49,20 May 2026,29 Jul 2026,-,-,1725738430.00,Z-EQ,172573843
UNIONINS,Union Insurance PLC,Insurance,A,2608.88,28.56,53.90,0.94,53.90,38.6450,"714,955",62.4988,-32.3944,52.1300,46.3540,37.3055,52.6942,52.4167,50.5240,1.8927,2.1739,55.3771,48.8829,415.2600,-315117.5591,52.8800,52.8141,52.3519,1.6452,0.0000,0.0000,0.0000,1.86,-,-,-,-,-,-,-,-,-,-,-,53.40,0.50,950,38.6450,43.02%,13.66%,29.36%,56.98%,0.00%,0.00%,-,10.00,1.90,19.23,12 May 2026,25 Aug 2026,28.56,21.71,484022600.00,A-EQ,48402260
UNIQUEHRL,Unique Hotel & Resorts PLC,Travel & Leisure,A,12865.28,8.59,43.70,-1.80,43.70,9.2700,"210,450",45.4035,-70.5882,44.8800,43.5960,39.5540,44.3192,44.4553,44.4615,-0.0062,0.2897,46.7252,43.0348,51.8500,-268376.9980,44.1689,44.3385,44.5633,1.2872,0.0000,0.0000,0.0000,3.66,1.026,0.113,1.008,0.131,0.380,0.095,0.700,0.006,0.009,-,-,44.50,-0.80,463,9.2700,47.55%,29.44%,17.95%,52.45%,0.00%,0.16%,-,16.00,5.18,93.91,28 Oct 2025,24 Dec 2025,8.59,11.16,2944000000.00,A-EQ,294400000
UNITEDFIN,United Finance PLC.,Financial Institutions,A,3555.18,18.02,19.00,-0.52,19.00,29.9840,"1,587,112",61.0839,-32.1429,18.1400,16.4960,13.3040,18.7990,18.6339,17.8452,0.7887,0.7974,20.0222,16.2578,291.5300,-1226268.9111,18.9867,18.8897,18.5605,1.6260,0.0000,0.0000,0.0000,5.26,-,-,-,-,0.404,0.155,-,-,-,-,0.108,19.10,-0.10,630,29.9840,59.87%,15.83%,44.04%,40.13%,0.00%,0.00%,-,10.00,1.06,17.90,29 Apr 2026,29 Jun 2026,18.02,35.37,1871146140.00,A-EQ,187114614
UNITEDINS,United Insurance Company Ltd.,Insurance,A,2937.00,18.87,66.00,1.07,66.00,17.7330,"270,371",70.1728,-28.8793,58.1850,50.0680,44.0645,64.6365,63.2171,57.7908,5.4263,4.8627,74.3261,42.0439,344.6100,-156490.2265,66.6089,65.7859,62.1200,1.0567,0.0000,0.0000,0.0000,2.27,-,-,-,-,-,-,-,-,-,-,-,65.30,0.70,631,17.7330,40.10%,23.09%,17.01%,59.90%,0.00%,0.00%,-,15.00,3.46,31.04,29 Apr 2026,29 Jun 2026,18.87,16.41,445000000.00,A-EQ,44500000
UPGDCL,United Power Generation & Distribution Company Limited,Fuel & Power,A,70490.94,5.92,122.70,-0.57,121.60,2.8680,"23,563",39.2641,-40.2685,124.7250,124.8260,122.4055,122.6742,123.1431,124.2133,-1.0703,-0.5442,129.7654,119.6846,3.1000,-17668.8999,122.0111,122.5231,123.5419,0.8533,0.0000,0.0000,0.0000,5.35,1.368,-,1.250,0.319,0.337,0.312,0.340,0.158,0.281,-,-,122.30,-0.70,315,2.8680,10.00%,7.42%,2.57%,90.00%,0.00%,0.01%,-,65.00,20.66,73.89,27 Oct 2025,30 Dec 2025,5.92,6.24,5796952700.00,A-EQ,579695270
USMANIAGL,Usmania Glass Sheet Factory Limited,Miscellaneous,Z,1154.34,-,66.30,-1.63,66.30,2.2760,"34,228",52.2710,-59.3220,68.1900,57.0580,39.1570,67.8210,67.7904,65.2688,2.5217,3.6413,74.9033,61.4767,201.1100,-114477.2882,68.2200,68.2000,67.9100,1.2490,0.0000,0.0000,0.0000,-,0.654,-,0.293,-,-,-,-,-,-,-,-,67.40,-1.10,214,2.2760,47.00%,15.66%,31.34%,2.00%,51.00%,0.00%,-,-,-5.34,64.73,29 Oct 2025,21 Dec 2025,-,-,174109000.00,Z-EQ,17410900
UTTARABANK,Uttara Bank PLC,Bank,A,25712.13,3.49,21.20,0.00,21.20,18.9160,"892,262",43.4708,-57.1429,21.2850,21.3620,22.9745,21.2155,21.2344,21.3592,-0.1248,-0.1420,21.5029,21.0671,46.5600,142855.7731,21.1867,21.2051,21.2467,0.6882,0.0000,0.0000,0.0000,2.36,-,-,-,-,0.608,0.298,-,0.018,0.190,0.020,-,21.20,0.00,446,18.9160,69.47%,24.03%,44.82%,30.53%,0.00%,0.62%,25.00,5.00,6.08,31.95,30 Apr 2026,15 Jun 2026,3.49,4.75,12128360900.00,A-EQ,1212836090
UTTARAFIN,Uttara Finance and Investments Limited,Financial Institutions,Z,1761.85,1.43,13.40,-0.74,13.40,0.2130,"15,820",47.7952,-50.0000,13.5600,13.4740,12.1375,13.4979,13.5080,13.4809,0.0271,0.0619,13.9178,13.2022,13.2600,-32925.9781,13.4889,13.5115,13.5490,1.3268,0.0000,0.0000,0.0000,11.19,-,-,-,-,0.983,0.593,-,-,-,-,0.564,13.50,-0.10,24,0.2130,55.56%,31.62%,16.12%,44.44%,0.00%,7.82%,5.00,15.00,9.45,62.45,24 Aug 2020,30 Sep 2020,1.43,6.03,1314815040.00,Z-EQ,131481504
VAMLBDMF1,Vanguard AML BD Finance Mutual Fund One,Mutual Funds,A,740.67,-,0.00,0.00,7.10,0.0000,0,45.8140,-71.4286,7.1600,7.2120,6.8430,7.2057,7.2027,7.1776,0.0250,0.0300,7.4458,6.8742,37.4300,-4593.5110,7.2333,7.2385,7.2100,0.6453,0.0000,0.0000,0.0000,-,-,-,-,-,-,-,-,-,-,-,-,7.10,0.00,0,0.0000,98.08%,81.13%,16.95%,1.92%,0.00%,0.00%,-,-,-0.10,9.55,01 Dec 2025,-,-,-,1043200000.00,A-MF,104320000
VAMLRBBF,Vanguard AML Rupali Bank Balanced Fund,Mutual Funds,A,1301.71,-,8.20,0.00,8.20,0.6760,"82,608",61.3470,-66.6667,8.1650,7.4840,6.1255,8.1875,8.1730,7.9887,0.1843,0.2393,8.3829,7.9471,35.3700,-270507.8112,8.1956,8.2038,8.1905,0.8967,0.0000,0.0000,0.0000,-,-,-,-,-,-,-,-,-,-,-,-,8.20,0.00,30,0.6760,74.80%,67.83%,6.97%,25.20%,0.00%,0.00%,-,-,-0.37,8.38,18 Feb 2026,-,-,3.45,1587450000.00,A-MF,158745000
VFSTDL,VFS Thread Dyeing Limited,Textile,B,1731.51,183.33,16.40,-0.61,16.40,14.8360,"898,336",44.6593,-95.0000,16.8700,16.5500,12.8455,16.6937,16.7505,16.7309,0.0197,0.1536,17.7504,15.9896,674.9300,-3277933.7324,16.6200,16.7449,16.8681,1.5122,0.0000,0.0000,0.0000,0.15,5.475,-,3.946,-,-,-,-,-,-,-,-,16.50,-0.10,482,14.8360,69.23%,14.52%,54.67%,30.77%,0.00%,0.04%,-,0.25,0.09,20.34,29 Oct 2025,30 Dec 2025,183.33,412.50,1055800550.00,B-EQ,105580055
WALTONHIL,Walton Hi-Tech Industries PLC,Engineering,A,130456.09,11.52,391.50,-0.71,391.50,12.3300,"31,381",48.4542,-42.7136,393.7900,389.5400,382.1585,392.6998,392.9661,392.7275,0.2386,0.9357,401.8873,385.6927,2.4100,-29011.6609,392.4800,392.5654,392.7886,0.9177,0.0000,0.0000,0.0000,4.47,2.550,0.046,1.513,-,0.209,0.146,0.360,0.066,0.086,-,-,394.30,-2.80,787,12.3300,32.91%,0.99%,31.88%,67.09%,0.00%,0.04%,10.00,175.00,34.22,399.74,04 Sep 2025,28 Oct 2025,11.52,15.33,3332211770.00,A-EQ,333221177
WATACHEM,Wata Chemicals Ltd,Pharmaceuticals & Chemicals,A,2190.78,197.84,147.80,0.96,147.80,9.6790,"65,856",65.0627,-9.5238,141.9550,139.6740,132.9900,143.9748,143.3725,141.9014,1.4711,0.8406,147.8056,136.1044,86.7300,34296.5334,144.3600,143.4769,142.3843,1.1897,0.0000,0.0000,0.0000,0.68,0.545,0.439,0.490,-,0.249,0.014,0.296,0.004,0.012,-,-,146.40,1.40,357,9.6790,63.59%,36.11%,27.48%,36.41%,0.00%,0.00%,-,10.00,0.74,61.09,09 Nov 2025,24 Dec 2025,197.84,126.21,148226180.00,A-EQ,14822618
WMSHIPYARD,Western Marine Shipyard Limited,Engineering,Z,2375.56,-,10.10,0.00,10.10,3.7650,"372,680",52.7237,-63.6364,10.0950,9.7020,8.6615,10.1381,10.1319,10.0219,0.1100,0.1480,10.3886,9.8014,82.5500,-638491.6903,10.1511,10.1551,10.1367,1.5655,0.0000,0.0000,0.0000,-,7.577,-,4.239,-,0.363,-,0.374,-,-,-,-,10.10,0.00,146,3.7650,69.99%,15.39%,54.60%,30.01%,0.00%,0.00%,-,-,-0.02,16.16,16 Nov 2025,28 Dec 2025,-,-,2352037690.00,Z-EQ,235203769
YPL,Yeakin Polymer Limited,Engineering,Z,1739.29,-,23.60,-0.84,23.60,5.7460,"242,433",38.6224,-97.2973,24.7700,24.8320,19.2530,24.2137,24.3606,24.6132,-0.2526,-0.0488,26.0825,23.4575,147.3000,-635113.2194,24.0556,24.2769,24.5719,1.4143,0.0000,0.0000,0.0000,-,0.860,-,0.442,-,-,-,-,-,-,-,-,23.80,-0.20,331,5.7460,69.90%,17.00%,52.90%,30.10%,0.00%,0.00%,-,-,-0.71,6.16,08 Dec 2022,-,-,-,736988170.00,Z-EQ,73698817
ZAHEENSPIN,Zaheen Spinning Limited,Textile,Z,682.97,-,6.00,5.26,6.00,7.8840,"1,331,605",67.9534,0.0000,5.5850,5.6460,4.9650,5.6922,5.6667,5.6222,0.0445,0.0094,5.8843,5.2857,56.2500,311911.7886,5.6933,5.6846,5.6410,1.3846,0.0000,0.0000,0.0000,-,1.404,-,1.398,-,-,-,-,-,-,-,-,5.70,0.30,370,7.8840,68.90%,23.93%,44.97%,31.10%,0.00%,0.00%,-,-,-0.55,3.39,28 Oct 2025,30 Dec 2025,-,-,1138283680.00,Z-EQ,113828368
ZAHINTEX,Zahintex Industries Limited,Textile,Z,736.46,-,9.00,0.00,9.00,0.9700,"108,024",50.5484,-55.5556,9.0000,8.9620,6.9665,8.9639,8.9767,8.9844,-0.0077,0.0166,9.2675,8.7325,57.5700,-104946.5184,8.9511,8.9641,8.9762,0.9872,0.0000,0.0000,0.0000,-,2.167,-,0.632,-,-,-,-,-,-,-,-,9.00,0.00,54,0.9700,63.06%,20.95%,42.11%,36.94%,0.00%,0.00%,-,-,-2.58,10.01,29 Oct 2023,24 Dec 2023,-,-,818285490.00,Z-EQ,81828549
ZEALBANGLA,Zeal Bangla Sugar Mills Limited,Food & Allied,Z,1269.00,-,211.20,0.86,211.50,3.2550,"15,433",54.4754,-81.9444,217.2350,178.1480,136.6695,213.5077,213.5265,205.2922,8.2343,12.1504,232.4834,201.9866,189.3200,-34804.2353,213.4022,213.7077,215.4248,0.9234,0.0000,0.0000,0.0000,-,0.269,-,0.057,-,-,-,-,-,0.069,-,-,209.70,1.80,267,3.2550,49.00%,12.84%,36.16%,0.00%,51.00%,0.00%,-,-,-78.87,-1139.19,27 Oct 2025,15 Dec 2025,-,-,60000000.00,Z-EQ,6000000
